<mods xmlns:xlink="http://www.w3.org/1999/xlink" xmlns:xsi="http://www.w3.org/2001/XMLSchema-instance" xmlns="http://www.loc.gov/mods/v3" version="3.3" xsi:schemaLocation="http://www.loc.gov/mods/v3 http://www.loc.gov/standards/mods/v3/mods-3-3.xsd" ID="P0b002ee1aacd6003">
<name type="corporate">
 <namePart>United States Government Publishing Office</namePart>
 <role>
  <roleTerm authority="marcrelator" type="text">publisher</roleTerm>
  <roleTerm authority="marcrelator" type="code">pbl</roleTerm>
</role>
 <role>
  <roleTerm authority="marcrelator" type="text">distributor</roleTerm>
  <roleTerm authority="marcrelator" type="code">dst</roleTerm>
</role>
</name>
<name type="corporate">
 <namePart>United States</namePart>
 <namePart>Congress</namePart>
 <namePart>House of Representatives</namePart>
 <role>
  <roleTerm authority="marcrelator" type="text">author</roleTerm>
  <roleTerm authority="marcrelator" type="code">aut</roleTerm>
</role>
 <description>Government Organization</description>
</name>
<typeOfResource>text</typeOfResource>
<genre authority="marcgt">government publication</genre>
<language>
 <languageTerm type="code" authority="iso639-2b">eng</languageTerm>
</language>
<extension>
 <collectionCode>BILLS</collectionCode>
 <searchTitle>To authorize funds to prevent housing discrimination through the use of nationwide testing, to increase funds for the Fair Housing Initiatives Program, and for other purposes.;Veterans, Women, Families with Children, Race, and Persons with Disabilities Housing Fairness Act of 2021;Housing Fairness Act of 2021;H.R. 68 (IH)
    </searchTitle>
 <category>Bills and Statutes</category>
 <waisDatabaseName>117_cong_bills</waisDatabaseName>
 <branch>legislative</branch>
 <dateIngested>2021-01-13</dateIngested>
</extension>
<titleInfo>
 <title>To authorize funds to prevent housing discrimination through the use of nationwide testing, to increase funds for the Fair Housing Initiatives Program, and for other purposes.</title>
</titleInfo>
<titleInfo type="alternative">
 <title>Veterans, Women, Families with Children, Race, and Persons with Disabilities Housing Fairness Act of 2021</title>
</titleInfo>
<titleInfo type="alternative">
 <title>Housing Fairness Act of 2021</title>
</titleInfo>
<titleInfo type="alternative">
 <title>H.R. 68 (IH)
    </title>
</titleInfo>
<originInfo>
 <publisher>U.S. Government Publishing Office</publisher>
 <dateIssued encoding="w3cdtf">2021-01-04</dateIssued>
 <issuance>monographic</issuance>
</originInfo>
<physicalDescription>
 <note type="source content type">deposited</note>
 <digitalOrigin>born digital</digitalOrigin>
 <extent>11 p.</extent>
</physicalDescription>
<classification authority="sudocs">Y 1.6:</classification>
<classification authority="sudocs">Y 1.4/6:</classification>
<identifier type="local">P0b002ee1aacd6003</identifier>
<identifier type="uri">https://www.govinfo.gov/app/details/BILLS-117hr68ih</identifier>
<identifier type="preferred citation">H.R. 68</identifier>
<identifier type="stock number">021-610-00252-9</identifier>
<identifier type="Parent ILS system id">000501532</identifier>
<identifier type="Child ILS system id">000325573</identifier>
<identifier type="Parent ILS title">Congressional bills</identifier>
<identifier type="Child ILS title">House bills</identifier>
<identifier type="former package identifier">f:h68_ih.txt</identifier>
<location>
 <url displayLabel="Content Detail" access="object in context">https://www.govinfo.gov/app/details/BILLS-117hr68ih</url>
 <url displayLabel="HTML rendition" access="raw object">https://www.govinfo.gov/content/pkg/BILLS-117hr68ih/html/BILLS-117hr68ih.htm</url>
 <url displayLabel="PDF rendition" access="raw object">https://www.govinfo.gov/content/pkg/BILLS-117hr68ih/pdf/BILLS-117hr68ih.pdf</url>
 <url displayLabel="XML rendition" access="raw object">https://www.govinfo.gov/content/pkg/BILLS-117hr68ih/xml/BILLS-117hr68ih.xml</url>
</location>
<accessCondition type="GPO scope determination">fdlp</accessCondition>
<recordInfo>
 <recordContentSource authority="marcorg">DGPO</recordContentSource>
 <recordCreationDate encoding="w3cdtf">2021-01-13</recordCreationDate>
 <recordChangeDate encoding="w3cdtf">2021-01-13</recordChangeDate>
 <recordIdentifier source="DGPO">BILLS-117hr68ih</recordIdentifier>
 <recordOrigin>machine generated</recordOrigin>
 <languageOfCataloging>
  <languageTerm type="code" authority="iso639-2b">eng</languageTerm>
</languageOfCataloging>
</recordInfo>
<name type="personal">
 <namePart>Al Green</namePart>
 <affiliation>United States House of Representatives</affiliation>
 <role>
  <roleTerm authority="marcrelator" type="text">sponsor</roleTerm>
  <roleTerm authority="marcrelator" type="code">spn</roleTerm>
</role>
 <description>United States Congress Member</description>
</name>
<name type="corporate">
 <namePart>United States</namePart>
 <namePart>Congress</namePart>
 <namePart>House of Representatives</namePart>
 <namePart>Committee on Financial Services</namePart>
 <role>
  <roleTerm authority="marcrelator" type="text">associated name</roleTerm>
  <roleTerm authority="marcrelator" type="code">asn</roleTerm>
</role>
</name>
<relatedItem type="isReferencedBy">
 <titleInfo>
  <title>United States Code</title>
  <partNumber>Title 5 Section 553</partNumber>
</titleInfo>
 <identifier type="USC citation">5 U.S.C. 553</identifier>
</relatedItem>
<relatedItem type="isReferencedBy">
 <titleInfo>
  <title>United States Code</title>
  <partNumber>Title 15 Section 1601et seq.</partNumber>
</titleInfo>
 <identifier type="USC citation">15 U.S.C. 1601et seq.</identifier>
</relatedItem>
<relatedItem type="isReferencedBy">
 <titleInfo>
  <title>United States Code</title>
  <partNumber>Title 42 Section 3601et seq.</partNumber>
  <partNumber>Title 42 Section 3602</partNumber>
  <partNumber>Title 42 Section 3608(e)</partNumber>
  <partNumber>Title 42 Section 3610(a)</partNumber>
  <partNumber>Title 42 Section 3616a</partNumber>
  <partNumber>Title 42 Section 3616a(d)</partNumber>
  <partNumber>Title 42 Section 3616a(h)</partNumber>
  <partNumber>Title 42 Section 3616a(j)</partNumber>
</titleInfo>
 <identifier type="USC citation">42 U.S.C. 3601et seq.</identifier>
 <identifier type="USC citation">42 U.S.C. 3602</identifier>
 <identifier type="USC citation">42 U.S.C. 3608(e)</identifier>
 <identifier type="USC citation">42 U.S.C. 3610(a)</identifier>
 <identifier type="USC citation">42 U.S.C. 3616a</identifier>
 <identifier type="USC citation">42 U.S.C. 3616a(d)</identifier>
 <identifier type="USC citation">42 U.S.C. 3616a(h)</identifier>
 <identifier type="USC citation">42 U.S.C. 3616a(j)</identifier>
</relatedItem>
<extension>
 <docClass>hr</docClass>
 <accessId>BILLS-117hr68ih</accessId>
 <congress>117</congress>
 <session>1</session>
 <originChamber>HOUSE</originChamber>
 <currentChamber>HOUSE</currentChamber>
 <billNumber>68</billNumber>
 <billVersion reprint="false">ih</billVersion>
 <fileSuffix>ih</fileSuffix>
 <shortTitle type="measure">Veterans, Women, Families with Children, Race, and Persons with Disabilities Housing Fairness Act of 2021</shortTitle>
 <shortTitle type="measure">Housing Fairness Act of 2021</shortTitle>
 <officialTitle>To authorize funds to prevent housing discrimination through the use of nationwide testing, to increase funds for the Fair Housing Initiatives Program, and for other purposes.</officialTitle>
 <action date="2021-01-04">Mr. Green of Texas introduced the following bill; which was referred to the Committee on Financial Services</action>
 <congCommittee authorityId="hsba00" chamber="H" congress="117" type="S">
                      <name type="authority-standard">Committee on Financial Services</name>
                      <name type="authority-short">Financial Services</name>
                </congCommittee>
 <congMember authorityId="1803" bioGuideId="G000553" chamber="H" congress="117" gpoId="8165" party="D" role="SPONSOR" state="TX">
                      <name type="parsed">Mr. Green of Texas</name>
                      <name type="authority-fnf">Al Green</name>
                      <name type="authority-lnf">Green, Al</name>
                </congMember>
 <isPrivate>false</isPrivate>
 <isAppropriation>false</isAppropriation>
 <USCode title="5">
                      <section number="553"></section>
                </USCode>
 <USCode title="15">
                      <section detail="et seq." number="1601"></section>
                </USCode>
 <USCode title="42">
                      <section detail="et seq." number="3601"></section>
                      <section number="3602"></section>
                      <section detail="(e)" number="3608"></section>
                      <section detail="(a)" number="3610"></section>
                      <section number="3616a"></section>
                      <section detail="(d)" number="3616a"></section>
                      <section detail="(h)" number="3616a"></section>
                      <section detail="(j)" number="3616a"></section>
                </USCode>
</extension>
</mods>