<?xml version="1.0"?>
<?xml-stylesheet type="text/xsl" href="billres.xsl"?>
<!DOCTYPE resolution PUBLIC "-//US Congress//DTDs/res.dtd//EN" "res.dtd">
<resolution resolution-stage="Introduced-in-House" dms-id="H7C2FC350B07A484493841278BDC21B9F" public-private="public" resolution-type="house-resolution" star-print="no-star-print" key="H"><metadata xmlns:dc="http://purl.org/dc/elements/1.1/">
<dublinCore>
<dc:title>117 HRES 33 IH: Recognizing January 2021 as “National Mentoring Month”, and for other purposes.</dc:title>
<dc:publisher>U.S. House of Representatives</dc:publisher>
<dc:date>2021-01-11</dc:date>
<dc:format>text/xml</dc:format>
<dc:language>EN</dc:language>
<dc:rights>Pursuant to Title 17 Section 105 of the United States Code, this file is not subject to copyright protection and is in the public domain.</dc:rights>
</dublinCore>
</metadata>
<form>
<distribution-code display="yes">IV</distribution-code><congress display="yes">117th CONGRESS</congress><session display="yes">1st Session</session><legis-num display="yes">H. RES. 33</legis-num><current-chamber>IN THE HOUSE OF REPRESENTATIVES</current-chamber><action display="yes"><action-date date="20210111">January 11, 2021</action-date><action-desc><sponsor name-id="S001205">Ms. Scanlon</sponsor> (for herself and <cosponsor name-id="H001056">Ms. Herrera Beutler</cosponsor>) submitted the following resolution; which was referred to the <committee-name committee-id="HED00">Committee on Education and Labor</committee-name></action-desc></action><legis-type>RESOLUTION</legis-type><official-title display="yes">Recognizing January 2021 as <quote>National Mentoring Month</quote>, and for other purposes.</official-title></form><preamble><whereas><text>Whereas the goals of <quote>National Mentoring Month</quote> are to raise awareness of youth mentoring, recruit individuals to mentor, celebrate the powerful impact of mentoring relationships that form and thrive each day because of the caring adults who volunteer their time for young people, encourage mentoring programs to engage and integrate quality mentoring into their efforts, and thank the mentors who made us who we are today;</text></whereas><whereas><text>Whereas many young people across the Nation make everyday choices that lead up to life’s big decisions without guidance and support;</text></whereas><whereas><text>Whereas mentoring relationships provide powerful tools for connection and are critical for our Nation’s future;</text></whereas><whereas><text>Whereas a mentor is a caring, consistent presence who devotes time to help a young person discover personal strength and achieve his or her potential;</text></whereas><whereas><text>Whereas quality mentoring supports positive life and social skills, promotes self-esteem, bolsters academic achievement and college access, and nurtures youth leadership development;</text></whereas><whereas><text>Whereas mentoring relationships are a shared opportunity for learning and growth, positively impacting both the mentor and the mentee;</text></whereas><whereas><text>Whereas mentoring programs are run by many different organizations and agencies with different goals for young people, and 79 percent of programs are nonprofits, 9 percent are K–12 schools or districts, 3 percent are government agencies, 3 percent are higher education institutions, and the remaining 6 percent are religious institutions, for-profits, health care facilities, and others;</text></whereas><whereas><text>Whereas 47 percent of mentoring programs note that mentor recruitment is a large challenge for them, and caring adults volunteering as mentors in their communities can help solve this challenge and provide critical human capital to programs;</text></whereas><whereas><text>Whereas mentoring programs have been shown to be effective in helping young people make healthy choices, and youth who meet regularly with their mentors are 46 percent less likely than their peers to start using illegal drugs;</text></whereas><whereas><text>Whereas research shows that young people who were at risk for not completing high school but who had mentors were 55 percent more likely to be enrolled in college, 81 percent more likely to report participating regularly in sports or extracurricular activities, more than twice as likely to say they held a leadership position in a club or sports team, and 78 percent more likely to pay it forward by volunteering regularly in their communities, and that 90 percent are now interested in becoming mentors themselves;</text></whereas><whereas><text>Whereas mentoring can play a role in helping young people attend school regularly, as research shows that students who meet regularly with their mentors are 52 percent less likely than their peers to skip a day of school and 37 percent less likely to skip a class;</text></whereas><whereas><text>Whereas mentors prepare young people for professional careers by helping them set career goals, introducing them to industry professionals, and helping them train for and find jobs;</text></whereas><whereas><text>Whereas all of the above listed benefits link youth to economic and social capital while also strengthening communities; and</text></whereas><whereas><text>Whereas despite these benefits, 9 million young people in the United States feel isolated from meaningful connections with adults outside their homes, constituting a <quote>mentoring gap</quote> that demonstrates a need for collaboration and resources: Now, therefore, be it</text></whereas></preamble><resolution-body style="traditional" id="HD7E78CB53B974489B7F6F046E321ED3D"><section id="H526A0722B52748ECB056BAEFEC50162A" section-type="undesignated-section" display-inline="yes-display-inline"><enum/><text display-inline="yes-display-inline">That the House of Representatives—</text><paragraph id="HECEF45D71C6C4D6C9ED30982DDB3F917"><enum>(1)</enum><text>recognizes <quote>National Mentoring Month</quote>;</text></paragraph><paragraph id="H922FDC6D72CB48F984E7EF202FD66F51"><enum>(2)</enum><text>recognizes the caring adults who serve as staff and volunteers at quality mentoring programs and who help our young people find inner strength and reach their full potential;</text></paragraph><paragraph id="HD9CE442426BD434FAB65CB43AAEAA09D"><enum>(3)</enum><text>acknowledges that mentoring is beneficial because it supports educational achievement, encourages self-confidence, supports young people in setting career goals and expanding social capital, and improves positive personal, professional, and academic outcomes;</text></paragraph><paragraph id="HFA81E265D0A14571B7F020360F2CC632"><enum>(4)</enum><text>promotes the creation and expansion of quality mentoring programs across the country to equip young people with the tools needed to lead healthy and productive lives; and</text></paragraph><paragraph id="H9350BD375592401E90BE922C1891DFE7"><enum>(5)</enum><text>supports initiatives to close the <quote>mentoring gap</quote> by highlighting the powerful impact every adult can have by becoming a mentor.</text></paragraph></section></resolution-body></resolution> 

