<?xml version="1.0"?>
<?xml-stylesheet type="text/xsl" href="billres.xsl"?>
<!DOCTYPE resolution PUBLIC "-//US Congress//DTDs/res.dtd//EN" "res.dtd">
<resolution resolution-stage="Introduced-in-House" dms-id="HD5F65BD97B1B496AAE4E221F5E811C11" public-private="public" resolution-type="house-resolution" star-print="no-star-print" key="H"><metadata xmlns:dc="http://purl.org/dc/elements/1.1/">
<dublinCore>
<dc:title>117 HRES 19 IH: Condemning and censuring Representative Louie Gohmert of Texas.</dc:title>
<dc:publisher>U.S. House of Representatives</dc:publisher>
<dc:date>2021-01-05</dc:date>
<dc:format>text/xml</dc:format>
<dc:language>EN</dc:language>
<dc:rights>Pursuant to Title 17 Section 105 of the United States Code, this file is not subject to copyright protection and is in the public domain.</dc:rights>
</dublinCore>
</metadata>
<form>
<distribution-code display="yes">IV</distribution-code><congress display="yes">117th CONGRESS</congress><session display="yes">1st Session</session><legis-num display="yes">H. RES. 19</legis-num><current-chamber>IN THE HOUSE OF REPRESENTATIVES</current-chamber><action display="yes"><action-date date="20210105">January 5, 2021</action-date><action-desc><sponsor name-id="W000797">Ms. Wasserman Schultz</sponsor> submitted the following resolution; which was referred to the <committee-name committee-id="HSO00">Committee on Ethics</committee-name></action-desc></action><legis-type>RESOLUTION</legis-type><official-title display="yes">Condemning and censuring Representative Louie Gohmert of Texas.</official-title></form><preamble><whereas><text>Whereas, on January 1, 2021, in a television interview with Newsmax, Representative Louie Gohmert stated that in response to the dismissal of his Federal lawsuit seeking to overturn the results of the 2020 presidential election, “Basically, in effect, the ruling would be that you’ve got to go to the streets and be as violent as Antifa and BLM.”;</text></whereas><whereas><text>Whereas Representative Gohmert has made previous comments insisting the 2020 presidential election had been stolen from President Donald Trump and that urged Trump’s supporters to consider a “revolution” like the 2013 Egyptian protests in which hundreds of Egyptians died, stating that “If they can do that there, think of what we can do here.”;</text></whereas><whereas><text>Whereas Representative Gohmert’s comments are contradictory to our longstanding tradition to set aside partisan differences and accept electoral outcomes in order to facilitate a peaceful transition of power;</text></whereas><whereas><text>Whereas Representative Gohmert’s comments are part of a dangerous pattern of signaling to American citizens that they should consider using violent means to achieve their goals, including overthrowing the results of a legitimate democratic election;</text></whereas><whereas><text>Whereas continued efforts to cast doubt upon the results of the 2020 presidential election by espousing conspiracy theories and by threatening and inciting violence has the potential to lead to tragic consequences, causing irreparable damage toward the people’s faith in our democratic process; and</text></whereas><whereas><text>Whereas Representative Gohmert’s comments brought shame on the House of Representatives and jeopardized its reputation and institutional integrity: Now, therefore, be it</text></whereas></preamble><resolution-body style="traditional" id="HBE0057ABB44B4A7895F98C322DFEDD84"><section display-inline="yes-display-inline" section-type="undesignated-section" id="HAED29A25CFBC41FD96C9DA866E0D1F2E"><enum/><text display-inline="yes-display-inline">That—</text><paragraph id="HCBCFCCC033C740A08D1B30AD926F040D"><enum>(1)</enum><text>Representative Louie Gohmert of Texas be censured;</text></paragraph><paragraph id="H79F717E4772742198B52FE7B165951F3"><enum>(2)</enum><text>Representative Louie Gohmert forthwith present himself in the well of the House of Representatives for the pronouncement of censure; and</text></paragraph><paragraph id="H150033A0BD934F09ABDE500777435444"><enum>(3)</enum><text>Representative Louie Gohmert be censured with the public reading of this resolution by the Speaker.</text></paragraph></section></resolution-body></resolution> 

