<mods xmlns:xlink="http://www.w3.org/1999/xlink" xmlns:xsi="http://www.w3.org/2001/XMLSchema-instance" xmlns="http://www.loc.gov/mods/v3" version="3.3" xsi:schemaLocation="http://www.loc.gov/mods/v3 http://www.loc.gov/standards/mods/v3/mods-3-3.xsd" ID="P0b002ee1aab37c4b">
<name type="corporate">
 <namePart>United States Government Publishing Office</namePart>
 <role>
  <roleTerm authority="marcrelator" type="text">publisher</roleTerm>
  <roleTerm authority="marcrelator" type="code">pbl</roleTerm>
</role>
 <role>
  <roleTerm authority="marcrelator" type="text">distributor</roleTerm>
  <roleTerm authority="marcrelator" type="code">dst</roleTerm>
</role>
</name>
<name type="corporate">
 <namePart>United States</namePart>
 <namePart>Congress</namePart>
 <namePart>Senate</namePart>
 <role>
  <roleTerm authority="marcrelator" type="text">author</roleTerm>
  <roleTerm authority="marcrelator" type="code">aut</roleTerm>
</role>
 <description>Government Organization</description>
</name>
<typeOfResource>text</typeOfResource>
<genre authority="marcgt">government publication</genre>
<language>
 <languageTerm type="code" authority="iso639-2b">eng</languageTerm>
</language>
<extension>
 <collectionCode>BILLS</collectionCode>
 <searchTitle>Extending the life of the Joint Congressional Committee on Inaugural Ceremonies and authorizing the use of the rotunda and Emancipation Hall of the Capitol by the Joint Congressional Committee on Inaugural Ceremonies in connection with the proceedings and ceremonies conducted for the inauguration of the President-elect and the Vice President-elect of the United States.;S. Con. Res. 2 (ATS)
    </searchTitle>
 <category>Bills and Statutes</category>
 <waisDatabaseName>117_cong_bills</waisDatabaseName>
 <branch>legislative</branch>
 <dateIngested>2021-01-04</dateIngested>
</extension>
<titleInfo>
 <title>Extending the life of the Joint Congressional Committee on Inaugural Ceremonies and authorizing the use of the rotunda and Emancipation Hall of the Capitol by the Joint Congressional Committee on Inaugural Ceremonies in connection with the proceedings and ceremonies conducted for the inauguration of the President-elect and the Vice President-elect of the United States.</title>
</titleInfo>
<titleInfo type="alternative">
 <title>S. Con. Res. 2 (ATS)
    </title>
</titleInfo>
<originInfo>
 <publisher>U.S. Government Publishing Office</publisher>
 <dateIssued encoding="w3cdtf">2021-01-03</dateIssued>
 <issuance>monographic</issuance>
</originInfo>
<physicalDescription>
 <note type="source content type">deposited</note>
 <digitalOrigin>born digital</digitalOrigin>
 <extent>2 p.</extent>
</physicalDescription>
<classification authority="sudocs">Y 1.6:</classification>
<classification authority="sudocs">Y 1.4/4:</classification>
<identifier type="local">P0b002ee1aab37c4b</identifier>
<identifier type="uri">https://www.govinfo.gov/app/details/BILLS-117sconres2ats</identifier>
<identifier type="preferred citation">S. Con. Res. 2</identifier>
<identifier type="stock number">021-610-00252-9</identifier>
<identifier type="Parent ILS system id">000501532</identifier>
<identifier type="Child ILS system id">000325571</identifier>
<identifier type="Parent ILS title">Congressional bills</identifier>
<identifier type="Child ILS title">Senate concurrent resolutions</identifier>
<identifier type="former package identifier">f:sc2_ats.txt</identifier>
<location>
 <url displayLabel="Content Detail" access="object in context">https://www.govinfo.gov/app/details/BILLS-117sconres2ats</url>
 <url displayLabel="HTML rendition" access="raw object">https://www.govinfo.gov/content/pkg/BILLS-117sconres2ats/html/BILLS-117sconres2ats.htm</url>
 <url displayLabel="PDF rendition" access="raw object">https://www.govinfo.gov/content/pkg/BILLS-117sconres2ats/pdf/BILLS-117sconres2ats.pdf</url>
 <url displayLabel="XML rendition" access="raw object">https://www.govinfo.gov/content/pkg/BILLS-117sconres2ats/xml/BILLS-117sconres2ats.xml</url>
</location>
<accessCondition type="GPO scope determination">fdlp</accessCondition>
<recordInfo>
 <recordContentSource authority="marcorg">DGPO</recordContentSource>
 <recordCreationDate encoding="w3cdtf">2021-01-04</recordCreationDate>
 <recordChangeDate encoding="w3cdtf">2021-01-05</recordChangeDate>
 <recordIdentifier source="DGPO">BILLS-117sconres2ats</recordIdentifier>
 <recordOrigin>machine generated</recordOrigin>
 <languageOfCataloging>
  <languageTerm type="code" authority="iso639-2b">eng</languageTerm>
</languageOfCataloging>
</recordInfo>
<name type="personal">
 <namePart>Mitch McConnell</namePart>
 <affiliation>United States Senate</affiliation>
 <role>
  <roleTerm authority="marcrelator" type="text">sponsor</roleTerm>
  <roleTerm authority="marcrelator" type="code">spn</roleTerm>
</role>
 <description>United States Congress Member</description>
</name>
<extension>
 <docClass>sconres</docClass>
 <accessId>BILLS-117sconres2ats</accessId>
 <congress>117</congress>
 <session>1</session>
 <originChamber>SENATE</originChamber>
 <currentChamber>SENATE</currentChamber>
 <billNumber>2</billNumber>
 <billVersion reprint="false">ats</billVersion>
 <fileSuffix>ats</fileSuffix>
 <officialTitle>Extending the life of the Joint Congressional Committee on Inaugural Ceremonies and authorizing the use of the rotunda and Emancipation Hall of the Capitol by the Joint Congressional Committee on Inaugural Ceremonies in connection with the proceedings and ceremonies conducted for the inauguration of the President-elect and the Vice President-elect of the United States.</officialTitle>
 <action date="2021-01-03">Mr. McConnell submitted the following concurrent resolution; which was considered and agreed to</action>
 <congMember authorityId="1395" bioGuideId="M000355" chamber="S" congress="117" gpoId="8254" party="R" role="SPONSOR" state="KY">
                      <name type="parsed">Mr. McConnell</name>
                      <name type="authority-fnf">Mitch McConnell</name>
                      <name type="authority-lnf">McConnell, Mitch</name>
                </congMember>
 <isPrivate>false</isPrivate>
 <isAppropriation>false</isAppropriation>
</extension>
</mods>