<?xml version="1.0" encoding="UTF-8"?><mets xmlns="http://www.loc.gov/METS/" xmlns:utils="xalan://gov.gpo.fdsys.utils" xmlns:datetime="http://exslt.org/dates-and-times" xmlns:xalan="http://xml.apache.org/xalan" xmlns:xsi="http://www.w3.org/2001/XMLSchema-instance" xmlns:xlink="http://www.w3.org/1999/xlink" xsi:schemaLocation="http://www.loc.gov/METS/ http://www.loc.gov/standards/mets/mets.xsd" ID="P0b002ee1aacf9b8e" LABEL="Directing the Sergeant at Arms of the House of Representatives, the Sergeant at Arms and Doorkeeper of the Senate, and the United States Capitol Police to prohibit President Donald John Trump from entering the United States Capitol at any time after the expiration of his term as President." OBJID="BILLS-117hconres6ih">
<metsHdr CREATEDATE="2022-03-10T21:24:25Z" LASTMODDATE="2022-03-10T21:24:25Z">
<agent ROLE="CREATOR" TYPE="ORGANIZATION">
<name>United States Government Publishing Office</name>
</agent>
</metsHdr>
<dmdSec ID="descriptive-metadata">
<mdRef ID="descriptive-metadata-mods" MIMETYPE="text/xml" LOCTYPE="URL" xlink:href="file://mods.xml" MDTYPE="MODS"/>
</dmdSec>
<amdSec>
<digiprovMD ID="provenance-metadata-premis">
<mdRef MIMETYPE="text/xml" LOCTYPE="URL" xlink:href="file://premis.xml" MDTYPE="PREMIS"/>
</digiprovMD>
</amdSec>
<fileSec><fileGrp USE="text/html"><file ID="FID1" MIMETYPE="text/html" SIZE="1738">
<FLocat LOCTYPE="URL" xlink:href="file://html/BILLS-117hconres6ih.htm"/>
<FLocat LOCTYPE="URL" xlink:href="https://www.govinfo.gov/content/pkg/BILLS-117hconres6ih/html/BILLS-117hconres6ih.htm"/>
</file></fileGrp><fileGrp USE="text/xml"><file ID="FID2" MIMETYPE="text/xml" SIZE="2760">
<FLocat LOCTYPE="URL" xlink:href="file://xml/BILLS-117hconres6ih.xml"/>
<FLocat LOCTYPE="URL" xlink:href="https://www.govinfo.gov/content/pkg/BILLS-117hconres6ih/xml/BILLS-117hconres6ih.xml"/>
</file></fileGrp><fileGrp USE="application/pdf"><file ID="FID3" MIMETYPE="application/pdf" SIZE="279924">
<FLocat LOCTYPE="URL" xlink:href="file://pdf/BILLS-117hconres6ih.pdf"/>
<FLocat LOCTYPE="URL" xlink:href="https://www.govinfo.gov/content/pkg/BILLS-117hconres6ih/pdf/BILLS-117hconres6ih.pdf"/>
</file></fileGrp></fileSec>
<structMap>
<div>
<div ADMID="provenance-metadata-premis">
<fptr FILEID="FID1"/>
</div>
<div ADMID="provenance-metadata-premis">
<fptr FILEID="FID2"/>
</div>
<div ADMID="provenance-metadata-premis">
<fptr FILEID="FID3"/>
</div>
</div>
</structMap>
</mets>
