<mods xmlns:xlink="http://www.w3.org/1999/xlink" xmlns:xsi="http://www.w3.org/2001/XMLSchema-instance" xmlns="http://www.loc.gov/mods/v3" version="3.3" xsi:schemaLocation="http://www.loc.gov/mods/v3 http://www.loc.gov/standards/mods/v3/mods-3-3.xsd" ID="P0b002ee1aacf9b8e">
<name type="corporate">
 <namePart>United States Government Publishing Office</namePart>
 <role>
  <roleTerm authority="marcrelator" type="text">publisher</roleTerm>
  <roleTerm authority="marcrelator" type="code">pbl</roleTerm>
</role>
 <role>
  <roleTerm authority="marcrelator" type="text">distributor</roleTerm>
  <roleTerm authority="marcrelator" type="code">dst</roleTerm>
</role>
</name>
<name type="corporate">
 <namePart>United States</namePart>
 <namePart>Congress</namePart>
 <namePart>House of Representatives</namePart>
 <role>
  <roleTerm authority="marcrelator" type="text">author</roleTerm>
  <roleTerm authority="marcrelator" type="code">aut</roleTerm>
</role>
 <description>Government Organization</description>
</name>
<typeOfResource>text</typeOfResource>
<genre authority="marcgt">government publication</genre>
<language>
 <languageTerm type="code" authority="iso639-2b">eng</languageTerm>
</language>
<extension>
 <collectionCode>BILLS</collectionCode>
 <searchTitle>Directing the Sergeant at Arms of the House of Representatives, the Sergeant at Arms and Doorkeeper of the Senate, and the United States Capitol Police to prohibit President Donald John Trump from entering the United States Capitol at any time after the expiration of his term as President.;H. Con. Res. 6 (IH)
    </searchTitle>
 <category>Bills and Statutes</category>
 <waisDatabaseName>117_cong_bills</waisDatabaseName>
 <branch>legislative</branch>
 <dateIngested>2021-01-14</dateIngested>
</extension>
<titleInfo>
 <title>Directing the Sergeant at Arms of the House of Representatives, the Sergeant at Arms and Doorkeeper of the Senate, and the United States Capitol Police to prohibit President Donald John Trump from entering the United States Capitol at any time after the expiration of his term as President.</title>
</titleInfo>
<titleInfo type="alternative">
 <title>H. Con. Res. 6 (IH)
    </title>
</titleInfo>
<originInfo>
 <publisher>U.S. Government Publishing Office</publisher>
 <dateIssued encoding="w3cdtf">2021-01-13</dateIssued>
 <issuance>monographic</issuance>
</originInfo>
<physicalDescription>
 <note type="source content type">deposited</note>
 <digitalOrigin>born digital</digitalOrigin>
 <extent>2 p.</extent>
</physicalDescription>
<classification authority="sudocs">Y 1.6:</classification>
<classification authority="sudocs">Y 1.4/9:</classification>
<identifier type="local">P0b002ee1aacf9b8e</identifier>
<identifier type="uri">https://www.govinfo.gov/app/details/BILLS-117hconres6ih</identifier>
<identifier type="preferred citation">H. Con. Res. 6</identifier>
<identifier type="stock number">021-610-00252-9</identifier>
<identifier type="Parent ILS system id">000501532</identifier>
<identifier type="Child ILS system id">000325575</identifier>
<identifier type="Parent ILS title">Congressional bills</identifier>
<identifier type="Child ILS title">House concurrent resolutions</identifier>
<identifier type="former package identifier">f:hc6_ih.txt</identifier>
<location>
 <url displayLabel="Content Detail" access="object in context">https://www.govinfo.gov/app/details/BILLS-117hconres6ih</url>
 <url displayLabel="HTML rendition" access="raw object">https://www.govinfo.gov/content/pkg/BILLS-117hconres6ih/html/BILLS-117hconres6ih.htm</url>
 <url displayLabel="PDF rendition" access="raw object">https://www.govinfo.gov/content/pkg/BILLS-117hconres6ih/pdf/BILLS-117hconres6ih.pdf</url>
 <url displayLabel="XML rendition" access="raw object">https://www.govinfo.gov/content/pkg/BILLS-117hconres6ih/xml/BILLS-117hconres6ih.xml</url>
</location>
<accessCondition type="GPO scope determination">fdlp</accessCondition>
<recordInfo>
 <recordContentSource authority="marcorg">DGPO</recordContentSource>
 <recordCreationDate encoding="w3cdtf">2021-01-14</recordCreationDate>
 <recordChangeDate encoding="w3cdtf">2021-01-14</recordChangeDate>
 <recordIdentifier source="DGPO">BILLS-117hconres6ih</recordIdentifier>
 <recordOrigin>machine generated</recordOrigin>
 <languageOfCataloging>
  <languageTerm type="code" authority="iso639-2b">eng</languageTerm>
</languageOfCataloging>
</recordInfo>
<name type="personal">
 <namePart>Nikema Williams</namePart>
 <affiliation>United States House of Representatives</affiliation>
 <role>
  <roleTerm authority="marcrelator" type="text">sponsor</roleTerm>
  <roleTerm authority="marcrelator" type="code">spn</roleTerm>
</role>
 <description>United States Congress Member</description>
</name>
<name type="corporate">
 <namePart>United States</namePart>
 <namePart>Congress</namePart>
 <namePart>House of Representatives</namePart>
 <namePart>Committee on House Administration</namePart>
 <role>
  <roleTerm authority="marcrelator" type="text">associated name</roleTerm>
  <roleTerm authority="marcrelator" type="code">asn</roleTerm>
</role>
</name>
<extension>
 <docClass>hconres</docClass>
 <accessId>BILLS-117hconres6ih</accessId>
 <congress>117</congress>
 <session>1</session>
 <originChamber>HOUSE</originChamber>
 <currentChamber>HOUSE</currentChamber>
 <billNumber>6</billNumber>
 <billVersion reprint="false">ih</billVersion>
 <fileSuffix>ih</fileSuffix>
 <officialTitle>Directing the Sergeant at Arms of the House of Representatives, the Sergeant at Arms and Doorkeeper of the Senate, and the United States Capitol Police to prohibit President Donald John Trump from entering the United States Capitol at any time after the expiration of his term as President.</officialTitle>
 <action date="2021-01-13">Ms. Williams of Georgia submitted the following concurrent resolution; which was referred to the Committee on House Administration</action>
 <congCommittee authorityId="hsha00" chamber="H" congress="117" type="S">
                      <name type="authority-standard">Committee on House Administration</name>
                      <name type="authority-short">House Administration</name>
                </congCommittee>
 <congMember authorityId="2496" bioGuideId="W000788" chamber="H" congress="117" party="D" role="SPONSOR" state="GA">
                      <name type="parsed">Ms. Williams of Georgia</name>
                      <name type="authority-fnf">Nikema Williams</name>
                      <name type="authority-lnf">Williams, Nikema</name>
                </congMember>
 <isPrivate>false</isPrivate>
 <isAppropriation>false</isAppropriation>
</extension>
</mods>