<?xml version="1.0"?>
<?xml-stylesheet type="text/xsl" href="billres.xsl"?>
<!DOCTYPE resolution PUBLIC "-//US Congress//DTDs/res.dtd//EN" "res.dtd">
<resolution dms-id="HE695E196178E41399A402255556EA134" public-private="public" resolution-stage="Engrossed-in-House" resolution-type="house-resolution" star-print="no-star-print" key="H" stage-count="1"> 
<metadata xmlns:dc="http://purl.org/dc/elements/1.1/">
<dublinCore>
<dc:title>117 HRES 40 EH: Appointing and authorizing managers for the impeachment trial of Donald John Trump, President of the United States.</dc:title>
<dc:publisher>U.S. House of Representatives</dc:publisher>
<dc:date>2021-01-13</dc:date>
<dc:format>text/xml</dc:format>
<dc:language>EN</dc:language>
<dc:rights>Pursuant to Title 17 Section 105 of the United States Code, this file is not subject to copyright protection and is in the public domain.</dc:rights>
</dublinCore>
</metadata>
<form>
<distribution-code display="no">IV</distribution-code> 
<congress display="no">117th CONGRESS</congress> 
<session display="no">1st Session</session> 
<legis-num>H. RES. 40</legis-num> 
<current-chamber display="yes">In the House of Representatives, U. S.,</current-chamber> 
<action> 
<action-date date="20210113">January 13, 2021</action-date> 
</action> 
<legis-type display="yes">RESOLUTION</legis-type> 
<official-title display="no">Appointing and authorizing managers for the impeachment trial of Donald John Trump, President of the United States.</official-title> 
</form> 
<resolution-body style="traditional" id="HAC2242162C3340B0B8CADA6CBF56C9DA"> 
<section display-inline="yes-display-inline" section-type="undesignated-section" id="H4AB24645A8AC4133A255CC3BB70039EC"><text display-inline="yes-display-inline">That Mr. Raskin, Ms. DeGette, Mr. Cicilline, Mr. Castro of Texas, Mr. Swalwell, Mr. Lieu, Ms. Plaskett, Mr. Neguse, and Ms. Dean are appointed managers to conduct the impeachment trial against Donald John Trump, President of the United States, that a message be sent to the Senate to inform the Senate of these appointments, and that the managers so appointed may, in connection with the preparation and the conduct of the trial, exhibit the articles of impeachment to the Senate and take all other actions necessary, which may include the following:</text> <paragraph id="HE2148326779744DF91FD7CC01AF50CF9"><enum>(1)</enum><text display-inline="yes-display-inline">Employing legal, clerical, and other necessary assistants and incurring such other expenses as may be necessary, to be paid from amounts available to the Committee on the Judiciary under applicable expense resolutions or from the applicable accounts of the House of Representatives.</text></paragraph> 
<paragraph id="HBD2BFEED3EE04F1F892F4FE354848DCE"><enum>(2)</enum><text>Sending for persons and papers, and filing with the Secretary of the Senate, on the part of the House of Representatives, any pleadings, in conjunction with or subsequent to, the exhibition of the articles of impeachment that the managers consider necessary.</text></paragraph></section> </resolution-body> <attestation><attestation-group><attestor display="no">Cheryl L. Johnson,</attestor><role>Clerk.</role></attestation-group></attestation> </resolution> 

