<?xml version="1.0"?>
<?xml-stylesheet type="text/xsl" href="billres.xsl"?>
<!DOCTYPE bill PUBLIC "-//US Congress//DTDs/bill.dtd//EN" "bill.dtd">
<bill bill-stage="Introduced-in-House" dms-id="H4207D9AEE4D84419B469B4A8FC144E72" public-private="public" key="H" bill-type="olc"><metadata xmlns:dc="http://purl.org/dc/elements/1.1/">
<dublinCore>
<dc:title>117 HR 82 IH: Social Security Fairness Act of 2021</dc:title>
<dc:publisher>U.S. House of Representatives</dc:publisher>
<dc:date>2021-01-04</dc:date>
<dc:format>text/xml</dc:format>
<dc:language>EN</dc:language>
<dc:rights>Pursuant to Title 17 Section 105 of the United States Code, this file is not subject to copyright protection and is in the public domain.</dc:rights>
</dublinCore>
</metadata>
<form>
<distribution-code display="yes">I</distribution-code><congress display="yes">117th CONGRESS</congress><session display="yes">1st Session</session><legis-num display="yes">H. R. 82</legis-num><current-chamber>IN THE HOUSE OF REPRESENTATIVES</current-chamber><action display="yes"><action-date date="20210104">January 4, 2021</action-date><action-desc><sponsor name-id="D000619">Mr. Rodney Davis of Illinois</sponsor> (for himself, <cosponsor name-id="S001209">Ms. Spanberger</cosponsor>, <cosponsor name-id="G000577">Mr. Graves of Louisiana</cosponsor>, <cosponsor name-id="C001068">Mr. Cohen</cosponsor>, <cosponsor name-id="G000581">Mr. Vicente Gonzalez of Texas</cosponsor>, <cosponsor name-id="G000559">Mr. Garamendi</cosponsor>, <cosponsor name-id="C001084">Mr. Cicilline</cosponsor>, <cosponsor name-id="E000215">Ms. Eshoo</cosponsor>, <cosponsor name-id="J000295">Mr. Joyce of Ohio</cosponsor>, <cosponsor name-id="M001190">Mr. Mullin</cosponsor>, <cosponsor name-id="B001285">Ms. Brownley</cosponsor>, <cosponsor name-id="D000610">Mr. Deutch</cosponsor>, <cosponsor name-id="T000472">Mr. Takano</cosponsor>, <cosponsor name-id="D000600">Mr. Diaz-Balart</cosponsor>, <cosponsor name-id="W000822">Mrs. Watson Coleman</cosponsor>, <cosponsor name-id="R000599">Mr. Ruiz</cosponsor>, <cosponsor name-id="C001108">Mr. Comer</cosponsor>, and <cosponsor name-id="G000552">Mr. Gohmert</cosponsor>) introduced the following bill; which was referred to the <committee-name committee-id="HWM00">Committee on Ways and Means</committee-name></action-desc></action><legis-type>A BILL</legis-type><official-title display="yes">To amend title II of the Social Security Act to repeal the Government pension offset and windfall elimination provisions.</official-title></form><legis-body id="H8D5EBA3234434F0CA8F022BA88B95C6E" style="OLC"><section id="H2BCF97FFC4364DACBD5C03650CB61DAE" section-type="section-one"><enum>1.</enum><header>Short title</header><text display-inline="no-display-inline"> This Act may be cited as the <quote><short-title>Social Security Fairness Act of 2021</short-title></quote>.</text></section><section id="HF765651EE12346F485E494AE3D27B450"><enum>2.</enum><header>Repeal of government pension offset provision</header><subsection id="H74865EC714CB466EB4E31DF5C40B57A4"><enum>(a)</enum><header>In general</header><text>Section 202(k) of the Social Security Act (<external-xref legal-doc="usc" parsable-cite="usc/42/402">42 U.S.C. 402(k)</external-xref>) is amended by striking paragraph (5).</text></subsection><subsection id="H8826C4ECCF4F4EF9BA2D0AB5524AA746"><enum>(b)</enum><header>Conforming amendments</header><paragraph id="HD5E0EA45F5CB4B59B40E177AD02AFA1E"><enum>(1)</enum><text>Section 202(b)(2) of the Social Security Act (<external-xref legal-doc="usc" parsable-cite="usc/42/402">42 U.S.C. 402(b)(2)</external-xref>) is amended by striking <quote>subsections (k)(5) and (q)</quote> and inserting <quote>subsection (q)</quote>.</text></paragraph><paragraph id="HEAB751D957CB4CB0AE0734B4C96403F4"><enum>(2)</enum><text>Section 202(c)(2) of such Act (<external-xref legal-doc="usc" parsable-cite="usc/42/402">42 U.S.C. 402(c)(2)</external-xref>) is amended by striking <quote>subsections (k)(5) and (q)</quote> and inserting <quote>subsection (q)</quote>.</text></paragraph><paragraph id="HCB2BF0156C7C4FBCAA35495041EE0E9D"><enum>(3)</enum><text>Section 202(e)(2)(A) of such Act (<external-xref legal-doc="usc" parsable-cite="usc/42/402">42 U.S.C. 402(e)(2)(A)</external-xref>) is amended by striking <quote>subsection (k)(5), subsection (q),</quote> and inserting <quote>subsection (q)</quote>.</text></paragraph><paragraph id="H4D5ADCF091584D2FAF1DC6F9A3734E79"><enum>(4)</enum><text>Section 202(f)(2)(A) of such Act (<external-xref legal-doc="usc" parsable-cite="usc/42/402">42 U.S.C. 402(f)(2)(A)</external-xref>) is amended by striking <quote>subsection (k)(5), subsection (q)</quote> and inserting <quote>subsection (q)</quote>.</text></paragraph></subsection></section><section id="HFE6CE4A8A71A43E3B97F3B1377985A72"><enum>3.</enum><header>Repeal of windfall elimination provisions</header><subsection id="H834BE597EDB84BDFB4E8D786F5AEBD6B"><enum>(a)</enum><header>In general</header><text>Section 215 of the Social Security Act (<external-xref legal-doc="usc" parsable-cite="usc/42/415">42 U.S.C. 415</external-xref>) is amended—</text><paragraph id="H87195DB20EA246959429808FA564A512"><enum>(1)</enum><text>in subsection (a), by striking paragraph (7);</text></paragraph><paragraph id="HA026454D79E843878CE246F8930E327B"><enum>(2)</enum><text>in subsection (d), by striking paragraph (3); and</text></paragraph><paragraph id="H9C0B87E867F74EE58FE247348C7B206F"><enum>(3)</enum><text>in subsection (f), by striking paragraph (9).</text></paragraph></subsection><subsection id="H18F0F65D3C624F069E4F18D48646915B"><enum>(b)</enum><header>Conforming amendments</header><text>Subsections (e)(2) and (f)(2) of section 202 of such Act (<external-xref legal-doc="usc" parsable-cite="usc/42/402">42 U.S.C. 402</external-xref>) are each amended by striking <quote>section 215(f)(5), 215(f)(6), or 215(f)(9)(B)</quote> in subparagraphs (C) and (D)(i) and inserting <quote>paragraph (5) or (6) of section 215(f)</quote>.</text></subsection></section><section id="HF0B8A99637984A35A1B677990A885671"><enum>4.</enum><header>Effective date</header><text display-inline="no-display-inline"> The amendments made by this Act shall apply with respect to monthly insurance benefits payable under title II of the Social Security Act for months after December 2021. Notwithstanding section 215(f) of the Social Security Act, the Commissioner of Social Security shall adjust primary insurance amounts to the extent necessary to take into account the amendments made by section 3.</text></section></legis-body></bill> 

