<mods xmlns:xlink="http://www.w3.org/1999/xlink" xmlns:xsi="http://www.w3.org/2001/XMLSchema-instance" xmlns="http://www.loc.gov/mods/v3" version="3.3" xsi:schemaLocation="http://www.loc.gov/mods/v3 http://www.loc.gov/standards/mods/v3/mods-3-3.xsd" ID="P0b002ee1aaccd226">
<name type="corporate">
 <namePart>United States Government Publishing Office</namePart>
 <role>
  <roleTerm authority="marcrelator" type="text">publisher</roleTerm>
  <roleTerm authority="marcrelator" type="code">pbl</roleTerm>
</role>
 <role>
  <roleTerm authority="marcrelator" type="text">distributor</roleTerm>
  <roleTerm authority="marcrelator" type="code">dst</roleTerm>
</role>
</name>
<name type="corporate">
 <namePart>United States</namePart>
 <namePart>Congress</namePart>
 <namePart>House of Representatives</namePart>
 <role>
  <roleTerm authority="marcrelator" type="text">author</roleTerm>
  <roleTerm authority="marcrelator" type="code">aut</roleTerm>
</role>
 <description>Government Organization</description>
</name>
<typeOfResource>text</typeOfResource>
<genre authority="marcgt">government publication</genre>
<language>
 <languageTerm type="code" authority="iso639-2b">eng</languageTerm>
</language>
<extension>
 <collectionCode>BILLS</collectionCode>
 <searchTitle>To increase public safety by punishing and deterring firearms trafficking.;Gun Trafficking Prohibition Act;H.R. 30 (IH)
    </searchTitle>
 <category>Bills and Statutes</category>
 <waisDatabaseName>117_cong_bills</waisDatabaseName>
 <branch>legislative</branch>
 <dateIngested>2021-01-13</dateIngested>
</extension>
<titleInfo>
 <title>To increase public safety by punishing and deterring firearms trafficking.</title>
</titleInfo>
<titleInfo type="alternative">
 <title>Gun Trafficking Prohibition Act</title>
</titleInfo>
<titleInfo type="alternative">
 <title>H.R. 30 (IH)
    </title>
</titleInfo>
<originInfo>
 <publisher>U.S. Government Publishing Office</publisher>
 <dateIssued encoding="w3cdtf">2021-01-04</dateIssued>
 <issuance>monographic</issuance>
</originInfo>
<physicalDescription>
 <note type="source content type">deposited</note>
 <digitalOrigin>born digital</digitalOrigin>
 <extent>14 p.</extent>
</physicalDescription>
<classification authority="sudocs">Y 1.6:</classification>
<classification authority="sudocs">Y 1.4/6:</classification>
<identifier type="local">P0b002ee1aaccd226</identifier>
<identifier type="uri">https://www.govinfo.gov/app/details/BILLS-117hr30ih</identifier>
<identifier type="preferred citation">H.R. 30</identifier>
<identifier type="stock number">021-610-00252-9</identifier>
<identifier type="Parent ILS system id">000501532</identifier>
<identifier type="Child ILS system id">000325573</identifier>
<identifier type="Parent ILS title">Congressional bills</identifier>
<identifier type="Child ILS title">House bills</identifier>
<identifier type="former package identifier">f:h30_ih.txt</identifier>
<location>
 <url displayLabel="Content Detail" access="object in context">https://www.govinfo.gov/app/details/BILLS-117hr30ih</url>
 <url displayLabel="HTML rendition" access="raw object">https://www.govinfo.gov/content/pkg/BILLS-117hr30ih/html/BILLS-117hr30ih.htm</url>
 <url displayLabel="PDF rendition" access="raw object">https://www.govinfo.gov/content/pkg/BILLS-117hr30ih/pdf/BILLS-117hr30ih.pdf</url>
 <url displayLabel="XML rendition" access="raw object">https://www.govinfo.gov/content/pkg/BILLS-117hr30ih/xml/BILLS-117hr30ih.xml</url>
</location>
<accessCondition type="GPO scope determination">fdlp</accessCondition>
<recordInfo>
 <recordContentSource authority="marcorg">DGPO</recordContentSource>
 <recordCreationDate encoding="w3cdtf">2021-01-13</recordCreationDate>
 <recordChangeDate encoding="w3cdtf">2021-01-13</recordChangeDate>
 <recordIdentifier source="DGPO">BILLS-117hr30ih</recordIdentifier>
 <recordOrigin>machine generated</recordOrigin>
 <languageOfCataloging>
  <languageTerm type="code" authority="iso639-2b">eng</languageTerm>
</languageOfCataloging>
</recordInfo>
<name type="personal">
 <namePart>Bobby L. Rush</namePart>
 <affiliation>United States House of Representatives</affiliation>
 <role>
  <roleTerm authority="marcrelator" type="text">sponsor</roleTerm>
  <roleTerm authority="marcrelator" type="code">spn</roleTerm>
</role>
 <description>United States Congress Member</description>
</name>
<name type="corporate">
 <namePart>United States</namePart>
 <namePart>Congress</namePart>
 <namePart>House of Representatives</namePart>
 <namePart>Committee on the Judiciary</namePart>
 <role>
  <roleTerm authority="marcrelator" type="text">associated name</roleTerm>
  <roleTerm authority="marcrelator" type="code">asn</roleTerm>
</role>
</name>
<relatedItem type="isReferencedBy">
 <titleInfo>
  <title>United States Code</title>
  <partNumber>Title 8 Section 1101(a)(26)</partNumber>
  <partNumber>Title 8 Section 1182(a)(2)(C)</partNumber>
</titleInfo>
 <identifier type="USC citation">8 U.S.C. 1101(a)(26)</identifier>
 <identifier type="USC citation">8 U.S.C. 1182(a)(2)(C)</identifier>
</relatedItem>
<relatedItem type="isReferencedBy">
 <titleInfo>
  <title>United States Code</title>
  <partNumber>Title 18 Section s</partNumber>
  <partNumber>Title 18 Section 1956(c)(7)(D)</partNumber>
  <partNumber>Title 18 Section 1961(1)(B)</partNumber>
  <partNumber>Title 18 Section 2516(1)(n)</partNumber>
  <partNumber>Title 18 Section 922(d)</partNumber>
  <partNumber>Title 18 Section 924</partNumber>
  <partNumber>Title 18 Section 924(a)</partNumber>
  <partNumber>Title 18 Chapter 44</partNumber>
  <partNumber>Title 18 Chapter 44</partNumber>
</titleInfo>
 <identifier type="USC citation">18 U.S.C. s</identifier>
 <identifier type="USC citation">18 U.S.C. 1956(c)(7)(D)</identifier>
 <identifier type="USC citation">18 U.S.C. 1961(1)(B)</identifier>
 <identifier type="USC citation">18 U.S.C. 2516(1)(n)</identifier>
 <identifier type="USC citation">18 U.S.C. 922(d)</identifier>
 <identifier type="USC citation">18 U.S.C. 924</identifier>
 <identifier type="USC citation">18 U.S.C. 924(a)</identifier>
 <identifier type="USC citation">18 U.S.C. Chapter 44</identifier>
 <identifier type="USC citation">18 U.S.C. Chapter 44</identifier>
</relatedItem>
<relatedItem type="isReferencedBy">
 <titleInfo>
  <title>United States Code</title>
  <partNumber>Title 21 Section 1901et seq.</partNumber>
  <partNumber>Title 21 Section 801et seq.</partNumber>
  <partNumber>Title 21 Section 802</partNumber>
  <partNumber>Title 21 Section 951et seq.</partNumber>
</titleInfo>
 <identifier type="USC citation">21 U.S.C. 1901et seq.</identifier>
 <identifier type="USC citation">21 U.S.C. 801et seq.</identifier>
 <identifier type="USC citation">21 U.S.C. 802</identifier>
 <identifier type="USC citation">21 U.S.C. 951et seq.</identifier>
</relatedItem>
<relatedItem type="isReferencedBy">
 <titleInfo>
  <title>United States Code</title>
  <partNumber>Title 22 Section 2751et seq.</partNumber>
</titleInfo>
 <identifier type="USC citation">22 U.S.C. 2751et seq.</identifier>
</relatedItem>
<relatedItem type="isReferencedBy">
 <titleInfo>
  <title>United States Code</title>
  <partNumber>Title 28 Section 994</partNumber>
</titleInfo>
 <identifier type="USC citation">28 U.S.C. 994</identifier>
</relatedItem>
<relatedItem type="isReferencedBy">
 <titleInfo>
  <title>United States Code</title>
  <partNumber>Title 50 Section 1701et seq.</partNumber>
</titleInfo>
 <identifier type="USC citation">50 U.S.C. 1701et seq.</identifier>
</relatedItem>
<extension>
 <docClass>hr</docClass>
 <accessId>BILLS-117hr30ih</accessId>
 <congress>117</congress>
 <session>1</session>
 <originChamber>HOUSE</originChamber>
 <currentChamber>HOUSE</currentChamber>
 <billNumber>30</billNumber>
 <billVersion reprint="false">ih</billVersion>
 <fileSuffix>ih</fileSuffix>
 <shortTitle type="measure">Gun Trafficking Prohibition Act</shortTitle>
 <officialTitle>To increase public safety by punishing and deterring firearms trafficking.</officialTitle>
 <action date="2021-01-04">Mr. Rush introduced the following bill; which was referred to the Committee on the Judiciary</action>
 <congCommittee authorityId="hsju00" chamber="H" congress="117" type="S">
                      <name type="authority-standard">Committee on the Judiciary</name>
                      <name type="authority-short">Judiciary</name>
                </congCommittee>
 <congMember authorityId="1003" bioGuideId="R000515" chamber="H" congress="117" gpoId="7921" party="D" role="SPONSOR" state="IL">
                      <name type="parsed">Mr. Rush</name>
                      <name type="authority-fnf">Bobby L. Rush</name>
                      <name type="authority-lnf">Rush, Bobby L.</name>
                      <name type="authority-other">Bobby Rush</name>
                </congMember>
 <isPrivate>false</isPrivate>
 <isAppropriation>false</isAppropriation>
 <USCode title="8">
                      <section detail="(a)(26)" number="1101"></section>
                      <section detail="(a)(2)(C)" number="1182"></section>
                </USCode>
 <USCode title="18">
                      <section number="s"></section>
                      <section detail="(c)(7)(D)" number="1956"></section>
                      <section detail="(1)(B)" number="1961"></section>
                      <section detail="(1)(n)" number="2516"></section>
                      <section detail="(d)" number="922"></section>
                      <section number="924"></section>
                      <section detail="(a)" number="924"></section>
                      <chapter number="44"></chapter>
                      <chapter number="44"></chapter>
                </USCode>
 <USCode title="21">
                      <section detail="et seq." number="1901"></section>
                      <section detail="et seq." number="801"></section>
                      <section number="802"></section>
                      <section detail="et seq." number="951"></section>
                </USCode>
 <USCode title="22">
                      <section detail="et seq." number="2751"></section>
                </USCode>
 <USCode title="28">
                      <section number="994"></section>
                </USCode>
 <USCode title="50">
                      <section detail="et seq." number="1701"></section>
                </USCode>
</extension>
</mods>