<?xml version="1.0"?>
<?xml-stylesheet type="text/xsl" href="billres.xsl"?>
<!DOCTYPE resolution PUBLIC "-//US Congress//DTDs/res.dtd//EN" "res.dtd">
<resolution resolution-stage="Introduced-in-House" dms-id="HDC5CDFFDC12E4C95800B14897696F5CB" public-private="public" resolution-type="house-resolution" star-print="no-star-print" key="H"><metadata xmlns:dc="http://purl.org/dc/elements/1.1/">
<dublinCore>
<dc:title>117 HRES 12 IH: Directing the Committee on Ethics to investigate whether Members who make false written allegations that fraud occurred in the conduct of the November 2020 Presidential election have violated the Code of Conduct and should be subject to appropriate sanction, including removal from the House.</dc:title>
<dc:publisher>U.S. House of Representatives</dc:publisher>
<dc:date>2021-01-04</dc:date>
<dc:format>text/xml</dc:format>
<dc:language>EN</dc:language>
<dc:rights>Pursuant to Title 17 Section 105 of the United States Code, this file is not subject to copyright protection and is in the public domain.</dc:rights>
</dublinCore>
</metadata>
<form>
<distribution-code display="yes">IV</distribution-code><congress display="yes">117th CONGRESS</congress><session display="yes">1st Session</session><legis-num display="yes">H. RES. 12</legis-num><current-chamber>IN THE HOUSE OF REPRESENTATIVES</current-chamber><action display="yes"><action-date date="20210104">January 4, 2021</action-date><action-desc><sponsor name-id="B001296">Mr. Brendan F. Boyle of Pennsylvania</sponsor> submitted the following resolution; which was referred to the <committee-name committee-id="HRU00">Committee on Rules</committee-name></action-desc></action><legis-type>RESOLUTION</legis-type><official-title display="yes">Directing the Committee on Ethics to investigate whether Members who make false written allegations that fraud occurred in the conduct of the November 2020 Presidential election have violated the Code of Conduct and should be subject to appropriate sanction, including removal from the House.</official-title></form><preamble><whereas><text>Whereas allegations of massive voting fraud in the November 2020 Presidential election have been refuted by a variety of judges, State election officials, and the Department of Homeland Security;</text></whereas><whereas><text>Whereas campaign lawsuits over voter fraud have been thrown out of court;</text></whereas><whereas><text>Whereas the Trump administration has agreed to allow the formal presidential transition to President-elect Biden to begin;</text></whereas><whereas><text>Whereas all 50 states and the District of Columbia have certified their Presidential election results;</text></whereas><whereas><text>Whereas in a public letter, all 10 living former Secretaries of Defense declared, “Our elections have occurred. Recounts and audits have been conducted. Appropriate challenges have been addressed by the courts. Governors have certified the results. And the electoral college has voted. The time for questioning the results has passed; the time for the formal counting of the electoral college votes, as prescribed in the Constitution and statute, has arrived.”;</text></whereas><whereas><text>Whereas some Members of Congress plan to reject Presidential electors from certain States on January 6, 2021, at a joint session of Congress to count electoral votes and declare election results over baseless allegations of voter fraud in the November 2020 Presidential Election; and</text></whereas><whereas><text>Whereas these same members of Congress were also elected in the November 2020 election and were sworn in as Members of Congress on January 3, 2021: Now, therefore, be it</text></whereas></preamble><resolution-body style="OLC" id="H80FA18DB86F2463B821C2D011E3BF0EB"><section display-inline="no-display-inline" section-type="section-one" id="H229D2EBB20B34707965C2F695780AA7C"><enum>1.</enum><header>Investigations by Committee on Ethics of actions of Members making false allegations of voting fraud in 2020 Presidential election</header><subsection id="H93A50E4BEFA34661BC32E0FC04541830"><enum>(a)</enum><header>Investigations</header><text display-inline="yes-display-inline">The Committee on Ethics shall conduct an investigation to determine whether the actions of any Member who makes a false written allegation that fraud occurred in the conduct of the November 2020 Presidential election constitute a violation of the Rules of the House of Representatives, including the Code of Conduct under rule XXIII.</text></subsection><subsection id="HE0A6D23DC8CD4887AEA3DB3F55465F41"><enum>(b)</enum><header>Recommendation for removal</header><text>If, as the result of an investigation under this resolution, the Committee on Ethics determines that a Member has violated the Code of Conduct under rule XXIII of the Rules of the House of Representatives, the Committee shall impose such sanction on the Member as the Committee determines to be appropriate, including a recommendation that the Member be removed from the House of Representatives.</text></subsection></section></resolution-body></resolution> 

