<?xml version="1.0"?>
<?xml-stylesheet type="text/xsl" href="billres.xsl"?>
<!DOCTYPE resolution PUBLIC "-//US Congress//DTDs/res.dtd//EN" "res.dtd">
<resolution resolution-stage="Introduced-in-House" dms-id="HB8EC13196C1A4D42B5A152EEBA5048CB" public-private="public" resolution-type="house-resolution" star-print="no-star-print" key="H">
<metadata xmlns:dc="http://purl.org/dc/elements/1.1/">
<dublinCore>
<dc:title>117 HRES 26 IH: Impeaching Donald John Trump, President of the United States, for high crimes and misdemeanors.</dc:title>
<dc:publisher>U.S. House of Representatives</dc:publisher>
<dc:date>2021-01-11</dc:date>
<dc:format>text/xml</dc:format>
<dc:language>EN</dc:language>
<dc:rights>Pursuant to Title 17 Section 105 of the United States Code, this file is not subject to copyright protection and is in the public domain.</dc:rights>
</dublinCore>
</metadata>
<form>
<distribution-code display="yes">IV</distribution-code>
<congress display="yes">117th CONGRESS</congress>
<session display="yes">1st Session</session>
<legis-num display="yes">H. RES. 26</legis-num>
<current-chamber>IN THE HOUSE OF REPRESENTATIVES</current-chamber>
<action display="yes">
<action-date date="20210111">January 11, 2021</action-date>
<action-desc><sponsor name-id="J000032">Ms. Jackson Lee</sponsor> (for herself, <cosponsor name-id="B001281">Mrs. Beatty</cosponsor>, <cosponsor name-id="C001067">Ms. Clarke of New York</cosponsor>, <cosponsor name-id="T000193">Mr. Thompson of Mississippi</cosponsor>, <cosponsor name-id="L000551">Ms. Lee of California</cosponsor>, <cosponsor name-id="W000187">Ms. Waters</cosponsor>, <cosponsor name-id="J000288">Mr. Johnson of Georgia</cosponsor>, <cosponsor name-id="H001081">Mrs. Hayes</cosponsor>, <cosponsor name-id="H001066">Mr. Horsford</cosponsor>, <cosponsor name-id="G000553">Mr. Green of Texas</cosponsor>, <cosponsor name-id="W000822">Mrs. Watson Coleman</cosponsor>, <cosponsor name-id="N000147">Ms. Norton</cosponsor>, <cosponsor name-id="O000173">Ms. Omar</cosponsor>, <cosponsor name-id="C001072">Mr. Carson</cosponsor>, <cosponsor name-id="R000515">Mr. Rush</cosponsor>, <cosponsor name-id="L000586">Mr. Lawson of Florida</cosponsor>, <cosponsor name-id="L000581">Mrs. Lawrence</cosponsor>, <cosponsor name-id="W000808">Ms. Wilson of Florida</cosponsor>, <cosponsor name-id="V000131">Mr. Veasey</cosponsor>, <cosponsor name-id="P000604">Mr. Payne</cosponsor>, <cosponsor name-id="D000096">Mr. Danny K. Davis of Illinois</cosponsor>, <cosponsor name-id="B001224">Ms. Bush</cosponsor>, <cosponsor name-id="C001068">Mr. Cohen</cosponsor>, <cosponsor name-id="C001097">Mr. Cárdenas</cosponsor>, <cosponsor name-id="P000607">Mr. Pocan</cosponsor>, <cosponsor name-id="T000481">Ms. Tlaib</cosponsor>, <cosponsor name-id="V000081">Ms. Velázquez</cosponsor>, <cosponsor name-id="M001200">Mr. McEachin</cosponsor>, <cosponsor name-id="W000788">Ms. Williams of Georgia</cosponsor>, <cosponsor name-id="T000486">Mr. Torres of New York</cosponsor>, <cosponsor name-id="D000623">Mr. DeSaulnier</cosponsor>, <cosponsor name-id="B000574">Mr. Blumenauer</cosponsor>, <cosponsor name-id="B001223">Mr. Bowman</cosponsor>, and <cosponsor name-id="E000297">Mr. Espaillat</cosponsor>) submitted the following resolution; which was referred to the <committee-name committee-id="HJU00">Committee on the Judiciary</committee-name></action-desc>
</action>
<legis-type>RESOLUTION</legis-type>
<official-title display="yes">Impeaching Donald John Trump, President of the United States, for high crimes and misdemeanors.</official-title>
</form>
<resolution-body style="traditional" id="HF402B27EEA6D4CF6AD4C666DC5DCF768"> 
<section display-inline="yes-display-inline" section-type="undesignated-section" id="H1C54176D96C240619BEE2C1A82218EA1"><text>That Donald John Trump, President of the United States, is impeached for high crimes and misdemeanors and that the following articles of impeachment be exhibited to the United States Senate:</text> <subsection display-inline="no-display-inline" id="H22F2A6E8E58849A38089F9C4D832A3C7"><enum></enum><text>Articles of impeachment exhibited by the House of Representatives of the United States of America in the name of itself and of the people of the United States of America, against Donald John Trump, President of the United States of America, in maintenance and support of its impeachment against him for high crimes and misdemeanors.</text></subsection></section> 
<section id="H59CD8F889F604AF2B229CED5E09A88D3" section-type="undesignated-section"><header>Article I</header> 
<subsection display-inline="no-display-inline" id="HD6DA97C4F6A34F6F9B48E8513128641B"><enum></enum><text display-inline="yes-display-inline">The Constitution provides that the House of Representatives <quote>shall have the sole Power of Impeachment</quote> and that the President <quote>shall be removed from Office on Impeachment for, and Conviction of, Treason, Bribery, or other high Crimes and Misdemeanors</quote>. In his conduct of the office of President of the United States—and in violation of his constitutional oath faithfully to execute the office of President of the United States and, to the best of his ability, preserve, protect, and defend the Constitution of the United States, and in violation of his constitutional duty to take care that the laws be faithfully executed—Donald John Trump has abused the powers of the Presidency, in that:</text></subsection> <subsection id="HC7368B07B1D64EC0B2F5788760D40383"><enum></enum><text display-inline="yes-display-inline">Using the powers of his high office, on Saturday, January 2, 2021, just four days before the Joint Meeting of Congress required by the Constitution for the purpose of opening and counting the electoral votes cast for the office of President and Vice-President, Donald John Trump sought to threaten, intimidate, and corruptly solicit the Secretary of State for the State of Georgia to acquiesce to his demand that he somehow <quote>find 11,780 votes</quote>, which he claimed he was entitled to and would result in a determination that he was the winner of the Presidential election in the State of Georgia, notwithstanding the fact that votes in the State of Georgia had already been thrice counted in favor of the certified winner, his opponent and former Vice-President Joseph R. Biden. </text></subsection> 
<subsection id="H2D66DE0D17F14FDB88162F449FFECD5F"><enum></enum><text display-inline="yes-display-inline">In this, the President of the United States abused the powers of the Presidency by actively undermining public faith and confidence in the integrity of the American electoral system, subverting the rule of law, and placing his personal political and private interests above the national interest. </text></subsection> <subsection id="H50C4267B69C947E1AFC4E298F98C55FE"><enum></enum><text display-inline="yes-display-inline">Wherefore Donald John Trump, by such conduct, has demonstrated that he will remain a threat to security of the Nation and the Constitution if allowed to remain in office, and has acted in a manner grossly incompatible with self-governance and the rule of law and thus warrants impeachment and trial, removal from office, and disqualification to hold and enjoy any Office of honor, trust, or profit under the United States.</text></subsection></section> 
<section id="H6F78AB69A3F14DECB6A8C737D168A2AC" section-type="undesignated-section"><header>Article II</header> 
<subsection display-inline="no-display-inline" id="HBA4A0FD3E52344268D459CAAFB4D667A"><enum></enum><text display-inline="yes-display-inline">The Constitution provides that the House of Representatives <quote>shall have the sole Power of Impeachment</quote> and that the President <quote>shall be removed from Office on Impeachment for, and Conviction of, Treason, Bribery, or other high Crimes and Misdemeanors</quote>. In his conduct of the office of President of the United States—and in violation of his constitutional oath faithfully to execute the office of President of the United States and, to the best of his ability, preserve, protect, and defend the Constitution of the United States, and in violation of his constitutional duty to take care that the laws be faithfully executed—Donald John Trump has abused the powers of the Presidency, in that:</text></subsection> <subsection id="HCC81403D26F54EC0BFE18F3778520C37"><enum></enum><text display-inline="yes-display-inline">Abusing the powers and resources of his high office, Donald John Trump has actively and continuously endeavored to undermine the essential institutions and foundations of a democratic system of government in the United States, engaging in a long train of abuses and usurpations, pursuing invariably the same object, evincing a design to make himself an authoritarian ruler unaccountable to, and independent of, the people of the United States by:</text> 
<paragraph id="HF489B30BFF4A4442A161F07EB0D5567D"><enum>(1)</enum><text display-inline="yes-display-inline">Soliciting and welcoming the assistance of a hostile foreign power to aid him in securing election in 2016 as President of the United States.</text></paragraph> <paragraph id="HEACA10B001F84E86818573D9C4FCD099"><enum>(2)</enum><text display-inline="yes-display-inline">Refusing to acknowledge Russian interference in the internal affairs of the United States, and then opposing responses by Congress and the Executive Branch to protect the national security and interests of the United States against future Russian interference and aggression.</text></paragraph> 
<paragraph id="H2416438FF3CE4C38BBD7D401154F5D47"><enum>(3)</enum><text display-inline="yes-display-inline">Publicly conveying his interest and willingness to accept the assistance of foreign powers in his attempt to win reelection as President of the United States.</text></paragraph> <paragraph id="H75A616C385C54D5CA0841B62761D468F"><enum>(4)</enum><text>Refusing continuously to acknowledge to the American people that he would accept and be bound by the verdict rendered in the 2020 Presidential election, instead claiming that any outcome in which he was not declared the winner was fraudulent, rigged, and illegitimate.</text></paragraph> 
<paragraph id="HED698CA4EE1345F48961CA6F182E4120"><enum>(5)</enum><text display-inline="yes-display-inline">Taking active measures to impede and undermine the ability of American citizens to convey their disapproval of his continuance in office by exercising their rights as voters, including misusing the United States Postal Service to prevent the timely delivery of mail-in ballots.</text></paragraph> <paragraph id="H0E9A820A82D34F1282E6B7BAAF34FE56"><enum>(6)</enum><text display-inline="yes-display-inline">Instituting frivolous lawsuits to overturn the results of the 2020 Presidential election, falsely alleging wide-spread voting fraud but producing no evidence in support of his spurious allegations.</text></paragraph> 
<paragraph id="HB6E9BDF449A747B0BAA1EA8851B7EF43"><enum>(7)</enum><text display-inline="yes-display-inline">Exhorting and inciting his supporters to believe falsely that victory in the 2020 Presidential election had been stolen from him and that constitutionally required Joint Meeting of Congress for the purpose of counting the votes of electors and announcement of the result by the President of the Senate was illegitimate and intended to complete the theft of his victory.</text></paragraph> <paragraph id="H0CB10BA7073E4D8B918D0B63D31D27D9"><enum>(8)</enum><text display-inline="yes-display-inline">Failing to take action to protect and defend Federal officers and personnel, property, buildings, and institutions on January 6, 2021, at the U.S. Capitol that was besieged by supporters of Donald John Trump, resulting in extensive damage to the property of the United States and the deaths of at least four persons.</text></paragraph></subsection> 
<subsection id="HF9A89F3D9ABB45F8BA42F02CF46BB8C9"><enum></enum><text display-inline="yes-display-inline">In all of this, President Trump has acted in a manner contrary to his trust as President and subversive of constitutional government, to the great prejudice of the cause of law and justice, and to the manifest injury of the people of the United States. As the Framers wrote in 1776 in the Declaration of Independence, a person, <quote>whose character is thus marked by every act which may define a tyrant, is unfit to be the ruler of a free people</quote>.</text></subsection> <subsection id="HE769A328ECE74874A26543135B88A323"><enum></enum><text display-inline="yes-display-inline">Wherefore Donald John Trump, by such conduct, has demonstrated that he will remain a threat to security of the Nation and the Constitution if allowed to remain in office, and has acted in a manner grossly incompatible with self-governance and the rule of law and thus warrants impeachment and trial, removal from office, and disqualification to hold and enjoy any Office of honor, trust, or profit under the United States.</text></subsection></section> 
</resolution-body>
</resolution> 


