<?xml version="1.0"?>
<?xml-stylesheet type="text/xsl" href="billres.xsl"?>
<!DOCTYPE bill PUBLIC "-//US Congress//DTDs/bill.dtd//EN" "bill.dtd">
<bill bill-stage="Introduced-in-House" dms-id="H1F45FB3DC26940B6BD2B80D5EB889F97" public-private="public" key="H" bill-type="olc"><metadata xmlns:dc="http://purl.org/dc/elements/1.1/">
<dublinCore>
<dc:title>117 HR 77 IH: ADA Compliance for Customer Entry to Stores and Services Act</dc:title>
<dc:publisher>U.S. House of Representatives</dc:publisher>
<dc:date>2021-01-04</dc:date>
<dc:format>text/xml</dc:format>
<dc:language>EN</dc:language>
<dc:rights>Pursuant to Title 17 Section 105 of the United States Code, this file is not subject to copyright protection and is in the public domain.</dc:rights>
</dublinCore>
</metadata>
<form>
<distribution-code display="yes">I</distribution-code><congress display="yes">117th CONGRESS</congress><session display="yes">1st Session</session><legis-num display="yes">H. R. 77</legis-num><current-chamber>IN THE HOUSE OF REPRESENTATIVES</current-chamber><action display="yes"><action-date date="20210104">January 4, 2021</action-date><action-desc><sponsor name-id="C000059">Mr. Calvert</sponsor> (for himself and <cosponsor name-id="R000597">Mr. Rice of South Carolina</cosponsor>) introduced the following bill; which was referred to the <committee-name committee-id="HJU00">Committee on the Judiciary</committee-name></action-desc></action><legis-type>A BILL</legis-type><official-title display="yes">To amend the Americans with Disabilities Act of 1990 to promote compliance through education, to clarify the requirements for demand letters, to provide for a notice and cure period before the commencement of a private civil action, and for other purposes.</official-title></form><legis-body id="H63B51BCFEDD74DDC97C5FB626D34E5DC" style="OLC"><section id="HD95FE15B78DD4ED0811EFD691677C554" section-type="section-one"><enum>1.</enum><header>Short title</header><text display-inline="no-display-inline">This Act may be cited as the <quote><short-title>ADA Compliance for Customer Entry to Stores and Services Act</short-title></quote> or the <quote><short-title>ACCESS Act</short-title></quote>.</text></section><section id="HD6B93EEB32034BC787F043493E8611FD"><enum>2.</enum><header>Compliance through education</header><subsection id="H0E3789E349D449C8BB2B7050321130CA"><enum>(a)</enum><header>In general</header><text display-inline="yes-display-inline">Based on existing funding, the Disability Rights Section of the Department of Justice shall, in consultation with property owners and representatives of the disability rights community, develop a program to educate State and local governments and property owners on effective and efficient strategies for promoting access to public accommodations for persons with a disability (as defined in section 3 of the Americans with Disabilities Act (<external-xref legal-doc="usc" parsable-cite="usc/42/12102">42 U.S.C. 12102</external-xref>)). Such program may include training for professionals such as Certified Access Specialists to provide a guidance of remediation for potential violations of the Americans with Disabilities Act.</text></subsection><subsection id="HE4C3F5170A534D8DB20657EBCDE1D0D5"><enum>(b)</enum><header>Materials provided in other languages</header><text>The Disability Rights Section of the Department of Justice shall take appropriate actions, to the extent practicable, to make technical assistance publications relating to compliance with this Act and the amendments made by this Act available in all the languages commonly used by owners and operators of United States businesses.</text></subsection></section><section id="HFBD120B6004C47519B865D02A854640D"><enum>3.</enum><header>Notice and cure period</header><text display-inline="no-display-inline">Paragraph (1) of section 308(a) of the Americans with Disabilities Act of 1990 (<external-xref legal-doc="usc" parsable-cite="usc/42/12188">42 U.S.C. 12188(a)(1)</external-xref>) is amended to read as follows:</text><quoted-block id="H777A8171B3F44703A1AA3D4602938232" style="OLC"><paragraph id="H621E28EB2C324E5D81357B1179450D30"><enum>(1)</enum><header>Availability of remedies and procedures</header><subparagraph id="HF3FA06A75DDE48108550751144AF9828"><enum>(A)</enum><header>In general</header><text>Subject to subparagraph (B), the remedies and procedures set forth in section 204(a) of the Civil Rights Act of 1964 (<external-xref legal-doc="usc" parsable-cite="usc/42/2000a-3">42 U.S.C. 2000a–3(a)</external-xref>) are the remedies and procedures this title provides to any person who is being subjected to discrimination on the basis of disability in violation of this title or who has reasonable grounds for believing that such person is about to be subjected to discrimination in violation of section 303. Nothing in this section shall require a person with a disability to engage in a futile gesture if such person has actual notice that a person or organization covered by this title does not intend to comply with its provisions.</text></subparagraph><subparagraph id="H7833BDEFDB85451BBAE918E010B8B264"><enum>(B)</enum><header>Barriers to access to existing public accommodations</header><text>A civil action under section 302 or 303 based on the failure to remove an architectural barrier to access into an existing public accommodation may not be commenced by a person aggrieved by such failure unless—</text><clause id="H106F2302DC4847E8AB0186128401518D"><enum>(i)</enum><text>that person has provided to the owner or operator of the accommodation a written notice specific enough to allow such owner or operator to identify the barrier; and</text></clause><clause display-inline="no-display-inline" id="H5173B3CC0ABD415B9DAF6D354F826EC8"><enum>(ii)</enum><subclause commented="no" display-inline="yes-display-inline" id="HA21021DF749E4B82BC8C3D96A17B2E3B"><enum>(I)</enum><text>during the period beginning on the date the notice is received and ending 60 days after that date, the owner or operator fails to provide to that person a written description outlining improvements that will be made to remove the barrier; or</text></subclause><subclause display-inline="no-display-inline" id="H30317B7ED84A47E1818D37EDD540B7FF" indent="up1"><enum>(II)</enum><text display-inline="yes-display-inline">if the owner or operator provides the written description under subclause (I), the owner or operator fails to remove the barrier or, in the case of a barrier, the removal of which requires additional time as a result of circumstances beyond the control of the owner or operator, fails to make substantial progress in removing the barrier during the period beginning on the date the description is provided and ending 60 days after that date.</text></subclause></clause></subparagraph><subparagraph id="HBD532069F2F743B6959D0B273583DD83"><enum>(C)</enum><header>Specification of details of alleged violation</header><text>The written notice required under subparagraph (B) must also specify in detail the circumstances under which an individual was actually denied access to a public accommodation, including the address of property, whether a request for assistance in removing an architectural barrier to access was made, and whether the barrier to access was a permanent or temporary barrier.</text></subparagraph></paragraph><after-quoted-block>.</after-quoted-block></quoted-block></section><section id="H52DDCAD145634160B723078E030428C2"><enum>4.</enum><header>Effective date</header><text display-inline="no-display-inline">This Act and the amendments made by this Act take effect 30 days after the date of the enactment of this Act.</text></section><section id="H9479CC97E39447D1803F6750FA074E8E"><enum>5.</enum><header>Mediation for ADA actions related to architectural barriers</header><text display-inline="no-display-inline">The Judicial Conference of the United States shall, under rule 16 of the Federal Rules of Civil Procedure or any other applicable law, in consultation with property owners and representatives of the disability rights community, develop a model program to promote the use of alternative dispute resolution mechanisms, including a stay of discovery during mediation, to resolve claims of architectural barriers to access for public accommodations. To the extent practical, the Federal Judicial Center should provide a public comment period on any such proposal. The goal of the model program shall be to promote access quickly and efficiently without the need for costly litigation. The model program should include an expedited method for determining the relevant facts related to such barriers to access and steps taken before the commencement of litigation to resolve any issues related to access.</text></section><section id="H5E0AC106349440F2B012F27C9925F2EC"><enum>6.</enum><header>Study regarding WCAG 2.0 standards</header><text display-inline="no-display-inline">Not later than 1 year after the date of enactment of this Act, the Attorney General shall complete a study to determine whether WCAG 2.0 standards, accessibility widgets, or providing a telephone number through which members of the public can obtain the same information and services as they would on a website would all provide reasonable accommodations for individuals with disabilities who are protected by the provisions of the Americans with Disabilities Act of 1990.</text></section></legis-body></bill> 

