<?xml version="1.0"?>
<?xml-stylesheet type="text/xsl" href="billres.xsl"?>
<!DOCTYPE resolution PUBLIC "-//US Congress//DTDs/res.dtd//EN" "res.dtd">
<resolution resolution-stage="Introduced-in-House" dms-id="HB8E6B47EF94F429CA3F3CFC2802E9622" public-private="public" resolution-type="constitutional-amendment" star-print="no-star-print" key="H"><metadata xmlns:dc="http://purl.org/dc/elements/1.1/">
<dublinCore>
<dc:title>117 HJ 12 IH: Proposing an amendment to the Constitution of the United States to limit the number of terms that a Member of Congress may serve.</dc:title>
<dc:publisher>U.S. House of Representatives</dc:publisher>
<dc:date>2021-01-04</dc:date>
<dc:format>text/xml</dc:format>
<dc:language>EN</dc:language>
<dc:rights>Pursuant to Title 17 Section 105 of the United States Code, this file is not subject to copyright protection and is in the public domain.</dc:rights>
</dublinCore>
</metadata>
<form>
<distribution-code display="yes">IA</distribution-code><congress display="yes">117th CONGRESS</congress><session display="yes">1st Session</session><legis-num display="yes">H. J. RES. 12</legis-num><current-chamber>IN THE HOUSE OF REPRESENTATIVES</current-chamber><action display="yes"><action-date date="20210104">January 4, 2021</action-date><action-desc><sponsor name-id="N000190">Mr. Norman</sponsor> (for himself, <cosponsor name-id="G000578">Mr. Gaetz</cosponsor>, <cosponsor name-id="B001274">Mr. Brooks</cosponsor>, <cosponsor name-id="M001184">Mr. Massie</cosponsor>, <cosponsor name-id="J000302">Mr. Joyce of Pennsylvania</cosponsor>, <cosponsor name-id="P000605">Mr. Perry</cosponsor>, <cosponsor name-id="B001298">Mr. Bacon</cosponsor>, <cosponsor name-id="D000615">Mr. Duncan</cosponsor>, <cosponsor name-id="R000610">Mr. Reschenthaler</cosponsor>, <cosponsor name-id="B001305">Mr. Budd</cosponsor>, <cosponsor name-id="B001302">Mr. Biggs</cosponsor>, <cosponsor name-id="Z000017">Mr. Zeldin</cosponsor>, <cosponsor name-id="G000589">Mr. Gooden of Texas</cosponsor>, <cosponsor name-id="S001214">Mr. Steube</cosponsor>, <cosponsor name-id="L000589">Mrs. Lesko</cosponsor>, <cosponsor name-id="S001183">Mr. Schweikert</cosponsor>, <cosponsor name-id="D000626">Mr. Davidson</cosponsor>, <cosponsor name-id="B001311">Mr. Bishop of North Carolina</cosponsor>, <cosponsor name-id="M001210">Mr. Murphy of North Carolina</cosponsor>, and <cosponsor name-id="J000304">Mr. Jackson</cosponsor>) submitted the following joint resolution; which was referred to the <committee-name committee-id="HJU00">Committee on the Judiciary</committee-name></action-desc></action><legis-type>JOINT RESOLUTION</legis-type><official-title display="yes">Proposing an amendment to the Constitution of the United States to limit the number of terms that a Member of Congress may serve.</official-title></form><resolution-body style="constitutional-amendment" id="H7CABAF5D1DCA4466A1E86A9A3F908272"><section display-inline="yes-display-inline" section-type="undesignated-section" id="H4E4424861F8549D4875F89B71435C90C"><text>That the following article is proposed as an amendment to the Constitution of the United States, which shall be valid to all intents and purposes as part of the Constitution when ratified by the legislatures of three-fourths of the several States within seven years after the date of its submission for ratification:</text><quoted-block display-inline="no-display-inline" id="H212F2D3FBA4B4EB8992C54F8F6C2090A" style="traditional"><constitution-article id="HC6C470F051FD465798357F180802BEA6"><enum> —</enum><section id="H76A9E08C8C904C81BD13225E94BEA5AB" section-type="section-one"><enum>1.</enum><text display-inline="yes-display-inline">No person who has served 3 terms as a Representative shall be eligible for election to the House of Representatives. For purposes of this section, the election of a person to fill a vacancy in the House of Representatives shall be included as 1 term in determining the number of terms that such person has served as a Representative if the person fills the vacancy for more than 1 year.</text></section><section display-inline="no-display-inline" id="HAEC9C43CB5164988952D533B5C6695E3" section-type="section-one"><enum>2.</enum><text display-inline="yes-display-inline">No person who has served 2 terms as a Senator shall be eligible for election or appointment to the Senate. For purposes of this section, the election or appointment of a person to fill a vacancy in the Senate shall be included as 1 term in determining the number of terms that such person has served as a Senator if the person fills the vacancy for more than 3 years.</text></section><section id="HFFB1698433C34B44BC80E0D62D340A7B" section-type="section-one"><enum>3.</enum><text display-inline="yes-display-inline">No term beginning before the date of the ratification of this article shall be taken into account in determining eligibility for election or appointment under this article.</text></section></constitution-article><after-quoted-block>.</after-quoted-block></quoted-block></section></resolution-body></resolution> 

