<?xml version="1.0"?>
<?xml-stylesheet type="text/xsl" href="billres.xsl"?>
<!DOCTYPE resolution PUBLIC "-//US Congress//DTDs/res.dtd//EN" "res.dtd">
<resolution resolution-stage="Introduced-in-House" public-private="public" dms-id="H3D9AF26BD2EE40629AA97E756398761A" resolution-type="house-resolution"><metadata xmlns:dc="http://purl.org/dc/elements/1.1/">
<dublinCore>
<dc:title>117 HRES 37 IH: Impeaching Donald John Trump, President of the United States, for high crimes and misdemeanors.</dc:title>
<dc:publisher>U.S. House of Representatives</dc:publisher>
<dc:date>2021-01-12</dc:date>
<dc:format>text/xml</dc:format>
<dc:language>EN</dc:language>
<dc:rights>Pursuant to Title 17 Section 105 of the United States Code, this file is not subject to copyright protection and is in the public domain.</dc:rights>
</dublinCore>
</metadata>
<form>
<distribution-code display="yes">IV</distribution-code><congress display="yes">117th CONGRESS</congress><session display="yes">1st Session</session><legis-num display="yes">H. RES. 37</legis-num><current-chamber>IN THE HOUSE OF REPRESENTATIVES</current-chamber><action display="yes"><action-date date="20210112">January 12, 2021</action-date><action-desc><sponsor name-id="G000553">Mr. Green of Texas</sponsor> submitted the following resolution; which was referred to the <committee-name committee-id="HJU00">Committee on the Judiciary</committee-name></action-desc></action><legis-type>RESOLUTION</legis-type><official-title display="yes">Impeaching Donald John Trump, President of the United States, for high crimes and misdemeanors.</official-title></form><resolution-body id="HE5082EB1ACD942E7A5EB4199928CB1A2" display-resolving-clause="yes-display-resolving-clause" style="OLC"><section section-type="undesignated-section" id="id51C681C520EA4630BD41D2427102BA57" display-inline="yes-display-inline"><text display-inline="yes-display-inline">That Donald John Trump, President of the United States is impeached for high crimes and misdemeanors, and that the following articles of impeachment be exhibited to the Senate:</text><subsection id="idD2FA9C8E07404CE7A80DC849A9017A21"><enum/><text>Articles of Impeachment exhibited by the House of Representatives of the United States, in the name of itself and of the people of the United States, against Donald John Trump, President of the United States, in maintenance and support of its impeachment against him for high crimes and misdemeanors.</text><paragraph id="id077CEFC3989D4E88AFE14196C83C3953"><enum/><text display-inline="yes-display-inline"><header-in-text level="appropriations-small">Article I: Weaponization of hate</header-in-text></text></paragraph></subsection><subsection id="id324A2E613E5B4BF98F30E04E1B172580"><enum/><text>In his conduct while President of the United States, unmindful of the high duties of his high office and the dignity and proprieties thereof, and of the harmony and courtesies necessary for stability within the society of the United States, Donald John Trump—in violation of his constitutional oath faithfully to execute the office of President of the United States and, to the best of his ability, preserve, protect and defend the Constitution of the United States, and, in violation of his constitutional duty to take care that the laws be faithfully executed—has harmed the society of the United States, brought shame and dishonor to the office of the President of the United States, sowing discord among the people of the United States by weaponizing hate for political gain.</text></subsection><subsection id="id324A2E613E5B4BF98F30E04E1B172587"><enum/><text>On December 19, 2020, President Donald John Trump tweeted, promoting a protest in Washington, DC, to be held in the weeks to come: <quote>Big protest in D.C. on January 6th. Be there, will be wild!</quote>.</text></subsection><subsection id="idFBCBF790766D4FCCA23B94CC081EE1FC"><enum/><text>On January 6, 2021, in a speech at the National Mall, President Donald John Trump weaponized the hate that resulted in violence, the deaths of multiple people, an assault on democracy, and an insurrection against the Capitol of the United States of America, by inciting a mob, infected with white supremacists, carrying a rebel flag, erecting a gallows structure with a noose, wearing shirts with hateful messages, such as <quote>Camp Auschwitz: Work Brings Freedom</quote> and <quote>MAGA Civil War January 6, 2021</quote>. He told them:</text><paragraph id="idFBCBF790766D4FCCA00B94CC081EE1FC"><enum/><text><quote>All of us here today do not want to see our election victory stolen by a bold and radical left Democrats, which is what they are doing, and stolen by the fake news media. That is what they have done and what they are doing. We will never give up. We will never concede. It doesn't happen. You don't concede when there's theft involved.</quote>.</text></paragraph></subsection><subsection id="idD227709F0D464327BDD75B7C6CE46BD5"><enum/><text>The President further emboldened them, saying: <quote>… you'll never take back our country with weakness. You have to show strength and you have to be strong.</quote>.</text></subsection><subsection id="idF982CEEDE5A34DB1B9B66900DF75A2F5"><enum/><text>After his National Mall speech, a mob of his supporters proceeded to the Capitol complex, breaching its security for approximately six hours. They—without wearing face coverings—broke windows and spread blood and fecal matter in the hallways.</text></subsection><subsection id="id29EC376952C6475FBB8838E49CCC71A7"><enum/><text>As further evidence of President Donald John Trump's complicity, when things became unmanageable, he said, in a video posted to Twitter: <quote>These are the things and events that happen when a sacred landslide election victory is so unceremoniously and viciously stripped away from great patriots who have been badly and unfairly treated for so long.</quote>.</text></subsection><subsection id="id7D5BBFE022DF47698BE14D5DC8A21DF4"><enum/><text>The President finally told the insurrectionists to go home, saying: <quote>So go home, we love you, you're very special, you've seen what happens, you've seen the way others are treated that are so bad and so evil. I know how you feel but go home and go home in peace.</quote>.</text></subsection><subsection id="idA42F323F9AA34EB1A24813D23D825328"><enum/><text>In all of this, the aforementioned Donald John Trump has weaponized hate, by his statements, unmindful of the high duties of his high office and the dignities and proprieties thereof and of the harmony, respect, and courtesies necessary for stability within the society of the United States, has undermined the integrity of his high office, has sown discord among the people of the United States, has brought disrepute, contempt, ridicule and disgrace on the Presidency, has acted in a manner subversive to the rule of law and justice resulting in lives lost, and has betrayed his trust as President to the manifest injury of the people of the United States.</text></subsection><subsection id="id269CC5BD8B6B4E70B39EAE5AB1237E1F"><enum/><text>Wherefore, to prevent additional harm to society, Donald John Trump by such conduct warrants immediate impeachment, trial, and removal from office and disqualification to hold and enjoy any office of honor, trust or profit under the United States.</text></subsection></section></resolution-body></resolution> 

