<mods xmlns:xlink="http://www.w3.org/1999/xlink" xmlns:xsi="http://www.w3.org/2001/XMLSchema-instance" xmlns="http://www.loc.gov/mods/v3" version="3.3" xsi:schemaLocation="http://www.loc.gov/mods/v3 http://www.loc.gov/standards/mods/v3/mods-3-3.xsd" ID="P0b002ee1aad25b4f">
<name type="corporate">
 <namePart>United States Government Publishing Office</namePart>
 <role>
  <roleTerm authority="marcrelator" type="text">publisher</roleTerm>
  <roleTerm authority="marcrelator" type="code">pbl</roleTerm>
</role>
 <role>
  <roleTerm authority="marcrelator" type="text">distributor</roleTerm>
  <roleTerm authority="marcrelator" type="code">dst</roleTerm>
</role>
</name>
<name type="corporate">
 <namePart>United States</namePart>
 <namePart>Congress</namePart>
 <namePart>House of Representatives</namePart>
 <role>
  <roleTerm authority="marcrelator" type="text">author</roleTerm>
  <roleTerm authority="marcrelator" type="code">aut</roleTerm>
</role>
 <description>Government Organization</description>
</name>
<typeOfResource>text</typeOfResource>
<genre authority="marcgt">government publication</genre>
<language>
 <languageTerm type="code" authority="iso639-2b">eng</languageTerm>
</language>
<extension>
 <collectionCode>BILLS</collectionCode>
 <searchTitle>To amend title II of the Social Security Act to repeal the Government pension offset and windfall elimination provisions.;Social Security Fairness Act of 2021;H.R. 82 (IH)
    </searchTitle>
 <category>Bills and Statutes</category>
 <waisDatabaseName>117_cong_bills</waisDatabaseName>
 <branch>legislative</branch>
 <dateIngested>2021-01-15</dateIngested>
</extension>
<titleInfo>
 <title>To amend title II of the Social Security Act to repeal the Government pension offset and windfall elimination provisions.</title>
</titleInfo>
<titleInfo type="alternative">
 <title>Social Security Fairness Act of 2021</title>
</titleInfo>
<titleInfo type="alternative">
 <title>H.R. 82 (IH)
    </title>
</titleInfo>
<originInfo>
 <publisher>U.S. Government Publishing Office</publisher>
 <dateIssued encoding="w3cdtf">2021-01-04</dateIssued>
 <issuance>monographic</issuance>
</originInfo>
<physicalDescription>
 <note type="source content type">deposited</note>
 <digitalOrigin>born digital</digitalOrigin>
 <extent>3 p.</extent>
</physicalDescription>
<classification authority="sudocs">Y 1.6:</classification>
<classification authority="sudocs">Y 1.4/6:</classification>
<identifier type="local">P0b002ee1aad25b4f</identifier>
<identifier type="uri">https://www.govinfo.gov/app/details/BILLS-117hr82ih</identifier>
<identifier type="preferred citation">H.R. 82</identifier>
<identifier type="stock number">021-610-00252-9</identifier>
<identifier type="Parent ILS system id">000501532</identifier>
<identifier type="Child ILS system id">000325573</identifier>
<identifier type="Parent ILS title">Congressional bills</identifier>
<identifier type="Child ILS title">House bills</identifier>
<identifier type="former package identifier">f:h82_ih.txt</identifier>
<location>
 <url displayLabel="Content Detail" access="object in context">https://www.govinfo.gov/app/details/BILLS-117hr82ih</url>
 <url displayLabel="HTML rendition" access="raw object">https://www.govinfo.gov/content/pkg/BILLS-117hr82ih/html/BILLS-117hr82ih.htm</url>
 <url displayLabel="PDF rendition" access="raw object">https://www.govinfo.gov/content/pkg/BILLS-117hr82ih/pdf/BILLS-117hr82ih.pdf</url>
 <url displayLabel="XML rendition" access="raw object">https://www.govinfo.gov/content/pkg/BILLS-117hr82ih/xml/BILLS-117hr82ih.xml</url>
</location>
<accessCondition type="GPO scope determination">fdlp</accessCondition>
<recordInfo>
 <recordContentSource authority="marcorg">DGPO</recordContentSource>
 <recordCreationDate encoding="w3cdtf">2021-01-15</recordCreationDate>
 <recordChangeDate encoding="w3cdtf">2021-01-15</recordChangeDate>
 <recordIdentifier source="DGPO">BILLS-117hr82ih</recordIdentifier>
 <recordOrigin>machine generated</recordOrigin>
 <languageOfCataloging>
  <languageTerm type="code" authority="iso639-2b">eng</languageTerm>
</languageOfCataloging>
</recordInfo>
<name type="personal">
 <namePart>Rodney Davis</namePart>
 <affiliation>United States House of Representatives</affiliation>
 <role>
  <roleTerm authority="marcrelator" type="text">sponsor</roleTerm>
  <roleTerm authority="marcrelator" type="code">spn</roleTerm>
</role>
 <description>United States Congress Member</description>
</name>
<name type="personal">
 <namePart>Abigail Davis Spanberger</namePart>
 <affiliation>United States House of Representatives</affiliation>
 <role>
  <roleTerm type="text">cosponsor</roleTerm>
</role>
 <description>United States Congress Member</description>
</name>
<name type="personal">
 <namePart>Garret Graves</namePart>
 <affiliation>United States House of Representatives</affiliation>
 <role>
  <roleTerm type="text">cosponsor</roleTerm>
</role>
 <description>United States Congress Member</description>
</name>
<name type="personal">
 <namePart>Steve Cohen</namePart>
 <affiliation>United States House of Representatives</affiliation>
 <role>
  <roleTerm type="text">cosponsor</roleTerm>
</role>
 <description>United States Congress Member</description>
</name>
<name type="personal">
 <namePart>Vicente Gonzalez</namePart>
 <affiliation>United States House of Representatives</affiliation>
 <role>
  <roleTerm type="text">cosponsor</roleTerm>
</role>
 <description>United States Congress Member</description>
</name>
<name type="personal">
 <namePart>John Garamendi</namePart>
 <affiliation>United States House of Representatives</affiliation>
 <role>
  <roleTerm type="text">cosponsor</roleTerm>
</role>
 <description>United States Congress Member</description>
</name>
<name type="personal">
 <namePart>David N. Cicilline</namePart>
 <affiliation>United States House of Representatives</affiliation>
 <role>
  <roleTerm type="text">cosponsor</roleTerm>
</role>
 <description>United States Congress Member</description>
</name>
<name type="personal">
 <namePart>Anna G. Eshoo</namePart>
 <affiliation>United States House of Representatives</affiliation>
 <role>
  <roleTerm type="text">cosponsor</roleTerm>
</role>
 <description>United States Congress Member</description>
</name>
<name type="personal">
 <namePart>David P. Joyce</namePart>
 <affiliation>United States House of Representatives</affiliation>
 <role>
  <roleTerm type="text">cosponsor</roleTerm>
</role>
 <description>United States Congress Member</description>
</name>
<name type="personal">
 <namePart>Markwayne Mullin</namePart>
 <affiliation>United States House of Representatives</affiliation>
 <role>
  <roleTerm type="text">cosponsor</roleTerm>
</role>
 <description>United States Congress Member</description>
</name>
<name type="personal">
 <namePart>Julia Brownley</namePart>
 <affiliation>United States House of Representatives</affiliation>
 <role>
  <roleTerm type="text">cosponsor</roleTerm>
</role>
 <description>United States Congress Member</description>
</name>
<name type="personal">
 <namePart>Theodore E. Deutch</namePart>
 <affiliation>United States House of Representatives</affiliation>
 <role>
  <roleTerm type="text">cosponsor</roleTerm>
</role>
 <description>United States Congress Member</description>
</name>
<name type="personal">
 <namePart>Mark Takano</namePart>
 <affiliation>United States House of Representatives</affiliation>
 <role>
  <roleTerm type="text">cosponsor</roleTerm>
</role>
 <description>United States Congress Member</description>
</name>
<name type="personal">
 <namePart>Mario Diaz-Balart</namePart>
 <affiliation>United States House of Representatives</affiliation>
 <role>
  <roleTerm type="text">cosponsor</roleTerm>
</role>
 <description>United States Congress Member</description>
</name>
<name type="personal">
 <namePart>Bonnie Watson Coleman</namePart>
 <affiliation>United States House of Representatives</affiliation>
 <role>
  <roleTerm type="text">cosponsor</roleTerm>
</role>
 <description>United States Congress Member</description>
</name>
<name type="personal">
 <namePart>Raul Ruiz</namePart>
 <affiliation>United States House of Representatives</affiliation>
 <role>
  <roleTerm type="text">cosponsor</roleTerm>
</role>
 <description>United States Congress Member</description>
</name>
<name type="personal">
 <namePart>James Comer</namePart>
 <affiliation>United States House of Representatives</affiliation>
 <role>
  <roleTerm type="text">cosponsor</roleTerm>
</role>
 <description>United States Congress Member</description>
</name>
<name type="personal">
 <namePart>Louie Gohmert</namePart>
 <affiliation>United States House of Representatives</affiliation>
 <role>
  <roleTerm type="text">cosponsor</roleTerm>
</role>
 <description>United States Congress Member</description>
</name>
<name type="corporate">
 <namePart>United States</namePart>
 <namePart>Congress</namePart>
 <namePart>House of Representatives</namePart>
 <namePart>Committee on Ways and Means</namePart>
 <role>
  <roleTerm authority="marcrelator" type="text">associated name</roleTerm>
  <roleTerm authority="marcrelator" type="code">asn</roleTerm>
</role>
</name>
<relatedItem type="isReferencedBy">
 <titleInfo>
  <title>United States Code</title>
  <partNumber>Title 42 Section 402</partNumber>
  <partNumber>Title 42 Section 402(b)(2)</partNumber>
  <partNumber>Title 42 Section 402(c)(2)</partNumber>
  <partNumber>Title 42 Section 402(e)(2)(A)</partNumber>
  <partNumber>Title 42 Section 402(f)(2)(A)</partNumber>
  <partNumber>Title 42 Section 402(k)</partNumber>
  <partNumber>Title 42 Section 415</partNumber>
</titleInfo>
 <identifier type="USC citation">42 U.S.C. 402</identifier>
 <identifier type="USC citation">42 U.S.C. 402(b)(2)</identifier>
 <identifier type="USC citation">42 U.S.C. 402(c)(2)</identifier>
 <identifier type="USC citation">42 U.S.C. 402(e)(2)(A)</identifier>
 <identifier type="USC citation">42 U.S.C. 402(f)(2)(A)</identifier>
 <identifier type="USC citation">42 U.S.C. 402(k)</identifier>
 <identifier type="USC citation">42 U.S.C. 415</identifier>
</relatedItem>
<extension>
 <docClass>hr</docClass>
 <accessId>BILLS-117hr82ih</accessId>
 <congress>117</congress>
 <session>1</session>
 <originChamber>HOUSE</originChamber>
 <currentChamber>HOUSE</currentChamber>
 <billNumber>82</billNumber>
 <billVersion reprint="false">ih</billVersion>
 <fileSuffix>ih</fileSuffix>
 <shortTitle type="measure">Social Security Fairness Act of 2021</shortTitle>
 <officialTitle>To amend title II of the Social Security Act to repeal the Government pension offset and windfall elimination provisions.</officialTitle>
 <action date="2021-01-04">Mr. Rodney Davis of Illinois (for himself, Ms. Spanberger, Mr. Graves of Louisiana, Mr. Cohen, Mr. Vicente Gonzalez of Texas, Mr. Garamendi, Mr. Cicilline, Ms. Eshoo, Mr. Joyce of Ohio, Mr. Mullin, Ms. Brownley, Mr. Deutch, Mr. Takano, Mr. Diaz-Balart, Mrs. Watson Coleman, Mr. Ruiz, Mr. Comer, and Mr. Gohmert) introduced the following bill; which was referred to the Committee on Ways and Means</action>
 <congCommittee authorityId="hswm00" chamber="H" congress="117" type="S">
                      <name type="authority-standard">Committee on Ways and Means</name>
                      <name type="authority-short">Ways and Means</name>
                </congCommittee>
 <congMember authorityId="2126" bioGuideId="D000619" chamber="H" congress="117" party="R" role="SPONSOR" state="IL">
                      <name type="parsed">Mr. Rodney Davis of Illinois</name>
                      <name type="authority-fnf">Rodney Davis</name>
                      <name type="authority-lnf">Davis, Rodney</name>
                </congMember>
 <congMember authorityId="2456" bioGuideId="S001209" chamber="H" congress="117" party="D" role="COSPONSOR" state="VA">
                      <name type="parsed">Ms. Spanberger</name>
                      <name type="authority-fnf">Abigail Davis Spanberger</name>
                      <name type="authority-lnf">Spanberger, Abigail Davis</name>
                      <name type="authority-other">Ms. Abigail Spanberger</name>
                </congMember>
 <congMember authorityId="2245" bioGuideId="G000577" chamber="H" congress="117" party="R" role="COSPONSOR" state="LA">
                      <name type="parsed">Mr. Graves of Louisiana</name>
                      <name type="authority-fnf">Garret Graves</name>
                      <name type="authority-lnf">Graves, Garret</name>
                </congMember>
 <congMember authorityId="1878" bioGuideId="C001068" chamber="H" congress="117" gpoId="8156" party="D" role="COSPONSOR" state="TN">
                      <name type="parsed">Mr. Cohen</name>
                      <name type="authority-fnf">Steve Cohen</name>
                      <name type="authority-lnf">Cohen, Steve</name>
                </congMember>
 <congMember authorityId="2349" bioGuideId="G000581" chamber="H" congress="117" party="D" role="COSPONSOR" state="TX">
                      <name type="parsed">Mr. Vicente Gonzalez of Texas</name>
                      <name type="authority-fnf">Vicente Gonzalez</name>
                      <name type="authority-lnf">Gonzalez, Vicente</name>
                </congMember>
 <congMember authorityId="1973" bioGuideId="G000559" chamber="H" congress="117" gpoId="7815" party="D" role="COSPONSOR" state="CA">
                      <name type="parsed">Mr. Garamendi</name>
                      <name type="authority-fnf">John Garamendi</name>
                      <name type="authority-lnf">Garamendi, John</name>
                </congMember>
 <congMember authorityId="2055" bioGuideId="C001084" chamber="H" congress="117" gpoId="8139" party="D" role="COSPONSOR" state="RI">
                      <name type="parsed">Mr. Cicilline</name>
                      <name type="authority-fnf">David N. Cicilline</name>
                      <name type="authority-lnf">Cicilline, David N.</name>
                      <name type="authority-other">Mr. David Cicilline</name>
                </congMember>
 <congMember authorityId="355" bioGuideId="E000215" chamber="H" congress="117" gpoId="7819" party="D" role="COSPONSOR" state="CA">
                      <name type="parsed">Ms. Eshoo</name>
                      <name type="authority-fnf">Anna G. Eshoo</name>
                      <name type="authority-lnf">Eshoo, Anna G.</name>
                      <name type="authority-other">Anna Eshoo</name>
                </congMember>
 <congMember authorityId="2154" bioGuideId="J000295" chamber="H" congress="117" party="R" role="COSPONSOR" state="OH">
                      <name type="parsed">Mr. Joyce of Ohio</name>
                      <name type="authority-fnf">David P. Joyce</name>
                      <name type="authority-lnf">Joyce, David P.</name>
                      <name type="authority-other">Mr. David Joyce</name>
                </congMember>
 <congMember authorityId="2156" bioGuideId="M001190" chamber="H" congress="117" party="R" role="COSPONSOR" state="OK">
                      <name type="parsed">Mr. Mullin</name>
                      <name type="authority-fnf">Markwayne Mullin</name>
                      <name type="authority-lnf">Mullin, Markwayne</name>
                </congMember>
 <congMember authorityId="2106" bioGuideId="B001285" chamber="H" congress="117" party="D" role="COSPONSOR" state="CA">
                      <name type="parsed">Ms. Brownley</name>
                      <name type="authority-fnf">Julia Brownley</name>
                      <name type="authority-lnf">Brownley, Julia</name>
                </congMember>
 <congMember authorityId="1976" bioGuideId="D000610" chamber="H" congress="117" gpoId="7891" party="D" role="COSPONSOR" state="FL">
                      <name type="parsed">Mr. Deutch</name>
                      <name type="authority-fnf">Theodore E. Deutch</name>
                      <name type="authority-lnf">Deutch, Theodore E.</name>
                      <name type="authority-other">Mr. Theodore Deutch</name>
                </congMember>
 <congMember authorityId="2110" bioGuideId="T000472" chamber="H" congress="117" party="D" role="COSPONSOR" state="CA">
                      <name type="parsed">Mr. Takano</name>
                      <name type="authority-fnf">Mark Takano</name>
                      <name type="authority-lnf">Takano, Mark</name>
                </congMember>
 <congMember authorityId="1717" bioGuideId="D000600" chamber="H" congress="117" gpoId="7893" party="R" role="COSPONSOR" state="FL">
                      <name type="parsed">Mr. Diaz-Balart</name>
                      <name type="authority-fnf">Mario Diaz-Balart</name>
                      <name type="authority-lnf">Diaz-Balart, Mario</name>
                </congMember>
 <congMember authorityId="2259" bioGuideId="W000822" chamber="H" congress="117" party="D" role="COSPONSOR" state="NJ">
                      <name type="parsed">Mrs. Watson Coleman</name>
                      <name type="authority-fnf">Bonnie Watson Coleman</name>
                      <name type="authority-lnf">Watson Coleman, Bonnie</name>
                </congMember>
 <congMember authorityId="2109" bioGuideId="R000599" chamber="H" congress="117" party="D" role="COSPONSOR" state="CA">
                      <name type="parsed">Mr. Ruiz</name>
                      <name type="authority-fnf">Raul Ruiz</name>
                      <name type="authority-lnf">Ruiz, Raul</name>
                </congMember>
 <congMember authorityId="2297" bioGuideId="C001108" chamber="H" congress="117" party="R" role="COSPONSOR" state="KY">
                      <name type="parsed">Mr. Comer</name>
                      <name type="authority-fnf">James Comer</name>
                      <name type="authority-lnf">Comer, James</name>
                </congMember>
 <congMember authorityId="1801" bioGuideId="G000552" chamber="H" congress="117" gpoId="8157" party="R" role="COSPONSOR" state="TX">
                      <name type="parsed">Mr. Gohmert</name>
                      <name type="authority-fnf">Louie Gohmert</name>
                      <name type="authority-lnf">Gohmert, Louie</name>
                </congMember>
 <isPrivate>false</isPrivate>
 <isAppropriation>false</isAppropriation>
 <USCode title="42">
                      <section number="402"></section>
                      <section detail="(b)(2)" number="402"></section>
                      <section detail="(c)(2)" number="402"></section>
                      <section detail="(e)(2)(A)" number="402"></section>
                      <section detail="(f)(2)(A)" number="402"></section>
                      <section detail="(k)" number="402"></section>
                      <section number="415"></section>
                </USCode>
</extension>
</mods>