<?xml version="1.0"?>
<?xml-stylesheet type="text/xsl" href="billres.xsl"?>
<!DOCTYPE bill PUBLIC "-//US Congress//DTDs/bill.dtd//EN" "bill.dtd">
<bill bill-stage="Introduced-in-House" dms-id="H49D968E0F2DC41B4A87C89A208119AB5" public-private="public" key="H" bill-type="olc"><metadata xmlns:dc="http://purl.org/dc/elements/1.1/">
<dublinCore>
<dc:title>117 HR 29 IH: Defund National Endowment for the Humanities Act of 2021</dc:title>
<dc:publisher>U.S. House of Representatives</dc:publisher>
<dc:date>2021-01-04</dc:date>
<dc:format>text/xml</dc:format>
<dc:language>EN</dc:language>
<dc:rights>Pursuant to Title 17 Section 105 of the United States Code, this file is not subject to copyright protection and is in the public domain.</dc:rights>
</dublinCore>
</metadata>
<form>
<distribution-code display="yes">I</distribution-code><congress display="yes">117th CONGRESS</congress><session display="yes">1st Session</session><legis-num display="yes">H. R. 29</legis-num><current-chamber>IN THE HOUSE OF REPRESENTATIVES</current-chamber><action display="yes"><action-date date="20210104">January 4, 2021</action-date><action-desc><sponsor name-id="B001302">Mr. Biggs</sponsor> introduced the following bill; which was referred to the <committee-name committee-id="HED00">Committee on Education and Labor</committee-name></action-desc></action><legis-type>A BILL</legis-type><official-title display="yes">To provide that none of the funds made available to the National Endowment for the Humanities for any fiscal year may be used to carry out section 7 of the National Foundation on the Arts and the Humanities Act of 1965.</official-title></form><legis-body id="H86BF44B146BC4537B2D7668282CBE74F" style="OLC"><section id="HB5F1B074729D40C686ED452DAF651C22" section-type="section-one"><enum>1.</enum><header>Short title</header><text display-inline="no-display-inline">This Act may be cited as the <quote><short-title>Defund National Endowment for the Humanities Act of 2021</short-title></quote>.</text></section><section id="HD9DB5BECD6C74C95BB3A5C8515667F15"><enum>2.</enum><header>Limitation</header><text display-inline="no-display-inline">None of the funds made available to the National Endowment for the Humanities for any fiscal year may be used to carry out section 7 of the National Foundation on the Arts and the Humanities Act of 1965 (<external-xref legal-doc="usc" parsable-cite="usc/20/956">20 U.S.C. 956</external-xref>).</text></section><section id="HB127B57726FF47CCB97BC8B06B32D03F"><enum>3.</enum><header>Effective date</header><text display-inline="no-display-inline">This Act shall take effect on the 1st day of the 1st fiscal year that begins after the date of the enactment of this Act.</text></section></legis-body></bill> 

