<?xml version="1.0" encoding="utf-8" standalone="no"?>
<billStatus>
  <bill>
    <billNumber>167</billNumber>
    <createDate>2021-04-22T04:27:12Z</createDate>
    <updateDate>2022-02-09T06:12:19Z</updateDate>
    <originChamber>Senate</originChamber>
    <billType>SRES</billType>
    <introducedDate>2021-04-21</introducedDate>
    <congress>117</congress>
    <recordedVotes/>
    <committees>
      <billCommittees>
        <item>
          <systemCode>ssfr00</systemCode>
          <name>Foreign Relations Committee</name>
          <chamber>Senate</chamber>
          <type>Standing</type>
          <subcommittees/>
          <activities>
            <item>
              <name>Referred to</name>
              <date>2021-04-21T17:14:54Z</date>
            </item>
          </activities>
        </item>
      </billCommittees>
    </committees>
    <committeeReports/>
    <relatedBills/>
    <actions>
      <item>
        <actionDate>2021-04-21</actionDate>
        <committees>
          <item>
            <systemCode>ssfr00</systemCode>
            <name>Foreign Relations Committee</name>
          </item>
        </committees>
        <links/>
        <sourceSystem>
          <code>0</code>
          <name>Senate</name>
        </sourceSystem>
        <text>Referred to the Committee on Foreign Relations. (text: CR S2127-2128)</text>
        <type>IntroReferral</type>
      </item>
      <item>
        <actionDate>2021-04-21</actionDate>
        <links/>
        <text>Introduced in Senate</text>
        <type>IntroReferral</type>
        <actionCode>10000</actionCode>
        <sourceSystem>
          <code>9</code>
          <name>Library of Congress</name>
        </sourceSystem>
        <committees/>
      </item>
      <actionTypeCounts>
        <referredToCommittee>1</referredToCommittee>
        <introducedInSenate>1</introducedInSenate>
      </actionTypeCounts>
      <actionByCounts>
        <senate>2</senate>
      </actionByCounts>
    </actions>
    <sponsors>
      <item>
        <bioguideId>F000062</bioguideId>
        <fullName>Sen. Feinstein, Dianne [D-CA]</fullName>
        <firstName>Dianne</firstName>
        <middleName/>
        <lastName>Feinstein</lastName>
        <party>D</party>
        <state>CA</state>
        <identifiers>
          <lisID>1332</lisID>
          <bioguideId>F000062</bioguideId>
          <gpoId>8338</gpoId>
        </identifiers>
        <byRequestType/>
      </item>
    </sponsors>
    <cosponsors>
      <item>
        <bioguideId>T000476</bioguideId>
        <fullName>Sen. Tillis, Thomas [R-NC]</fullName>
        <firstName>Thomas</firstName>
        <middleName>Roland</middleName>
        <lastName>Tillis</lastName>
        <party>R</party>
        <state>NC</state>
        <identifiers>
          <lisID>2291</lisID>
          <bioguideId>T000476</bioguideId>
          <gpoId/>
        </identifiers>
        <sponsorshipDate>2021-04-21</sponsorshipDate>
        <isOriginalCosponsor>True</isOriginalCosponsor>
        <sponsorshipWithdrawnDate/>
      </item>
      <item>
        <bioguideId>M000355</bioguideId>
        <fullName>Sen. McConnell, Mitch [R-KY]</fullName>
        <firstName>Mitch</firstName>
        <middleName/>
        <lastName>McConnell</lastName>
        <party>R</party>
        <state>KY</state>
        <identifiers>
          <lisID>1395</lisID>
          <bioguideId>M000355</bioguideId>
          <gpoId>8254</gpoId>
        </identifiers>
        <sponsorshipDate>2021-04-21</sponsorshipDate>
        <isOriginalCosponsor>True</isOriginalCosponsor>
        <sponsorshipWithdrawnDate/>
      </item>
      <item>
        <bioguideId>B001277</bioguideId>
        <fullName>Sen. Blumenthal, Richard [D-CT]</fullName>
        <firstName>Richard</firstName>
        <middleName/>
        <lastName>Blumenthal</lastName>
        <party>D</party>
        <state>CT</state>
        <identifiers>
          <lisID>2076</lisID>
          <bioguideId>B001277</bioguideId>
          <gpoId>8332</gpoId>
        </identifiers>
        <sponsorshipDate>2021-04-21</sponsorshipDate>
        <isOriginalCosponsor>True</isOriginalCosponsor>
        <sponsorshipWithdrawnDate/>
      </item>
      <item>
        <bioguideId>B001288</bioguideId>
        <fullName>Sen. Booker, Cory A. [D-NJ]</fullName>
        <firstName>Cory</firstName>
        <middleName/>
        <lastName>Booker</lastName>
        <party>D</party>
        <state>NJ</state>
        <identifiers>
          <lisID>2194</lisID>
          <bioguideId>B001288</bioguideId>
          <gpoId/>
        </identifiers>
        <sponsorshipDate>2021-04-21</sponsorshipDate>
        <isOriginalCosponsor>True</isOriginalCosponsor>
        <sponsorshipWithdrawnDate/>
      </item>
      <item>
        <bioguideId>C000880</bioguideId>
        <fullName>Sen. Crapo, Mike [R-ID]</fullName>
        <firstName>Mike</firstName>
        <middleName/>
        <lastName>Crapo</lastName>
        <party>R</party>
        <state>ID</state>
        <identifiers>
          <lisID>250</lisID>
          <bioguideId>C000880</bioguideId>
          <gpoId>8289</gpoId>
        </identifiers>
        <sponsorshipDate>2021-04-21</sponsorshipDate>
        <isOriginalCosponsor>True</isOriginalCosponsor>
        <sponsorshipWithdrawnDate/>
      </item>
      <item>
        <bioguideId>K000367</bioguideId>
        <fullName>Sen. Klobuchar, Amy [D-MN]</fullName>
        <firstName>Amy</firstName>
        <middleName/>
        <lastName>Klobuchar</lastName>
        <party>D</party>
        <state>MN</state>
        <identifiers>
          <lisID>1826</lisID>
          <bioguideId>K000367</bioguideId>
          <gpoId>8249</gpoId>
        </identifiers>
        <sponsorshipDate>2021-04-21</sponsorshipDate>
        <isOriginalCosponsor>True</isOriginalCosponsor>
        <sponsorshipWithdrawnDate/>
      </item>
      <item>
        <bioguideId>M000133</bioguideId>
        <fullName>Sen. Markey, Edward J. [D-MA]</fullName>
        <firstName>Edward</firstName>
        <middleName>J.</middleName>
        <lastName>Markey</lastName>
        <party>D</party>
        <state>MA</state>
        <identifiers>
          <lisID>735</lisID>
          <bioguideId>M000133</bioguideId>
          <gpoId>7972</gpoId>
        </identifiers>
        <sponsorshipDate>2021-04-21</sponsorshipDate>
        <isOriginalCosponsor>True</isOriginalCosponsor>
        <sponsorshipWithdrawnDate/>
      </item>
      <item>
        <bioguideId>R000595</bioguideId>
        <fullName>Sen. Rubio, Marco [R-FL]</fullName>
        <firstName>Marco</firstName>
        <middleName/>
        <lastName>Rubio</lastName>
        <party>R</party>
        <state>FL</state>
        <identifiers>
          <lisID>2084</lisID>
          <bioguideId>R000595</bioguideId>
          <gpoId>8242</gpoId>
        </identifiers>
        <sponsorshipDate>2021-04-21</sponsorshipDate>
        <isOriginalCosponsor>True</isOriginalCosponsor>
        <sponsorshipWithdrawnDate/>
      </item>
      <item>
        <bioguideId>C001056</bioguideId>
        <fullName>Sen. Cornyn, John [R-TX]</fullName>
        <firstName>John</firstName>
        <middleName/>
        <lastName>Cornyn</lastName>
        <party>R</party>
        <state>TX</state>
        <identifiers>
          <lisID>1692</lisID>
          <bioguideId>C001056</bioguideId>
          <gpoId>8295</gpoId>
        </identifiers>
        <sponsorshipDate>2021-04-21</sponsorshipDate>
        <isOriginalCosponsor>True</isOriginalCosponsor>
        <sponsorshipWithdrawnDate/>
      </item>
      <item>
        <bioguideId>G000386</bioguideId>
        <fullName>Sen. Grassley, Chuck [R-IA]</fullName>
        <firstName>Charles</firstName>
        <middleName>E.</middleName>
        <lastName>Grassley</lastName>
        <party>R</party>
        <state>IA</state>
        <identifiers>
          <lisID>457</lisID>
          <bioguideId>G000386</bioguideId>
          <gpoId>8316</gpoId>
        </identifiers>
        <sponsorshipDate>2021-04-29</sponsorshipDate>
        <isOriginalCosponsor>False</isOriginalCosponsor>
        <sponsorshipWithdrawnDate/>
      </item>
    </cosponsors>
    <cboCostEstimates/>
    <laws/>
    <notes/>
    <policyArea>
      <name>International Affairs</name>
    </policyArea>
    <subjects>
      <billSubjects>
        <legislativeSubjects>
          <item>
            <name>Child health</name>
          </item>
          <item>
            <name>Child safety and welfare</name>
          </item>
          <item>
            <name>Commemorative events and holidays</name>
          </item>
          <item>
            <name>Crimes against children</name>
          </item>
          <item>
            <name>Family relationships</name>
          </item>
          <item>
            <name>International law and treaties</name>
          </item>
          <item>
            <name>Mental health</name>
          </item>
          <item>
            <name>Separation, divorce, custody, support</name>
          </item>
        </legislativeSubjects>
        <policyArea>
          <name>International Affairs</name>
        </policyArea>
      </billSubjects>
    </subjects>
    <summaries>
      <billSummaries>
        <item>
          <versionCode>00</versionCode>
          <actionDate>2021-04-21</actionDate>
          <actionDesc>Introduced in Senate</actionDesc>
          <lastSummaryUpdateDate>2021-05-04T17:53:29Z</lastSummaryUpdateDate>
          <text>
            <![CDATA[ <p>This resolution recognizes the Senate's observation of Countering International Parental Child Abduction Month in April 2021. It also urges the United States to lead in raising awareness about the devastating impact of international child abduction. </p>]]>
          </text>
          <updateDate>2021-04-21T04:00:00Z</updateDate>
          <name>Introduced in Senate</name>
        </item>
      </billSummaries>
    </summaries>
    <title>A resolution supporting the goals and ideals of "Countering International Parental Child Abduction Month" and expressing the sense of the Senate that Congress should raise awareness of the harm caused by international parental child abduction.</title>
    <titles>
      <item>
        <titleType>Display Title</titleType>
        <parentTitleType/>
        <title>A resolution supporting the goals and ideals of "Countering International Parental Child Abduction Month" and expressing the sense of the Senate that Congress should raise awareness of the harm caused by international parental child abduction.</title>
        <chamberCode/>
        <chamberName/>
      </item>
      <item>
        <titleType>Official Title as Introduced</titleType>
        <parentTitleType/>
        <title>A resolution supporting the goals and ideals of "Countering International Parental Child Abduction Month" and expressing the sense of the Senate that Congress should raise awareness of the harm caused by international parental child abduction.</title>
        <chamberCode/>
        <chamberName/>
      </item>
    </titles>
    <amendments/>
    <textVersions>
      <item>
        <type>Introduced in Senate</type>
        <date>2021-04-21T04:00:00Z</date>
        <formats>
          <item>
            <url>https://www.govinfo.gov/content/pkg/BILLS-117sres167is/xml/BILLS-117sres167is.xml</url>
          </item>
        </formats>
      </item>
    </textVersions>
    <latestAction>
      <actionDate>2021-04-21</actionDate>
      <text>Referred to the Committee on Foreign Relations. (text: CR S2127-2128)</text>
      <links/>
    </latestAction>
    <calendarNumbers/>
    <version>1.0.0</version>
  </bill>
  <dublinCore xmlns:dc="http://purl.org/dc/elements/1.1/">
    <dc:format>text/xml</dc:format>
    <dc:language>EN</dc:language>
    <dc:rights>Pursuant to Title 17 Section 105 of the United States Code, this file is not subject to copyright protection and is in the public domain.</dc:rights>
    <dc:contributor>Congressional Research Service, Library of Congress</dc:contributor>
    <dc:description>This file contains bill summaries and statuses for federal legislation. A bill summary describes the most significant provisions of a piece of legislation and details the effects the legislative text may have on current law and federal programs. Bill summaries are authored by the Congressional Research Service (CRS) of the Library of Congress. As stated in Public Law 91-510 (2 USC 166 (d)(6)), one of the duties of CRS is "to prepare summaries and digests of bills and resolutions of a public general nature introduced in the Senate or House of Representatives". For more information, refer to the User Guide that accompanies this file.</dc:description>
  </dublinCore>
</billStatus>
