<?xml version="1.0"?>
<?xml-stylesheet type="text/xsl" href="billres.xsl"?>
<!DOCTYPE bill PUBLIC "-//US Congress//DTDs/bill.dtd//EN" "bill.dtd">
<bill bill-stage="Introduced-in-House" dms-id="HD81DC1D1EEEC4AFFB87165CB1797CA09" public-private="public" key="H" bill-type="olc"><metadata xmlns:dc="http://purl.org/dc/elements/1.1/">
<dublinCore>
<dc:title>117 HR 49 IH: To designate the National Pulse Memorial located at 1912 South Orange Avenue, Orlando, Florida, 32806, and for other purposes.</dc:title>
<dc:publisher>U.S. House of Representatives</dc:publisher>
<dc:date>2021-01-04</dc:date>
<dc:format>text/xml</dc:format>
<dc:language>EN</dc:language>
<dc:rights>Pursuant to Title 17 Section 105 of the United States Code, this file is not subject to copyright protection and is in the public domain.</dc:rights>
</dublinCore>
</metadata>
<form>
<distribution-code display="yes">I</distribution-code><congress display="yes">117th CONGRESS</congress><session display="yes">1st Session</session><legis-num display="yes">H. R. 49</legis-num><current-chamber>IN THE HOUSE OF REPRESENTATIVES</current-chamber><action display="yes"><action-date date="20210104">January 4, 2021</action-date><action-desc><sponsor name-id="S001200">Mr. Soto</sponsor> (for himself, <cosponsor name-id="D000627">Mrs. Demings</cosponsor>, and <cosponsor name-id="M001202">Mrs. Murphy of Florida</cosponsor>) introduced the following bill; which was referred to the <committee-name committee-id="HII00">Committee on Natural Resources</committee-name></action-desc></action><legis-type>A BILL</legis-type><official-title display="yes">To designate the National Pulse Memorial located at 1912 South Orange Avenue, Orlando, Florida, 32806, and for other purposes.</official-title></form><legis-body id="H049D29E2D0294E46A6BD2719449C5B3D" style="OLC"><section id="HD2196A2C7CB54CADB3DB5FE60F07C616" section-type="section-one"><enum>1.</enum><header>Designation of national pulse memorial</header><subsection id="H444DD87AF86C4B15A66862705C071DE1"><enum>(a)</enum><header>In general</header><text>The Pulse Memorial located at 1912 South Orange Avenue, Orlando, Florida, 32806, is designated as the <quote>National Pulse Memorial</quote>.</text></subsection><subsection id="H8FC2099BE88844B89DCA40B50F7010AF"><enum>(b)</enum><header>Effect of designation</header><text>The national memorial designated by this section is not a unit of the National Park System and the designation of the National Pulse Memorial shall not require or permit Federal funds to be expended for any purpose related to that national memorial.</text></subsection></section></legis-body></bill> 

