<mods xmlns:xlink="http://www.w3.org/1999/xlink" xmlns:xsi="http://www.w3.org/2001/XMLSchema-instance" xmlns="http://www.loc.gov/mods/v3" version="3.3" xsi:schemaLocation="http://www.loc.gov/mods/v3 http://www.loc.gov/standards/mods/v3/mods-3-3.xsd" ID="P0b002ee1aacf9b68">
<name type="corporate">
 <namePart>United States Government Publishing Office</namePart>
 <role>
  <roleTerm authority="marcrelator" type="text">publisher</roleTerm>
  <roleTerm authority="marcrelator" type="code">pbl</roleTerm>
</role>
 <role>
  <roleTerm authority="marcrelator" type="text">distributor</roleTerm>
  <roleTerm authority="marcrelator" type="code">dst</roleTerm>
</role>
</name>
<name type="corporate">
 <namePart>United States</namePart>
 <namePart>Congress</namePart>
 <namePart>House of Representatives</namePart>
 <role>
  <roleTerm authority="marcrelator" type="text">author</roleTerm>
  <roleTerm authority="marcrelator" type="code">aut</roleTerm>
</role>
 <description>Government Organization</description>
</name>
<typeOfResource>text</typeOfResource>
<genre authority="marcgt">government publication</genre>
<language>
 <languageTerm type="code" authority="iso639-2b">eng</languageTerm>
</language>
<extension>
 <collectionCode>BILLS</collectionCode>
 <searchTitle>Censuring and condemning President Donald J. Trump for trying to unlawfully overturn the 2020 Presidential election and violating his oath of office on January 6, 2021.;H. Con. Res. 5 (IH)
    </searchTitle>
 <category>Bills and Statutes</category>
 <waisDatabaseName>117_cong_bills</waisDatabaseName>
 <branch>legislative</branch>
 <dateIngested>2021-01-14</dateIngested>
</extension>
<titleInfo>
 <title>Censuring and condemning President Donald J. Trump for trying to unlawfully overturn the 2020 Presidential election and violating his oath of office on January 6, 2021.</title>
</titleInfo>
<titleInfo type="alternative">
 <title>H. Con. Res. 5 (IH)
    </title>
</titleInfo>
<originInfo>
 <publisher>U.S. Government Publishing Office</publisher>
 <dateIssued encoding="w3cdtf">2021-01-12</dateIssued>
 <issuance>monographic</issuance>
</originInfo>
<physicalDescription>
 <note type="source content type">deposited</note>
 <digitalOrigin>born digital</digitalOrigin>
 <extent>3 p.</extent>
</physicalDescription>
<classification authority="sudocs">Y 1.6:</classification>
<classification authority="sudocs">Y 1.4/9:</classification>
<identifier type="local">P0b002ee1aacf9b68</identifier>
<identifier type="uri">https://www.govinfo.gov/app/details/BILLS-117hconres5ih</identifier>
<identifier type="preferred citation">H. Con. Res. 5</identifier>
<identifier type="stock number">021-610-00252-9</identifier>
<identifier type="Parent ILS system id">000501532</identifier>
<identifier type="Child ILS system id">000325575</identifier>
<identifier type="Parent ILS title">Congressional bills</identifier>
<identifier type="Child ILS title">House concurrent resolutions</identifier>
<identifier type="former package identifier">f:hc5_ih.txt</identifier>
<location>
 <url displayLabel="Content Detail" access="object in context">https://www.govinfo.gov/app/details/BILLS-117hconres5ih</url>
 <url displayLabel="HTML rendition" access="raw object">https://www.govinfo.gov/content/pkg/BILLS-117hconres5ih/html/BILLS-117hconres5ih.htm</url>
 <url displayLabel="PDF rendition" access="raw object">https://www.govinfo.gov/content/pkg/BILLS-117hconres5ih/pdf/BILLS-117hconres5ih.pdf</url>
 <url displayLabel="XML rendition" access="raw object">https://www.govinfo.gov/content/pkg/BILLS-117hconres5ih/xml/BILLS-117hconres5ih.xml</url>
</location>
<accessCondition type="GPO scope determination">fdlp</accessCondition>
<recordInfo>
 <recordContentSource authority="marcorg">DGPO</recordContentSource>
 <recordCreationDate encoding="w3cdtf">2021-01-14</recordCreationDate>
 <recordChangeDate encoding="w3cdtf">2021-01-14</recordChangeDate>
 <recordIdentifier source="DGPO">BILLS-117hconres5ih</recordIdentifier>
 <recordOrigin>machine generated</recordOrigin>
 <languageOfCataloging>
  <languageTerm type="code" authority="iso639-2b">eng</languageTerm>
</languageOfCataloging>
</recordInfo>
<name type="personal">
 <namePart>Brian K. Fitzpatrick</namePart>
 <affiliation>United States House of Representatives</affiliation>
 <role>
  <roleTerm authority="marcrelator" type="text">sponsor</roleTerm>
  <roleTerm authority="marcrelator" type="code">spn</roleTerm>
</role>
 <description>United States Congress Member</description>
</name>
<name type="personal">
 <namePart>Tom Reed</namePart>
 <affiliation>United States House of Representatives</affiliation>
 <role>
  <roleTerm type="text">cosponsor</roleTerm>
</role>
 <description>United States Congress Member</description>
</name>
<name type="personal">
 <namePart>Anthony Gonzalez</namePart>
 <affiliation>United States House of Representatives</affiliation>
 <role>
  <roleTerm type="text">cosponsor</roleTerm>
</role>
 <description>United States Congress Member</description>
</name>
<name type="personal">
 <namePart>Young Kim</namePart>
 <affiliation>United States House of Representatives</affiliation>
 <role>
  <roleTerm type="text">cosponsor</roleTerm>
</role>
 <description>United States Congress Member</description>
</name>
<name type="personal">
 <namePart>Fred Upton</namePart>
 <affiliation>United States House of Representatives</affiliation>
 <role>
  <roleTerm type="text">cosponsor</roleTerm>
</role>
 <description>United States Congress Member</description>
</name>
<name type="personal">
 <namePart>Peter Meijer</namePart>
 <affiliation>United States House of Representatives</affiliation>
 <role>
  <roleTerm type="text">cosponsor</roleTerm>
</role>
 <description>United States Congress Member</description>
</name>
<name type="personal">
 <namePart>John R. Curtis</namePart>
 <affiliation>United States House of Representatives</affiliation>
 <role>
  <roleTerm type="text">cosponsor</roleTerm>
</role>
 <description>United States Congress Member</description>
</name>
<name type="personal">
 <namePart>Mike Gallagher</namePart>
 <affiliation>United States House of Representatives</affiliation>
 <role>
  <roleTerm type="text">cosponsor</roleTerm>
</role>
 <description>United States Congress Member</description>
</name>
<name type="personal">
 <namePart>Blake D. Moore</namePart>
 <affiliation>United States House of Representatives</affiliation>
 <role>
  <roleTerm type="text">cosponsor</roleTerm>
</role>
 <description>United States Congress Member</description>
</name>
<name type="personal">
 <namePart>Don Bacon</namePart>
 <affiliation>United States House of Representatives</affiliation>
 <role>
  <roleTerm type="text">cosponsor</roleTerm>
</role>
 <description>United States Congress Member</description>
</name>
<name type="corporate">
 <namePart>United States</namePart>
 <namePart>Congress</namePart>
 <namePart>House of Representatives</namePart>
 <namePart>Committee on the Judiciary</namePart>
 <role>
  <roleTerm authority="marcrelator" type="text">associated name</roleTerm>
  <roleTerm authority="marcrelator" type="code">asn</roleTerm>
</role>
</name>
<extension>
 <docClass>hconres</docClass>
 <accessId>BILLS-117hconres5ih</accessId>
 <congress>117</congress>
 <session>1</session>
 <originChamber>HOUSE</originChamber>
 <currentChamber>HOUSE</currentChamber>
 <billNumber>5</billNumber>
 <billVersion reprint="false">ih</billVersion>
 <fileSuffix>ih</fileSuffix>
 <officialTitle>Censuring and condemning President Donald J. Trump for trying to unlawfully overturn the 2020 Presidential election and violating his oath of office on January 6, 2021.</officialTitle>
 <action date="2021-01-12">Mr. Fitzpatrick (for himself, Mr. Reed, Mr. Gonzalez of Ohio, Mrs. Kim of California, Mr. Upton, Mr. Meijer, Mr. Curtis, Mr. Gallagher, Mr. Moore of Utah, and Mr. Bacon) submitted the following concurrent resolution; which was referred to the Committee on the Judiciary</action>
 <congCommittee authorityId="hsju00" chamber="H" congress="117" type="S">
                      <name type="authority-standard">Committee on the Judiciary</name>
                      <name type="authority-short">Judiciary</name>
                </congCommittee>
 <congMember authorityId="2345" bioGuideId="F000466" chamber="H" congress="117" party="R" role="SPONSOR" state="PA">
                      <name type="parsed">Mr. Fitzpatrick</name>
                      <name type="authority-fnf">Brian K. Fitzpatrick</name>
                      <name type="authority-lnf">Fitzpatrick, Brian K.</name>
                      <name type="authority-other">Mr. Brian Fitzpatrick</name>
                </congMember>
 <congMember authorityId="1982" bioGuideId="R000585" chamber="H" congress="117" gpoId="8090" party="R" role="COSPONSOR" state="NY">
                      <name type="parsed">Mr. Reed</name>
                      <name type="authority-fnf">Tom Reed</name>
                      <name type="authority-lnf">Reed, Tom</name>
                </congMember>
 <congMember authorityId="2430" bioGuideId="G000588" chamber="H" congress="117" party="R" role="COSPONSOR" state="OH">
                      <name type="parsed">Mr. Gonzalez of Ohio</name>
                      <name type="authority-fnf">Anthony Gonzalez</name>
                      <name type="authority-lnf">Gonzalez, Anthony</name>
                </congMember>
 <congMember authorityId="2543" bioGuideId="K000397" chamber="H" congress="117" party="R" role="COSPONSOR" state="CA">
                      <name type="parsed">Mrs. Kim of California</name>
                      <name type="authority-fnf">Young Kim</name>
                      <name type="authority-lnf">Kim, Young</name>
                </congMember>
 <congMember authorityId="1177" bioGuideId="U000031" chamber="H" congress="117" gpoId="7991" party="R" role="COSPONSOR" state="MI">
                      <name type="parsed">Mr. Upton</name>
                      <name type="authority-fnf">Fred Upton</name>
                      <name type="authority-lnf">Upton, Fred</name>
                </congMember>
 <congMember authorityId="2511" bioGuideId="M001186" chamber="H" congress="117" party="R" role="COSPONSOR" state="MI">
                      <name type="parsed">Mr. Meijer</name>
                      <name type="authority-fnf">Peter Meijer</name>
                      <name type="authority-lnf">Meijer, Peter</name>
                </congMember>
 <congMember authorityId="2363" bioGuideId="C001114" chamber="H" congress="117" party="R" role="COSPONSOR" state="UT">
                      <name type="parsed">Mr. Curtis</name>
                      <name type="authority-fnf">John R. Curtis</name>
                      <name type="authority-lnf">Curtis, John R.</name>
                      <name type="authority-other">Mr. John Curtis</name>
                </congMember>
 <congMember authorityId="2355" bioGuideId="G000579" chamber="H" congress="117" party="R" role="COSPONSOR" state="WI">
                      <name type="parsed">Mr. Gallagher</name>
                      <name type="authority-fnf">Mike Gallagher</name>
                      <name type="authority-lnf">Gallagher, Mike</name>
                </congMember>
 <congMember authorityId="2536" bioGuideId="M001213" chamber="H" congress="117" party="R" role="COSPONSOR" state="UT">
                      <name type="parsed">Mr. Moore of Utah</name>
                      <name type="authority-fnf">Blake D. Moore</name>
                      <name type="authority-lnf">Moore, Blake D.</name>
                      <name type="authority-other">Mr. Blake Moore</name>
                </congMember>
 <congMember authorityId="2337" bioGuideId="B001298" chamber="H" congress="117" party="R" role="COSPONSOR" state="NE">
                      <name type="parsed">Mr. Bacon</name>
                      <name type="authority-fnf">Don Bacon</name>
                      <name type="authority-lnf">Bacon, Don</name>
                </congMember>
 <isPrivate>false</isPrivate>
 <isAppropriation>false</isAppropriation>
</extension>
</mods>