<?xml version="1.0"?>
<?xml-stylesheet type="text/xsl" href="billres.xsl"?>
<!DOCTYPE resolution PUBLIC "-//US Congress//DTDs/res.dtd//EN" "res.dtd">
<resolution resolution-stage="Introduced-in-House" dms-id="H08B739B073234461956B4884BABFED7F" public-private="public" resolution-type="house-resolution" star-print="no-star-print" key="H"><metadata xmlns:dc="http://purl.org/dc/elements/1.1/">
<dublinCore>
<dc:title>117 HRES 31 IH: Condemning and censuring Representative Mo Brooks of Alabama.</dc:title>
<dc:publisher>U.S. House of Representatives</dc:publisher>
<dc:date>2021-01-11</dc:date>
<dc:format>text/xml</dc:format>
<dc:language>EN</dc:language>
<dc:rights>Pursuant to Title 17 Section 105 of the United States Code, this file is not subject to copyright protection and is in the public domain.</dc:rights>
</dublinCore>
</metadata>
<form>
<distribution-code display="yes">IV</distribution-code><congress display="yes">117th CONGRESS</congress><session display="yes">1st Session</session><legis-num display="yes">H. RES. 31</legis-num><current-chamber>IN THE HOUSE OF REPRESENTATIVES</current-chamber><action display="yes"><action-date date="20210111">January 11, 2021</action-date><action-desc><sponsor name-id="M001203">Mr. Malinowski</sponsor> (for himself, <cosponsor name-id="W000797">Ms. Wasserman Schultz</cosponsor>, and <cosponsor name-id="K000382">Ms. Kuster</cosponsor>) submitted the following resolution; which was referred to the <committee-name committee-id="HSO00">Committee on Ethics</committee-name></action-desc></action><legis-type>RESOLUTION</legis-type><official-title display="yes">Condemning and censuring Representative Mo Brooks of Alabama.</official-title></form><preamble><whereas><text>Whereas, on January 6, 2021, Representative Mo Brooks addressed a rally in Washington, DC, attended by numerous members of known extremist and antigovernment groups, including the Proud Boys, QAnon, Boogaloo Boys, and Oathkeepers, who would shortly thereafter march to seize the United States Capitol;</text></whereas><whereas><text>Whereas participants in the rally and march openly boasted on public social media sites well in advance that they intended to storm the Capitol to forcibly stop the certification of the Presidential election, often referring to January 6 as the day when the <quote>final battle</quote> in a <quote>revolution</quote> or <quote>cleansing</quote> would occur, threatening violence against members of Congress, and promising to give their lives if necessary in the fight;</text></whereas><whereas><text>Whereas Representative Brooks said to participants in the rally, <quote>Today is a time of choosing and tomorrow is a time of fighting. Today is also a day of revelation and separation . . . Today, by their votes, Americans will learn which Republican congressmen and senators love their bourbon, love their cigars, love their prestige, love their personal power, love their special interest group money more than they love America.</quote>;</text></whereas><whereas><text>Whereas Representative Brooks then exhorted the audience, <quote>Today is the day American patriots start taking down names and kicking ass</quote>;</text></whereas><whereas><text>Whereas participants in the rally then proceeded to march to the United States Capitol, which they forcibly and unlawfully entered, many armed with metal rods, bats, and firearms, hoisting Confederate battle flags, assaulting police officers, leading to the murder of United States Capitol Police Officer Brian Sicknick and four other deaths, dozens of injuries, and causing physical damage to United States Capitol property;</text></whereas><whereas><text>Whereas Representative Brooks’ speech on January 6 encouraged and incited violence against his fellow Members of Congress, as part of an assault on the United States Capitol intended to prevent the House of Representatives and the Senate from discharging their Constitutional duties to count Electoral College votes;</text></whereas><whereas><text>Whereas after inciting these acts of insurrection that resulted in injuries and loss of life, Representative Brooks has shown no remorse or regret for his comments, instead stating, <quote>I make no apology for doing my absolute best to inspire patriotic Americans</quote>; and</text></whereas><whereas><text>Whereas Representative Brooks’ actions encouraged and fueled the mob, brought shame on the House of Representatives, jeopardizing its reputation and institutional integrity, as well as the safety of its Members and staff: Now, therefore, be it</text></whereas></preamble><resolution-body style="traditional" id="HD20D4EB41EA54537BA34EC9DE899F374"><section id="H2F226A4B108949DCA9E370D4C7722AFE" section-type="undesignated-section" display-inline="yes-display-inline"><enum/><text display-inline="yes-display-inline">That—</text><paragraph id="H3BEB5B34613F4B4DB668BA23BDB48E49"><enum>(1)</enum><text>Representative Mo Brooks of Alabama be censured;</text></paragraph><paragraph id="H96EC35A00A1B434AB06D96084880F3FE"><enum>(2)</enum><text>Representative Mo Brooks forthwith present himself in the well of the House of Representatives for the pronouncement of censure; and</text></paragraph><paragraph id="HD3FC12FCEF52432DA245506C52F125B5"><enum>(3)</enum><text display-inline="yes-display-inline">Representative Mo Brooks be censured with the public reading of this resolution by the Speaker. </text></paragraph></section></resolution-body></resolution> 

