<?xml version="1.0"?>
<?xml-stylesheet type="text/xsl" href="billres.xsl"?>
<!DOCTYPE resolution PUBLIC "-//US Congress//DTDs/res.dtd//EN" "res.dtd">
<resolution resolution-stage="Introduced-in-House" dms-id="H9906DF5B32424C2987BA1FCBB723FA5D" public-private="public" resolution-type="house-resolution" star-print="no-star-print" key="H"><metadata xmlns:dc="http://purl.org/dc/elements/1.1/">
<dublinCore>
<dc:title>117 HRES 47 IH: Expressing the sense of the House of Representatives that Congress should take all appropriate measures to ensure that the United States Postal Service remains an independent establishment of the Federal Government and is not subject to privatization.</dc:title>
<dc:publisher>U.S. House of Representatives</dc:publisher>
<dc:date>2021-01-13</dc:date>
<dc:format>text/xml</dc:format>
<dc:language>EN</dc:language>
<dc:rights>Pursuant to Title 17 Section 105 of the United States Code, this file is not subject to copyright protection and is in the public domain.</dc:rights>
</dublinCore>
</metadata>
<form>
<distribution-code display="yes">IV</distribution-code><congress display="yes">117th CONGRESS</congress><session display="yes">1st Session</session><legis-num display="yes">H. RES. 47</legis-num><current-chamber>IN THE HOUSE OF REPRESENTATIVES</current-chamber><action display="yes"><action-date date="20210113">January 13, 2021</action-date><action-desc><sponsor name-id="L000562">Mr. Lynch</sponsor> (for himself and <cosponsor name-id="D000619">Mr. Rodney Davis of Illinois</cosponsor>) submitted the following resolution; which was referred to the <committee-name committee-id="HGO00">Committee on Oversight and Reform</committee-name></action-desc></action><legis-type>RESOLUTION</legis-type><official-title display="yes">Expressing the sense of the House of Representatives that Congress should take all appropriate measures to ensure that the United States Postal Service remains an independent establishment of the Federal Government and is not subject to privatization.</official-title></form><preamble><whereas><text>Whereas the United States Postal Service is a constitutionally mandated service per article I, section 8, clause 7 of the Constitution;</text></whereas><whereas><text>Whereas the United States Postal Service is a self-sustaining, independent establishment that does not receive taxpayer funding and relies solely on revenue derived from the sale of postal services and products;</text></whereas><whereas><text>Whereas the United States Postal Service and its more than 500,000 employees are at the center of the $1.4 trillion mailing industry, employing a total of 7.5 million Americans;</text></whereas><whereas><text>Whereas the United States Postal Service serves the needs of 157 million business and residential customers at least six days a week, maintains an affordable and universal network, and connects the country’s rural, suburban, and urban communities;</text></whereas><whereas><text>Whereas the United States Postal Service is consistently the highest rated agency of the Federal Government in nonpartisan opinion polls;</text></whereas><whereas><text>Whereas the United States Postal Service is the Nation’s second-largest employer of military veterans;</text></whereas><whereas><text>Whereas postal employees are dedicated public servants who do more than process and deliver the Nation’s mail, they serve as the eyes and ears of the Nation’s communities and often respond first in situations involving health, safety, and crime in their communities;</text></whereas><whereas><text>Whereas privatization of the United States Postal Service would result in higher prices and reduced services for its customers, especially in rural communities; and</text></whereas><whereas><text>Whereas privatization of the United States Postal Service would jeopardize the booming e-commerce sector and cripple a major part of the Nation’s critical infrastructure: Now, therefore, be it</text></whereas></preamble><resolution-body style="traditional" id="H16F692C029904C3BA09C844D729FBC73"><section display-inline="yes-display-inline" section-type="undesignated-section" id="H278FF5A04ACE4CE29C838332C0EA083F"><enum/><text>That it is the sense of the House of Representatives that Congress should take all appropriate measures to ensure that the United States Postal Service remains an independent establishment of the Federal Government and not subject to privatization. </text></section></resolution-body></resolution> 

