<mods xmlns:xlink="http://www.w3.org/1999/xlink" xmlns:xsi="http://www.w3.org/2001/XMLSchema-instance" xmlns="http://www.loc.gov/mods/v3" version="3.3" xsi:schemaLocation="http://www.loc.gov/mods/v3 http://www.loc.gov/standards/mods/v3/mods-3-3.xsd" ID="P0b002ee1aacd4ad2">
<name type="corporate">
 <namePart>United States Government Publishing Office</namePart>
 <role>
  <roleTerm authority="marcrelator" type="text">publisher</roleTerm>
  <roleTerm authority="marcrelator" type="code">pbl</roleTerm>
</role>
 <role>
  <roleTerm authority="marcrelator" type="text">distributor</roleTerm>
  <roleTerm authority="marcrelator" type="code">dst</roleTerm>
</role>
</name>
<name type="corporate">
 <namePart>United States</namePart>
 <namePart>Congress</namePart>
 <namePart>House of Representatives</namePart>
 <role>
  <roleTerm authority="marcrelator" type="text">author</roleTerm>
  <roleTerm authority="marcrelator" type="code">aut</roleTerm>
</role>
 <description>Government Organization</description>
</name>
<typeOfResource>text</typeOfResource>
<genre authority="marcgt">government publication</genre>
<language>
 <languageTerm type="code" authority="iso639-2b">eng</languageTerm>
</language>
<extension>
 <collectionCode>BILLS</collectionCode>
 <searchTitle>To amend title XXI of the Social Security Act to permanently extend the Children’s Health Insurance Program, and for other purposes.;Comprehensive Access to Robust Insurance Now Guaranteed for Kids Act;CARING for Kids Act;H.R. 66 (IH)
    </searchTitle>
 <category>Bills and Statutes</category>
 <waisDatabaseName>117_cong_bills</waisDatabaseName>
 <branch>legislative</branch>
 <dateIngested>2021-01-13</dateIngested>
</extension>
<titleInfo>
 <title>To amend title XXI of the Social Security Act to permanently extend the Children’s Health Insurance Program, and for other purposes.</title>
</titleInfo>
<titleInfo type="alternative">
 <title>Comprehensive Access to Robust Insurance Now Guaranteed for Kids Act</title>
</titleInfo>
<titleInfo type="alternative">
 <title>CARING for Kids Act</title>
</titleInfo>
<titleInfo type="alternative">
 <title>H.R. 66 (IH)
    </title>
</titleInfo>
<originInfo>
 <publisher>U.S. Government Publishing Office</publisher>
 <dateIssued encoding="w3cdtf">2021-01-04</dateIssued>
 <issuance>monographic</issuance>
</originInfo>
<physicalDescription>
 <note type="source content type">deposited</note>
 <digitalOrigin>born digital</digitalOrigin>
 <extent>8 p.</extent>
</physicalDescription>
<classification authority="sudocs">Y 1.6:</classification>
<classification authority="sudocs">Y 1.4/6:</classification>
<identifier type="local">P0b002ee1aacd4ad2</identifier>
<identifier type="uri">https://www.govinfo.gov/app/details/BILLS-117hr66ih</identifier>
<identifier type="preferred citation">H.R. 66</identifier>
<identifier type="stock number">021-610-00252-9</identifier>
<identifier type="Parent ILS system id">000501532</identifier>
<identifier type="Child ILS system id">000325573</identifier>
<identifier type="Parent ILS title">Congressional bills</identifier>
<identifier type="Child ILS title">House bills</identifier>
<identifier type="former package identifier">f:h66_ih.txt</identifier>
<location>
 <url displayLabel="Content Detail" access="object in context">https://www.govinfo.gov/app/details/BILLS-117hr66ih</url>
 <url displayLabel="HTML rendition" access="raw object">https://www.govinfo.gov/content/pkg/BILLS-117hr66ih/html/BILLS-117hr66ih.htm</url>
 <url displayLabel="PDF rendition" access="raw object">https://www.govinfo.gov/content/pkg/BILLS-117hr66ih/pdf/BILLS-117hr66ih.pdf</url>
 <url displayLabel="XML rendition" access="raw object">https://www.govinfo.gov/content/pkg/BILLS-117hr66ih/xml/BILLS-117hr66ih.xml</url>
</location>
<accessCondition type="GPO scope determination">fdlp</accessCondition>
<recordInfo>
 <recordContentSource authority="marcorg">DGPO</recordContentSource>
 <recordCreationDate encoding="w3cdtf">2021-01-13</recordCreationDate>
 <recordChangeDate encoding="w3cdtf">2021-01-13</recordChangeDate>
 <recordIdentifier source="DGPO">BILLS-117hr66ih</recordIdentifier>
 <recordOrigin>machine generated</recordOrigin>
 <languageOfCataloging>
  <languageTerm type="code" authority="iso639-2b">eng</languageTerm>
</languageOfCataloging>
</recordInfo>
<name type="personal">
 <namePart>Vern Buchanan</namePart>
 <affiliation>United States House of Representatives</affiliation>
 <role>
  <roleTerm authority="marcrelator" type="text">sponsor</roleTerm>
  <roleTerm authority="marcrelator" type="code">spn</roleTerm>
</role>
 <description>United States Congress Member</description>
</name>
<name type="personal">
 <namePart>Lucy McBath</namePart>
 <affiliation>United States House of Representatives</affiliation>
 <role>
  <roleTerm type="text">cosponsor</roleTerm>
</role>
 <description>United States Congress Member</description>
</name>
<name type="corporate">
 <namePart>United States</namePart>
 <namePart>Congress</namePart>
 <namePart>House of Representatives</namePart>
 <namePart>Committee on Energy and Commerce</namePart>
 <role>
  <roleTerm authority="marcrelator" type="text">associated name</roleTerm>
  <roleTerm authority="marcrelator" type="code">asn</roleTerm>
</role>
</name>
<relatedItem type="isReferencedBy">
 <titleInfo>
  <title>United States Code</title>
  <partNumber>Title 42 Section 1320b-9a(i)(1)</partNumber>
  <partNumber>Title 42 Section 1396a(e)(13)</partNumber>
  <partNumber>Title 42 Section 1396a(gg)(2)</partNumber>
  <partNumber>Title 42 Section 1397dd(a)(28)</partNumber>
  <partNumber>Title 42 Section 1397dd(m)</partNumber>
  <partNumber>Title 42 Section 1397dd(n)</partNumber>
  <partNumber>Title 42 Section 1397ee(d)(3)</partNumber>
  <partNumber>Title 42 Section 1397ee(g)(4)</partNumber>
  <partNumber>Title 42 Section 1397mm</partNumber>
</titleInfo>
 <identifier type="USC citation">42 U.S.C. 1320b-9a(i)(1)</identifier>
 <identifier type="USC citation">42 U.S.C. 1396a(e)(13)</identifier>
 <identifier type="USC citation">42 U.S.C. 1396a(gg)(2)</identifier>
 <identifier type="USC citation">42 U.S.C. 1397dd(a)(28)</identifier>
 <identifier type="USC citation">42 U.S.C. 1397dd(m)</identifier>
 <identifier type="USC citation">42 U.S.C. 1397dd(n)</identifier>
 <identifier type="USC citation">42 U.S.C. 1397ee(d)(3)</identifier>
 <identifier type="USC citation">42 U.S.C. 1397ee(g)(4)</identifier>
 <identifier type="USC citation">42 U.S.C. 1397mm</identifier>
</relatedItem>
<relatedItem type="isReferencedBy">
 <titleInfo>
  <title>United States Public Law 123 (115th Congress)</title>
</titleInfo>
 <identifier type="public law citation">Public Law 115-123</identifier>
</relatedItem>
<extension>
 <docClass>hr</docClass>
 <accessId>BILLS-117hr66ih</accessId>
 <congress>117</congress>
 <session>1</session>
 <originChamber>HOUSE</originChamber>
 <currentChamber>HOUSE</currentChamber>
 <billNumber>66</billNumber>
 <billVersion reprint="false">ih</billVersion>
 <fileSuffix>ih</fileSuffix>
 <shortTitle type="measure">Comprehensive Access to Robust Insurance Now Guaranteed for Kids Act</shortTitle>
 <shortTitle type="measure">CARING for Kids Act</shortTitle>
 <officialTitle>To amend title XXI of the Social Security Act to permanently extend the Children’s Health Insurance Program, and for other purposes.</officialTitle>
 <action date="2021-01-04">Mr. Buchanan (for himself and Mrs. McBath) introduced the following bill; which was referred to the Committee on Energy and Commerce</action>
 <congCommittee authorityId="hsif00" chamber="H" congress="117" type="S">
                      <name type="authority-standard">Committee on Energy and Commerce</name>
                      <name type="authority-short">Energy and Commerce</name>
                </congCommittee>
 <congMember authorityId="1840" bioGuideId="B001260" chamber="H" congress="117" gpoId="7885" party="R" role="SPONSOR" state="FL">
                      <name type="parsed">Mr. Buchanan</name>
                      <name type="authority-fnf">Vern Buchanan</name>
                      <name type="authority-lnf">Buchanan, Vern</name>
                </congMember>
 <congMember authorityId="2392" bioGuideId="M001208" chamber="H" congress="117" party="D" role="COSPONSOR" state="GA">
                      <name type="parsed">Mrs. McBath</name>
                      <name type="authority-fnf">Lucy McBath</name>
                      <name type="authority-lnf">McBath, Lucy</name>
                </congMember>
 <law congress="115" isPrivate="false" number="123"></law>
 <isPrivate>false</isPrivate>
 <isAppropriation>false</isAppropriation>
 <USCode title="42">
                      <section detail="(i)(1)" number="1320b-9a"></section>
                      <section detail="(e)(13)" number="1396a"></section>
                      <section detail="(gg)(2)" number="1396a"></section>
                      <section detail="(a)(28)" number="1397dd"></section>
                      <section detail="(m)" number="1397dd"></section>
                      <section detail="(n)" number="1397dd"></section>
                      <section detail="(d)(3)" number="1397ee"></section>
                      <section detail="(g)(4)" number="1397ee"></section>
                      <section number="1397mm"></section>
                </USCode>
</extension>
</mods>