<?xml version="1.0"?>
<?xml-stylesheet type="text/xsl" href="billres.xsl"?>
<!DOCTYPE resolution PUBLIC "-//US Congress//DTDs/res.dtd//EN" "res.dtd">
<resolution public-private="public" resolution-stage="Agreed-to-Senate" resolution-type="senate-concurrent" star-print="no-star-print" key="G"> 
<metadata xmlns:dc="http://purl.org/dc/elements/1.1/">
<dublinCore>
<dc:title>117 SCON 1 ATS: To provide for the counting on January 6, 2021, of the electoral votes for President and Vice President of the United States.</dc:title>
<dc:publisher>U.S. Senate</dc:publisher>
<dc:date>2021-01-03</dc:date>
<dc:format>text/xml</dc:format>
<dc:language>EN</dc:language>
<dc:rights>Pursuant to Title 17 Section 105 of the United States Code, this file is not subject to copyright protection and is in the public domain.</dc:rights>
</dublinCore>
</metadata>
<form>
<distribution-code display="yes">III</distribution-code> 
<congress display="yes">117th CONGRESS</congress> 
<session display="yes">1st Session</session> 
<legis-num>S. CON. RES. 1</legis-num> 
<current-chamber>IN THE SENATE OF THE UNITED STATES</current-chamber> 
<action display="yes"> 
<action-date date="20210103">January 3, 2021</action-date> 
<action-desc><sponsor name-id="S174">Mr. McConnell</sponsor> submitted the following concurrent resolution; which was considered and agreed to</action-desc> 
</action> 
<legis-type>CONCURRENT RESOLUTION</legis-type> 
<official-title display="yes">To provide for the counting on January 6, 2021, of the electoral votes for President and Vice President of the United States.</official-title> 
</form> 
<resolution-body id="H07569CD746604977A2A8B0D074BEB63C"> 
<section id="S1" display-inline="yes-display-inline" section-type="undesignated-section"><text>That the two Houses of Congress shall meet in the Hall of the House of Representatives on Wednesday, the 6<superscript>th</superscript> day of January 2021, at 1 o'clock post meridian, pursuant to the requirements of the Constitution and laws relating to the election of President and Vice President of the United States, and the President of the Senate shall be their Presiding Officer; that two tellers shall be previously appointed by the President of the Senate on the part of the Senate and two by the Speaker on the part of the House of Representatives, to whom shall be handed, as they are opened by the President of the Senate, all the certificates and papers purporting to be certificates of the electoral votes, which certificates and papers shall be opened, presented, and acted upon in the alphabetical order of the States, beginning with the letter “A”; and said tellers, having then read the same in the presence and hearing of the two Houses, shall make a list of the votes as they shall appear from said certificates; and the votes having been ascertained and counted in the manner and according to the rules by law provided, the result of the same shall be delivered to the President of the Senate, who shall thereupon announce the state of the vote, which announcement shall be deemed a sufficient declaration of the persons, if any, elected President and Vice President of the United States, and together with a list of the votes, be entered on the Journals of the two Houses. </text></section> </resolution-body> </resolution> 

