<?xml version="1.0"?>
<?xml-stylesheet type="text/xsl" href="billres.xsl"?>
<!DOCTYPE resolution PUBLIC "-//US Congress//DTDs/res.dtd//EN" "res.dtd">
<resolution resolution-stage="Introduced-in-House" dms-id="HCC414A0DDED0486B98613C48ABF9FA25" public-private="public" resolution-type="house-resolution" star-print="no-star-print" key="H"><metadata xmlns:dc="http://purl.org/dc/elements/1.1/">
<dublinCore>
<dc:title>117 HRES 42 IH: Amending the Rules of the House of Representatives to fine Members, Delegates, and the Resident Commissioner who do not wear masks in the Capitol complex.</dc:title>
<dc:publisher>U.S. House of Representatives</dc:publisher>
<dc:date>2021-01-12</dc:date>
<dc:format>text/xml</dc:format>
<dc:language>EN</dc:language>
<dc:rights>Pursuant to Title 17 Section 105 of the United States Code, this file is not subject to copyright protection and is in the public domain.</dc:rights>
</dublinCore>
</metadata>
<form>
<distribution-code display="yes">IV</distribution-code><congress display="yes">117th CONGRESS</congress><session display="yes">1st Session</session><legis-num display="yes">H. RES. 42</legis-num><current-chamber>IN THE HOUSE OF REPRESENTATIVES</current-chamber><action display="yes"><action-date date="20210112">January 12, 2021</action-date><action-desc><sponsor name-id="D000624">Mrs. Dingell</sponsor> (for herself, <cosponsor name-id="W000788">Ms. Williams of Georgia</cosponsor>, <cosponsor name-id="J000306">Mr. Jones</cosponsor>, <cosponsor name-id="H000324">Mr. Hastings</cosponsor>, <cosponsor name-id="P000604">Mr. Payne</cosponsor>, <cosponsor name-id="M001203">Mr. Malinowski</cosponsor>, <cosponsor name-id="M001166">Mr. McNerney</cosponsor>, <cosponsor name-id="J000294">Mr. Jeffries</cosponsor>, <cosponsor name-id="P000607">Mr. Pocan</cosponsor>, <cosponsor name-id="C001084">Mr. Cicilline</cosponsor>, <cosponsor name-id="G000559">Mr. Garamendi</cosponsor>, <cosponsor name-id="M001188">Ms. Meng</cosponsor>, <cosponsor name-id="C001067">Ms. Clarke of New York</cosponsor>, <cosponsor name-id="L000593">Mr. Levin of California</cosponsor>, <cosponsor name-id="E000297">Mr. Espaillat</cosponsor>, <cosponsor name-id="D000623">Mr. DeSaulnier</cosponsor>, <cosponsor name-id="G000551">Mr. Grijalva</cosponsor>, <cosponsor name-id="P000597">Ms. Pingree</cosponsor>, <cosponsor name-id="C000754">Mr. Cooper</cosponsor>, <cosponsor name-id="C001072">Mr. Carson</cosponsor>, <cosponsor name-id="C001066">Ms. Castor of Florida</cosponsor>, <cosponsor name-id="R000602">Miss Rice of New York</cosponsor>, <cosponsor name-id="C001117">Mr. Casten</cosponsor>, <cosponsor name-id="A000378">Mrs. Axne</cosponsor>, <cosponsor name-id="B001278">Ms. Bonamici</cosponsor>, <cosponsor name-id="V000081">Ms. Velázquez</cosponsor>, <cosponsor name-id="J000298">Ms. Jayapal</cosponsor>, <cosponsor name-id="W000808">Ms. Wilson of Florida</cosponsor>, <cosponsor name-id="S001200">Mr. Soto</cosponsor>, <cosponsor name-id="S001175">Ms. Speier</cosponsor>, <cosponsor name-id="J000288">Mr. Johnson of Georgia</cosponsor>, <cosponsor name-id="T000486">Mr. Torres of New York</cosponsor>, <cosponsor name-id="L000551">Ms. Lee of California</cosponsor>, <cosponsor name-id="S001185">Ms. Sewell</cosponsor>, <cosponsor name-id="T000193">Mr. Thompson of Mississippi</cosponsor>, <cosponsor name-id="D000617">Ms. DelBene</cosponsor>, <cosponsor name-id="B000490">Mr. Bishop of Georgia</cosponsor>, <cosponsor name-id="H001081">Mrs. Hayes</cosponsor>, <cosponsor name-id="B001304">Mr. Brown</cosponsor>, <cosponsor name-id="S001193">Mr. Swalwell</cosponsor>, <cosponsor name-id="M001163">Ms. Matsui</cosponsor>, <cosponsor name-id="P000616">Mr. Phillips</cosponsor>, <cosponsor name-id="M000687">Mr. Mfume</cosponsor>, and <cosponsor name-id="R000515">Mr. Rush</cosponsor>) submitted the following resolution; which was referred to the <committee-name committee-id="HRU00">Committee on Rules</committee-name>, and in addition to the Committee on <committee-name committee-id="HSO00">Ethics</committee-name>, for a period to be subsequently determined by the Speaker, in each case for consideration of such provisions as fall within the jurisdiction of the committee concerned</action-desc></action><legis-type>RESOLUTION</legis-type><official-title display="yes">Amending the Rules of the House of Representatives to fine Members, Delegates, and the Resident Commissioner who do not wear masks in the Capitol complex.</official-title></form><resolution-body style="OLC" id="HBCC8717074684E0BB0B78C96B5E67B0C"><section id="HE09A91F35E534D0280BF7456C5079930" section-type="section-one" display-inline="no-display-inline"><enum>1.</enum><header>Code of Official Conduct</header><text display-inline="no-display-inline">Rule XXIII of the Rules of the House of Representatives is amended by redesignating clause 22 as clause 23 and by inserting after clause 21 the following new clause:</text><quoted-block style="OLC" id="H7DE87B33100748F18C15ACBB65213067" display-inline="no-display-inline"><rules-clause id="H3928DD71EA244CA3B4EFC5E937603CA7"><enum>22.</enum><text display-inline="yes-display-inline">A Member, Delegate, or Resident Commissioner is required to wear a mask in the Capitol complex until the Centers for Disease Control and Prevention no longer recommends wearing masks inside of buildings.</text></rules-clause><after-quoted-block>.</after-quoted-block></quoted-block></section><section id="H8D500B7EC8404BC1AF9D6484948BDBB1" section-type="subsequent-section" display-inline="no-display-inline"><enum>2.</enum><header>Duties of the Committee on Ethics</header><text display-inline="no-display-inline">Clause 3 of rule XI of the Rules of the House of Representatives is amended by adding at the end the following new paragraph:</text><quoted-block style="OLC" id="H073AE1556C0040BFB953EA19BF34911B" display-inline="no-display-inline"><paragraph id="HA22972E03056462696CD24C269139B34" indent="up1"><enum>(t)</enum><header>Violations of clause 22 of the Code of Official Conduct</header><text display-inline="yes-display-inline">Whenever the committee determines that any Member, Delegate, or Resident Commissioner has violated clause 22 of the Code of Official Conduct, the committee shall fine such individual $1,000 for each day that such violation occurs.</text></paragraph><after-quoted-block>.</after-quoted-block></quoted-block></section></resolution-body></resolution> 

