<?xml version="1.0"?>
<?xml-stylesheet type="text/xsl" href="billres.xsl"?>
<!DOCTYPE bill PUBLIC "-//US Congress//DTDs/bill.dtd//EN" "bill.dtd">
<bill bill-stage="Introduced-in-House" dms-id="H63942F112C5D42B0814D2BC7F8139493" public-private="public" key="H" bill-type="olc"><metadata xmlns:dc="http://purl.org/dc/elements/1.1/">
<dublinCore>
<dc:title>117 HR 53 IH: Freedom for Families Act</dc:title>
<dc:publisher>U.S. House of Representatives</dc:publisher>
<dc:date>2021-01-04</dc:date>
<dc:format>text/xml</dc:format>
<dc:language>EN</dc:language>
<dc:rights>Pursuant to Title 17 Section 105 of the United States Code, this file is not subject to copyright protection and is in the public domain.</dc:rights>
</dublinCore>
</metadata>
<form>
<distribution-code display="yes">I</distribution-code><congress display="yes">117th CONGRESS</congress><session display="yes">1st Session</session><legis-num display="yes">H. R. 53</legis-num><current-chamber>IN THE HOUSE OF REPRESENTATIVES</current-chamber><action display="yes"><action-date date="20210104">January 4, 2021</action-date><action-desc><sponsor name-id="B001302">Mr. Biggs</sponsor> introduced the following bill; which was referred to the <committee-name committee-id="HWM00">Committee on Ways and Means</committee-name></action-desc></action><legis-type>A BILL</legis-type><official-title display="yes">To amend the Internal Revenue Code of 1986 to allow for tax-advantaged distributions from health savings accounts during family or medical leave, and for other purposes.</official-title></form><legis-body id="H6B7F850FB7344ED7AEE0644F01428C03" style="OLC"><section id="H15F2E45B94554986A99ABAB66BFC08C6" section-type="section-one"><enum>1.</enum><header>Short title</header><text display-inline="no-display-inline">This Act may be cited as the <quote><short-title>Freedom for Families Act</short-title></quote>.</text></section><section id="H87513EE650EF4E7FA8B9077FBC6BF7D2"><enum>2.</enum><header>Distributions from health savings accounts during periods of qualified caregiving</header><subsection id="H48DCE501FC2F4EF4BEAD1C95D798B7F0"><enum>(a)</enum><header>In general</header><text display-inline="yes-display-inline">Paragraphs (1) and (2) of <external-xref legal-doc="usc" parsable-cite="usc/26/223">section 223(f)</external-xref> of the Internal Revenue Code of 1986 are amended to read as follows:</text><quoted-block display-inline="no-display-inline" id="HD3D40F0097B74E69BAC63AAC9FA8EA15" style="OLC"><paragraph id="HD7451CC87A6C4600B8580664CE6CBBB4"><enum>(1)</enum><header>Exclusion of amounts used for qualified medical expenses or distributed during periods of qualified caregiving</header><text display-inline="yes-display-inline">Any amount paid or distributed out of a health savings account shall not be includible in gross income if it is—</text><subparagraph id="HD7A37E2992C84EE295CE8CE23292C5B0"><enum>(A)</enum><text>used exclusively to pay qualified medical expenses of any account beneficiary, or</text></subparagraph><subparagraph id="HE078491BF04448578A737F8D51AE4C25"><enum>(B)</enum><text display-inline="yes-display-inline">paid or distributed during a period of qualified caregiving.</text></subparagraph></paragraph><paragraph id="H4E4563722F39455698B40B57870D3C13"><enum>(2)</enum><header>Inclusion of amounts neither used for qualified medical expenses nor distributed during periods of qualified caregiving</header><text display-inline="yes-display-inline">Any amount paid or distributed out of a health savings account shall be included in the gross income of the account beneficiary if it is not described in paragraph (1).</text></paragraph><after-quoted-block>.</after-quoted-block></quoted-block></subsection><subsection id="H178CCCF2C77246338C352267F657DD22"><enum>(b)</enum><header>Definition of period of qualified caregiving</header><text display-inline="yes-display-inline"><external-xref legal-doc="usc" parsable-cite="usc/26/223">Section 223(f)</external-xref> of the Internal Revenue Code of 1986 is amended by adding at the end the following new paragraph:</text><quoted-block display-inline="no-display-inline" id="HA9FC1CFB244643F0AB062DB549F9B2AC" style="OLC"><paragraph id="HA2E77DABC917496898812FF3BB19C18D" indent="up1"><enum>(9)</enum><header>Period of qualified caregiving</header><text display-inline="yes-display-inline">For purposes of this section, the term <term>period of qualified caregiving</term> means any period during which an individual is on leave or not employed by reason of a situation described in subparagraphs (A) through (E) of section 102(a)(1) of the Family and Medical Leave Act of 1993.</text></paragraph><after-quoted-block>.</after-quoted-block></quoted-block></subsection><subsection id="H2DC795BF49524E118069E01D1CE75B49"><enum>(c)</enum><header>Conforming amendments</header><paragraph id="H7AFBA54737FC4E87A33157F7BB58A774"><enum>(1)</enum><text display-inline="yes-display-inline">Section 223(d)(1) of such Code is amended by inserting <quote>or the expenses incurred during a period of qualified caregiving of the account beneficiary</quote>.</text></paragraph><paragraph id="H0C059FAAA1F74FBA910192AB5DD43333"><enum>(2)</enum><text>Section 223(f)(4) of such Code is amended in the heading by striking <quote><header-in-text level="paragraph" style="OLC">distributions not used for qualified medical expenses</header-in-text></quote> and inserting <quote><header-in-text level="paragraph" style="OLC">certain distributions</header-in-text></quote>.</text></paragraph></subsection><subsection id="H8321A404041B4DE5953E9DA181C2349A"><enum>(d)</enum><header>Effective date</header><text>The amendments made by this section shall apply with respect to taxable years beginning after the date of the enactment of this Act.</text></subsection></section><section id="H411D2EE4165B419AB1984ED865FAC1B9" section-type="subsequent-section"><enum>3.</enum><header>No high deductible health plan required for health savings accounts</header><subsection id="HC16DC1A5AF9A48A49C73437D54DB8DBD"><enum>(a)</enum><header>In general</header><text display-inline="yes-display-inline"><external-xref legal-doc="usc" parsable-cite="usc/26/223">Section 223(a)</external-xref> of the Internal Revenue Code of 1986 is amended by striking <quote>who is an eligible individual for any month during the taxable year</quote>.</text></subsection><subsection id="H7744E9B5605A46C8BFD4341D73190DE5"><enum>(b)</enum><header>Conforming amendments</header><paragraph id="H633F9D228A0B42C4AE35992785CC0BAA"><enum>(1)</enum><text display-inline="yes-display-inline">Section 223(b) of such Code is amended by striking paragraphs (7) and (8).</text></paragraph><paragraph id="HD39CB77C7C8047D8A239A547D8C8C61B"><enum>(2)</enum><text display-inline="yes-display-inline">Section 223 of such Code is amended by striking subsection (c).</text></paragraph></subsection><subsection id="H597DEFD3EACA4E0E9C97A35AB22F68C6"><enum>(c)</enum><header>Increase in contribution limit for health savings accounts</header><paragraph id="H775B644F64A44848AC0FEACAFB7B4287"><enum>(1)</enum><header>In general</header><text><external-xref legal-doc="usc" parsable-cite="usc/26/223">Section 223(b)(1)</external-xref> of the Internal Revenue Code of 1986 is amended by striking <quote>the sum of the monthly</quote> and all that follows through <quote>eligible individual</quote> and inserting <quote>$9,000 (twice such amount in the case of a joint return)</quote>.</text></paragraph><paragraph id="HF94ECC85EB434491A6B9BBC5B1A9AB82"><enum>(2)</enum><header>Conforming amendments</header><subparagraph id="H36570F3653884CEE9FA627D2D0813148"><enum>(A)</enum><text>Section 223(b) of such Code is amended by striking paragraphs (2), (3), and (5) and by redesignating paragraphs (4) and (6) as paragraphs (2) and (3), respectively.</text></subparagraph><subparagraph id="HB0E362B14B1742D894A878BA0E627045"><enum>(B)</enum><text>Section 223(b)(2) of such Code (as redesignated by subparagraph (A)) is amended by striking the last sentence.</text></subparagraph><subparagraph id="H1196E67FE909478CBD341DBC1AC80633"><enum>(C)</enum><text>Section 223(d)(1)(A)(ii) is amended by striking <quote>the sum of</quote> and all that follows through the period at the end and inserting <quote>the dollar amount in effect under subsection (b)(1).</quote>.</text></subparagraph><subparagraph id="HF6B931A7ED204833BD5FD549C3244E91"><enum>(D)</enum><text>Section 223(g)(1) of such Code is amended—</text><clause id="H9B05554E020448F5B61D935974435551"><enum>(i)</enum><text>by striking <quote>Each dollar amount in subsections (b)(2) and (c)(2)(A)</quote> and inserting <quote>The dollar amount in subsection (b)(1)</quote>;</text></clause><clause id="HA367DF8F7B2444BABC59A47F5A403841"><enum>(ii)</enum><text>by striking <quote>thereof</quote> and all that follows through <quote><quote>calendar year 2003</quote>.</quote> and inserting <quote><quote>calendar year 1997</quote>.</quote>; and</text></clause><clause id="H16E397841CD74B12A8DFF388C101FB67"><enum>(iii)</enum><text display-inline="yes-display-inline">by striking <quote>under subsections (b)(2) and (c)(2)(A)</quote> and inserting <quote>under subsection (b)(1)</quote>.</text></clause></subparagraph></paragraph></subsection><subsection id="HD7901B26CA6A4633948C5BD2B2243334"><enum>(d)</enum><header>Effective date</header><text>The amendments made by this section shall apply with respect to months in taxable years beginning after the date of the enactment of this Act.</text></subsection></section></legis-body></bill> 

