<?xml version="1.0"?>
<?xml-stylesheet type="text/xsl" href="billres.xsl"?>
<!DOCTYPE resolution PUBLIC "-//US Congress//DTDs/res.dtd//EN" "res.dtd">
<resolution dms-id="H76F99AE17C034BD6BBE648F3E20DFD98" public-private="public" resolution-stage="Engrossed-in-House" resolution-type="house-resolution" star-print="no-star-print" key="H" stage-count="1"> 
<metadata xmlns:dc="http://purl.org/dc/elements/1.1/">
<dublinCore>
<dc:title>117 HRES 36 EH: Electing Members to certain standing committees of the House of Representatives.</dc:title>
<dc:publisher>U.S. House of Representatives</dc:publisher>
<dc:date>2021-01-12</dc:date>
<dc:format>text/xml</dc:format>
<dc:language>EN</dc:language>
<dc:rights>Pursuant to Title 17 Section 105 of the United States Code, this file is not subject to copyright protection and is in the public domain.</dc:rights>
</dublinCore>
</metadata>
<form>
<distribution-code display="no">IV</distribution-code> 
<congress display="no">117th CONGRESS</congress> 
<session display="no">1st Session</session> 
<legis-num>H. RES. 36</legis-num> 
<current-chamber display="yes">In the House of Representatives, U. S.,</current-chamber>
<action>
<action-date date="20210112">January 12, 2021</action-date>
</action> 
<legis-type display="yes">RESOLUTION</legis-type> 
<official-title display="no">Electing Members to certain standing committees of the House of Representatives.</official-title> 
</form> 
<resolution-body style="traditional" id="H58A8A2D2D8E6460DBDEE1206F313533C"> 
<section display-inline="yes-display-inline" section-type="undesignated-section" id="H8EA73DDF831447C396ECA32603710511"><text>That the following named Members be, and are hereby, elected to the following standing committees of the House of Representatives:</text> <committee-appointment-paragraph><header>Committee on Ethics:</header><text>Mrs. Walorski.</text></committee-appointment-paragraph>

<committee-appointment-paragraph><header>Committee on Rules:</header><text>Mr. Cole, Mr. Burgess, Mrs. Lesko, Mr. Reschenthaler. </text></committee-appointment-paragraph> </section> </resolution-body> <attestation><attestation-group><attestor display="no">Cheryl L. Johnson,</attestor><role>Clerk.</role></attestation-group></attestation> </resolution> 

