<?xml version="1.0" encoding="utf-8" standalone="no"?>
<billStatus>
  <bill>
    <billNumber>101</billNumber>
    <createDate>2021-03-10T05:57:14Z</createDate>
    <updateDate>2022-02-09T12:35:53Z</updateDate>
    <originChamber>Senate</originChamber>
    <billType>SRES</billType>
    <introducedDate>2021-03-09</introducedDate>
    <congress>117</congress>
    <recordedVotes/>
    <committees>
      <billCommittees>
        <item>
          <systemCode>ssfi00</systemCode>
          <name>Finance Committee</name>
          <chamber>Senate</chamber>
          <type>Standing</type>
          <subcommittees/>
          <activities>
            <item>
              <name>Referred to</name>
              <date>2021-03-10T00:05:39Z</date>
            </item>
          </activities>
        </item>
      </billCommittees>
    </committees>
    <committeeReports/>
    <relatedBills/>
    <actions>
      <item>
        <actionDate>2021-03-09</actionDate>
        <committees>
          <item>
            <systemCode>ssfi00</systemCode>
            <name>Finance Committee</name>
          </item>
        </committees>
        <links/>
        <sourceSystem>
          <code>0</code>
          <name>Senate</name>
        </sourceSystem>
        <text>Referred to the Committee on Finance. (text: CR S1431)</text>
        <type>IntroReferral</type>
      </item>
      <item>
        <actionDate>2021-03-09</actionDate>
        <links/>
        <text>Introduced in Senate</text>
        <type>IntroReferral</type>
        <actionCode>10000</actionCode>
        <sourceSystem>
          <code>9</code>
          <name>Library of Congress</name>
        </sourceSystem>
        <committees/>
      </item>
      <actionTypeCounts>
        <referredToCommittee>1</referredToCommittee>
        <introducedInSenate>1</introducedInSenate>
      </actionTypeCounts>
      <actionByCounts>
        <senate>2</senate>
      </actionByCounts>
    </actions>
    <sponsors>
      <item>
        <bioguideId>P000449</bioguideId>
        <fullName>Sen. Portman, Rob [R-OH]</fullName>
        <firstName>Rob</firstName>
        <middleName/>
        <lastName>Portman</lastName>
        <party>R</party>
        <state>OH</state>
        <identifiers>
          <lisID>924</lisID>
          <bioguideId>P000449</bioguideId>
          <gpoId>8266</gpoId>
        </identifiers>
        <byRequestType/>
      </item>
    </sponsors>
    <cosponsors>
      <item>
        <bioguideId>C000141</bioguideId>
        <fullName>Sen. Cardin, Benjamin L. [D-MD]</fullName>
        <firstName>Ben</firstName>
        <middleName/>
        <lastName>Cardin</lastName>
        <party>D</party>
        <state>MD</state>
        <identifiers>
          <lisID>174</lisID>
          <bioguideId>C000141</bioguideId>
          <gpoId>8287</gpoId>
        </identifiers>
        <sponsorshipDate>2021-03-09</sponsorshipDate>
        <isOriginalCosponsor>True</isOriginalCosponsor>
        <sponsorshipWithdrawnDate/>
      </item>
    </cosponsors>
    <cboCostEstimates/>
    <laws/>
    <notes/>
    <policyArea>
      <name>Foreign Trade and International Finance</name>
    </policyArea>
    <subjects>
      <billSubjects>
        <legislativeSubjects>
          <item>
            <name>Competitiveness, trade promotion, trade deficits</name>
          </item>
          <item>
            <name>Free trade and trade barriers</name>
          </item>
          <item>
            <name>International Affairs</name>
          </item>
          <item>
            <name>International monetary system and foreign exchange</name>
          </item>
          <item>
            <name>International organizations and cooperation</name>
          </item>
          <item>
            <name>Rule of law and government transparency</name>
          </item>
          <item>
            <name>Trade agreements and negotiations</name>
          </item>
        </legislativeSubjects>
        <policyArea>
          <name>Foreign Trade and International Finance</name>
        </policyArea>
      </billSubjects>
    </subjects>
    <summaries>
      <billSummaries>
        <item>
          <versionCode>00</versionCode>
          <actionDate>2021-03-09</actionDate>
          <actionDesc>Introduced in Senate</actionDesc>
          <lastSummaryUpdateDate>2021-03-16T16:48:07Z</lastSummaryUpdateDate>
          <text>
            <![CDATA[ <p>This resolution expresses the sense of the Senate that the World Trade Organization (WTO) is in need of significant reforms and that the United States, acting through the U.S. Trade Representative, must lead efforts to achieve such reforms.</p> <p>Specifically, the Senate urges reforms to the negotiating and dispute settlement functions of the WTO, as well as to the rules for special and differential treatment for disadvantaged countries. </p>]]>
          </text>
          <updateDate>2021-03-09T05:00:00Z</updateDate>
          <name>Introduced in Senate</name>
        </item>
      </billSummaries>
    </summaries>
    <title>A resolution expressing the sense of the Senate that, while the United States finds value and usefulness in the World Trade Organization in fulfilling the needs of the United States and other free and open economies in the 21st century, significant reforms at the World Trade Organization are needed and the United States must therefore continue to demonstrate leadership to achieve those reforms.</title>
    <titles>
      <item>
        <titleType>Display Title</titleType>
        <parentTitleType/>
        <title>A resolution expressing the sense of the Senate that, while the United States finds value and usefulness in the World Trade Organization in fulfilling the needs of the United States and other free and open economies in the 21st century, significant reforms at the World Trade Organization are needed and the United States must therefore continue to demonstrate leadership to achieve those reforms.</title>
        <chamberCode/>
        <chamberName/>
      </item>
      <item>
        <titleType>Official Title as Introduced</titleType>
        <parentTitleType/>
        <title>A resolution expressing the sense of the Senate that, while the United States finds value and usefulness in the World Trade Organization in fulfilling the needs of the United States and other free and open economies in the 21st century, significant reforms at the World Trade Organization are needed and the United States must therefore continue to demonstrate leadership to achieve those reforms.</title>
        <chamberCode/>
        <chamberName/>
      </item>
    </titles>
    <amendments/>
    <textVersions>
      <item>
        <type>Introduced in Senate</type>
        <date>2021-03-09T05:00:00Z</date>
        <formats>
          <item>
            <url>https://www.govinfo.gov/content/pkg/BILLS-117sres101is/xml/BILLS-117sres101is.xml</url>
          </item>
        </formats>
      </item>
    </textVersions>
    <latestAction>
      <actionDate>2021-03-09</actionDate>
      <text>Referred to the Committee on Finance. (text: CR S1431)</text>
      <links/>
    </latestAction>
    <calendarNumbers/>
    <version>1.0.0</version>
  </bill>
  <dublinCore xmlns:dc="http://purl.org/dc/elements/1.1/">
    <dc:format>text/xml</dc:format>
    <dc:language>EN</dc:language>
    <dc:rights>Pursuant to Title 17 Section 105 of the United States Code, this file is not subject to copyright protection and is in the public domain.</dc:rights>
    <dc:contributor>Congressional Research Service, Library of Congress</dc:contributor>
    <dc:description>This file contains bill summaries and statuses for federal legislation. A bill summary describes the most significant provisions of a piece of legislation and details the effects the legislative text may have on current law and federal programs. Bill summaries are authored by the Congressional Research Service (CRS) of the Library of Congress. As stated in Public Law 91-510 (2 USC 166 (d)(6)), one of the duties of CRS is "to prepare summaries and digests of bills and resolutions of a public general nature introduced in the Senate or House of Representatives". For more information, refer to the User Guide that accompanies this file.</dc:description>
  </dublinCore>
</billStatus>
