<mods xmlns:xlink="http://www.w3.org/1999/xlink" xmlns:xsi="http://www.w3.org/2001/XMLSchema-instance" xmlns="http://www.loc.gov/mods/v3" version="3.3" xsi:schemaLocation="http://www.loc.gov/mods/v3 http://www.loc.gov/standards/mods/v3/mods-3-3.xsd" ID="P0b002ee1aadaf0b0">
<name type="corporate">
 <namePart>United States Government Publishing Office</namePart>
 <role>
  <roleTerm authority="marcrelator" type="text">publisher</roleTerm>
  <roleTerm authority="marcrelator" type="code">pbl</roleTerm>
</role>
 <role>
  <roleTerm authority="marcrelator" type="text">distributor</roleTerm>
  <roleTerm authority="marcrelator" type="code">dst</roleTerm>
</role>
</name>
<name type="corporate">
 <namePart>United States</namePart>
 <namePart>Congress</namePart>
 <namePart>House of Representatives</namePart>
 <role>
  <roleTerm authority="marcrelator" type="text">author</roleTerm>
  <roleTerm authority="marcrelator" type="code">aut</roleTerm>
</role>
 <description>Government Organization</description>
</name>
<typeOfResource>text</typeOfResource>
<genre authority="marcgt">government publication</genre>
<language>
 <languageTerm type="code" authority="iso639-2b">eng</languageTerm>
</language>
<extension>
 <collectionCode>BILLS</collectionCode>
 <searchTitle>Providing for congressional disapproval of the proposed transfer to the Kingdom of Saudi Arabia, the United Kingdom of Great Britain and Northern Ireland, the Kingdom of Spain, and the Italian Republic of certain defense articles and services.;H.J. Res. 16 (IH)
    </searchTitle>
 <category>Bills and Statutes</category>
 <waisDatabaseName>117_cong_bills</waisDatabaseName>
 <branch>legislative</branch>
 <dateIngested>2021-01-16</dateIngested>
</extension>
<titleInfo>
 <title>Providing for congressional disapproval of the proposed transfer to the Kingdom of Saudi Arabia, the United Kingdom of Great Britain and Northern Ireland, the Kingdom of Spain, and the Italian Republic of certain defense articles and services.</title>
</titleInfo>
<titleInfo type="alternative">
 <title>H.J. Res. 16 (IH)
    </title>
</titleInfo>
<originInfo>
 <publisher>U.S. Government Publishing Office</publisher>
 <dateIssued encoding="w3cdtf">2021-01-15</dateIssued>
 <issuance>monographic</issuance>
</originInfo>
<physicalDescription>
 <note type="source content type">deposited</note>
 <digitalOrigin>born digital</digitalOrigin>
 <extent>2 p.</extent>
</physicalDescription>
<classification authority="sudocs">Y 1.6:</classification>
<classification authority="sudocs">Y 1.4/8:</classification>
<identifier type="local">P0b002ee1aadaf0b0</identifier>
<identifier type="uri">https://www.govinfo.gov/app/details/BILLS-117hjres16ih</identifier>
<identifier type="preferred citation">H.J. Res. 16</identifier>
<identifier type="stock number">021-610-00252-9</identifier>
<identifier type="Parent ILS system id">000501532</identifier>
<identifier type="Child ILS system id">000325570</identifier>
<identifier type="Parent ILS title">Congressional bills</identifier>
<identifier type="Child ILS title">House joint resolutions</identifier>
<identifier type="former package identifier">f:hj16_ih.txt</identifier>
<location>
 <url displayLabel="Content Detail" access="object in context">https://www.govinfo.gov/app/details/BILLS-117hjres16ih</url>
 <url displayLabel="HTML rendition" access="raw object">https://www.govinfo.gov/content/pkg/BILLS-117hjres16ih/html/BILLS-117hjres16ih.htm</url>
 <url displayLabel="PDF rendition" access="raw object">https://www.govinfo.gov/content/pkg/BILLS-117hjres16ih/pdf/BILLS-117hjres16ih.pdf</url>
 <url displayLabel="XML rendition" access="raw object">https://www.govinfo.gov/content/pkg/BILLS-117hjres16ih/xml/BILLS-117hjres16ih.xml</url>
</location>
<accessCondition type="GPO scope determination">fdlp</accessCondition>
<recordInfo>
 <recordContentSource authority="marcorg">DGPO</recordContentSource>
 <recordCreationDate encoding="w3cdtf">2021-01-16</recordCreationDate>
 <recordChangeDate encoding="w3cdtf">2021-01-16</recordChangeDate>
 <recordIdentifier source="DGPO">BILLS-117hjres16ih</recordIdentifier>
 <recordOrigin>machine generated</recordOrigin>
 <languageOfCataloging>
  <languageTerm type="code" authority="iso639-2b">eng</languageTerm>
</languageOfCataloging>
</recordInfo>
<name type="personal">
 <namePart>Gregory W. Meeks</namePart>
 <affiliation>United States House of Representatives</affiliation>
 <role>
  <roleTerm authority="marcrelator" type="text">sponsor</roleTerm>
  <roleTerm authority="marcrelator" type="code">spn</roleTerm>
</role>
 <description>United States Congress Member</description>
</name>
<name type="personal">
 <namePart>Gerald E. Connolly</namePart>
 <affiliation>United States House of Representatives</affiliation>
 <role>
  <roleTerm type="text">cosponsor</roleTerm>
</role>
 <description>United States Congress Member</description>
</name>
<name type="personal">
 <namePart>Theodore E. Deutch</namePart>
 <affiliation>United States House of Representatives</affiliation>
 <role>
  <roleTerm type="text">cosponsor</roleTerm>
</role>
 <description>United States Congress Member</description>
</name>
<name type="personal">
 <namePart>Ted Lieu</namePart>
 <affiliation>United States House of Representatives</affiliation>
 <role>
  <roleTerm type="text">cosponsor</roleTerm>
</role>
 <description>United States Congress Member</description>
</name>
<name type="personal">
 <namePart>Ro Khanna</namePart>
 <affiliation>United States House of Representatives</affiliation>
 <role>
  <roleTerm type="text">cosponsor</roleTerm>
</role>
 <description>United States Congress Member</description>
</name>
<name type="personal">
 <namePart>Barbara Lee</namePart>
 <affiliation>United States House of Representatives</affiliation>
 <role>
  <roleTerm type="text">cosponsor</roleTerm>
</role>
 <description>United States Congress Member</description>
</name>
<name type="personal">
 <namePart>James P. McGovern</namePart>
 <affiliation>United States House of Representatives</affiliation>
 <role>
  <roleTerm type="text">cosponsor</roleTerm>
</role>
 <description>United States Congress Member</description>
</name>
<name type="corporate">
 <namePart>United States</namePart>
 <namePart>Congress</namePart>
 <namePart>House of Representatives</namePart>
 <namePart>Committee on Foreign Affairs</namePart>
 <role>
  <roleTerm authority="marcrelator" type="text">associated name</roleTerm>
  <roleTerm authority="marcrelator" type="code">asn</roleTerm>
</role>
</name>
<relatedItem type="isReferencedBy">
 <titleInfo>
  <title>United States Code</title>
  <partNumber>Title 22 Section 2776</partNumber>
</titleInfo>
 <identifier type="USC citation">22 U.S.C. 2776</identifier>
</relatedItem>
<extension>
 <docClass>hjres</docClass>
 <accessId>BILLS-117hjres16ih</accessId>
 <congress>117</congress>
 <session>1</session>
 <originChamber>HOUSE</originChamber>
 <currentChamber>HOUSE</currentChamber>
 <billNumber>16</billNumber>
 <billVersion reprint="false">ih</billVersion>
 <fileSuffix>ih</fileSuffix>
 <officialTitle>Providing for congressional disapproval of the proposed transfer to the Kingdom of Saudi Arabia, the United Kingdom of Great Britain and Northern Ireland, the Kingdom of Spain, and the Italian Republic of certain defense articles and services.</officialTitle>
 <action date="2021-01-15">Mr. Meeks (for himself, Mr. Connolly, Mr. Deutch, Mr. Lieu, Mr. Khanna, Ms. Lee of California, and Mr. McGovern) submitted the following joint resolution; which was referred to the Committee on Foreign Affairs</action>
 <congCommittee authorityId="hsfa00" chamber="H" congress="117" type="S">
                      <name type="authority-standard">Committee on Foreign Affairs</name>
                      <name type="authority-short">Foreign Affairs</name>
                </congCommittee>
 <congMember authorityId="1506" bioGuideId="M001137" chamber="H" congress="117" gpoId="8067" party="D" role="SPONSOR" state="NY">
                      <name type="parsed">Mr. Meeks</name>
                      <name type="authority-fnf">Gregory W. Meeks</name>
                      <name type="authority-lnf">Meeks, Gregory W.</name>
                      <name type="authority-other">Gregory Meeks</name>
                </congMember>
 <congMember authorityId="1959" bioGuideId="C001078" chamber="H" congress="117" gpoId="8202" party="D" role="COSPONSOR" state="VA">
                      <name type="parsed">Mr. Connolly</name>
                      <name type="authority-fnf">Gerald E. Connolly</name>
                      <name type="authority-lnf">Connolly, Gerald E.</name>
                      <name type="authority-other">Mr. Gerald Connolly</name>
                </congMember>
 <congMember authorityId="1976" bioGuideId="D000610" chamber="H" congress="117" gpoId="7891" party="D" role="COSPONSOR" state="FL">
                      <name type="parsed">Mr. Deutch</name>
                      <name type="authority-fnf">Theodore E. Deutch</name>
                      <name type="authority-lnf">Deutch, Theodore E.</name>
                      <name type="authority-other">Mr. Theodore Deutch</name>
                </congMember>
 <congMember authorityId="2230" bioGuideId="L000582" chamber="H" congress="117" party="D" role="COSPONSOR" state="CA">
                      <name type="parsed">Mr. Lieu</name>
                      <name type="authority-fnf">Ted Lieu</name>
                      <name type="authority-lnf">Lieu, Ted</name>
                </congMember>
 <congMember authorityId="2308" bioGuideId="K000389" chamber="H" congress="117" party="D" role="COSPONSOR" state="CA">
                      <name type="parsed">Mr. Khanna</name>
                      <name type="authority-fnf">Ro Khanna</name>
                      <name type="authority-lnf">Khanna, Ro</name>
                </congMember>
 <congMember authorityId="1501" bioGuideId="L000551" chamber="H" congress="117" gpoId="7814" party="D" role="COSPONSOR" state="CA">
                      <name type="parsed">Ms. Lee of California</name>
                      <name type="authority-fnf">Barbara Lee</name>
                      <name type="authority-lnf">Lee, Barbara</name>
                </congMember>
 <congMember authorityId="1504" bioGuideId="M000312" chamber="H" congress="117" gpoId="7968" party="D" role="COSPONSOR" state="MA">
                      <name type="parsed">Mr. McGovern</name>
                      <name type="authority-fnf">James P. McGovern</name>
                      <name type="authority-lnf">McGovern, James P.</name>
                      <name type="authority-other">James Mcgovern</name>
                </congMember>
 <isPrivate>false</isPrivate>
 <isAppropriation>false</isAppropriation>
 <USCode title="22">
                      <section number="2776"></section>
                </USCode>
</extension>
</mods>