<mods xmlns:xlink="http://www.w3.org/1999/xlink" xmlns:xsi="http://www.w3.org/2001/XMLSchema-instance" xmlns="http://www.loc.gov/mods/v3" version="3.3" xsi:schemaLocation="http://www.loc.gov/mods/v3 http://www.loc.gov/standards/mods/v3/mods-3-3.xsd" ID="P0b002ee1aad25be5">
<name type="corporate">
 <namePart>United States Government Publishing Office</namePart>
 <role>
  <roleTerm authority="marcrelator" type="text">publisher</roleTerm>
  <roleTerm authority="marcrelator" type="code">pbl</roleTerm>
</role>
 <role>
  <roleTerm authority="marcrelator" type="text">distributor</roleTerm>
  <roleTerm authority="marcrelator" type="code">dst</roleTerm>
</role>
</name>
<name type="corporate">
 <namePart>United States</namePart>
 <namePart>Congress</namePart>
 <namePart>House of Representatives</namePart>
 <role>
  <roleTerm authority="marcrelator" type="text">author</roleTerm>
  <roleTerm authority="marcrelator" type="code">aut</roleTerm>
</role>
 <description>Government Organization</description>
</name>
<typeOfResource>text</typeOfResource>
<genre authority="marcgt">government publication</genre>
<language>
 <languageTerm type="code" authority="iso639-2b">eng</languageTerm>
</language>
<extension>
 <collectionCode>BILLS</collectionCode>
 <searchTitle>To address the fundamental injustice, cruelty, brutality, and inhumanity of slavery in the United States and the 13 American colonies between 1619 and 1865 and to establish a commission to study and consider a national apology and proposal for reparations for the institution of slavery, its subsequent de jure and de facto racial and economic discrimination against African Americans, and the impact of these forces on living African Americans, to make recommendations to the Congress on appropriate remedies, and for other purposes.;Commission to Study and Develop Reparation Proposals for African Americans Act;H.R. 40 (IH)
    </searchTitle>
 <category>Bills and Statutes</category>
 <waisDatabaseName>117_cong_bills</waisDatabaseName>
 <branch>legislative</branch>
 <dateIngested>2021-01-15</dateIngested>
</extension>
<titleInfo>
 <title>To address the fundamental injustice, cruelty, brutality, and inhumanity of slavery in the United States and the 13 American colonies between 1619 and 1865 and to establish a commission to study and consider a national apology and proposal for reparations for the institution of slavery, its subsequent de jure and de facto racial and economic discrimination against African Americans, and the impact of these forces on living African Americans, to make recommendations to the Congress on appropriate remedies, and for other purposes.</title>
</titleInfo>
<titleInfo type="alternative">
 <title>Commission to Study and Develop Reparation Proposals for African Americans Act</title>
</titleInfo>
<titleInfo type="alternative">
 <title>H.R. 40 (IH)
    </title>
</titleInfo>
<originInfo>
 <publisher>U.S. Government Publishing Office</publisher>
 <dateIssued encoding="w3cdtf">2021-01-04</dateIssued>
 <issuance>monographic</issuance>
</originInfo>
<physicalDescription>
 <note type="source content type">deposited</note>
 <digitalOrigin>born digital</digitalOrigin>
 <extent>14 p.</extent>
</physicalDescription>
<classification authority="sudocs">Y 1.6:</classification>
<classification authority="sudocs">Y 1.4/6:</classification>
<identifier type="local">P0b002ee1aad25be5</identifier>
<identifier type="uri">https://www.govinfo.gov/app/details/BILLS-117hr40ih</identifier>
<identifier type="preferred citation">H.R. 40</identifier>
<identifier type="stock number">021-610-00252-9</identifier>
<identifier type="Parent ILS system id">000501532</identifier>
<identifier type="Child ILS system id">000325573</identifier>
<identifier type="Parent ILS title">Congressional bills</identifier>
<identifier type="Child ILS title">House bills</identifier>
<identifier type="former package identifier">f:h40_ih.txt</identifier>
<location>
 <url displayLabel="Content Detail" access="object in context">https://www.govinfo.gov/app/details/BILLS-117hr40ih</url>
 <url displayLabel="HTML rendition" access="raw object">https://www.govinfo.gov/content/pkg/BILLS-117hr40ih/html/BILLS-117hr40ih.htm</url>
 <url displayLabel="PDF rendition" access="raw object">https://www.govinfo.gov/content/pkg/BILLS-117hr40ih/pdf/BILLS-117hr40ih.pdf</url>
 <url displayLabel="XML rendition" access="raw object">https://www.govinfo.gov/content/pkg/BILLS-117hr40ih/xml/BILLS-117hr40ih.xml</url>
</location>
<accessCondition type="GPO scope determination">fdlp</accessCondition>
<recordInfo>
 <recordContentSource authority="marcorg">DGPO</recordContentSource>
 <recordCreationDate encoding="w3cdtf">2021-01-15</recordCreationDate>
 <recordChangeDate encoding="w3cdtf">2021-01-15</recordChangeDate>
 <recordIdentifier source="DGPO">BILLS-117hr40ih</recordIdentifier>
 <recordOrigin>machine generated</recordOrigin>
 <languageOfCataloging>
  <languageTerm type="code" authority="iso639-2b">eng</languageTerm>
</languageOfCataloging>
</recordInfo>
<name type="personal">
 <namePart>Sheila Jackson Lee</namePart>
 <affiliation>United States House of Representatives</affiliation>
 <role>
  <roleTerm authority="marcrelator" type="text">sponsor</roleTerm>
  <roleTerm authority="marcrelator" type="code">spn</roleTerm>
</role>
 <description>United States Congress Member</description>
</name>
<name type="personal">
 <namePart>Stacey E. Plaskett</namePart>
 <affiliation>United States House of Representatives</affiliation>
 <role>
  <roleTerm type="text">cosponsor</roleTerm>
</role>
 <description>United States Congress Member</description>
</name>
<name type="personal">
 <namePart>Bobby L. Rush</namePart>
 <affiliation>United States House of Representatives</affiliation>
 <role>
  <roleTerm type="text">cosponsor</roleTerm>
</role>
 <description>United States Congress Member</description>
</name>
<name type="personal">
 <namePart>Adriano Espaillat</namePart>
 <affiliation>United States House of Representatives</affiliation>
 <role>
  <roleTerm type="text">cosponsor</roleTerm>
</role>
 <description>United States Congress Member</description>
</name>
<name type="personal">
 <namePart>Bonnie Watson Coleman</namePart>
 <affiliation>United States House of Representatives</affiliation>
 <role>
  <roleTerm type="text">cosponsor</roleTerm>
</role>
 <description>United States Congress Member</description>
</name>
<name type="personal">
 <namePart>Eleanor Holmes Norton</namePart>
 <affiliation>United States House of Representatives</affiliation>
 <role>
  <roleTerm type="text">cosponsor</roleTerm>
</role>
 <description>United States Congress Member</description>
</name>
<name type="personal">
 <namePart>Kathy Castor</namePart>
 <affiliation>United States House of Representatives</affiliation>
 <role>
  <roleTerm type="text">cosponsor</roleTerm>
</role>
 <description>United States Congress Member</description>
</name>
<name type="personal">
 <namePart>Barbara Lee</namePart>
 <affiliation>United States House of Representatives</affiliation>
 <role>
  <roleTerm type="text">cosponsor</roleTerm>
</role>
 <description>United States Congress Member</description>
</name>
<name type="personal">
 <namePart>Ro Khanna</namePart>
 <affiliation>United States House of Representatives</affiliation>
 <role>
  <roleTerm type="text">cosponsor</roleTerm>
</role>
 <description>United States Congress Member</description>
</name>
<name type="personal">
 <namePart>Joyce Beatty</namePart>
 <affiliation>United States House of Representatives</affiliation>
 <role>
  <roleTerm type="text">cosponsor</roleTerm>
</role>
 <description>United States Congress Member</description>
</name>
<name type="personal">
 <namePart>Jerry McNerney</namePart>
 <affiliation>United States House of Representatives</affiliation>
 <role>
  <roleTerm type="text">cosponsor</roleTerm>
</role>
 <description>United States Congress Member</description>
</name>
<name type="personal">
 <namePart>Donald Norcross</namePart>
 <affiliation>United States House of Representatives</affiliation>
 <role>
  <roleTerm type="text">cosponsor</roleTerm>
</role>
 <description>United States Congress Member</description>
</name>
<name type="personal">
 <namePart>C. A. Dutch Ruppersberger</namePart>
 <affiliation>United States House of Representatives</affiliation>
 <role>
  <roleTerm type="text">cosponsor</roleTerm>
</role>
 <description>United States Congress Member</description>
</name>
<name type="personal">
 <namePart>Anna G. Eshoo</namePart>
 <affiliation>United States House of Representatives</affiliation>
 <role>
  <roleTerm type="text">cosponsor</roleTerm>
</role>
 <description>United States Congress Member</description>
</name>
<name type="personal">
 <namePart>Jim Cooper</namePart>
 <affiliation>United States House of Representatives</affiliation>
 <role>
  <roleTerm type="text">cosponsor</roleTerm>
</role>
 <description>United States Congress Member</description>
</name>
<name type="personal">
 <namePart>Gerald E. Connolly</namePart>
 <affiliation>United States House of Representatives</affiliation>
 <role>
  <roleTerm type="text">cosponsor</roleTerm>
</role>
 <description>United States Congress Member</description>
</name>
<name type="personal">
 <namePart>Grace Meng</namePart>
 <affiliation>United States House of Representatives</affiliation>
 <role>
  <roleTerm type="text">cosponsor</roleTerm>
</role>
 <description>United States Congress Member</description>
</name>
<name type="personal">
 <namePart>Jamie Raskin</namePart>
 <affiliation>United States House of Representatives</affiliation>
 <role>
  <roleTerm type="text">cosponsor</roleTerm>
</role>
 <description>United States Congress Member</description>
</name>
<name type="personal">
 <namePart>Peter Welch</namePart>
 <affiliation>United States House of Representatives</affiliation>
 <role>
  <roleTerm type="text">cosponsor</roleTerm>
</role>
 <description>United States Congress Member</description>
</name>
<name type="personal">
 <namePart>Lori Trahan</namePart>
 <affiliation>United States House of Representatives</affiliation>
 <role>
  <roleTerm type="text">cosponsor</roleTerm>
</role>
 <description>United States Congress Member</description>
</name>
<name type="personal">
 <namePart>Ayanna Pressley</namePart>
 <affiliation>United States House of Representatives</affiliation>
 <role>
  <roleTerm type="text">cosponsor</roleTerm>
</role>
 <description>United States Congress Member</description>
</name>
<name type="personal">
 <namePart>Yvette D. Clarke</namePart>
 <affiliation>United States House of Representatives</affiliation>
 <role>
  <roleTerm type="text">cosponsor</roleTerm>
</role>
 <description>United States Congress Member</description>
</name>
<name type="personal">
 <namePart>Hakeem S. Jeffries</namePart>
 <affiliation>United States House of Representatives</affiliation>
 <role>
  <roleTerm type="text">cosponsor</roleTerm>
</role>
 <description>United States Congress Member</description>
</name>
<name type="personal">
 <namePart>John P. Sarbanes</namePart>
 <affiliation>United States House of Representatives</affiliation>
 <role>
  <roleTerm type="text">cosponsor</roleTerm>
</role>
 <description>United States Congress Member</description>
</name>
<name type="personal">
 <namePart>Sanford D. Bishop, Jr.</namePart>
 <affiliation>United States House of Representatives</affiliation>
 <role>
  <roleTerm type="text">cosponsor</roleTerm>
</role>
 <description>United States Congress Member</description>
</name>
<name type="personal">
 <namePart>Diana DeGette</namePart>
 <affiliation>United States House of Representatives</affiliation>
 <role>
  <roleTerm type="text">cosponsor</roleTerm>
</role>
 <description>United States Congress Member</description>
</name>
<name type="personal">
 <namePart>Daniel T. Kildee</namePart>
 <affiliation>United States House of Representatives</affiliation>
 <role>
  <roleTerm type="text">cosponsor</roleTerm>
</role>
 <description>United States Congress Member</description>
</name>
<name type="personal">
 <namePart>Suzanne Bonamici</namePart>
 <affiliation>United States House of Representatives</affiliation>
 <role>
  <roleTerm type="text">cosponsor</roleTerm>
</role>
 <description>United States Congress Member</description>
</name>
<name type="personal">
 <namePart>Al Green</namePart>
 <affiliation>United States House of Representatives</affiliation>
 <role>
  <roleTerm type="text">cosponsor</roleTerm>
</role>
 <description>United States Congress Member</description>
</name>
<name type="personal">
 <namePart>Gwen Moore</namePart>
 <affiliation>United States House of Representatives</affiliation>
 <role>
  <roleTerm type="text">cosponsor</roleTerm>
</role>
 <description>United States Congress Member</description>
</name>
<name type="personal">
 <namePart>Debbie Dingell</namePart>
 <affiliation>United States House of Representatives</affiliation>
 <role>
  <roleTerm type="text">cosponsor</roleTerm>
</role>
 <description>United States Congress Member</description>
</name>
<name type="personal">
 <namePart>Alma S. Adams</namePart>
 <affiliation>United States House of Representatives</affiliation>
 <role>
  <roleTerm type="text">cosponsor</roleTerm>
</role>
 <description>United States Congress Member</description>
</name>
<name type="personal">
 <namePart>Nikema Williams</namePart>
 <affiliation>United States House of Representatives</affiliation>
 <role>
  <roleTerm type="text">cosponsor</roleTerm>
</role>
 <description>United States Congress Member</description>
</name>
<name type="personal">
 <namePart>Donald S. Beyer, Jr.</namePart>
 <affiliation>United States House of Representatives</affiliation>
 <role>
  <roleTerm type="text">cosponsor</roleTerm>
</role>
 <description>United States Congress Member</description>
</name>
<name type="personal">
 <namePart>Katherine M. Clark</namePart>
 <affiliation>United States House of Representatives</affiliation>
 <role>
  <roleTerm type="text">cosponsor</roleTerm>
</role>
 <description>United States Congress Member</description>
</name>
<name type="personal">
 <namePart>Jason Crow</namePart>
 <affiliation>United States House of Representatives</affiliation>
 <role>
  <roleTerm type="text">cosponsor</roleTerm>
</role>
 <description>United States Congress Member</description>
</name>
<name type="personal">
 <namePart>Thomas R. Suozzi</namePart>
 <affiliation>United States House of Representatives</affiliation>
 <role>
  <roleTerm type="text">cosponsor</roleTerm>
</role>
 <description>United States Congress Member</description>
</name>
<name type="personal">
 <namePart>David N. Cicilline</namePart>
 <affiliation>United States House of Representatives</affiliation>
 <role>
  <roleTerm type="text">cosponsor</roleTerm>
</role>
 <description>United States Congress Member</description>
</name>
<name type="personal">
 <namePart>Jerrold Nadler</namePart>
 <affiliation>United States House of Representatives</affiliation>
 <role>
  <roleTerm type="text">cosponsor</roleTerm>
</role>
 <description>United States Congress Member</description>
</name>
<name type="personal">
 <namePart>James P. McGovern</namePart>
 <affiliation>United States House of Representatives</affiliation>
 <role>
  <roleTerm type="text">cosponsor</roleTerm>
</role>
 <description>United States Congress Member</description>
</name>
<name type="personal">
 <namePart>Suzan K. DelBene</namePart>
 <affiliation>United States House of Representatives</affiliation>
 <role>
  <roleTerm type="text">cosponsor</roleTerm>
</role>
 <description>United States Congress Member</description>
</name>
<name type="personal">
 <namePart>Stephen F. Lynch</namePart>
 <affiliation>United States House of Representatives</affiliation>
 <role>
  <roleTerm type="text">cosponsor</roleTerm>
</role>
 <description>United States Congress Member</description>
</name>
<name type="personal">
 <namePart>Mondaire Jones</namePart>
 <affiliation>United States House of Representatives</affiliation>
 <role>
  <roleTerm type="text">cosponsor</roleTerm>
</role>
 <description>United States Congress Member</description>
</name>
<name type="personal">
 <namePart>Earl Blumenauer</namePart>
 <affiliation>United States House of Representatives</affiliation>
 <role>
  <roleTerm type="text">cosponsor</roleTerm>
</role>
 <description>United States Congress Member</description>
</name>
<name type="personal">
 <namePart>William R. Keating</namePart>
 <affiliation>United States House of Representatives</affiliation>
 <role>
  <roleTerm type="text">cosponsor</roleTerm>
</role>
 <description>United States Congress Member</description>
</name>
<name type="personal">
 <namePart>Joe Neguse</namePart>
 <affiliation>United States House of Representatives</affiliation>
 <role>
  <roleTerm type="text">cosponsor</roleTerm>
</role>
 <description>United States Congress Member</description>
</name>
<name type="personal">
 <namePart>Lisa Blunt Rochester</namePart>
 <affiliation>United States House of Representatives</affiliation>
 <role>
  <roleTerm type="text">cosponsor</roleTerm>
</role>
 <description>United States Congress Member</description>
</name>
<name type="personal">
 <namePart>Dwight Evans</namePart>
 <affiliation>United States House of Representatives</affiliation>
 <role>
  <roleTerm type="text">cosponsor</roleTerm>
</role>
 <description>United States Congress Member</description>
</name>
<name type="personal">
 <namePart>Jackie Speier</namePart>
 <affiliation>United States House of Representatives</affiliation>
 <role>
  <roleTerm type="text">cosponsor</roleTerm>
</role>
 <description>United States Congress Member</description>
</name>
<name type="personal">
 <namePart>Betty McCollum</namePart>
 <affiliation>United States House of Representatives</affiliation>
 <role>
  <roleTerm type="text">cosponsor</roleTerm>
</role>
 <description>United States Congress Member</description>
</name>
<name type="personal">
 <namePart>Pramila Jayapal</namePart>
 <affiliation>United States House of Representatives</affiliation>
 <role>
  <roleTerm type="text">cosponsor</roleTerm>
</role>
 <description>United States Congress Member</description>
</name>
<name type="personal">
 <namePart>Gregory W. Meeks</namePart>
 <affiliation>United States House of Representatives</affiliation>
 <role>
  <roleTerm type="text">cosponsor</roleTerm>
</role>
 <description>United States Congress Member</description>
</name>
<name type="personal">
 <namePart>Marilyn Strickland</namePart>
 <affiliation>United States House of Representatives</affiliation>
 <role>
  <roleTerm type="text">cosponsor</roleTerm>
</role>
 <description>United States Congress Member</description>
</name>
<name type="personal">
 <namePart>Mary Gay Scanlon</namePart>
 <affiliation>United States House of Representatives</affiliation>
 <role>
  <roleTerm type="text">cosponsor</roleTerm>
</role>
 <description>United States Congress Member</description>
</name>
<name type="personal">
 <namePart>Nydia M. Velazquez</namePart>
 <affiliation>United States House of Representatives</affiliation>
 <role>
  <roleTerm type="text">cosponsor</roleTerm>
</role>
 <description>United States Congress Member</description>
</name>
<name type="personal">
 <namePart>Theodore E. Deutch</namePart>
 <affiliation>United States House of Representatives</affiliation>
 <role>
  <roleTerm type="text">cosponsor</roleTerm>
</role>
 <description>United States Congress Member</description>
</name>
<name type="personal">
 <namePart>Steve Cohen</namePart>
 <affiliation>United States House of Representatives</affiliation>
 <role>
  <roleTerm type="text">cosponsor</roleTerm>
</role>
 <description>United States Congress Member</description>
</name>
<name type="personal">
 <namePart>Donald M. Payne, Jr.</namePart>
 <affiliation>United States House of Representatives</affiliation>
 <role>
  <roleTerm type="text">cosponsor</roleTerm>
</role>
 <description>United States Congress Member</description>
</name>
<name type="personal">
 <namePart>Joseph D. Morelle</namePart>
 <affiliation>United States House of Representatives</affiliation>
 <role>
  <roleTerm type="text">cosponsor</roleTerm>
</role>
 <description>United States Congress Member</description>
</name>
<name type="personal">
 <namePart>Frederica S. Wilson</namePart>
 <affiliation>United States House of Representatives</affiliation>
 <role>
  <roleTerm type="text">cosponsor</roleTerm>
</role>
 <description>United States Congress Member</description>
</name>
<name type="personal">
 <namePart>Val Butler Demings</namePart>
 <affiliation>United States House of Representatives</affiliation>
 <role>
  <roleTerm type="text">cosponsor</roleTerm>
</role>
 <description>United States Congress Member</description>
</name>
<name type="personal">
 <namePart>Ami Bera</namePart>
 <affiliation>United States House of Representatives</affiliation>
 <role>
  <roleTerm type="text">cosponsor</roleTerm>
</role>
 <description>United States Congress Member</description>
</name>
<name type="personal">
 <namePart>Mark Takano</namePart>
 <affiliation>United States House of Representatives</affiliation>
 <role>
  <roleTerm type="text">cosponsor</roleTerm>
</role>
 <description>United States Congress Member</description>
</name>
<name type="personal">
 <namePart>Brendan F. Boyle</namePart>
 <affiliation>United States House of Representatives</affiliation>
 <role>
  <roleTerm type="text">cosponsor</roleTerm>
</role>
 <description>United States Congress Member</description>
</name>
<name type="personal">
 <namePart>Janice D. Schakowsky</namePart>
 <affiliation>United States House of Representatives</affiliation>
 <role>
  <roleTerm type="text">cosponsor</roleTerm>
</role>
 <description>United States Congress Member</description>
</name>
<name type="personal">
 <namePart>Brenda L. Lawrence</namePart>
 <affiliation>United States House of Representatives</affiliation>
 <role>
  <roleTerm type="text">cosponsor</roleTerm>
</role>
 <description>United States Congress Member</description>
</name>
<name type="personal">
 <namePart>Dina Titus</namePart>
 <affiliation>United States House of Representatives</affiliation>
 <role>
  <roleTerm type="text">cosponsor</roleTerm>
</role>
 <description>United States Congress Member</description>
</name>
<name type="personal">
 <namePart>Ted Lieu</namePart>
 <affiliation>United States House of Representatives</affiliation>
 <role>
  <roleTerm type="text">cosponsor</roleTerm>
</role>
 <description>United States Congress Member</description>
</name>
<name type="personal">
 <namePart>Kweisi Mfume</namePart>
 <affiliation>United States House of Representatives</affiliation>
 <role>
  <roleTerm type="text">cosponsor</roleTerm>
</role>
 <description>United States Congress Member</description>
</name>
<name type="personal">
 <namePart>Andre Carson</namePart>
 <affiliation>United States House of Representatives</affiliation>
 <role>
  <roleTerm type="text">cosponsor</roleTerm>
</role>
 <description>United States Congress Member</description>
</name>
<name type="personal">
 <namePart>Marcia L. Fudge</namePart>
 <affiliation>United States House of Representatives</affiliation>
 <role>
  <roleTerm type="text">cosponsor</roleTerm>
</role>
 <description>United States Congress Member</description>
</name>
<name type="personal">
 <namePart>David Scott</namePart>
 <affiliation>United States House of Representatives</affiliation>
 <role>
  <roleTerm type="text">cosponsor</roleTerm>
</role>
 <description>United States Congress Member</description>
</name>
<name type="personal">
 <namePart>Mike Quigley</namePart>
 <affiliation>United States House of Representatives</affiliation>
 <role>
  <roleTerm type="text">cosponsor</roleTerm>
</role>
 <description>United States Congress Member</description>
</name>
<name type="personal">
 <namePart>Danny K. Davis</namePart>
 <affiliation>United States House of Representatives</affiliation>
 <role>
  <roleTerm type="text">cosponsor</roleTerm>
</role>
 <description>United States Congress Member</description>
</name>
<name type="personal">
 <namePart>Juan Vargas</namePart>
 <affiliation>United States House of Representatives</affiliation>
 <role>
  <roleTerm type="text">cosponsor</roleTerm>
</role>
 <description>United States Congress Member</description>
</name>
<name type="personal">
 <namePart>John B. Larson</namePart>
 <affiliation>United States House of Representatives</affiliation>
 <role>
  <roleTerm type="text">cosponsor</roleTerm>
</role>
 <description>United States Congress Member</description>
</name>
<name type="personal">
 <namePart>Bennie G. Thompson</namePart>
 <affiliation>United States House of Representatives</affiliation>
 <role>
  <roleTerm type="text">cosponsor</roleTerm>
</role>
 <description>United States Congress Member</description>
</name>
<name type="personal">
 <namePart>Anthony G. Brown</namePart>
 <affiliation>United States House of Representatives</affiliation>
 <role>
  <roleTerm type="text">cosponsor</roleTerm>
</role>
 <description>United States Congress Member</description>
</name>
<name type="personal">
 <namePart>Debbie Wasserman Schultz</namePart>
 <affiliation>United States House of Representatives</affiliation>
 <role>
  <roleTerm type="text">cosponsor</roleTerm>
</role>
 <description>United States Congress Member</description>
</name>
<name type="personal">
 <namePart>Alan S. Lowenthal</namePart>
 <affiliation>United States House of Representatives</affiliation>
 <role>
  <roleTerm type="text">cosponsor</roleTerm>
</role>
 <description>United States Congress Member</description>
</name>
<name type="personal">
 <namePart>Derek Kilmer</namePart>
 <affiliation>United States House of Representatives</affiliation>
 <role>
  <roleTerm type="text">cosponsor</roleTerm>
</role>
 <description>United States Congress Member</description>
</name>
<name type="personal">
 <namePart>Richard E. Neal</namePart>
 <affiliation>United States House of Representatives</affiliation>
 <role>
  <roleTerm type="text">cosponsor</roleTerm>
</role>
 <description>United States Congress Member</description>
</name>
<name type="personal">
 <namePart>Frank Pallone, Jr.</namePart>
 <affiliation>United States House of Representatives</affiliation>
 <role>
  <roleTerm type="text">cosponsor</roleTerm>
</role>
 <description>United States Congress Member</description>
</name>
<name type="personal">
 <namePart>Terri A. Sewell</namePart>
 <affiliation>United States House of Representatives</affiliation>
 <role>
  <roleTerm type="text">cosponsor</roleTerm>
</role>
 <description>United States Congress Member</description>
</name>
<name type="personal">
 <namePart>Doris O. Matsui</namePart>
 <affiliation>United States House of Representatives</affiliation>
 <role>
  <roleTerm type="text">cosponsor</roleTerm>
</role>
 <description>United States Congress Member</description>
</name>
<name type="personal">
 <namePart>Al Lawson, Jr.</namePart>
 <affiliation>United States House of Representatives</affiliation>
 <role>
  <roleTerm type="text">cosponsor</roleTerm>
</role>
 <description>United States Congress Member</description>
</name>
<name type="personal">
 <namePart>Mike Thompson</namePart>
 <affiliation>United States House of Representatives</affiliation>
 <role>
  <roleTerm type="text">cosponsor</roleTerm>
</role>
 <description>United States Congress Member</description>
</name>
<name type="personal">
 <namePart>John A. Yarmuth</namePart>
 <affiliation>United States House of Representatives</affiliation>
 <role>
  <roleTerm type="text">cosponsor</roleTerm>
</role>
 <description>United States Congress Member</description>
</name>
<name type="personal">
 <namePart>Jim Costa</namePart>
 <affiliation>United States House of Representatives</affiliation>
 <role>
  <roleTerm type="text">cosponsor</roleTerm>
</role>
 <description>United States Congress Member</description>
</name>
<name type="personal">
 <namePart>Steven Horsford</namePart>
 <affiliation>United States House of Representatives</affiliation>
 <role>
  <roleTerm type="text">cosponsor</roleTerm>
</role>
 <description>United States Congress Member</description>
</name>
<name type="personal">
 <namePart>Chellie Pingree</namePart>
 <affiliation>United States House of Representatives</affiliation>
 <role>
  <roleTerm type="text">cosponsor</roleTerm>
</role>
 <description>United States Congress Member</description>
</name>
<name type="personal">
 <namePart>Darren Soto</namePart>
 <affiliation>United States House of Representatives</affiliation>
 <role>
  <roleTerm type="text">cosponsor</roleTerm>
</role>
 <description>United States Congress Member</description>
</name>
<name type="personal">
 <namePart>Madeleine Dean</namePart>
 <affiliation>United States House of Representatives</affiliation>
 <role>
  <roleTerm type="text">cosponsor</roleTerm>
</role>
 <description>United States Congress Member</description>
</name>
<name type="personal">
 <namePart>Jahana Hayes</namePart>
 <affiliation>United States House of Representatives</affiliation>
 <role>
  <roleTerm type="text">cosponsor</roleTerm>
</role>
 <description>United States Congress Member</description>
</name>
<name type="personal">
 <namePart>Sean Casten</namePart>
 <affiliation>United States House of Representatives</affiliation>
 <role>
  <roleTerm type="text">cosponsor</roleTerm>
</role>
 <description>United States Congress Member</description>
</name>
<name type="personal">
 <namePart>Mark DeSaulnier</namePart>
 <affiliation>United States House of Representatives</affiliation>
 <role>
  <roleTerm type="text">cosponsor</roleTerm>
</role>
 <description>United States Congress Member</description>
</name>
<name type="personal">
 <namePart>Mark Pocan</namePart>
 <affiliation>United States House of Representatives</affiliation>
 <role>
  <roleTerm type="text">cosponsor</roleTerm>
</role>
 <description>United States Congress Member</description>
</name>
<name type="personal">
 <namePart>Jimmy Gomez</namePart>
 <affiliation>United States House of Representatives</affiliation>
 <role>
  <roleTerm type="text">cosponsor</roleTerm>
</role>
 <description>United States Congress Member</description>
</name>
<name type="personal">
 <namePart>Marc A. Veasey</namePart>
 <affiliation>United States House of Representatives</affiliation>
 <role>
  <roleTerm type="text">cosponsor</roleTerm>
</role>
 <description>United States Congress Member</description>
</name>
<name type="personal">
 <namePart>Kathleen M. Rice</namePart>
 <affiliation>United States House of Representatives</affiliation>
 <role>
  <roleTerm type="text">cosponsor</roleTerm>
</role>
 <description>United States Congress Member</description>
</name>
<name type="personal">
 <namePart>Zoe Lofgren</namePart>
 <affiliation>United States House of Representatives</affiliation>
 <role>
  <roleTerm type="text">cosponsor</roleTerm>
</role>
 <description>United States Congress Member</description>
</name>
<name type="personal">
 <namePart>Henry C. &quot;Hank&quot; Johnson, Jr.</namePart>
 <affiliation>United States House of Representatives</affiliation>
 <role>
  <roleTerm type="text">cosponsor</roleTerm>
</role>
 <description>United States Congress Member</description>
</name>
<name type="personal">
 <namePart>Marcy Kaptur</namePart>
 <affiliation>United States House of Representatives</affiliation>
 <role>
  <roleTerm type="text">cosponsor</roleTerm>
</role>
 <description>United States Congress Member</description>
</name>
<name type="personal">
 <namePart>Ilhan Omar</namePart>
 <affiliation>United States House of Representatives</affiliation>
 <role>
  <roleTerm type="text">cosponsor</roleTerm>
</role>
 <description>United States Congress Member</description>
</name>
<name type="personal">
 <namePart>Karen Bass</namePart>
 <affiliation>United States House of Representatives</affiliation>
 <role>
  <roleTerm type="text">cosponsor</roleTerm>
</role>
 <description>United States Congress Member</description>
</name>
<name type="personal">
 <namePart>Scott H. Peters</namePart>
 <affiliation>United States House of Representatives</affiliation>
 <role>
  <roleTerm type="text">cosponsor</roleTerm>
</role>
 <description>United States Congress Member</description>
</name>
<name type="personal">
 <namePart>Sylvia R. Garcia</namePart>
 <affiliation>United States House of Representatives</affiliation>
 <role>
  <roleTerm type="text">cosponsor</roleTerm>
</role>
 <description>United States Congress Member</description>
</name>
<name type="personal">
 <namePart>Veronica Escobar</namePart>
 <affiliation>United States House of Representatives</affiliation>
 <role>
  <roleTerm type="text">cosponsor</roleTerm>
</role>
 <description>United States Congress Member</description>
</name>
<name type="personal">
 <namePart>Eric Swalwell</namePart>
 <affiliation>United States House of Representatives</affiliation>
 <role>
  <roleTerm type="text">cosponsor</roleTerm>
</role>
 <description>United States Congress Member</description>
</name>
<name type="personal">
 <namePart>G. K. Butterfield</namePart>
 <affiliation>United States House of Representatives</affiliation>
 <role>
  <roleTerm type="text">cosponsor</roleTerm>
</role>
 <description>United States Congress Member</description>
</name>
<name type="personal">
 <namePart>Robin L. Kelly</namePart>
 <affiliation>United States House of Representatives</affiliation>
 <role>
  <roleTerm type="text">cosponsor</roleTerm>
</role>
 <description>United States Congress Member</description>
</name>
<name type="personal">
 <namePart>Jamaal Bowman</namePart>
 <affiliation>United States House of Representatives</affiliation>
 <role>
  <roleTerm type="text">cosponsor</roleTerm>
</role>
 <description>United States Congress Member</description>
</name>
<name type="personal">
 <namePart>Alexandria Ocasio-Cortez</namePart>
 <affiliation>United States House of Representatives</affiliation>
 <role>
  <roleTerm type="text">cosponsor</roleTerm>
</role>
 <description>United States Congress Member</description>
</name>
<name type="personal">
 <namePart>Rashida Tlaib</namePart>
 <affiliation>United States House of Representatives</affiliation>
 <role>
  <roleTerm type="text">cosponsor</roleTerm>
</role>
 <description>United States Congress Member</description>
</name>
<name type="personal">
 <namePart>Judy Chu</namePart>
 <affiliation>United States House of Representatives</affiliation>
 <role>
  <roleTerm type="text">cosponsor</roleTerm>
</role>
 <description>United States Congress Member</description>
</name>
<name type="personal">
 <namePart>Jimmy Panetta</namePart>
 <affiliation>United States House of Representatives</affiliation>
 <role>
  <roleTerm type="text">cosponsor</roleTerm>
</role>
 <description>United States Congress Member</description>
</name>
<name type="personal">
 <namePart>Bill Foster</namePart>
 <affiliation>United States House of Representatives</affiliation>
 <role>
  <roleTerm type="text">cosponsor</roleTerm>
</role>
 <description>United States Congress Member</description>
</name>
<name type="personal">
 <namePart>Cori Bush</namePart>
 <affiliation>United States House of Representatives</affiliation>
 <role>
  <roleTerm type="text">cosponsor</roleTerm>
</role>
 <description>United States Congress Member</description>
</name>
<name type="corporate">
 <namePart>United States</namePart>
 <namePart>Congress</namePart>
 <namePart>House of Representatives</namePart>
 <namePart>Committee on the Judiciary</namePart>
 <role>
  <roleTerm authority="marcrelator" type="text">associated name</roleTerm>
  <roleTerm authority="marcrelator" type="code">asn</roleTerm>
</role>
</name>
<relatedItem type="isReferencedBy">
 <titleInfo>
  <title>United States Code</title>
  <partNumber>Title 5 Section 3109(b)</partNumber>
  <partNumber>Title 5 Section 5311(b)</partNumber>
  <partNumber>Title 5 Section 5332</partNumber>
</titleInfo>
 <identifier type="USC citation">5 U.S.C. 3109(b)</identifier>
 <identifier type="USC citation">5 U.S.C. 5311(b)</identifier>
 <identifier type="USC citation">5 U.S.C. 5332</identifier>
</relatedItem>
<extension>
 <docClass>hr</docClass>
 <accessId>BILLS-117hr40ih</accessId>
 <congress>117</congress>
 <session>1</session>
 <originChamber>HOUSE</originChamber>
 <currentChamber>HOUSE</currentChamber>
 <billNumber>40</billNumber>
 <billVersion reprint="false">ih</billVersion>
 <fileSuffix>ih</fileSuffix>
 <shortTitle type="measure">Commission to Study and Develop Reparation Proposals for African Americans Act</shortTitle>
 <officialTitle>To address the fundamental injustice, cruelty, brutality, and inhumanity of slavery in the United States and the 13 American colonies between 1619 and 1865 and to establish a commission to study and consider a national apology and proposal for reparations for the institution of slavery, its subsequent de jure and de facto racial and economic discrimination against African Americans, and the impact of these forces on living African Americans, to make recommendations to the Congress on appropriate remedies, and for other purposes.</officialTitle>
 <action date="2021-01-04">Ms. Jackson Lee (for herself, Ms. Plaskett, Mr. Rush, Mr. Espaillat, Mrs. Watson Coleman, Ms. Norton, Ms. Castor of Florida, Ms. Lee of California, Mr. Khanna, Mrs. Beatty, Mr. McNerney, Mr. Norcross, Mr. Ruppersberger, Ms. Eshoo, Mr. Cooper, Mr. Connolly, Ms. Meng, Mr. Raskin, Mr. Welch, Mrs. Trahan, Ms. Pressley, Ms. Clarke of New York, Mr. Jeffries, Mr. Sarbanes, Mr. Bishop of Georgia, Ms. DeGette, Mr. Kildee, Ms. Bonamici, Mr. Green of Texas, Ms. Moore of Wisconsin, Mrs. Dingell, Ms. Adams, Ms. Williams of Georgia, Mr. Beyer, Ms. Clark of Massachusetts, Mr. Crow, Mr. Suozzi, Mr. Cicilline, Mr. Nadler, Mr. McGovern, Ms. DelBene, Mr. Lynch, Mr. Jones, Mr. Blumenauer, Mr. Keating, Mr. Neguse, Ms. Blunt Rochester, Mr. Evans, Ms. Speier, Ms. McCollum, Ms. Jayapal, Mr. Meeks, Ms. Strickland, Ms. Scanlon, Ms. Velázquez, Mr. Deutch, Mr. Cohen, Mr. Payne, Mr. Morelle, Ms. Wilson of Florida, Mrs. Demings, Mr. Bera, Mr. Takano, Mr. Brendan F. Boyle of Pennsylvania, Ms. Schakowsky, Mrs. Lawrence, Ms. Titus, Mr. Lieu, Mr. Mfume, Mr. Carson, Ms. Fudge, Mr. David Scott of Georgia, Ms. Barragán, Mr. Quigley, Mr. Danny K. Davis of Illinois, Mr. Vargas, Mr. Larson of Connecticut, Mr. Thompson of Mississippi, Mr. Brown, Ms. Wasserman Schultz, Mr. Lowenthal, Mr. Kilmer, Mr. Neal, Mr. Pallone, Ms. Sewell, Ms. Matsui, Mr. Lawson of Florida, Mr. Thompson of California, Mr. Yarmuth, Mr. Costa, Mr. Horsford, Ms. Pingree, Mr. Soto, Ms. Dean, Mrs. Hayes, Mr. Casten, Mr. DeSaulnier, Mr. Pocan, Mr. Gomez, Mr. Veasey, Miss Rice of New York, Ms. Lofgren, Mr. Johnson of Georgia, Ms. Kaptur, Ms. Omar, Ms. Bass, Mr. Peters, Ms. Garcia of Texas, Ms. Escobar, Mr. Swalwell, Mr. Butterfield, Ms. Kelly of Illinois, Mr. Bowman, Ms. Ocasio-Cortez, Ms. Tlaib, Ms. Chu, Mr. Panetta, Mr. Foster, and Ms. Bush) introduced the following bill; which was referred to the Committee on the Judiciary</action>
 <congCommittee authorityId="hsju00" chamber="H" congress="117" type="S">
                      <name type="authority-standard">Committee on the Judiciary</name>
                      <name type="authority-short">Judiciary</name>
                </congCommittee>
 <congMember authorityId="588" bioGuideId="J000032" chamber="H" congress="117" gpoId="8174" party="D" role="SPONSOR" state="TX">
                      <name type="parsed">Ms. Jackson Lee</name>
                      <name type="authority-fnf">Sheila Jackson Lee</name>
                      <name type="authority-lnf">Jackson Lee, Sheila</name>
                </congMember>
 <congMember authorityId="2274" bioGuideId="P000610" chamber="H" congress="117" party="D" role="COSPONSOR" state="VI">
                      <name type="parsed">Ms. Plaskett</name>
                      <name type="authority-fnf">Stacey E. Plaskett</name>
                      <name type="authority-lnf">Plaskett, Stacey E.</name>
                      <name type="authority-other">Ms. Stacey Plaskett</name>
                </congMember>
 <congMember authorityId="1003" bioGuideId="R000515" chamber="H" congress="117" gpoId="7921" party="D" role="COSPONSOR" state="IL">
                      <name type="parsed">Mr. Rush</name>
                      <name type="authority-fnf">Bobby L. Rush</name>
                      <name type="authority-lnf">Rush, Bobby L.</name>
                      <name type="authority-other">Bobby Rush</name>
                </congMember>
 <congMember authorityId="2342" bioGuideId="E000297" chamber="H" congress="117" party="D" role="COSPONSOR" state="NY">
                      <name type="parsed">Mr. Espaillat</name>
                      <name type="authority-fnf">Adriano Espaillat</name>
                      <name type="authority-lnf">Espaillat, Adriano</name>
                </congMember>
 <congMember authorityId="2259" bioGuideId="W000822" chamber="H" congress="117" party="D" role="COSPONSOR" state="NJ">
                      <name type="parsed">Mrs. Watson Coleman</name>
                      <name type="authority-fnf">Bonnie Watson Coleman</name>
                      <name type="authority-lnf">Watson Coleman, Bonnie</name>
                </congMember>
 <congMember authorityId="868" bioGuideId="N000147" chamber="H" congress="117" gpoId="7871" party="D" role="COSPONSOR" state="DC">
                      <name type="parsed">Ms. Norton</name>
                      <name type="authority-fnf">Eleanor Holmes Norton</name>
                      <name type="authority-lnf">Norton, Eleanor Holmes</name>
                      <name type="authority-other">Eleanor Norton</name>
                </congMember>
 <congMember authorityId="1839" bioGuideId="C001066" chamber="H" congress="117" gpoId="7883" party="D" role="COSPONSOR" state="FL">
                      <name type="parsed">Ms. Castor of Florida</name>
                      <name type="authority-fnf">Kathy Castor</name>
                      <name type="authority-lnf">Castor, Kathy</name>
                </congMember>
 <congMember authorityId="1501" bioGuideId="L000551" chamber="H" congress="117" gpoId="7814" party="D" role="COSPONSOR" state="CA">
                      <name type="parsed">Ms. Lee of California</name>
                      <name type="authority-fnf">Barbara Lee</name>
                      <name type="authority-lnf">Lee, Barbara</name>
                </congMember>
 <congMember authorityId="2308" bioGuideId="K000389" chamber="H" congress="117" party="D" role="COSPONSOR" state="CA">
                      <name type="parsed">Mr. Khanna</name>
                      <name type="authority-fnf">Ro Khanna</name>
                      <name type="authority-lnf">Khanna, Ro</name>
                </congMember>
 <congMember authorityId="2153" bioGuideId="B001281" chamber="H" congress="117" party="D" role="COSPONSOR" state="OH">
                      <name type="parsed">Mrs. Beatty</name>
                      <name type="authority-fnf">Joyce Beatty</name>
                      <name type="authority-lnf">Beatty, Joyce</name>
                </congMember>
 <congMember authorityId="1832" bioGuideId="M001166" chamber="H" congress="117" gpoId="7816" party="D" role="COSPONSOR" state="CA">
                      <name type="parsed">Mr. McNerney</name>
                      <name type="authority-fnf">Jerry McNerney</name>
                      <name type="authority-lnf">McNerney, Jerry</name>
                </congMember>
 <congMember authorityId="2202" bioGuideId="N000188" chamber="H" congress="117" party="D" role="COSPONSOR" state="NJ">
                      <name type="parsed">Mr. Norcross</name>
                      <name type="authority-fnf">Donald Norcross</name>
                      <name type="authority-lnf">Norcross, Donald</name>
                </congMember>
 <congMember authorityId="1728" bioGuideId="R000576" chamber="H" congress="117" gpoId="7977" party="D" role="COSPONSOR" state="MD">
                      <name type="parsed">Mr. Ruppersberger</name>
                      <name type="authority-fnf">C. A. Dutch Ruppersberger</name>
                      <name type="authority-lnf">Ruppersberger, C. A. Dutch</name>
                      <name type="authority-other">Mr. C. A. Ruppersberger</name>
                </congMember>
 <congMember authorityId="355" bioGuideId="E000215" chamber="H" congress="117" gpoId="7819" party="D" role="COSPONSOR" state="CA">
                      <name type="parsed">Ms. Eshoo</name>
                      <name type="authority-fnf">Anna G. Eshoo</name>
                      <name type="authority-lnf">Eshoo, Anna G.</name>
                      <name type="authority-other">Anna Eshoo</name>
                </congMember>
 <congMember authorityId="231" bioGuideId="C000754" chamber="H" congress="117" gpoId="8152" party="D" role="COSPONSOR" state="TN">
                      <name type="parsed">Mr. Cooper</name>
                      <name type="authority-fnf">Jim Cooper</name>
                      <name type="authority-lnf">Cooper, Jim</name>
                      <name type="authority-other">James Cooper</name>
                </congMember>
 <congMember authorityId="1959" bioGuideId="C001078" chamber="H" congress="117" gpoId="8202" party="D" role="COSPONSOR" state="VA">
                      <name type="parsed">Mr. Connolly</name>
                      <name type="authority-fnf">Gerald E. Connolly</name>
                      <name type="authority-lnf">Connolly, Gerald E.</name>
                      <name type="authority-other">Mr. Gerald Connolly</name>
                </congMember>
 <congMember authorityId="2148" bioGuideId="M001188" chamber="H" congress="117" party="D" role="COSPONSOR" state="NY">
                      <name type="parsed">Ms. Meng</name>
                      <name type="authority-fnf">Grace Meng</name>
                      <name type="authority-lnf">Meng, Grace</name>
                </congMember>
 <congMember authorityId="2332" bioGuideId="R000606" chamber="H" congress="117" party="D" role="COSPONSOR" state="MD">
                      <name type="parsed">Mr. Raskin</name>
                      <name type="authority-fnf">Jamie Raskin</name>
                      <name type="authority-lnf">Raskin, Jamie</name>
                </congMember>
 <congMember authorityId="1879" bioGuideId="W000800" chamber="H" congress="117" gpoId="8204" party="D" role="COSPONSOR" state="VT">
                      <name type="parsed">Mr. Welch</name>
                      <name type="authority-fnf">Peter Welch</name>
                      <name type="authority-lnf">Welch, Peter</name>
                </congMember>
 <congMember authorityId="2404" bioGuideId="T000482" chamber="H" congress="117" party="D" role="COSPONSOR" state="MA">
                      <name type="parsed">Mrs. Trahan</name>
                      <name type="authority-fnf">Lori Trahan</name>
                      <name type="authority-lnf">Trahan, Lori</name>
                </congMember>
 <congMember authorityId="2405" bioGuideId="P000617" chamber="H" congress="117" party="D" role="COSPONSOR" state="MA">
                      <name type="parsed">Ms. Pressley</name>
                      <name type="authority-fnf">Ayanna Pressley</name>
                      <name type="authority-lnf">Pressley, Ayanna</name>
                </congMember>
 <congMember authorityId="1864" bioGuideId="C001067" chamber="H" congress="117" gpoId="8072" party="D" role="COSPONSOR" state="NY">
                      <name type="parsed">Ms. Clarke of New York</name>
                      <name type="authority-fnf">Yvette D. Clarke</name>
                      <name type="authority-lnf">Clarke, Yvette D.</name>
                      <name type="authority-other">Ms. Yvette Clarke</name>
                </congMember>
 <congMember authorityId="2149" bioGuideId="J000294" chamber="H" congress="117" party="D" role="COSPONSOR" state="NY">
                      <name type="parsed">Mr. Jeffries</name>
                      <name type="authority-fnf">Hakeem S. Jeffries</name>
                      <name type="authority-lnf">Jeffries, Hakeem S.</name>
                      <name type="authority-other">Mr. Hakeem Jeffries</name>
                </congMember>
 <congMember authorityId="1854" bioGuideId="S001168" chamber="H" congress="117" gpoId="7978" party="D" role="COSPONSOR" state="MD">
                      <name type="parsed">Mr. Sarbanes</name>
                      <name type="authority-fnf">John P. Sarbanes</name>
                      <name type="authority-lnf">Sarbanes, John P.</name>
                      <name type="authority-other">Mr. John Sarbanes</name>
                </congMember>
 <congMember authorityId="91" bioGuideId="B000490" chamber="H" congress="117" gpoId="7899" party="D" role="COSPONSOR" state="GA">
                      <name type="parsed">Mr. Bishop of Georgia</name>
                      <name type="authority-fnf">Sanford D. Bishop, Jr.</name>
                      <name type="authority-lnf">Bishop, Sanford D., Jr.</name>
                      <name type="authority-other">Sanford Bishop Jr.</name>
                </congMember>
 <congMember authorityId="1479" bioGuideId="D000197" chamber="H" congress="117" gpoId="7859" party="D" role="COSPONSOR" state="CO">
                      <name type="parsed">Ms. DeGette</name>
                      <name type="authority-fnf">Diana DeGette</name>
                      <name type="authority-lnf">DeGette, Diana</name>
                </congMember>
 <congMember authorityId="2134" bioGuideId="K000380" chamber="H" congress="117" party="D" role="COSPONSOR" state="MI">
                      <name type="parsed">Mr. Kildee</name>
                      <name type="authority-fnf">Daniel T. Kildee</name>
                      <name type="authority-lnf">Kildee, Daniel T.</name>
                      <name type="authority-other">Mr. Daniel Kildee</name>
                </congMember>
 <congMember authorityId="2092" bioGuideId="B001278" chamber="H" congress="117" gpoId="8367" party="D" role="COSPONSOR" state="OR">
                      <name type="parsed">Ms. Bonamici</name>
                      <name type="authority-fnf">Suzanne Bonamici</name>
                      <name type="authority-lnf">Bonamici, Suzanne</name>
                </congMember>
 <congMember authorityId="1803" bioGuideId="G000553" chamber="H" congress="117" gpoId="8165" party="D" role="COSPONSOR" state="TX">
                      <name type="parsed">Mr. Green of Texas</name>
                      <name type="authority-fnf">Al Green</name>
                      <name type="authority-lnf">Green, Al</name>
                </congMember>
 <congMember authorityId="1811" bioGuideId="M001160" chamber="H" congress="117" gpoId="8217" party="D" role="COSPONSOR" state="WI">
                      <name type="parsed">Ms. Moore of Wisconsin</name>
                      <name type="authority-fnf">Gwen Moore</name>
                      <name type="authority-lnf">Moore, Gwen</name>
                </congMember>
 <congMember authorityId="2251" bioGuideId="D000624" chamber="H" congress="117" party="D" role="COSPONSOR" state="MI">
                      <name type="parsed">Mrs. Dingell</name>
                      <name type="authority-fnf">Debbie Dingell</name>
                      <name type="authority-lnf">Dingell, Debbie</name>
                </congMember>
 <congMember authorityId="2201" bioGuideId="A000370" chamber="H" congress="117" party="D" role="COSPONSOR" state="NC">
                      <name type="parsed">Ms. Adams</name>
                      <name type="authority-fnf">Alma S. Adams</name>
                      <name type="authority-lnf">Adams, Alma S.</name>
                      <name type="authority-other">Ms. Alma Adams</name>
                </congMember>
 <congMember authorityId="2496" bioGuideId="W000788" chamber="H" congress="117" party="D" role="COSPONSOR" state="GA">
                      <name type="parsed">Ms. Williams of Georgia</name>
                      <name type="authority-fnf">Nikema Williams</name>
                      <name type="authority-lnf">Williams, Nikema</name>
                </congMember>
 <congMember authorityId="2272" bioGuideId="B001292" chamber="H" congress="117" party="D" role="COSPONSOR" state="VA">
                      <name type="parsed">Mr. Beyer</name>
                      <name type="authority-fnf">Donald S. Beyer, Jr.</name>
                      <name type="authority-lnf">Beyer, Donald S., Jr.</name>
                      <name type="authority-other">Mr. Donald Beyer Jr.</name>
                </congMember>
 <congMember authorityId="2196" bioGuideId="C001101" chamber="H" congress="117" party="D" role="COSPONSOR" state="MA">
                      <name type="parsed">Ms. Clark of Massachusetts</name>
                      <name type="authority-fnf">Katherine M. Clark</name>
                      <name type="authority-lnf">Clark, Katherine M.</name>
                      <name type="authority-other">Ms. Katherine Clark</name>
                </congMember>
 <congMember authorityId="2385" bioGuideId="C001121" chamber="H" congress="117" party="D" role="COSPONSOR" state="CO">
                      <name type="parsed">Mr. Crow</name>
                      <name type="authority-fnf">Jason Crow</name>
                      <name type="authority-lnf">Crow, Jason</name>
                </congMember>
 <congMember authorityId="2341" bioGuideId="S001201" chamber="H" congress="117" party="D" role="COSPONSOR" state="NY">
                      <name type="parsed">Mr. Suozzi</name>
                      <name type="authority-fnf">Thomas R. Suozzi</name>
                      <name type="authority-lnf">Suozzi, Thomas R.</name>
                      <name type="authority-other">Mr. Thomas Suozzi</name>
                </congMember>
 <congMember authorityId="2055" bioGuideId="C001084" chamber="H" congress="117" gpoId="8139" party="D" role="COSPONSOR" state="RI">
                      <name type="parsed">Mr. Cicilline</name>
                      <name type="authority-fnf">David N. Cicilline</name>
                      <name type="authority-lnf">Cicilline, David N.</name>
                      <name type="authority-other">Mr. David Cicilline</name>
                </congMember>
 <congMember authorityId="850" bioGuideId="N000002" chamber="H" congress="117" gpoId="8069" party="D" role="COSPONSOR" state="NY">
                      <name type="parsed">Mr. Nadler</name>
                      <name type="authority-fnf">Jerrold Nadler</name>
                      <name type="authority-lnf">Nadler, Jerrold</name>
                </congMember>
 <congMember authorityId="1504" bioGuideId="M000312" chamber="H" congress="117" gpoId="7968" party="D" role="COSPONSOR" state="MA">
                      <name type="parsed">Mr. McGovern</name>
                      <name type="authority-fnf">James P. McGovern</name>
                      <name type="authority-lnf">McGovern, James P.</name>
                      <name type="authority-other">James Mcgovern</name>
                </congMember>
 <congMember authorityId="2096" bioGuideId="D000617" chamber="H" congress="117" gpoId="8374" party="D" role="COSPONSOR" state="WA">
                      <name type="parsed">Ms. DelBene</name>
                      <name type="authority-fnf">Suzan K. DelBene</name>
                      <name type="authority-lnf">DelBene, Suzan K.</name>
                      <name type="authority-other">Ms. Suzan Delbene</name>
                </congMember>
 <congMember authorityId="1686" bioGuideId="L000562" chamber="H" congress="117" gpoId="7974" party="D" role="COSPONSOR" state="MA">
                      <name type="parsed">Mr. Lynch</name>
                      <name type="authority-fnf">Stephen F. Lynch</name>
                      <name type="authority-lnf">Lynch, Stephen F.</name>
                      <name type="authority-other">Mr. Stephen Lynch</name>
                </congMember>
 <congMember authorityId="2525" bioGuideId="J000306" chamber="H" congress="117" party="D" role="COSPONSOR" state="NY">
                      <name type="parsed">Mr. Jones</name>
                      <name type="authority-fnf">Mondaire Jones</name>
                      <name type="authority-lnf">Jones, Mondaire</name>
                </congMember>
 <congMember authorityId="99" bioGuideId="B000574" chamber="H" congress="117" gpoId="8116" party="D" role="COSPONSOR" state="OR">
                      <name type="parsed">Mr. Blumenauer</name>
                      <name type="authority-fnf">Earl Blumenauer</name>
                      <name type="authority-lnf">Blumenauer, Earl</name>
                </congMember>
 <congMember authorityId="2025" bioGuideId="K000375" chamber="H" congress="117" gpoId="7975" party="D" role="COSPONSOR" state="MA">
                      <name type="parsed">Mr. Keating</name>
                      <name type="authority-fnf">William R. Keating</name>
                      <name type="authority-lnf">Keating, William R.</name>
                      <name type="authority-other">Mr. William Keating</name>
                </congMember>
 <congMember authorityId="2384" bioGuideId="N000191" chamber="H" congress="117" party="D" role="COSPONSOR" state="CO">
                      <name type="parsed">Mr. Neguse</name>
                      <name type="authority-fnf">Joe Neguse</name>
                      <name type="authority-lnf">Neguse, Joe</name>
                </congMember>
 <congMember authorityId="2313" bioGuideId="B001303" chamber="H" congress="117" party="D" role="COSPONSOR" state="DE">
                      <name type="parsed">Ms. Blunt Rochester</name>
                      <name type="authority-fnf">Lisa Blunt Rochester</name>
                      <name type="authority-lnf">Blunt Rochester, Lisa</name>
                </congMember>
 <congMember authorityId="2298" bioGuideId="E000296" chamber="H" congress="117" party="D" role="COSPONSOR" state="PA">
                      <name type="parsed">Mr. Evans</name>
                      <name type="authority-fnf">Dwight Evans</name>
                      <name type="authority-lnf">Evans, Dwight</name>
                </congMember>
 <congMember authorityId="1890" bioGuideId="S001175" chamber="H" congress="117" gpoId="7817" party="D" role="COSPONSOR" state="CA">
                      <name type="parsed">Ms. Speier</name>
                      <name type="authority-fnf">Jackie Speier</name>
                      <name type="authority-lnf">Speier, Jackie</name>
                </congMember>
 <congMember authorityId="1653" bioGuideId="M001143" chamber="H" congress="117" gpoId="8004" party="D" role="COSPONSOR" state="MN">
                      <name type="parsed">Ms. McCollum</name>
                      <name type="authority-fnf">Betty McCollum</name>
                      <name type="authority-lnf">McCollum, Betty</name>
                </congMember>
 <congMember authorityId="2354" bioGuideId="J000298" chamber="H" congress="117" party="D" role="COSPONSOR" state="WA">
                      <name type="parsed">Ms. Jayapal</name>
                      <name type="authority-fnf">Pramila Jayapal</name>
                      <name type="authority-lnf">Jayapal, Pramila</name>
                </congMember>
 <congMember authorityId="1506" bioGuideId="M001137" chamber="H" congress="117" gpoId="8067" party="D" role="COSPONSOR" state="NY">
                      <name type="parsed">Mr. Meeks</name>
                      <name type="authority-fnf">Gregory W. Meeks</name>
                      <name type="authority-lnf">Meeks, Gregory W.</name>
                      <name type="authority-other">Gregory Meeks</name>
                </congMember>
 <congMember authorityId="2539" bioGuideId="S001159" chamber="H" congress="117" party="D" role="COSPONSOR" state="WA">
                      <name type="parsed">Ms. Strickland</name>
                      <name type="authority-fnf">Marilyn Strickland</name>
                      <name type="authority-lnf">Strickland, Marilyn</name>
                </congMember>
 <congMember authorityId="2373" bioGuideId="S001205" chamber="H" congress="117" party="D" role="COSPONSOR" state="PA">
                      <name type="parsed">Ms. Scanlon</name>
                      <name type="authority-fnf">Mary Gay Scanlon</name>
                      <name type="authority-lnf">Scanlon, Mary Gay</name>
                      <name type="authority-other">Ms. Mary Scanlon</name>
                </congMember>
 <congMember authorityId="1184" bioGuideId="V000081" chamber="H" congress="117" gpoId="8073" party="D" role="COSPONSOR" state="NY">
                      <name type="parsed">Ms. Velázquez</name>
                      <name type="authority-fnf">Nydia M. Velazquez</name>
                      <name type="authority-lnf">Velazquez, Nydia M.</name>
                      <name type="authority-other">Nydia Velazquez</name>
                </congMember>
 <congMember authorityId="1976" bioGuideId="D000610" chamber="H" congress="117" gpoId="7891" party="D" role="COSPONSOR" state="FL">
                      <name type="parsed">Mr. Deutch</name>
                      <name type="authority-fnf">Theodore E. Deutch</name>
                      <name type="authority-lnf">Deutch, Theodore E.</name>
                      <name type="authority-other">Mr. Theodore Deutch</name>
                </congMember>
 <congMember authorityId="1878" bioGuideId="C001068" chamber="H" congress="117" gpoId="8156" party="D" role="COSPONSOR" state="TN">
                      <name type="parsed">Mr. Cohen</name>
                      <name type="authority-fnf">Steve Cohen</name>
                      <name type="authority-lnf">Cohen, Steve</name>
                </congMember>
 <congMember authorityId="2097" bioGuideId="P000604" chamber="H" congress="117" gpoId="8373" party="D" role="COSPONSOR" state="NJ">
                      <name type="parsed">Mr. Payne</name>
                      <name type="authority-fnf">Donald M. Payne, Jr.</name>
                      <name type="authority-lnf">Payne, Donald M., Jr.</name>
                      <name type="authority-other">Mr. Donald Payne Jr.</name>
                </congMember>
 <congMember authorityId="2371" bioGuideId="M001206" chamber="H" congress="117" party="D" role="COSPONSOR" state="NY">
                      <name type="parsed">Mr. Morelle</name>
                      <name type="authority-fnf">Joseph D. Morelle</name>
                      <name type="authority-lnf">Morelle, Joseph D.</name>
                      <name type="authority-other">Mr. Joseph Morelle</name>
                </congMember>
 <congMember authorityId="2004" bioGuideId="W000808" chamber="H" congress="117" gpoId="7889" party="D" role="COSPONSOR" state="FL">
                      <name type="parsed">Ms. Wilson of Florida</name>
                      <name type="authority-fnf">Frederica S. Wilson</name>
                      <name type="authority-lnf">Wilson, Frederica S.</name>
                      <name type="authority-other">Frederica Wilson</name>
                </congMember>
 <congMember authorityId="2320" bioGuideId="D000627" chamber="H" congress="117" party="D" role="COSPONSOR" state="FL">
                      <name type="parsed">Mrs. Demings</name>
                      <name type="authority-fnf">Val Butler Demings</name>
                      <name type="authority-lnf">Demings, Val Butler</name>
                      <name type="authority-other">Mrs. Val Demings</name>
                </congMember>
 <congMember authorityId="2102" bioGuideId="B001287" chamber="H" congress="117" party="D" role="COSPONSOR" state="CA">
                      <name type="parsed">Mr. Bera</name>
                      <name type="authority-fnf">Ami Bera</name>
                      <name type="authority-lnf">Bera, Ami</name>
                </congMember>
 <congMember authorityId="2110" bioGuideId="T000472" chamber="H" congress="117" party="D" role="COSPONSOR" state="CA">
                      <name type="parsed">Mr. Takano</name>
                      <name type="authority-fnf">Mark Takano</name>
                      <name type="authority-lnf">Takano, Mark</name>
                </congMember>
 <congMember authorityId="2267" bioGuideId="B001296" chamber="H" congress="117" party="D" role="COSPONSOR" state="PA">
                      <name type="parsed">Mr. Brendan F. Boyle of Pennsylvania</name>
                      <name type="authority-fnf">Brendan F. Boyle</name>
                      <name type="authority-lnf">Boyle, Brendan F.</name>
                      <name type="authority-other">Mr. Brendan Boyle</name>
                </congMember>
 <congMember authorityId="1588" bioGuideId="S001145" chamber="H" congress="117" gpoId="7929" party="D" role="COSPONSOR" state="IL">
                      <name type="parsed">Ms. Schakowsky</name>
                      <name type="authority-fnf">Janice D. Schakowsky</name>
                      <name type="authority-lnf">Schakowsky, Janice D.</name>
                      <name type="authority-other">Janice Schakowsky</name>
                </congMember>
 <congMember authorityId="2252" bioGuideId="L000581" chamber="H" congress="117" party="D" role="COSPONSOR" state="MI">
                      <name type="parsed">Mrs. Lawrence</name>
                      <name type="authority-fnf">Brenda L. Lawrence</name>
                      <name type="authority-lnf">Lawrence, Brenda L.</name>
                      <name type="authority-other">Mrs. Brenda Lawrence</name>
                </congMember>
 <congMember authorityId="1940" bioGuideId="T000468" chamber="H" congress="117" gpoId="7493" party="D" role="COSPONSOR" state="NV">
                      <name type="parsed">Ms. Titus</name>
                      <name type="authority-fnf">Dina Titus</name>
                      <name type="authority-lnf">Titus, Dina</name>
                </congMember>
 <congMember authorityId="2230" bioGuideId="L000582" chamber="H" congress="117" party="D" role="COSPONSOR" state="CA">
                      <name type="parsed">Mr. Lieu</name>
                      <name type="authority-fnf">Ted Lieu</name>
                      <name type="authority-lnf">Lieu, Ted</name>
                </congMember>
 <congMember authorityId="798" bioGuideId="M000687" chamber="H" congress="117" party="D" role="COSPONSOR" state="MD">
                      <name type="parsed">Mr. Mfume</name>
                      <name type="authority-fnf">Kweisi Mfume</name>
                      <name type="authority-lnf">Mfume, Kweisi</name>
                </congMember>
 <congMember authorityId="1889" bioGuideId="C001072" chamber="H" congress="117" gpoId="7946" party="D" role="COSPONSOR" state="IN">
                      <name type="parsed">Mr. Carson</name>
                      <name type="authority-fnf">Andre Carson</name>
                      <name type="authority-lnf">Carson, Andre</name>
                </congMember>
 <congMember authorityId="1895" bioGuideId="F000455" chamber="H" congress="117" gpoId="8101" party="D" role="COSPONSOR" state="OH">
                      <name type="parsed">Ms. Fudge</name>
                      <name type="authority-fnf">Marcia L. Fudge</name>
                      <name type="authority-lnf">Fudge, Marcia L.</name>
                      <name type="authority-other">Ms. Marcia Fudge</name>
                </congMember>
 <congMember authorityId="1722" bioGuideId="S001157" chamber="H" congress="117" gpoId="7910" party="D" role="COSPONSOR" state="GA">
                      <name type="parsed">Mr. David Scott of Georgia</name>
                      <name type="authority-fnf">David Scott</name>
                      <name type="authority-lnf">Scott, David</name>
                </congMember>
 <congMember authorityId="1967" bioGuideId="Q000023" chamber="H" congress="117" gpoId="7925" party="D" role="COSPONSOR" state="IL">
                      <name type="parsed">Mr. Quigley</name>
                      <name type="authority-fnf">Mike Quigley</name>
                      <name type="authority-lnf">Quigley, Mike</name>
                </congMember>
 <congMember authorityId="1477" bioGuideId="D000096" chamber="H" congress="117" gpoId="7927" party="D" role="COSPONSOR" state="IL">
                      <name type="parsed">Mr. Danny K. Davis of Illinois</name>
                      <name type="authority-fnf">Danny K. Davis</name>
                      <name type="authority-lnf">Davis, Danny K.</name>
                      <name type="authority-other">Danny Davis</name>
                </congMember>
 <congMember authorityId="2112" bioGuideId="V000130" chamber="H" congress="117" party="D" role="COSPONSOR" state="CA">
                      <name type="parsed">Mr. Vargas</name>
                      <name type="authority-fnf">Juan Vargas</name>
                      <name type="authority-lnf">Vargas, Juan</name>
                </congMember>
 <congMember authorityId="1583" bioGuideId="L000557" chamber="H" congress="117" gpoId="7866" party="D" role="COSPONSOR" state="CT">
                      <name type="parsed">Mr. Larson of Connecticut</name>
                      <name type="authority-fnf">John B. Larson</name>
                      <name type="authority-lnf">Larson, John B.</name>
                      <name type="authority-other">John Larson</name>
                </congMember>
 <congMember authorityId="1151" bioGuideId="T000193" chamber="H" congress="117" gpoId="8020" party="D" role="COSPONSOR" state="MS">
                      <name type="parsed">Mr. Thompson of Mississippi</name>
                      <name type="authority-fnf">Bennie G. Thompson</name>
                      <name type="authority-lnf">Thompson, Bennie G.</name>
                      <name type="authority-other">Bennie Thompson</name>
                </congMember>
 <congMember authorityId="2331" bioGuideId="B001304" chamber="H" congress="117" party="D" role="COSPONSOR" state="MD">
                      <name type="parsed">Mr. Brown</name>
                      <name type="authority-fnf">Anthony G. Brown</name>
                      <name type="authority-lnf">Brown, Anthony G.</name>
                      <name type="authority-other">Mr. Anthony Brown</name>
                </congMember>
 <congMember authorityId="1777" bioGuideId="W000797" chamber="H" congress="117" gpoId="7892" party="D" role="COSPONSOR" state="FL">
                      <name type="parsed">Ms. Wasserman Schultz</name>
                      <name type="authority-fnf">Debbie Wasserman Schultz</name>
                      <name type="authority-lnf">Wasserman Schultz, Debbie</name>
                </congMember>
 <congMember authorityId="2111" bioGuideId="L000579" chamber="H" congress="117" party="D" role="COSPONSOR" state="CA">
                      <name type="parsed">Mr. Lowenthal</name>
                      <name type="authority-fnf">Alan S. Lowenthal</name>
                      <name type="authority-lnf">Lowenthal, Alan S.</name>
                      <name type="authority-other">Mr. Alan Lowenthal</name>
                </congMember>
 <congMember authorityId="2169" bioGuideId="K000381" chamber="H" congress="117" party="D" role="COSPONSOR" state="WA">
                      <name type="parsed">Mr. Kilmer</name>
                      <name type="authority-fnf">Derek Kilmer</name>
                      <name type="authority-lnf">Kilmer, Derek</name>
                </congMember>
 <congMember authorityId="854" bioGuideId="N000015" chamber="H" congress="117" gpoId="7967" party="D" role="COSPONSOR" state="MA">
                      <name type="parsed">Mr. Neal</name>
                      <name type="authority-fnf">Richard E. Neal</name>
                      <name type="authority-lnf">Neal, Richard E.</name>
                      <name type="authority-other">Richard Neal</name>
                </congMember>
 <congMember authorityId="887" bioGuideId="P000034" chamber="H" congress="117" gpoId="8048" party="D" role="COSPONSOR" state="NJ">
                      <name type="parsed">Mr. Pallone</name>
                      <name type="authority-fnf">Frank Pallone, Jr.</name>
                      <name type="authority-lnf">Pallone, Frank, Jr.</name>
                      <name type="authority-other">Frank Pallone Jr.</name>
                </congMember>
 <congMember authorityId="1988" bioGuideId="S001185" chamber="H" congress="117" gpoId="7792" party="D" role="COSPONSOR" state="AL">
                      <name type="parsed">Ms. Sewell</name>
                      <name type="authority-fnf">Terri A. Sewell</name>
                      <name type="authority-lnf">Sewell, Terri A.</name>
                      <name type="authority-other">Ms. Terri Sewell</name>
                </congMember>
 <congMember authorityId="1814" bioGuideId="M001163" chamber="H" congress="117" gpoId="7810" party="D" role="COSPONSOR" state="CA">
                      <name type="parsed">Ms. Matsui</name>
                      <name type="authority-fnf">Doris O. Matsui</name>
                      <name type="authority-lnf">Matsui, Doris O.</name>
                      <name type="authority-other">Ms. Doris Matsui</name>
                </congMember>
 <congMember authorityId="2317" bioGuideId="L000586" chamber="H" congress="117" party="D" role="COSPONSOR" state="FL">
                      <name type="parsed">Mr. Lawson of Florida</name>
                      <name type="authority-fnf">Al Lawson, Jr.</name>
                      <name type="authority-lnf">Lawson, Al, Jr.</name>
                      <name type="authority-other">Mr. Al Lawson Jr.</name>
                </congMember>
 <congMember authorityId="1593" bioGuideId="T000460" chamber="H" congress="117" gpoId="7806" party="D" role="COSPONSOR" state="CA">
                      <name type="parsed">Mr. Thompson of California</name>
                      <name type="authority-fnf">Mike Thompson</name>
                      <name type="authority-lnf">Thompson, Mike</name>
                </congMember>
 <congMember authorityId="1853" bioGuideId="Y000062" chamber="H" congress="117" gpoId="7955" party="D" role="COSPONSOR" state="KY">
                      <name type="parsed">Mr. Yarmuth</name>
                      <name type="authority-fnf">John A. Yarmuth</name>
                      <name type="authority-lnf">Yarmuth, John A.</name>
                      <name type="authority-other">Mr. John Yarmuth</name>
                </congMember>
 <congMember authorityId="1774" bioGuideId="C001059" chamber="H" congress="117" gpoId="7825" party="D" role="COSPONSOR" state="CA">
                      <name type="parsed">Mr. Costa</name>
                      <name type="authority-fnf">Jim Costa</name>
                      <name type="authority-lnf">Costa, Jim</name>
                </congMember>
 <congMember authorityId="2147" bioGuideId="H001066" chamber="H" congress="117" party="D" role="COSPONSOR" state="NV">
                      <name type="parsed">Mr. Horsford</name>
                      <name type="authority-fnf">Steven Horsford</name>
                      <name type="authority-lnf">Horsford, Steven</name>
                </congMember>
 <congMember authorityId="1927" bioGuideId="P000597" chamber="H" congress="117" gpoId="7984" party="D" role="COSPONSOR" state="ME">
                      <name type="parsed">Ms. Pingree</name>
                      <name type="authority-fnf">Chellie Pingree</name>
                      <name type="authority-lnf">Pingree, Chellie</name>
                </congMember>
 <congMember authorityId="2319" bioGuideId="S001200" chamber="H" congress="117" party="D" role="COSPONSOR" state="FL">
                      <name type="parsed">Mr. Soto</name>
                      <name type="authority-fnf">Darren Soto</name>
                      <name type="authority-lnf">Soto, Darren</name>
                </congMember>
 <congMember authorityId="2432" bioGuideId="D000631" chamber="H" congress="117" party="D" role="COSPONSOR" state="PA">
                      <name type="parsed">Ms. Dean</name>
                      <name type="authority-fnf">Madeleine Dean</name>
                      <name type="authority-lnf">Dean, Madeleine</name>
                </congMember>
 <congMember authorityId="2386" bioGuideId="H001081" chamber="H" congress="117" party="D" role="COSPONSOR" state="CT">
                      <name type="parsed">Mrs. Hayes</name>
                      <name type="authority-fnf">Jahana Hayes</name>
                      <name type="authority-lnf">Hayes, Jahana</name>
                </congMember>
 <congMember authorityId="2398" bioGuideId="C001117" chamber="H" congress="117" party="D" role="COSPONSOR" state="IL">
                      <name type="parsed">Mr. Casten</name>
                      <name type="authority-fnf">Sean Casten</name>
                      <name type="authority-lnf">Casten, Sean</name>
                </congMember>
 <congMember authorityId="2227" bioGuideId="D000623" chamber="H" congress="117" party="D" role="COSPONSOR" state="CA">
                      <name type="parsed">Mr. DeSaulnier</name>
                      <name type="authority-fnf">Mark DeSaulnier</name>
                      <name type="authority-lnf">DeSaulnier, Mark</name>
                </congMember>
 <congMember authorityId="2171" bioGuideId="P000607" chamber="H" congress="117" party="D" role="COSPONSOR" state="WI">
                      <name type="parsed">Mr. Pocan</name>
                      <name type="authority-fnf">Mark Pocan</name>
                      <name type="authority-lnf">Pocan, Mark</name>
                </congMember>
 <congMember authorityId="2362" bioGuideId="G000585" chamber="H" congress="117" party="D" role="COSPONSOR" state="CA">
                      <name type="parsed">Mr. Gomez</name>
                      <name type="authority-fnf">Jimmy Gomez</name>
                      <name type="authority-lnf">Gomez, Jimmy</name>
                </congMember>
 <congMember authorityId="2166" bioGuideId="V000131" chamber="H" congress="117" party="D" role="COSPONSOR" state="TX">
                      <name type="parsed">Mr. Veasey</name>
                      <name type="authority-fnf">Marc A. Veasey</name>
                      <name type="authority-lnf">Veasey, Marc A.</name>
                      <name type="authority-other">Mr. Marc Veasey</name>
                </congMember>
 <congMember authorityId="2262" bioGuideId="R000602" chamber="H" congress="117" party="D" role="COSPONSOR" state="NY">
                      <name type="parsed">Miss Rice of New York</name>
                      <name type="authority-fnf">Kathleen M. Rice</name>
                      <name type="authority-lnf">Rice, Kathleen M.</name>
                      <name type="authority-other">Miss Kathleen Rice</name>
                </congMember>
 <congMember authorityId="701" bioGuideId="L000397" chamber="H" congress="117" gpoId="7821" party="D" role="COSPONSOR" state="CA">
                      <name type="parsed">Ms. Lofgren</name>
                      <name type="authority-fnf">Zoe Lofgren</name>
                      <name type="authority-lnf">Lofgren, Zoe</name>
                </congMember>
 <congMember authorityId="1843" bioGuideId="J000288" chamber="H" congress="117" gpoId="7901" party="D" role="COSPONSOR" state="GA">
                      <name type="parsed">Mr. Johnson of Georgia</name>
                      <name type="authority-fnf">Henry C. &quot;Hank&quot; Johnson, Jr.</name>
                      <name type="authority-lnf">Johnson, Henry C. &quot;Hank,&quot; Jr.</name>
                      <name type="authority-other">Mr. Henry Johnson Jr.</name>
                </congMember>
 <congMember authorityId="616" bioGuideId="K000009" chamber="H" congress="117" gpoId="8099" party="D" role="COSPONSOR" state="OH">
                      <name type="parsed">Ms. Kaptur</name>
                      <name type="authority-fnf">Marcy Kaptur</name>
                      <name type="authority-lnf">Kaptur, Marcy</name>
                </congMember>
 <congMember authorityId="2414" bioGuideId="O000173" chamber="H" congress="117" party="D" role="COSPONSOR" state="MN">
                      <name type="parsed">Ms. Omar</name>
                      <name type="authority-fnf">Ilhan Omar</name>
                      <name type="authority-lnf">Omar, Ilhan</name>
                </congMember>
 <congMember authorityId="1996" bioGuideId="B001270" chamber="H" congress="117" gpoId="7838" party="D" role="COSPONSOR" state="CA">
                      <name type="parsed">Ms. Bass</name>
                      <name type="authority-fnf">Karen Bass</name>
                      <name type="authority-lnf">Bass, Karen</name>
                </congMember>
 <congMember authorityId="2113" bioGuideId="P000608" chamber="H" congress="117" party="D" role="COSPONSOR" state="CA">
                      <name type="parsed">Mr. Peters</name>
                      <name type="authority-fnf">Scott H. Peters</name>
                      <name type="authority-lnf">Peters, Scott H.</name>
                      <name type="authority-other">Mr. Scott Peters</name>
                </congMember>
 <congMember authorityId="2450" bioGuideId="G000587" chamber="H" congress="117" party="D" role="COSPONSOR" state="TX">
                      <name type="parsed">Ms. Garcia of Texas</name>
                      <name type="authority-fnf">Sylvia R. Garcia</name>
                      <name type="authority-lnf">Garcia, Sylvia R.</name>
                      <name type="authority-other">Ms. Sylvia Garcia</name>
                </congMember>
 <congMember authorityId="2448" bioGuideId="E000299" chamber="H" congress="117" party="D" role="COSPONSOR" state="TX">
                      <name type="parsed">Ms. Escobar</name>
                      <name type="authority-fnf">Veronica Escobar</name>
                      <name type="authority-lnf">Escobar, Veronica</name>
                </congMember>
 <congMember authorityId="2104" bioGuideId="S001193" chamber="H" congress="117" party="D" role="COSPONSOR" state="CA">
                      <name type="parsed">Mr. Swalwell</name>
                      <name type="authority-fnf">Eric Swalwell</name>
                      <name type="authority-lnf">Swalwell, Eric</name>
                </congMember>
 <congMember authorityId="1761" bioGuideId="B001251" chamber="H" congress="117" gpoId="8024" party="D" role="COSPONSOR" state="NC">
                      <name type="parsed">Mr. Butterfield</name>
                      <name type="authority-fnf">G. K. Butterfield</name>
                      <name type="authority-lnf">Butterfield, G. K.</name>
                </congMember>
 <congMember authorityId="2190" bioGuideId="K000385" chamber="H" congress="117" party="D" role="COSPONSOR" state="IL">
                      <name type="parsed">Ms. Kelly of Illinois</name>
                      <name type="authority-fnf">Robin L. Kelly</name>
                      <name type="authority-lnf">Kelly, Robin L.</name>
                      <name type="authority-other">Ms. Robin Kelly</name>
                </congMember>
 <congMember authorityId="2524" bioGuideId="B001223" chamber="H" congress="117" party="D" role="COSPONSOR" state="NY">
                      <name type="parsed">Mr. Bowman</name>
                      <name type="authority-fnf">Jamaal Bowman</name>
                      <name type="authority-lnf">Bowman, Jamaal</name>
                </congMember>
 <congMember authorityId="2427" bioGuideId="O000172" chamber="H" congress="117" party="D" role="COSPONSOR" state="NY">
                      <name type="parsed">Ms. Ocasio-Cortez</name>
                      <name type="authority-fnf">Alexandria Ocasio-Cortez</name>
                      <name type="authority-lnf">Ocasio-Cortez, Alexandria</name>
                </congMember>
 <congMember authorityId="2410" bioGuideId="T000481" chamber="H" congress="117" party="D" role="COSPONSOR" state="MI">
                      <name type="parsed">Ms. Tlaib</name>
                      <name type="authority-fnf">Rashida Tlaib</name>
                      <name type="authority-lnf">Tlaib, Rashida</name>
                </congMember>
 <congMember authorityId="1970" bioGuideId="C001080" chamber="H" congress="117" gpoId="7837" party="D" role="COSPONSOR" state="CA">
                      <name type="parsed">Ms. Chu</name>
                      <name type="authority-fnf">Judy Chu</name>
                      <name type="authority-lnf">Chu, Judy</name>
                </congMember>
 <congMember authorityId="2309" bioGuideId="P000613" chamber="H" congress="117" party="D" role="COSPONSOR" state="CA">
                      <name type="parsed">Mr. Panetta</name>
                      <name type="authority-fnf">Jimmy Panetta</name>
                      <name type="authority-lnf">Panetta, Jimmy</name>
                </congMember>
 <congMember authorityId="1888" bioGuideId="F000454" chamber="H" congress="117" gpoId="7355" party="D" role="COSPONSOR" state="IL">
                      <name type="parsed">Mr. Foster</name>
                      <name type="authority-fnf">Bill Foster</name>
                      <name type="authority-lnf">Foster, Bill</name>
                </congMember>
 <congMember authorityId="2514" bioGuideId="B001224" chamber="H" congress="117" party="D" role="COSPONSOR" state="MO">
                      <name type="parsed">Ms. Bush</name>
                      <name type="authority-fnf">Cori Bush</name>
                      <name type="authority-lnf">Bush, Cori</name>
                </congMember>
 <isPrivate>false</isPrivate>
 <isAppropriation>false</isAppropriation>
 <USCode title="5">
                      <section detail="(b)" number="3109"></section>
                      <section detail="(b)" number="5311"></section>
                      <section number="5332"></section>
                </USCode>
</extension>
</mods>