<?xml version="1.0"?>
<?xml-stylesheet type="text/xsl" href="billres.xsl"?>
<!DOCTYPE resolution PUBLIC "-//US Congress//DTDs/res.dtd//EN" "res.dtd">
<resolution resolution-stage="Introduced-in-House" dms-id="H4A6445077AA94E10BA3A4813FDF8FE50" public-private="public" resolution-type="constitutional-amendment" star-print="no-star-print" key="H"><metadata xmlns:dc="http://purl.org/dc/elements/1.1/">
<dublinCore>
<dc:title>117 HJ 2 IH: Proposing an amendment to the Constitution of the United States relative to balancing the budget.</dc:title>
<dc:publisher>U.S. House of Representatives</dc:publisher>
<dc:date>2021-01-04</dc:date>
<dc:format>text/xml</dc:format>
<dc:language>EN</dc:language>
<dc:rights>Pursuant to Title 17 Section 105 of the United States Code, this file is not subject to copyright protection and is in the public domain.</dc:rights>
</dublinCore>
</metadata>
<form>
<distribution-code display="yes">IA</distribution-code><congress display="yes">117th CONGRESS</congress><session display="yes">1st Session</session><legis-num display="yes">H. J. RES. 2</legis-num><current-chamber>IN THE HOUSE OF REPRESENTATIVES</current-chamber><action display="yes"><action-date date="20210104">January 4, 2021</action-date><action-desc><sponsor name-id="B001260">Mr. Buchanan</sponsor> submitted the following joint resolution; which was referred to the <committee-name committee-id="HJU00">Committee on the Judiciary</committee-name></action-desc></action><legis-type>JOINT RESOLUTION</legis-type><official-title display="yes">Proposing an amendment to the Constitution of the United States relative to balancing the budget.</official-title></form><resolution-body style="constitutional-amendment" id="H827DC0CF941045E9845C440877F8A2D6"><section display-inline="yes-display-inline" section-type="undesignated-section" id="HD0E2A21ADDF14FFDA701C16A908B8B90"><text display-inline="yes-display-inline">That the following article is proposed as an amendment to the Constitution of the United States, which shall be valid to all intents and purposes as part of the Constitution when ratified by the legislatures of three-fourths of the several States:</text><quoted-block display-inline="no-display-inline" id="HA658F9BB1FCF4A378510CCA38039001F" style="traditional"><constitution-article id="H3CB1C01F24AA4813AB32E2D557E73364"><enum> —</enum><section id="HD95969EB14AA4E57B3DA9FE84602458F" section-type="section-one"><enum>1.</enum><text>Total outlays for any fiscal year shall not exceed total receipts for that fiscal year, unless two-thirds of the duly chosen and sworn Members of each House of Congress shall provide by law for a specific excess of outlays over receipts by a rollcall vote.</text></section><section commented="no" id="HD95969EB14AA4E57B3DA9FE84602458F1" section-type="section-one"><enum>2.</enum><text>Total outlays for any fiscal year shall not exceed 18 percent of the gross domestic product of the United States for the calendar year ending before the beginning of such fiscal year, unless two-thirds of the duly chosen and sworn Members of each House of Congress shall provide by law for a specific amount in excess of such 18 percent by a rollcall vote.</text></section><section commented="no" id="HD95969EB14AA4E57B3DA9FE84602458F11" section-type="section-one"><enum>3.</enum><text>Prior to each fiscal year, the President shall transmit to the Congress a proposed budget for the United States Government for that fiscal year in which—</text><paragraph commented="no" id="HAB7B092606F445109460CA32EEFBF06C"><enum>(1)</enum><text display-inline="yes-display-inline">total outlays do not exceed total receipts; and</text></paragraph><paragraph commented="no" id="HE872040E3D5F474FB839AC98322EC561"><enum>(2)</enum><text display-inline="yes-display-inline">total outlays do not exceed 18 percent of the gross domestic product of the United States for the calendar year ending before the beginning of such fiscal year.</text></paragraph></section><section commented="no" id="H5620A943BCE54844A8A014A591DFBAE7" section-type="section-one"><enum>4.</enum><text>Any bill that imposes a new tax or increases the statutory rate of any tax or the aggregate amount of revenue may pass only by a two-thirds majority of the duly chosen and sworn Members of each House of Congress by a rollcall vote. For the purpose of determining any increase in revenue under this section, there shall be excluded any increase resulting from the lowering of the statutory rate of any tax.</text></section><section commented="no" id="H328CD9DADEEC42F8B3289DB176BAD32E" section-type="section-one"><enum>5.</enum><text>The limit on the debt of the United States shall not be increased, unless three-fifths of the duly chosen and sworn Members of each House of Congress shall provide for such an increase by a rollcall vote.</text></section><section commented="no" id="HD34BB1EE35BD4500A76A23E4424DC29B" section-type="section-one"><enum>6.</enum><text>The Congress may waive the provisions of sections 1, 2, 3, and 5 of this article for any fiscal year in which a declaration of war against a nation-state is in effect and in which a majority of the duly chosen and sworn Members of each House of Congress shall provide for a specific excess by a rollcall vote.</text></section><section commented="no" id="H978158F743E64709BDB7F8CB0ACC8A63" section-type="section-one"><enum>7.</enum><text>The Congress may waive the provisions of sections 1, 2, 3, and 5 of this article in any fiscal year in which the United States is engaged in a military conflict that causes an imminent and serious military threat to national security and is so declared by three-fifths of the duly chosen and sworn Members of each House of Congress by a rollcall vote. Such suspension must identify and be limited to the specific excess of outlays for that fiscal year made necessary by the identified military conflict.</text></section><section commented="no" id="H24522286ED724C4782226FC7E410A539" section-type="section-one"><enum>8.</enum><text>No court of the United States or of any State shall order any increase in revenue to enforce this article.</text></section><section commented="no" id="H7D49E6DA15984C6B8506155FD26D4685" section-type="section-one"><enum>9.</enum><text>Total receipts shall include all receipts of the United States Government except those derived from borrowing. Total outlays shall include all outlays of the United States Government except those for repayment of debt principal.</text></section><section commented="no" id="H50943E4B73AD44F1919777472C9E7D28" section-type="section-one"><enum>10.</enum><text>The Congress shall have power to enforce and implement this article by appropriate legislation, which may rely on estimates of outlays, receipts, and gross domestic product.</text></section><section commented="no" id="HCFDAAD8FC26E43FF86B8E93A0A51F01D" section-type="section-one"><enum>11.</enum><text>This article shall take effect beginning with the fifth fiscal year beginning after its ratification.</text></section></constitution-article><after-quoted-block>.</after-quoted-block></quoted-block></section></resolution-body></resolution> 

