<mods xmlns:xlink="http://www.w3.org/1999/xlink" xmlns:xsi="http://www.w3.org/2001/XMLSchema-instance" xmlns="http://www.loc.gov/mods/v3" version="3.3" xsi:schemaLocation="http://www.loc.gov/mods/v3 http://www.loc.gov/standards/mods/v3/mods-3-3.xsd" ID="P0b002ee1aab39e6d">
<name type="corporate">
 <namePart>United States Government Publishing Office</namePart>
 <role>
  <roleTerm authority="marcrelator" type="text">publisher</roleTerm>
  <roleTerm authority="marcrelator" type="code">pbl</roleTerm>
</role>
 <role>
  <roleTerm authority="marcrelator" type="text">distributor</roleTerm>
  <roleTerm authority="marcrelator" type="code">dst</roleTerm>
</role>
</name>
<name type="corporate">
 <namePart>United States</namePart>
 <namePart>Congress</namePart>
 <namePart>House of Representatives</namePart>
 <role>
  <roleTerm authority="marcrelator" type="text">author</roleTerm>
  <roleTerm authority="marcrelator" type="code">aut</roleTerm>
</role>
 <description>Government Organization</description>
</name>
<typeOfResource>text</typeOfResource>
<genre authority="marcgt">government publication</genre>
<language>
 <languageTerm type="code" authority="iso639-2b">eng</languageTerm>
</language>
<extension>
 <collectionCode>BILLS</collectionCode>
 <searchTitle>To enhance the innovation, security, and availability of cloud computing products and services used in the Federal Government by establishing the Federal Risk and Authorization Management Program within the General Services Administration and by establishing a risk management, authorization, and continuous monitoring process to enable the Federal Government to leverage cloud computing products and services using a risk-based approach consistent with the Federal Information Security Modernization Act of 2014 and cloud-based operations, and for other purposes.;Federal Risk and Authorization Management Program Authorization Act of 2021;FedRAMP Authorization Act;H.R. 21 (IH)
    </searchTitle>
 <category>Bills and Statutes</category>
 <waisDatabaseName>117_cong_bills</waisDatabaseName>
 <branch>legislative</branch>
 <dateIngested>2021-01-05</dateIngested>
</extension>
<titleInfo>
 <title>To enhance the innovation, security, and availability of cloud computing products and services used in the Federal Government by establishing the Federal Risk and Authorization Management Program within the General Services Administration and by establishing a risk management, authorization, and continuous monitoring process to enable the Federal Government to leverage cloud computing products and services using a risk-based approach consistent with the Federal Information Security Modernization Act of 2014 and cloud-based operations, and for other purposes.</title>
</titleInfo>
<titleInfo type="alternative">
 <title>Federal Risk and Authorization Management Program Authorization Act of 2021</title>
</titleInfo>
<titleInfo type="alternative">
 <title>FedRAMP Authorization Act</title>
</titleInfo>
<titleInfo type="alternative">
 <title>H.R. 21 (IH)
    </title>
</titleInfo>
<originInfo>
 <publisher>U.S. Government Publishing Office</publisher>
 <dateIssued encoding="w3cdtf">2021-01-04</dateIssued>
 <issuance>monographic</issuance>
</originInfo>
<physicalDescription>
 <note type="source content type">deposited</note>
 <digitalOrigin>born digital</digitalOrigin>
 <extent>26 p.</extent>
</physicalDescription>
<classification authority="sudocs">Y 1.6:</classification>
<classification authority="sudocs">Y 1.4/6:</classification>
<identifier type="local">P0b002ee1aab39e6d</identifier>
<identifier type="uri">https://www.govinfo.gov/app/details/BILLS-117hr21ih</identifier>
<identifier type="preferred citation">H.R. 21</identifier>
<identifier type="stock number">021-610-00252-9</identifier>
<identifier type="Parent ILS system id">000501532</identifier>
<identifier type="Child ILS system id">000325573</identifier>
<identifier type="Parent ILS title">Congressional bills</identifier>
<identifier type="Child ILS title">House bills</identifier>
<identifier type="former package identifier">f:h21_ih.txt</identifier>
<location>
 <url displayLabel="Content Detail" access="object in context">https://www.govinfo.gov/app/details/BILLS-117hr21ih</url>
 <url displayLabel="HTML rendition" access="raw object">https://www.govinfo.gov/content/pkg/BILLS-117hr21ih/html/BILLS-117hr21ih.htm</url>
 <url displayLabel="PDF rendition" access="raw object">https://www.govinfo.gov/content/pkg/BILLS-117hr21ih/pdf/BILLS-117hr21ih.pdf</url>
 <url displayLabel="XML rendition" access="raw object">https://www.govinfo.gov/content/pkg/BILLS-117hr21ih/xml/BILLS-117hr21ih.xml</url>
</location>
<accessCondition type="GPO scope determination">fdlp</accessCondition>
<recordInfo>
 <recordContentSource authority="marcorg">DGPO</recordContentSource>
 <recordCreationDate encoding="w3cdtf">2021-01-05</recordCreationDate>
 <recordChangeDate encoding="w3cdtf">2021-01-05</recordChangeDate>
 <recordIdentifier source="DGPO">BILLS-117hr21ih</recordIdentifier>
 <recordOrigin>machine generated</recordOrigin>
 <languageOfCataloging>
  <languageTerm type="code" authority="iso639-2b">eng</languageTerm>
</languageOfCataloging>
</recordInfo>
<name type="personal">
 <namePart>Gerald E. Connolly</namePart>
 <affiliation>United States House of Representatives</affiliation>
 <role>
  <roleTerm authority="marcrelator" type="text">sponsor</roleTerm>
  <roleTerm authority="marcrelator" type="code">spn</roleTerm>
</role>
 <description>United States Congress Member</description>
</name>
<name type="personal">
 <namePart>James Comer</namePart>
 <affiliation>United States House of Representatives</affiliation>
 <role>
  <roleTerm type="text">cosponsor</roleTerm>
</role>
 <description>United States Congress Member</description>
</name>
<name type="personal">
 <namePart>Jody B. Hice</namePart>
 <affiliation>United States House of Representatives</affiliation>
 <role>
  <roleTerm type="text">cosponsor</roleTerm>
</role>
 <description>United States Congress Member</description>
</name>
<name type="corporate">
 <namePart>United States</namePart>
 <namePart>Congress</namePart>
 <namePart>House of Representatives</namePart>
 <namePart>Committee on Oversight and Reform</namePart>
 <role>
  <roleTerm authority="marcrelator" type="text">associated name</roleTerm>
  <roleTerm authority="marcrelator" type="code">asn</roleTerm>
</role>
</name>
<relatedItem type="isReferencedBy">
 <titleInfo>
  <title>United States Code</title>
  <partNumber>Title 15 Section 632(a)</partNumber>
</titleInfo>
 <identifier type="USC citation">15 U.S.C. 632(a)</identifier>
</relatedItem>
<relatedItem type="isReferencedBy">
 <titleInfo>
  <title>United States Code</title>
  <partNumber>Title 44 Chapter 36</partNumber>
</titleInfo>
 <identifier type="USC citation">44 U.S.C. Chapter 36</identifier>
</relatedItem>
<extension>
 <docClass>hr</docClass>
 <accessId>BILLS-117hr21ih</accessId>
 <congress>117</congress>
 <session>1</session>
 <originChamber>HOUSE</originChamber>
 <currentChamber>HOUSE</currentChamber>
 <billNumber>21</billNumber>
 <billVersion reprint="false">ih</billVersion>
 <fileSuffix>ih</fileSuffix>
 <shortTitle type="measure">Federal Risk and Authorization Management Program Authorization Act of 2021</shortTitle>
 <shortTitle type="measure">FedRAMP Authorization Act</shortTitle>
 <officialTitle>To enhance the innovation, security, and availability of cloud computing products and services used in the Federal Government by establishing the Federal Risk and Authorization Management Program within the General Services Administration and by establishing a risk management, authorization, and continuous monitoring process to enable the Federal Government to leverage cloud computing products and services using a risk-based approach consistent with the Federal Information Security Modernization Act of 2014 and cloud-based operations, and for other purposes.</officialTitle>
 <action date="2021-01-04">Mr. Connolly (for himself, Mr. Comer, and Mr. Hice of Georgia) introduced the following bill; which was referred to the Committee on Oversight and Reform</action>
 <congCommittee authorityId="hsgo00" chamber="H" congress="117" type="S">
                      <name type="authority-standard">Committee on Oversight and Reform</name>
                      <name type="authority-short">Oversight and Reform</name>
                </congCommittee>
 <congMember authorityId="1959" bioGuideId="C001078" chamber="H" congress="117" gpoId="8202" party="D" role="SPONSOR" state="VA">
                      <name type="parsed">Mr. Connolly</name>
                      <name type="authority-fnf">Gerald E. Connolly</name>
                      <name type="authority-lnf">Connolly, Gerald E.</name>
                      <name type="authority-other">Mr. Gerald Connolly</name>
                </congMember>
 <congMember authorityId="2297" bioGuideId="C001108" chamber="H" congress="117" party="R" role="COSPONSOR" state="KY">
                      <name type="parsed">Mr. Comer</name>
                      <name type="authority-fnf">James Comer</name>
                      <name type="authority-lnf">Comer, James</name>
                </congMember>
 <congMember authorityId="2237" bioGuideId="H001071" chamber="H" congress="117" party="R" role="COSPONSOR" state="GA">
                      <name type="parsed">Mr. Hice of Georgia</name>
                      <name type="authority-fnf">Jody B. Hice</name>
                      <name type="authority-lnf">Hice, Jody B.</name>
                      <name type="authority-other">Mr. Jody Hice</name>
                </congMember>
 <isPrivate>false</isPrivate>
 <isAppropriation>false</isAppropriation>
 <USCode title="15">
                      <section detail="(a)" number="632"></section>
                </USCode>
 <USCode title="44">
                      <chapter number="36"></chapter>
                </USCode>
</extension>
</mods>