<?xml version="1.0"?>
<?xml-stylesheet type="text/xsl" href="billres.xsl"?>
<!DOCTYPE bill PUBLIC "-//US Congress//DTDs/bill.dtd//EN" "bill.dtd">
<bill bill-stage="Introduced-in-House" dms-id="H510F29F5277F4224B091A2F95293AC42" public-private="public" key="H" bill-type="olc"><metadata xmlns:dc="http://purl.org/dc/elements/1.1/">
<dublinCore>
<dc:title>117 HR 69 IH: Sunshine Protection Act of 2021</dc:title>
<dc:publisher>U.S. House of Representatives</dc:publisher>
<dc:date>2021-01-04</dc:date>
<dc:format>text/xml</dc:format>
<dc:language>EN</dc:language>
<dc:rights>Pursuant to Title 17 Section 105 of the United States Code, this file is not subject to copyright protection and is in the public domain.</dc:rights>
</dublinCore>
</metadata>
<form>
<distribution-code display="yes">I</distribution-code><congress display="yes">117th CONGRESS</congress><session display="yes">1st Session</session><legis-num display="yes">H. R. 69</legis-num><current-chamber>IN THE HOUSE OF REPRESENTATIVES</current-chamber><action display="yes"><action-date date="20210104">January 4, 2021</action-date><action-desc><sponsor name-id="B001260">Mr. Buchanan</sponsor> introduced the following bill; which was referred to the <committee-name committee-id="HIF00">Committee on Energy and Commerce</committee-name></action-desc></action><legis-type>A BILL</legis-type><official-title display="yes">To make daylight savings time permanent, and for other purposes.</official-title></form><legis-body id="H8113A6A2D92B469A8AFC8CB42BB4C9CC" style="OLC"><section id="H4ED6C87F46214946A3F3112F88A51494" section-type="section-one"><enum>1.</enum><header>Short title</header><text display-inline="no-display-inline">This Act may be cited as the <quote><short-title>Sunshine Protection Act of 2021</short-title></quote>.</text></section><section id="H9B251BBD1F304EA2BF3BD6CC91B895B3" section-type="subsequent-section"><enum>2.</enum><header>Making daylight savings time permanent</header><subsection id="H4D6C1BA4BB174CACACD3432B6E73ACF0"><enum>(a)</enum><header>Repeal of temporary period for daylight savings time</header><text display-inline="yes-display-inline">Section 3 of the Uniform Time Act of 1966 (<external-xref legal-doc="usc" parsable-cite="usc/15/260a">15 U.S.C. 260a</external-xref>) is hereby repealed.</text></subsection><subsection id="H2E0A5111956A41C99C6B8F8A4BAF6437"><enum>(b)</enum><header>Advancement of standard time</header><paragraph id="H07A537A6A5C14D1DBB4D79DAF75960D3"><enum>(1)</enum><header>In general</header><text>The second sentence of subsection (a) of section 1 of the Act of March 19, 1918 (commonly known as the <quote>Calder Act</quote>) (<external-xref legal-doc="usc" parsable-cite="usc/15/261">15 U.S.C. 261</external-xref>), is amended—</text><subparagraph id="H1849F83854FB4CCDABA1684FCB9677A6"><enum>(A)</enum><text>by striking <quote>4 hours</quote> and inserting <quote>3 hours</quote>;</text></subparagraph><subparagraph id="H36B19B182EEA4AACAD1A16EACA0716BA"><enum>(B)</enum><text>by striking <quote>5 hours</quote> and inserting <quote>4 hours</quote>;</text></subparagraph><subparagraph id="H1B67D8E476284E79BD0454EF7821AC01"><enum>(C)</enum><text>by striking <quote>6 hours</quote> and inserting <quote>5 hours</quote>;</text></subparagraph><subparagraph id="H4D161DA9C3EF4A52B063863E2AE7D6F6"><enum>(D)</enum><text>by striking <quote>7 hours</quote> and inserting <quote>6 hours</quote>;</text></subparagraph><subparagraph id="H416FF4CBF948481DA5F8973E4444654F"><enum>(E)</enum><text>by striking <quote>8 hours</quote> and inserting <quote>by 7 hours</quote>;</text></subparagraph><subparagraph id="HE21764AACC8843A48CAF6AB3C9A05BE4"><enum>(F)</enum><text>by striking <quote>9 hours</quote> and inserting <quote>8 hours</quote>;</text></subparagraph><subparagraph id="H8B8A314B8CDA4039A2C1D637333B3F6B"><enum>(G)</enum><text>by striking <quote>10 hours;</quote> and inserting <quote>9 hours;</quote>;</text></subparagraph><subparagraph id="HE3A999061BF8493786F91E9605F7FA22"><enum>(H)</enum><text>by striking <quote>11 hours</quote> and inserting <quote>10 hours</quote>; and</text></subparagraph><subparagraph id="HC50D64F4B057425382E0193AFA65F94E"><enum>(I)</enum><text>by striking <quote>10 hours.</quote> and inserting <quote>11 hours.</quote>.</text></subparagraph></paragraph><paragraph id="H7BE0BFB5619C4F75A14A28313FEE6960"><enum>(2)</enum><header>State exemption</header><text>Such section is further amended by—</text><subparagraph id="H9DAA555295BF43B38488D13427CE5221"><enum>(A)</enum><text>redesignating subsection (b) as subsection (c); and</text></subparagraph><subparagraph id="H2D7AAB786E8D4FBCB4A0ACEAAECA4068"><enum>(B)</enum><text>inserting after subsection (a) the following:</text><quoted-block display-inline="no-display-inline" id="H3B812CDB12A64C15846E7E73E0A5D217" style="OLC"><subsection id="HF57FA293214045719D68859EB74A7618"><enum>(b)</enum><header>Standard time for certain States and areas</header><text>The standard time for a State that has exempted itself from the provisions of section 3(a) of the Uniform Time Act of 1966 (<external-xref legal-doc="usc" parsable-cite="usc/15/260a">15 U.S.C. 260a(a)</external-xref>), as in effect on the day before the date of the enactment of the <short-title>Sunshine Protection Act of 2021</short-title>, pursuant to such section, or an area of a State that has exempted such area from such provisions pursuant to such section, shall be, as such State considers appropriate—</text><paragraph id="H0F3871A3F6CE4BB4ADA7288DC773348F"><enum>(1)</enum><text>the standard time for such State or area, as the case may be, pursuant to subsection (a) of this section; or</text></paragraph><paragraph id="H36DF58E2BCD54E038CCF1FF2F50F9E44"><enum>(2)</enum><text>the standard time for such State or area, as the case may be, pursuant to subsection (a) of this section as it was in effect on the day before the date of the enactment of the <short-title>Sunshine Protection Act of 2021</short-title>.</text></paragraph></subsection><after-quoted-block>.</after-quoted-block></quoted-block></subparagraph></paragraph><paragraph id="H33F19115DCB243AD8E8E5CFABE447CC5"><enum>(3)</enum><header>Conforming amendment</header><text>Such section is further amended, in the second sentence of subsection (a), by striking <quote>Except as provided in section 3(a) of the Uniform Time Act of 1966 (<external-xref legal-doc="usc" parsable-cite="usc/15/260a">15 U.S.C. 260a</external-xref>),</quote> and inserting <quote>Except as provided in subsection (b),</quote>.</text></paragraph></subsection></section></legis-body></bill> 

