<mods xmlns:xlink="http://www.w3.org/1999/xlink" xmlns:xsi="http://www.w3.org/2001/XMLSchema-instance" xmlns="http://www.loc.gov/mods/v3" version="3.3" xsi:schemaLocation="http://www.loc.gov/mods/v3 http://www.loc.gov/standards/mods/v3/mods-3-3.xsd" ID="P0b002ee1aac9cdec">
<name type="corporate">
 <namePart>United States Government Publishing Office</namePart>
 <role>
  <roleTerm authority="marcrelator" type="text">publisher</roleTerm>
  <roleTerm authority="marcrelator" type="code">pbl</roleTerm>
</role>
 <role>
  <roleTerm authority="marcrelator" type="text">distributor</roleTerm>
  <roleTerm authority="marcrelator" type="code">dst</roleTerm>
</role>
</name>
<name type="corporate">
 <namePart>United States</namePart>
 <namePart>Congress</namePart>
 <namePart>House of Representatives</namePart>
 <role>
  <roleTerm authority="marcrelator" type="text">author</roleTerm>
  <roleTerm authority="marcrelator" type="code">aut</roleTerm>
</role>
 <description>Government Organization</description>
</name>
<typeOfResource>text</typeOfResource>
<genre authority="marcgt">government publication</genre>
<language>
 <languageTerm type="code" authority="iso639-2b">eng</languageTerm>
</language>
<extension>
 <collectionCode>BILLS</collectionCode>
 <searchTitle>Directing the Committee on Ethics to investigate, and issue a report on, whether any and all actions taken by Members of the 117th Congress who sought to overturn the 2020 Presidential election violated their oath of office to uphold the Constitution or the Rules of the House of Representatives, and should face sanction, including removal from the House of Representatives.;H. Res. 25 (IH)
    </searchTitle>
 <category>Bills and Statutes</category>
 <waisDatabaseName>117_cong_bills</waisDatabaseName>
 <branch>legislative</branch>
 <dateIngested>2021-01-12</dateIngested>
</extension>
<titleInfo>
 <title>Directing the Committee on Ethics to investigate, and issue a report on, whether any and all actions taken by Members of the 117th Congress who sought to overturn the 2020 Presidential election violated their oath of office to uphold the Constitution or the Rules of the House of Representatives, and should face sanction, including removal from the House of Representatives.</title>
</titleInfo>
<titleInfo type="alternative">
 <title>H. Res. 25 (IH)
    </title>
</titleInfo>
<originInfo>
 <publisher>U.S. Government Publishing Office</publisher>
 <dateIssued encoding="w3cdtf">2021-01-11</dateIssued>
 <issuance>monographic</issuance>
</originInfo>
<physicalDescription>
 <note type="source content type">deposited</note>
 <digitalOrigin>born digital</digitalOrigin>
 <extent>5 p.</extent>
</physicalDescription>
<classification authority="sudocs">Y 1.6:</classification>
<classification authority="sudocs">Y 1.4/7:</classification>
<identifier type="local">P0b002ee1aac9cdec</identifier>
<identifier type="uri">https://www.govinfo.gov/app/details/BILLS-117hres25ih</identifier>
<identifier type="preferred citation">H. Res. 25</identifier>
<identifier type="stock number">021-610-00252-9</identifier>
<identifier type="Parent ILS system id">000501532</identifier>
<identifier type="Child ILS system id">000325574</identifier>
<identifier type="Parent ILS title">Congressional bills</identifier>
<identifier type="Child ILS title">House resolutions</identifier>
<identifier type="former package identifier">f:hr25_ih.txt</identifier>
<location>
 <url displayLabel="Content Detail" access="object in context">https://www.govinfo.gov/app/details/BILLS-117hres25ih</url>
 <url displayLabel="HTML rendition" access="raw object">https://www.govinfo.gov/content/pkg/BILLS-117hres25ih/html/BILLS-117hres25ih.htm</url>
 <url displayLabel="PDF rendition" access="raw object">https://www.govinfo.gov/content/pkg/BILLS-117hres25ih/pdf/BILLS-117hres25ih.pdf</url>
 <url displayLabel="XML rendition" access="raw object">https://www.govinfo.gov/content/pkg/BILLS-117hres25ih/xml/BILLS-117hres25ih.xml</url>
</location>
<accessCondition type="GPO scope determination">fdlp</accessCondition>
<recordInfo>
 <recordContentSource authority="marcorg">DGPO</recordContentSource>
 <recordCreationDate encoding="w3cdtf">2021-01-12</recordCreationDate>
 <recordChangeDate encoding="w3cdtf">2021-01-12</recordChangeDate>
 <recordIdentifier source="DGPO">BILLS-117hres25ih</recordIdentifier>
 <recordOrigin>machine generated</recordOrigin>
 <languageOfCataloging>
  <languageTerm type="code" authority="iso639-2b">eng</languageTerm>
</languageOfCataloging>
</recordInfo>
<name type="personal">
 <namePart>Cori Bush</namePart>
 <affiliation>United States House of Representatives</affiliation>
 <role>
  <roleTerm authority="marcrelator" type="text">sponsor</roleTerm>
  <roleTerm authority="marcrelator" type="code">spn</roleTerm>
</role>
 <description>United States Congress Member</description>
</name>
<name type="personal">
 <namePart>Ayanna Pressley</namePart>
 <affiliation>United States House of Representatives</affiliation>
 <role>
  <roleTerm type="text">cosponsor</roleTerm>
</role>
 <description>United States Congress Member</description>
</name>
<name type="personal">
 <namePart>Alexandria Ocasio-Cortez</namePart>
 <affiliation>United States House of Representatives</affiliation>
 <role>
  <roleTerm type="text">cosponsor</roleTerm>
</role>
 <description>United States Congress Member</description>
</name>
<name type="personal">
 <namePart>Jamaal Bowman</namePart>
 <affiliation>United States House of Representatives</affiliation>
 <role>
  <roleTerm type="text">cosponsor</roleTerm>
</role>
 <description>United States Congress Member</description>
</name>
<name type="personal">
 <namePart>Ilhan Omar</namePart>
 <affiliation>United States House of Representatives</affiliation>
 <role>
  <roleTerm type="text">cosponsor</roleTerm>
</role>
 <description>United States Congress Member</description>
</name>
<name type="personal">
 <namePart>Rashida Tlaib</namePart>
 <affiliation>United States House of Representatives</affiliation>
 <role>
  <roleTerm type="text">cosponsor</roleTerm>
</role>
 <description>United States Congress Member</description>
</name>
<name type="personal">
 <namePart>Mondaire Jones</namePart>
 <affiliation>United States House of Representatives</affiliation>
 <role>
  <roleTerm type="text">cosponsor</roleTerm>
</role>
 <description>United States Congress Member</description>
</name>
<name type="personal">
 <namePart>Bill Pascrell, Jr.</namePart>
 <affiliation>United States House of Representatives</affiliation>
 <role>
  <roleTerm type="text">cosponsor</roleTerm>
</role>
 <description>United States Congress Member</description>
</name>
<name type="personal">
 <namePart>Alma S. Adams</namePart>
 <affiliation>United States House of Representatives</affiliation>
 <role>
  <roleTerm type="text">cosponsor</roleTerm>
</role>
 <description>United States Congress Member</description>
</name>
<name type="personal">
 <namePart>Yvette D. Clarke</namePart>
 <affiliation>United States House of Representatives</affiliation>
 <role>
  <roleTerm type="text">cosponsor</roleTerm>
</role>
 <description>United States Congress Member</description>
</name>
<name type="personal">
 <namePart>Judy Chu</namePart>
 <affiliation>United States House of Representatives</affiliation>
 <role>
  <roleTerm type="text">cosponsor</roleTerm>
</role>
 <description>United States Congress Member</description>
</name>
<name type="personal">
 <namePart>David N. Cicilline</namePart>
 <affiliation>United States House of Representatives</affiliation>
 <role>
  <roleTerm type="text">cosponsor</roleTerm>
</role>
 <description>United States Congress Member</description>
</name>
<name type="personal">
 <namePart>Jim Cooper</namePart>
 <affiliation>United States House of Representatives</affiliation>
 <role>
  <roleTerm type="text">cosponsor</roleTerm>
</role>
 <description>United States Congress Member</description>
</name>
<name type="personal">
 <namePart>Gerald E. Connolly</namePart>
 <affiliation>United States House of Representatives</affiliation>
 <role>
  <roleTerm type="text">cosponsor</roleTerm>
</role>
 <description>United States Congress Member</description>
</name>
<name type="personal">
 <namePart>Danny K. Davis</namePart>
 <affiliation>United States House of Representatives</affiliation>
 <role>
  <roleTerm type="text">cosponsor</roleTerm>
</role>
 <description>United States Congress Member</description>
</name>
<name type="personal">
 <namePart>Val Butler Demings</namePart>
 <affiliation>United States House of Representatives</affiliation>
 <role>
  <roleTerm type="text">cosponsor</roleTerm>
</role>
 <description>United States Congress Member</description>
</name>
<name type="personal">
 <namePart>Mark DeSaulnier</namePart>
 <affiliation>United States House of Representatives</affiliation>
 <role>
  <roleTerm type="text">cosponsor</roleTerm>
</role>
 <description>United States Congress Member</description>
</name>
<name type="personal">
 <namePart>Veronica Escobar</namePart>
 <affiliation>United States House of Representatives</affiliation>
 <role>
  <roleTerm type="text">cosponsor</roleTerm>
</role>
 <description>United States Congress Member</description>
</name>
<name type="personal">
 <namePart>Adriano Espaillat</namePart>
 <affiliation>United States House of Representatives</affiliation>
 <role>
  <roleTerm type="text">cosponsor</roleTerm>
</role>
 <description>United States Congress Member</description>
</name>
<name type="personal">
 <namePart>Dwight Evans</namePart>
 <affiliation>United States House of Representatives</affiliation>
 <role>
  <roleTerm type="text">cosponsor</roleTerm>
</role>
 <description>United States Congress Member</description>
</name>
<name type="personal">
 <namePart>Jimmy Gomez</namePart>
 <affiliation>United States House of Representatives</affiliation>
 <role>
  <roleTerm type="text">cosponsor</roleTerm>
</role>
 <description>United States Congress Member</description>
</name>
<name type="personal">
 <namePart>Alcee L. Hastings</namePart>
 <affiliation>United States House of Representatives</affiliation>
 <role>
  <roleTerm type="text">cosponsor</roleTerm>
</role>
 <description>United States Congress Member</description>
</name>
<name type="personal">
 <namePart>Steven Horsford</namePart>
 <affiliation>United States House of Representatives</affiliation>
 <role>
  <roleTerm type="text">cosponsor</roleTerm>
</role>
 <description>United States Congress Member</description>
</name>
<name type="personal">
 <namePart>Jared Huffman</namePart>
 <affiliation>United States House of Representatives</affiliation>
 <role>
  <roleTerm type="text">cosponsor</roleTerm>
</role>
 <description>United States Congress Member</description>
</name>
<name type="personal">
 <namePart>Henry C. &quot;Hank&quot; Johnson, Jr.</namePart>
 <affiliation>United States House of Representatives</affiliation>
 <role>
  <roleTerm type="text">cosponsor</roleTerm>
</role>
 <description>United States Congress Member</description>
</name>
<name type="personal">
 <namePart>Ann Kirkpatrick</namePart>
 <affiliation>United States House of Representatives</affiliation>
 <role>
  <roleTerm type="text">cosponsor</roleTerm>
</role>
 <description>United States Congress Member</description>
</name>
<name type="personal">
 <namePart>Barbara Lee</namePart>
 <affiliation>United States House of Representatives</affiliation>
 <role>
  <roleTerm type="text">cosponsor</roleTerm>
</role>
 <description>United States Congress Member</description>
</name>
<name type="personal">
 <namePart>Ted Lieu</namePart>
 <affiliation>United States House of Representatives</affiliation>
 <role>
  <roleTerm type="text">cosponsor</roleTerm>
</role>
 <description>United States Congress Member</description>
</name>
<name type="personal">
 <namePart>Jerry McNerney</namePart>
 <affiliation>United States House of Representatives</affiliation>
 <role>
  <roleTerm type="text">cosponsor</roleTerm>
</role>
 <description>United States Congress Member</description>
</name>
<name type="personal">
 <namePart>Gwen Moore</namePart>
 <affiliation>United States House of Representatives</affiliation>
 <role>
  <roleTerm type="text">cosponsor</roleTerm>
</role>
 <description>United States Congress Member</description>
</name>
<name type="personal">
 <namePart>Marie Newman</namePart>
 <affiliation>United States House of Representatives</affiliation>
 <role>
  <roleTerm type="text">cosponsor</roleTerm>
</role>
 <description>United States Congress Member</description>
</name>
<name type="personal">
 <namePart>Donald M. Payne, Jr.</namePart>
 <affiliation>United States House of Representatives</affiliation>
 <role>
  <roleTerm type="text">cosponsor</roleTerm>
</role>
 <description>United States Congress Member</description>
</name>
<name type="personal">
 <namePart>Chellie Pingree</namePart>
 <affiliation>United States House of Representatives</affiliation>
 <role>
  <roleTerm type="text">cosponsor</roleTerm>
</role>
 <description>United States Congress Member</description>
</name>
<name type="personal">
 <namePart>Mark Pocan</namePart>
 <affiliation>United States House of Representatives</affiliation>
 <role>
  <roleTerm type="text">cosponsor</roleTerm>
</role>
 <description>United States Congress Member</description>
</name>
<name type="personal">
 <namePart>Bobby L. Rush</namePart>
 <affiliation>United States House of Representatives</affiliation>
 <role>
  <roleTerm type="text">cosponsor</roleTerm>
</role>
 <description>United States Congress Member</description>
</name>
<name type="personal">
 <namePart>Janice D. Schakowsky</namePart>
 <affiliation>United States House of Representatives</affiliation>
 <role>
  <roleTerm type="text">cosponsor</roleTerm>
</role>
 <description>United States Congress Member</description>
</name>
<name type="personal">
 <namePart>Jackie Speier</namePart>
 <affiliation>United States House of Representatives</affiliation>
 <role>
  <roleTerm type="text">cosponsor</roleTerm>
</role>
 <description>United States Congress Member</description>
</name>
<name type="personal">
 <namePart>Albio Sires</namePart>
 <affiliation>United States House of Representatives</affiliation>
 <role>
  <roleTerm type="text">cosponsor</roleTerm>
</role>
 <description>United States Congress Member</description>
</name>
<name type="personal">
 <namePart>Mark Takano</namePart>
 <affiliation>United States House of Representatives</affiliation>
 <role>
  <roleTerm type="text">cosponsor</roleTerm>
</role>
 <description>United States Congress Member</description>
</name>
<name type="personal">
 <namePart>Ritchie Torres</namePart>
 <affiliation>United States House of Representatives</affiliation>
 <role>
  <roleTerm type="text">cosponsor</roleTerm>
</role>
 <description>United States Congress Member</description>
</name>
<name type="personal">
 <namePart>Nydia M. Velazquez</namePart>
 <affiliation>United States House of Representatives</affiliation>
 <role>
  <roleTerm type="text">cosponsor</roleTerm>
</role>
 <description>United States Congress Member</description>
</name>
<name type="personal">
 <namePart>Nikema Williams</namePart>
 <affiliation>United States House of Representatives</affiliation>
 <role>
  <roleTerm type="text">cosponsor</roleTerm>
</role>
 <description>United States Congress Member</description>
</name>
<name type="personal">
 <namePart>Frederica S. Wilson</namePart>
 <affiliation>United States House of Representatives</affiliation>
 <role>
  <roleTerm type="text">cosponsor</roleTerm>
</role>
 <description>United States Congress Member</description>
</name>
<name type="personal">
 <namePart>Juan Vargas</namePart>
 <affiliation>United States House of Representatives</affiliation>
 <role>
  <roleTerm type="text">cosponsor</roleTerm>
</role>
 <description>United States Congress Member</description>
</name>
<name type="personal">
 <namePart>Sara Jacobs</namePart>
 <affiliation>United States House of Representatives</affiliation>
 <role>
  <roleTerm type="text">cosponsor</roleTerm>
</role>
 <description>United States Congress Member</description>
</name>
<name type="personal">
 <namePart>Kaiali&apos;I Kahele</namePart>
 <affiliation>United States House of Representatives</affiliation>
 <role>
  <roleTerm type="text">cosponsor</roleTerm>
</role>
 <description>United States Congress Member</description>
</name>
<name type="corporate">
 <namePart>United States</namePart>
 <namePart>Congress</namePart>
 <namePart>House of Representatives</namePart>
 <namePart>Committee on the Judiciary</namePart>
 <role>
  <roleTerm authority="marcrelator" type="text">associated name</roleTerm>
  <roleTerm authority="marcrelator" type="code">asn</roleTerm>
</role>
</name>
<name type="corporate">
 <namePart>United States</namePart>
 <namePart>Congress</namePart>
 <namePart>House of Representatives</namePart>
 <namePart>Committee on Rules</namePart>
 <role>
  <roleTerm authority="marcrelator" type="text">associated name</roleTerm>
  <roleTerm authority="marcrelator" type="code">asn</roleTerm>
</role>
</name>
<extension>
 <docClass>hres</docClass>
 <accessId>BILLS-117hres25ih</accessId>
 <congress>117</congress>
 <session>1</session>
 <originChamber>HOUSE</originChamber>
 <currentChamber>HOUSE</currentChamber>
 <billNumber>25</billNumber>
 <billVersion reprint="false">ih</billVersion>
 <fileSuffix>ih</fileSuffix>
 <officialTitle>Directing the Committee on Ethics to investigate, and issue a report on, whether any and all actions taken by Members of the 117th Congress who sought to overturn the 2020 Presidential election violated their oath of office to uphold the Constitution or the Rules of the House of Representatives, and should face sanction, including removal from the House of Representatives.</officialTitle>
 <action date="2021-01-11">Ms. Bush (for herself, Ms. Pressley, Ms. Ocasio-Cortez, Mr. Bowman, Ms. Omar, Ms. Tlaib, Mr. Jones, Mr. Pascrell, Ms. Adams, Ms. Barragán, Ms. Clarke of New York, Ms. Chu, Mr. Cicilline, Mr. Cooper, Mr. Connolly, Mr. Danny K. Davis of Illinois, Mrs. Demings, Mr. DeSaulnier, Ms. Escobar, Mr. Espaillat, Mr. Evans, Mr. García of Illinois, Mr. Gomez, Mr. Hastings, Mr. Horsford, Mr. Huffman, Mr. Johnson of Georgia, Mrs. Kirkpatrick, Ms. Lee of California, Mr. Lieu, Mr. McNerney, Ms. Moore of Wisconsin, Ms. Newman, Mr. Payne, Ms. Pingree, Mr. Pocan, Mr. Rush, Ms. Schakowsky, Ms. Speier, Mr. Sires, Mr. Takano, Mr. Torres of New York, Ms. Velázquez, Ms. Williams of Georgia, Ms. Wilson of Florida, Mr. Vargas, Ms. Jacobs of California, and Mr. Kahele) submitted the following resolution; which was referred to the Committee on Rules, and in addition to the Committee on the Judiciary, for a period to be subsequently determined by the Speaker, in each case for consideration of such provisions as fall within the jurisdiction of the committee concerned</action>
 <congCommittee authorityId="hsju00" chamber="H" congress="117" type="S">
                      <name type="authority-standard">Committee on the Judiciary</name>
                      <name type="authority-short">Judiciary</name>
                </congCommittee>
 <congCommittee authorityId="hsru00" chamber="H" congress="117" type="S">
                      <name type="authority-standard">Committee on Rules</name>
                      <name type="authority-short">Rules</name>
                </congCommittee>
 <congMember authorityId="2514" bioGuideId="B001224" chamber="H" congress="117" party="D" role="SPONSOR" state="MO">
                      <name type="parsed">Ms. Bush</name>
                      <name type="authority-fnf">Cori Bush</name>
                      <name type="authority-lnf">Bush, Cori</name>
                </congMember>
 <congMember authorityId="2405" bioGuideId="P000617" chamber="H" congress="117" party="D" role="COSPONSOR" state="MA">
                      <name type="parsed">Ms. Pressley</name>
                      <name type="authority-fnf">Ayanna Pressley</name>
                      <name type="authority-lnf">Pressley, Ayanna</name>
                </congMember>
 <congMember authorityId="2427" bioGuideId="O000172" chamber="H" congress="117" party="D" role="COSPONSOR" state="NY">
                      <name type="parsed">Ms. Ocasio-Cortez</name>
                      <name type="authority-fnf">Alexandria Ocasio-Cortez</name>
                      <name type="authority-lnf">Ocasio-Cortez, Alexandria</name>
                </congMember>
 <congMember authorityId="2524" bioGuideId="B001223" chamber="H" congress="117" party="D" role="COSPONSOR" state="NY">
                      <name type="parsed">Mr. Bowman</name>
                      <name type="authority-fnf">Jamaal Bowman</name>
                      <name type="authority-lnf">Bowman, Jamaal</name>
                </congMember>
 <congMember authorityId="2414" bioGuideId="O000173" chamber="H" congress="117" party="D" role="COSPONSOR" state="MN">
                      <name type="parsed">Ms. Omar</name>
                      <name type="authority-fnf">Ilhan Omar</name>
                      <name type="authority-lnf">Omar, Ilhan</name>
                </congMember>
 <congMember authorityId="2410" bioGuideId="T000481" chamber="H" congress="117" party="D" role="COSPONSOR" state="MI">
                      <name type="parsed">Ms. Tlaib</name>
                      <name type="authority-fnf">Rashida Tlaib</name>
                      <name type="authority-lnf">Tlaib, Rashida</name>
                </congMember>
 <congMember authorityId="2525" bioGuideId="J000306" chamber="H" congress="117" party="D" role="COSPONSOR" state="NY">
                      <name type="parsed">Mr. Jones</name>
                      <name type="authority-fnf">Mondaire Jones</name>
                      <name type="authority-lnf">Jones, Mondaire</name>
                </congMember>
 <congMember authorityId="1510" bioGuideId="P000096" chamber="H" congress="117" gpoId="8050" party="D" role="COSPONSOR" state="NJ">
                      <name type="parsed">Mr. Pascrell</name>
                      <name type="authority-fnf">Bill Pascrell, Jr.</name>
                      <name type="authority-lnf">Pascrell, Bill, Jr.</name>
                      <name type="authority-other">William Pascrell Jr.</name>
                </congMember>
 <congMember authorityId="2201" bioGuideId="A000370" chamber="H" congress="117" party="D" role="COSPONSOR" state="NC">
                      <name type="parsed">Ms. Adams</name>
                      <name type="authority-fnf">Alma S. Adams</name>
                      <name type="authority-lnf">Adams, Alma S.</name>
                      <name type="authority-other">Ms. Alma Adams</name>
                </congMember>
 <congMember authorityId="1864" bioGuideId="C001067" chamber="H" congress="117" gpoId="8072" party="D" role="COSPONSOR" state="NY">
                      <name type="parsed">Ms. Clarke of New York</name>
                      <name type="authority-fnf">Yvette D. Clarke</name>
                      <name type="authority-lnf">Clarke, Yvette D.</name>
                      <name type="authority-other">Ms. Yvette Clarke</name>
                </congMember>
 <congMember authorityId="1970" bioGuideId="C001080" chamber="H" congress="117" gpoId="7837" party="D" role="COSPONSOR" state="CA">
                      <name type="parsed">Ms. Chu</name>
                      <name type="authority-fnf">Judy Chu</name>
                      <name type="authority-lnf">Chu, Judy</name>
                </congMember>
 <congMember authorityId="2055" bioGuideId="C001084" chamber="H" congress="117" gpoId="8139" party="D" role="COSPONSOR" state="RI">
                      <name type="parsed">Mr. Cicilline</name>
                      <name type="authority-fnf">David N. Cicilline</name>
                      <name type="authority-lnf">Cicilline, David N.</name>
                      <name type="authority-other">Mr. David Cicilline</name>
                </congMember>
 <congMember authorityId="231" bioGuideId="C000754" chamber="H" congress="117" gpoId="8152" party="D" role="COSPONSOR" state="TN">
                      <name type="parsed">Mr. Cooper</name>
                      <name type="authority-fnf">Jim Cooper</name>
                      <name type="authority-lnf">Cooper, Jim</name>
                      <name type="authority-other">James Cooper</name>
                </congMember>
 <congMember authorityId="1959" bioGuideId="C001078" chamber="H" congress="117" gpoId="8202" party="D" role="COSPONSOR" state="VA">
                      <name type="parsed">Mr. Connolly</name>
                      <name type="authority-fnf">Gerald E. Connolly</name>
                      <name type="authority-lnf">Connolly, Gerald E.</name>
                      <name type="authority-other">Mr. Gerald Connolly</name>
                </congMember>
 <congMember authorityId="1477" bioGuideId="D000096" chamber="H" congress="117" gpoId="7927" party="D" role="COSPONSOR" state="IL">
                      <name type="parsed">Mr. Danny K. Davis of Illinois</name>
                      <name type="authority-fnf">Danny K. Davis</name>
                      <name type="authority-lnf">Davis, Danny K.</name>
                      <name type="authority-other">Danny Davis</name>
                </congMember>
 <congMember authorityId="2320" bioGuideId="D000627" chamber="H" congress="117" party="D" role="COSPONSOR" state="FL">
                      <name type="parsed">Mrs. Demings</name>
                      <name type="authority-fnf">Val Butler Demings</name>
                      <name type="authority-lnf">Demings, Val Butler</name>
                      <name type="authority-other">Mrs. Val Demings</name>
                </congMember>
 <congMember authorityId="2227" bioGuideId="D000623" chamber="H" congress="117" party="D" role="COSPONSOR" state="CA">
                      <name type="parsed">Mr. DeSaulnier</name>
                      <name type="authority-fnf">Mark DeSaulnier</name>
                      <name type="authority-lnf">DeSaulnier, Mark</name>
                </congMember>
 <congMember authorityId="2448" bioGuideId="E000299" chamber="H" congress="117" party="D" role="COSPONSOR" state="TX">
                      <name type="parsed">Ms. Escobar</name>
                      <name type="authority-fnf">Veronica Escobar</name>
                      <name type="authority-lnf">Escobar, Veronica</name>
                </congMember>
 <congMember authorityId="2342" bioGuideId="E000297" chamber="H" congress="117" party="D" role="COSPONSOR" state="NY">
                      <name type="parsed">Mr. Espaillat</name>
                      <name type="authority-fnf">Adriano Espaillat</name>
                      <name type="authority-lnf">Espaillat, Adriano</name>
                </congMember>
 <congMember authorityId="2298" bioGuideId="E000296" chamber="H" congress="117" party="D" role="COSPONSOR" state="PA">
                      <name type="parsed">Mr. Evans</name>
                      <name type="authority-fnf">Dwight Evans</name>
                      <name type="authority-lnf">Evans, Dwight</name>
                </congMember>
 <congMember authorityId="2362" bioGuideId="G000585" chamber="H" congress="117" party="D" role="COSPONSOR" state="CA">
                      <name type="parsed">Mr. Gomez</name>
                      <name type="authority-fnf">Jimmy Gomez</name>
                      <name type="authority-lnf">Gomez, Jimmy</name>
                </congMember>
 <congMember authorityId="511" bioGuideId="H000324" chamber="H" congress="117" gpoId="7895" party="D" role="COSPONSOR" state="FL">
                      <name type="parsed">Mr. Hastings</name>
                      <name type="authority-fnf">Alcee L. Hastings</name>
                      <name type="authority-lnf">Hastings, Alcee L.</name>
                      <name type="authority-other">Alcee Hastings</name>
                </congMember>
 <congMember authorityId="2147" bioGuideId="H001066" chamber="H" congress="117" party="D" role="COSPONSOR" state="NV">
                      <name type="parsed">Mr. Horsford</name>
                      <name type="authority-fnf">Steven Horsford</name>
                      <name type="authority-lnf">Horsford, Steven</name>
                </congMember>
 <congMember authorityId="2101" bioGuideId="H001068" chamber="H" congress="117" party="D" role="COSPONSOR" state="CA">
                      <name type="parsed">Mr. Huffman</name>
                      <name type="authority-fnf">Jared Huffman</name>
                      <name type="authority-lnf">Huffman, Jared</name>
                </congMember>
 <congMember authorityId="1843" bioGuideId="J000288" chamber="H" congress="117" gpoId="7901" party="D" role="COSPONSOR" state="GA">
                      <name type="parsed">Mr. Johnson of Georgia</name>
                      <name type="authority-fnf">Henry C. &quot;Hank&quot; Johnson, Jr.</name>
                      <name type="authority-lnf">Johnson, Henry C. &quot;Hank,&quot; Jr.</name>
                      <name type="authority-other">Mr. Henry Johnson Jr.</name>
                </congMember>
 <congMember authorityId="1907" bioGuideId="K000368" chamber="H" congress="117" gpoId="7220" party="D" role="COSPONSOR" state="AZ">
                      <name type="parsed">Mrs. Kirkpatrick</name>
                      <name type="authority-fnf">Ann Kirkpatrick</name>
                      <name type="authority-lnf">Kirkpatrick, Ann</name>
                </congMember>
 <congMember authorityId="1501" bioGuideId="L000551" chamber="H" congress="117" gpoId="7814" party="D" role="COSPONSOR" state="CA">
                      <name type="parsed">Ms. Lee of California</name>
                      <name type="authority-fnf">Barbara Lee</name>
                      <name type="authority-lnf">Lee, Barbara</name>
                </congMember>
 <congMember authorityId="2230" bioGuideId="L000582" chamber="H" congress="117" party="D" role="COSPONSOR" state="CA">
                      <name type="parsed">Mr. Lieu</name>
                      <name type="authority-fnf">Ted Lieu</name>
                      <name type="authority-lnf">Lieu, Ted</name>
                </congMember>
 <congMember authorityId="1832" bioGuideId="M001166" chamber="H" congress="117" gpoId="7816" party="D" role="COSPONSOR" state="CA">
                      <name type="parsed">Mr. McNerney</name>
                      <name type="authority-fnf">Jerry McNerney</name>
                      <name type="authority-lnf">McNerney, Jerry</name>
                </congMember>
 <congMember authorityId="1811" bioGuideId="M001160" chamber="H" congress="117" gpoId="8217" party="D" role="COSPONSOR" state="WI">
                      <name type="parsed">Ms. Moore of Wisconsin</name>
                      <name type="authority-fnf">Gwen Moore</name>
                      <name type="authority-lnf">Moore, Gwen</name>
                </congMember>
 <congMember authorityId="2504" bioGuideId="N000192" chamber="H" congress="117" party="D" role="COSPONSOR" state="IL">
                      <name type="parsed">Ms. Newman</name>
                      <name type="authority-fnf">Marie Newman</name>
                      <name type="authority-lnf">Newman, Marie</name>
                </congMember>
 <congMember authorityId="2097" bioGuideId="P000604" chamber="H" congress="117" gpoId="8373" party="D" role="COSPONSOR" state="NJ">
                      <name type="parsed">Mr. Payne</name>
                      <name type="authority-fnf">Donald M. Payne, Jr.</name>
                      <name type="authority-lnf">Payne, Donald M., Jr.</name>
                      <name type="authority-other">Mr. Donald Payne Jr.</name>
                </congMember>
 <congMember authorityId="1927" bioGuideId="P000597" chamber="H" congress="117" gpoId="7984" party="D" role="COSPONSOR" state="ME">
                      <name type="parsed">Ms. Pingree</name>
                      <name type="authority-fnf">Chellie Pingree</name>
                      <name type="authority-lnf">Pingree, Chellie</name>
                </congMember>
 <congMember authorityId="2171" bioGuideId="P000607" chamber="H" congress="117" party="D" role="COSPONSOR" state="WI">
                      <name type="parsed">Mr. Pocan</name>
                      <name type="authority-fnf">Mark Pocan</name>
                      <name type="authority-lnf">Pocan, Mark</name>
                </congMember>
 <congMember authorityId="1003" bioGuideId="R000515" chamber="H" congress="117" gpoId="7921" party="D" role="COSPONSOR" state="IL">
                      <name type="parsed">Mr. Rush</name>
                      <name type="authority-fnf">Bobby L. Rush</name>
                      <name type="authority-lnf">Rush, Bobby L.</name>
                      <name type="authority-other">Bobby Rush</name>
                </congMember>
 <congMember authorityId="1588" bioGuideId="S001145" chamber="H" congress="117" gpoId="7929" party="D" role="COSPONSOR" state="IL">
                      <name type="parsed">Ms. Schakowsky</name>
                      <name type="authority-fnf">Janice D. Schakowsky</name>
                      <name type="authority-lnf">Schakowsky, Janice D.</name>
                      <name type="authority-other">Janice Schakowsky</name>
                </congMember>
 <congMember authorityId="1890" bioGuideId="S001175" chamber="H" congress="117" gpoId="7817" party="D" role="COSPONSOR" state="CA">
                      <name type="parsed">Ms. Speier</name>
                      <name type="authority-fnf">Jackie Speier</name>
                      <name type="authority-lnf">Speier, Jackie</name>
                </congMember>
 <congMember authorityId="1818" bioGuideId="S001165" chamber="H" congress="117" gpoId="8055" party="D" role="COSPONSOR" state="NJ">
                      <name type="parsed">Mr. Sires</name>
                      <name type="authority-fnf">Albio Sires</name>
                      <name type="authority-lnf">Sires, Albio</name>
                </congMember>
 <congMember authorityId="2110" bioGuideId="T000472" chamber="H" congress="117" party="D" role="COSPONSOR" state="CA">
                      <name type="parsed">Mr. Takano</name>
                      <name type="authority-fnf">Mark Takano</name>
                      <name type="authority-lnf">Takano, Mark</name>
                </congMember>
 <congMember authorityId="2523" bioGuideId="T000486" chamber="H" congress="117" party="D" role="COSPONSOR" state="NY">
                      <name type="parsed">Mr. Torres of New York</name>
                      <name type="authority-fnf">Ritchie Torres</name>
                      <name type="authority-lnf">Torres, Ritchie</name>
                </congMember>
 <congMember authorityId="1184" bioGuideId="V000081" chamber="H" congress="117" gpoId="8073" party="D" role="COSPONSOR" state="NY">
                      <name type="parsed">Ms. Velázquez</name>
                      <name type="authority-fnf">Nydia M. Velazquez</name>
                      <name type="authority-lnf">Velazquez, Nydia M.</name>
                      <name type="authority-other">Nydia Velazquez</name>
                </congMember>
 <congMember authorityId="2496" bioGuideId="W000788" chamber="H" congress="117" party="D" role="COSPONSOR" state="GA">
                      <name type="parsed">Ms. Williams of Georgia</name>
                      <name type="authority-fnf">Nikema Williams</name>
                      <name type="authority-lnf">Williams, Nikema</name>
                </congMember>
 <congMember authorityId="2004" bioGuideId="W000808" chamber="H" congress="117" gpoId="7889" party="D" role="COSPONSOR" state="FL">
                      <name type="parsed">Ms. Wilson of Florida</name>
                      <name type="authority-fnf">Frederica S. Wilson</name>
                      <name type="authority-lnf">Wilson, Frederica S.</name>
                      <name type="authority-other">Frederica Wilson</name>
                </congMember>
 <congMember authorityId="2112" bioGuideId="V000130" chamber="H" congress="117" party="D" role="COSPONSOR" state="CA">
                      <name type="parsed">Mr. Vargas</name>
                      <name type="authority-fnf">Juan Vargas</name>
                      <name type="authority-lnf">Vargas, Juan</name>
                </congMember>
 <congMember authorityId="2489" bioGuideId="J000305" chamber="H" congress="117" party="D" role="COSPONSOR" state="CA">
                      <name type="parsed">Ms. Jacobs of California</name>
                      <name type="authority-fnf">Sara Jacobs</name>
                      <name type="authority-lnf">Jacobs, Sara</name>
                </congMember>
 <congMember authorityId="2500" bioGuideId="K000396" chamber="H" congress="117" party="D" role="COSPONSOR" state="HI">
                      <name type="parsed">Mr. Kahele</name>
                      <name type="authority-fnf">Kaiali&apos;I Kahele</name>
                      <name type="authority-lnf">Kahele, Kaiali&apos;i</name>
                </congMember>
 <isPrivate>false</isPrivate>
 <isAppropriation>false</isAppropriation>
</extension>
</mods>