<mods xmlns:xlink="http://www.w3.org/1999/xlink" xmlns:xsi="http://www.w3.org/2001/XMLSchema-instance" xmlns="http://www.loc.gov/mods/v3" version="3.3" xsi:schemaLocation="http://www.loc.gov/mods/v3 http://www.loc.gov/standards/mods/v3/mods-3-3.xsd" ID="P0b002ee1aab3d229">
<name type="corporate">
 <namePart>United States Government Publishing Office</namePart>
 <role>
  <roleTerm authority="marcrelator" type="text">publisher</roleTerm>
  <roleTerm authority="marcrelator" type="code">pbl</roleTerm>
</role>
 <role>
  <roleTerm authority="marcrelator" type="text">distributor</roleTerm>
  <roleTerm authority="marcrelator" type="code">dst</roleTerm>
</role>
</name>
<name type="corporate">
 <namePart>United States</namePart>
 <namePart>Congress</namePart>
 <namePart>House of Representatives</namePart>
 <role>
  <roleTerm authority="marcrelator" type="text">author</roleTerm>
  <roleTerm authority="marcrelator" type="code">aut</roleTerm>
</role>
 <description>Government Organization</description>
</name>
<typeOfResource>text</typeOfResource>
<genre authority="marcgt">government publication</genre>
<language>
 <languageTerm type="code" authority="iso639-2b">eng</languageTerm>
</language>
<extension>
 <collectionCode>BILLS</collectionCode>
 <searchTitle>To amend chapter 3 of title 5, United States Code, to require the publication of settlement agreements, and for other purposes.;Settlement Agreement Information Database Act of 2021;H.R. 27 (IH)
    </searchTitle>
 <category>Bills and Statutes</category>
 <waisDatabaseName>117_cong_bills</waisDatabaseName>
 <branch>legislative</branch>
 <dateIngested>2021-01-05</dateIngested>
</extension>
<titleInfo>
 <title>To amend chapter 3 of title 5, United States Code, to require the publication of settlement agreements, and for other purposes.</title>
</titleInfo>
<titleInfo type="alternative">
 <title>Settlement Agreement Information Database Act of 2021</title>
</titleInfo>
<titleInfo type="alternative">
 <title>H.R. 27 (IH)
    </title>
</titleInfo>
<originInfo>
 <publisher>U.S. Government Publishing Office</publisher>
 <dateIssued encoding="w3cdtf">2021-01-04</dateIssued>
 <issuance>monographic</issuance>
</originInfo>
<physicalDescription>
 <note type="source content type">deposited</note>
 <digitalOrigin>born digital</digitalOrigin>
 <extent>10 p.</extent>
</physicalDescription>
<classification authority="sudocs">Y 1.6:</classification>
<classification authority="sudocs">Y 1.4/6:</classification>
<identifier type="local">P0b002ee1aab3d229</identifier>
<identifier type="uri">https://www.govinfo.gov/app/details/BILLS-117hr27ih</identifier>
<identifier type="preferred citation">H.R. 27</identifier>
<identifier type="stock number">021-610-00252-9</identifier>
<identifier type="Parent ILS system id">000501532</identifier>
<identifier type="Child ILS system id">000325573</identifier>
<identifier type="Parent ILS title">Congressional bills</identifier>
<identifier type="Child ILS title">House bills</identifier>
<identifier type="former package identifier">f:h27_ih.txt</identifier>
<location>
 <url displayLabel="Content Detail" access="object in context">https://www.govinfo.gov/app/details/BILLS-117hr27ih</url>
 <url displayLabel="HTML rendition" access="raw object">https://www.govinfo.gov/content/pkg/BILLS-117hr27ih/html/BILLS-117hr27ih.htm</url>
 <url displayLabel="PDF rendition" access="raw object">https://www.govinfo.gov/content/pkg/BILLS-117hr27ih/pdf/BILLS-117hr27ih.pdf</url>
 <url displayLabel="XML rendition" access="raw object">https://www.govinfo.gov/content/pkg/BILLS-117hr27ih/xml/BILLS-117hr27ih.xml</url>
</location>
<accessCondition type="GPO scope determination">fdlp</accessCondition>
<recordInfo>
 <recordContentSource authority="marcorg">DGPO</recordContentSource>
 <recordCreationDate encoding="w3cdtf">2021-01-05</recordCreationDate>
 <recordChangeDate encoding="w3cdtf">2021-01-05</recordChangeDate>
 <recordIdentifier source="DGPO">BILLS-117hr27ih</recordIdentifier>
 <recordOrigin>machine generated</recordOrigin>
 <languageOfCataloging>
  <languageTerm type="code" authority="iso639-2b">eng</languageTerm>
</languageOfCataloging>
</recordInfo>
<name type="personal">
 <namePart>Gary J. Palmer</namePart>
 <affiliation>United States House of Representatives</affiliation>
 <role>
  <roleTerm authority="marcrelator" type="text">sponsor</roleTerm>
  <roleTerm authority="marcrelator" type="code">spn</roleTerm>
</role>
 <description>United States Congress Member</description>
</name>
<name type="personal">
 <namePart>Van Taylor</namePart>
 <affiliation>United States House of Representatives</affiliation>
 <role>
  <roleTerm type="text">cosponsor</roleTerm>
</role>
 <description>United States Congress Member</description>
</name>
<name type="personal">
 <namePart>Jim Cooper</namePart>
 <affiliation>United States House of Representatives</affiliation>
 <role>
  <roleTerm type="text">cosponsor</roleTerm>
</role>
 <description>United States Congress Member</description>
</name>
<name type="personal">
 <namePart>Gerald E. Connolly</namePart>
 <affiliation>United States House of Representatives</affiliation>
 <role>
  <roleTerm type="text">cosponsor</roleTerm>
</role>
 <description>United States Congress Member</description>
</name>
<name type="corporate">
 <namePart>United States</namePart>
 <namePart>Congress</namePart>
 <namePart>House of Representatives</namePart>
 <namePart>Committee on the Budget</namePart>
 <role>
  <roleTerm authority="marcrelator" type="text">associated name</roleTerm>
  <roleTerm authority="marcrelator" type="code">asn</roleTerm>
</role>
</name>
<name type="corporate">
 <namePart>United States</namePart>
 <namePart>Congress</namePart>
 <namePart>House of Representatives</namePart>
 <namePart>Committee on Oversight and Reform</namePart>
 <role>
  <roleTerm authority="marcrelator" type="text">associated name</roleTerm>
  <roleTerm authority="marcrelator" type="code">asn</roleTerm>
</role>
</name>
<relatedItem type="isReferencedBy">
 <titleInfo>
  <title>United States Code</title>
  <partNumber>Title 5 Section 105</partNumber>
  <partNumber>Title 5 Section 307</partNumber>
  <partNumber>Title 5 Section 307(b)(2)</partNumber>
  <partNumber>Title 5 Section 307(b)(3)</partNumber>
  <partNumber>Title 5 Section 552</partNumber>
  <partNumber>Title 5 Section 552(a)(2)</partNumber>
  <partNumber>Title 5 Chapter 3</partNumber>
</titleInfo>
 <identifier type="USC citation">5 U.S.C. 105</identifier>
 <identifier type="USC citation">5 U.S.C. 307</identifier>
 <identifier type="USC citation">5 U.S.C. 307(b)(2)</identifier>
 <identifier type="USC citation">5 U.S.C. 307(b)(3)</identifier>
 <identifier type="USC citation">5 U.S.C. 552</identifier>
 <identifier type="USC citation">5 U.S.C. 552(a)(2)</identifier>
 <identifier type="USC citation">5 U.S.C. Chapter 3</identifier>
</relatedItem>
<extension>
 <docClass>hr</docClass>
 <accessId>BILLS-117hr27ih</accessId>
 <congress>117</congress>
 <session>1</session>
 <originChamber>HOUSE</originChamber>
 <currentChamber>HOUSE</currentChamber>
 <billNumber>27</billNumber>
 <billVersion reprint="false">ih</billVersion>
 <fileSuffix>ih</fileSuffix>
 <shortTitle type="measure">Settlement Agreement Information Database Act of 2021</shortTitle>
 <officialTitle>To amend chapter 3 of title 5, United States Code, to require the publication of settlement agreements, and for other purposes.</officialTitle>
 <action date="2021-01-04">Mr. Palmer (for himself, Mr. Taylor, Mr. Cooper, and Mr. Connolly) introduced the following bill; which was referred to the Committee on Oversight and Reform, and in addition to the Committee on the Budget, for a period to be subsequently determined by the Speaker, in each case for consideration of such provisions as fall within the jurisdiction of the committee concerned</action>
 <congCommittee authorityId="hsbu00" chamber="H" congress="117" type="S">
                      <name type="authority-standard">Committee on the Budget</name>
                      <name type="authority-short">Budget</name>
                </congCommittee>
 <congCommittee authorityId="hsgo00" chamber="H" congress="117" type="S">
                      <name type="authority-standard">Committee on Oversight and Reform</name>
                      <name type="authority-short">Oversight and Reform</name>
                </congCommittee>
 <congMember authorityId="2221" bioGuideId="P000609" chamber="H" congress="117" party="R" role="SPONSOR" state="AL">
                      <name type="parsed">Mr. Palmer</name>
                      <name type="authority-fnf">Gary J. Palmer</name>
                      <name type="authority-lnf">Palmer, Gary J.</name>
                      <name type="authority-other">Mr. Gary Palmer</name>
                </congMember>
 <congMember authorityId="2444" bioGuideId="T000479" chamber="H" congress="117" party="R" role="COSPONSOR" state="TX">
                      <name type="parsed">Mr. Taylor</name>
                      <name type="authority-fnf">Van Taylor</name>
                      <name type="authority-lnf">Taylor, Van</name>
                </congMember>
 <congMember authorityId="231" bioGuideId="C000754" chamber="H" congress="117" gpoId="8152" party="D" role="COSPONSOR" state="TN">
                      <name type="parsed">Mr. Cooper</name>
                      <name type="authority-fnf">Jim Cooper</name>
                      <name type="authority-lnf">Cooper, Jim</name>
                      <name type="authority-other">James Cooper</name>
                </congMember>
 <congMember authorityId="1959" bioGuideId="C001078" chamber="H" congress="117" gpoId="8202" party="D" role="COSPONSOR" state="VA">
                      <name type="parsed">Mr. Connolly</name>
                      <name type="authority-fnf">Gerald E. Connolly</name>
                      <name type="authority-lnf">Connolly, Gerald E.</name>
                      <name type="authority-other">Mr. Gerald Connolly</name>
                </congMember>
 <isPrivate>false</isPrivate>
 <isAppropriation>false</isAppropriation>
 <USCode title="5">
                      <section number="105"></section>
                      <section number="307"></section>
                      <section detail="(b)(2)" number="307"></section>
                      <section detail="(b)(3)" number="307"></section>
                      <section number="552"></section>
                      <section detail="(a)(2)" number="552"></section>
                      <chapter number="3"></chapter>
                </USCode>
</extension>
</mods>