<?xml version="1.0"?>
<?xml-stylesheet type="text/xsl" href="billres.xsl"?>
<!DOCTYPE bill PUBLIC "-//US Congress//DTDs/bill.dtd//EN" "bill.dtd">
<bill bill-stage="Introduced-in-House" dms-id="HD52419D7EE6C408FAD47085FD4D0F14F" public-private="public" key="H" bill-type="olc"><metadata xmlns:dc="http://purl.org/dc/elements/1.1/">
<dublinCore>
<dc:title>117 HR 34 IH: Let Lenders Lend Act</dc:title>
<dc:publisher>U.S. House of Representatives</dc:publisher>
<dc:date>2021-01-04</dc:date>
<dc:format>text/xml</dc:format>
<dc:language>EN</dc:language>
<dc:rights>Pursuant to Title 17 Section 105 of the United States Code, this file is not subject to copyright protection and is in the public domain.</dc:rights>
</dublinCore>
</metadata>
<form>
<distribution-code display="yes">I</distribution-code><congress display="yes">117th CONGRESS</congress><session display="yes">1st Session</session><legis-num display="yes">H. R. 34</legis-num><current-chamber>IN THE HOUSE OF REPRESENTATIVES</current-chamber><action display="yes"><action-date date="20210104">January 4, 2021</action-date><action-desc><sponsor name-id="B001302">Mr. Biggs</sponsor> introduced the following bill; which was referred to the <committee-name committee-id="HBA00">Committee on Financial Services</committee-name></action-desc></action><legis-type>A BILL</legis-type><official-title display="yes">To provide that the final rule of the Bureau of Consumer Financial Protection titled <quote>Home Mortgage Disclosure (Regulation C)</quote> shall have no force or effect.</official-title></form><legis-body id="HDECF5DD5BFA7424D91A316AAB6B00991" style="OLC"><section id="H3DAF5CE6035C4944A50E4A46F8748D38" section-type="section-one"><enum>1.</enum><header>Short title</header><text display-inline="no-display-inline">This Act may be cited as the <quote><short-title>Let Lenders Lend Act</short-title></quote>.</text></section><section id="HE5320062F1164D148E4EF76B1790C9C9" section-type="subsequent-section"><enum>2.</enum><header>Home mortgage disclosure rule</header><text display-inline="no-display-inline">The final rule issued by the Bureau of Consumer Financial Protection titled <quote>Home Mortgage Disclosure (Regulation C)</quote> (October 28, 2015; 80 Fed. Reg. 66128) shall have no force or effect.</text></section></legis-body></bill> 

