<?xml version="1.0"?>
<?xml-stylesheet type="text/xsl" href="billres.xsl"?>
<!DOCTYPE bill PUBLIC "-//US Congress//DTDs/bill.dtd//EN" "bill.dtd">
<bill bill-stage="Introduced-in-House" dms-id="H918E8AA75946482ABD9F2CFF76457BCD" public-private="public" key="H" bill-type="olc"><metadata xmlns:dc="http://purl.org/dc/elements/1.1/">
<dublinCore>
<dc:title>117 HR 28 IH: Protecting Life in Crisis Act</dc:title>
<dc:publisher>U.S. House of Representatives</dc:publisher>
<dc:date>2021-01-04</dc:date>
<dc:format>text/xml</dc:format>
<dc:language>EN</dc:language>
<dc:rights>Pursuant to Title 17 Section 105 of the United States Code, this file is not subject to copyright protection and is in the public domain.</dc:rights>
</dublinCore>
</metadata>
<form>
<distribution-code display="yes">I</distribution-code><congress display="yes">117th CONGRESS</congress><session display="yes">1st Session</session><legis-num display="yes">H. R. 28</legis-num><current-chamber>IN THE HOUSE OF REPRESENTATIVES</current-chamber><action display="yes"><action-date date="20210104">January 4, 2021</action-date><action-desc><sponsor name-id="B001291">Mr. Babin</sponsor> (for himself, <cosponsor name-id="A000055">Mr. Aderholt</cosponsor>, <cosponsor name-id="A000372">Mr. Allen</cosponsor>, <cosponsor name-id="B001307">Mr. Baird</cosponsor>, <cosponsor name-id="B001301">Mr. Bergman</cosponsor>, <cosponsor name-id="B001311">Mr. Bishop of North Carolina</cosponsor>, <cosponsor name-id="B001295">Mr. Bost</cosponsor>, <cosponsor name-id="B001305">Mr. Budd</cosponsor>, <cosponsor name-id="C000059">Mr. Calvert</cosponsor>, <cosponsor name-id="C001118">Mr. Cline</cosponsor>, <cosponsor name-id="C001114">Mr. Curtis</cosponsor>, <cosponsor name-id="D000615">Mr. Duncan</cosponsor>, <cosponsor name-id="D000628">Mr. Dunn</cosponsor>, <cosponsor name-id="F000469">Mr. Fulcher</cosponsor>, <cosponsor name-id="G000578">Mr. Gaetz</cosponsor>, <cosponsor name-id="G000579">Mr. Gallagher</cosponsor>, <cosponsor name-id="G000061">Mr. Garcia of California</cosponsor>, <cosponsor name-id="G000588">Mr. Gonzalez of Ohio</cosponsor>, <cosponsor name-id="G000565">Mr. Gosar</cosponsor>, <cosponsor name-id="G000577">Mr. Graves of Louisiana</cosponsor>, <cosponsor name-id="G000568">Mr. Griffith</cosponsor>, <cosponsor name-id="G000591">Mr. Guest</cosponsor>, <cosponsor name-id="H001082">Mr. Hern</cosponsor>, <cosponsor name-id="H001072">Mr. Hill</cosponsor>, <cosponsor name-id="H001067">Mr. Hudson</cosponsor>, <cosponsor name-id="H001058">Mr. Huizenga</cosponsor>, <cosponsor name-id="J000292">Mr. Johnson of Ohio</cosponsor>, <cosponsor name-id="K000376">Mr. Kelly of Pennsylvania</cosponsor>, <cosponsor name-id="K000392">Mr. Kustoff</cosponsor>, <cosponsor name-id="L000564">Mr. Lamborn</cosponsor>, <cosponsor name-id="L000576">Mr. Long</cosponsor>, <cosponsor name-id="M001177">Mr. McClintock</cosponsor>, <cosponsor name-id="M001180">Mr. McKinley</cosponsor>, <cosponsor name-id="M001186">Mr. Meijer</cosponsor>, <cosponsor name-id="M001195">Mr. Mooney</cosponsor>, <cosponsor name-id="N000190">Mr. Norman</cosponsor>, <cosponsor name-id="S001189">Mr. Austin Scott of Georgia</cosponsor>, <cosponsor name-id="S001196">Ms. Stefanik</cosponsor>, <cosponsor name-id="T000479">Mr. Taylor</cosponsor>, <cosponsor name-id="T000480">Mr. Timmons</cosponsor>, <cosponsor name-id="W000813">Mrs. Walorski</cosponsor>, <cosponsor name-id="W000814">Mr. Weber of Texas</cosponsor>, <cosponsor name-id="W000821">Mr. Westerman</cosponsor>, <cosponsor name-id="W000816">Mr. Williams of Texas</cosponsor>, and <cosponsor name-id="W000795">Mr. Wilson of South Carolina</cosponsor>) introduced the following bill; which was referred to the <committee-name committee-id="HIF00">Committee on Energy and Commerce</committee-name>, and in addition to the Committees on <committee-name committee-id="HWM00">Ways and Means</committee-name>, and <committee-name committee-id="HED00">Education and Labor</committee-name>, for a period to be subsequently determined by the Speaker, in each case for consideration of such provisions as fall within the jurisdiction of the committee concerned</action-desc></action><legis-type>A BILL</legis-type><official-title display="yes">To prohibit the expenditure for an abortion of Federal funds authorized or appropriated for preventing, preparing for, or responding to the COVID–19 pandemic, and for other purposes.</official-title></form><legis-body id="HBEF8247CE2FA4F7F87DFA38965A22DE9" style="OLC"><section id="H421F2943C56B4242B4841786A0B57615" section-type="section-one"><enum>1.</enum><header>Short title</header><text display-inline="no-display-inline"> This Act may be cited as the <quote><short-title>Protecting Life in Crisis Act</short-title></quote>.</text></section><section id="HDED01B9427B947E0A54D563C9A259161"><enum>2.</enum><header>Prohibiting the expenditure of COVID–19 funding for any abortion</header><subsection id="HEFF8701653D545E98CB9A30C99F88D6E"><enum>(a)</enum><header>Prohibitions</header><paragraph id="HE5AA80C982BC48068189BDB75916588E"><enum>(1)</enum><header>In general</header><text>No funds authorized or appropriated by Federal law for the purpose of preventing, preparing for, or responding to the COVID–19 pandemic, domestically or internationally, and none of the funds in any trust fund to which funds are authorized or appropriated by Federal law for such purpose, shall be expended for any abortion.</text></paragraph><paragraph id="H4D17A7675CD04FB5BC65A853FEB4F38D"><enum>(2)</enum><header>Specified health benefits coverage</header><text display-inline="yes-display-inline">None of the funds authorized or appropriated by Federal law for the purpose described in subsection (a), and none of the funds in any trust fund to which funds are authorized or appropriated by Federal law for such purpose, shall be expended for, nor shall any credit for such purpose be allowed under the internal revenue laws with respect to, coverage under a qualified health plan offered through an Exchange established pursuant to title I of the Patient Protection and Affordable Care Act, COBRA continuation coverage, or any other coverage, if such coverage includes coverage of abortion.</text></paragraph><paragraph id="H526B9E1294FB49B38EFFB0D4C7185120"><enum>(3)</enum><header>Definition</header><text display-inline="yes-display-inline">In this section, the term <term>COBRA continuation coverage</term> means continuation coverage provided pursuant to part 6 of subtitle B of title I of the Employee Retirement Income Security Act of 1974 (<external-xref legal-doc="usc" parsable-cite="usc/29/1161">29 U.S.C. 1161</external-xref> et seq.) (other than under section 609 of such Act), title XXII of the Public Health Service Act (<external-xref legal-doc="usc" parsable-cite="usc/42/300bb-1">42 U.S.C. 300bb–1</external-xref> et seq.), <external-xref legal-doc="usc" parsable-cite="usc/26/4980B">section 4980B</external-xref> of the Internal Revenue Code of 1986 (other than subsection (f)(1) of such section insofar as it relates to pediatric vaccines), or section 8905a of title 5, United States Code, or under a State program that provides comparable continuation coverage. Such term does not include coverage under a health flexible spending arrangement under a cafeteria plan within the meaning of <external-xref legal-doc="usc" parsable-cite="usc/26/125">section 125</external-xref> of the Internal Revenue Code of 1986.</text></paragraph></subsection><subsection id="H2A86B5CBD93D4FD0AA33FDBD72E8B24F"><enum>(b)</enum><header>Treatment of abortions related to rape, incest, or preserving the life of the mother</header><text>The limitations established in subsection (a) shall not apply to an abortion—</text><paragraph id="HEE704CAE66624A0FB1A9B2C4187808E4"><enum>(1)</enum><text>if the pregnancy is the result of an act of rape or incest; or</text></paragraph><paragraph id="HE15CD5E27866496A8A6BE57BCCF3625E"><enum>(2)</enum><text>in the case where a woman suffers from a physical disorder, physical injury, or physical illness, including a life-endangering physical condition caused by or arising from the pregnancy itself, that would, as certified by a physician, place the woman in danger of death unless an abortion is performed.</text></paragraph></subsection><subsection id="H30CE0494405B43E28308770224C035ED"><enum>(c)</enum><header>Rule of construction</header><text display-inline="yes-display-inline">Nothing in this Act may be construed to require a plan or coverage described in subsection (a) to provide coverage of any abortion.</text></subsection></section></legis-body></bill> 

