<?xml version='1.0' encoding='UTF-8'?>
<premis xmlns="info:lc/xmlns/premis-v2" xmlns:xsi="http://www.w3.org/2001/XMLSchema-instance" xsi:schemaLocation="info:lc/xmlns/premis-v2 http://www.loc.gov/standards/premis/v2/premis-v2-0.xsd" version="2.0">
    <object xsi:type="representation">
        <objectIdentifier>
            <objectIdentifierType>FDsys ACP</objectIdentifierType>
            <objectIdentifierValue>R0b002ee1aacd4929</objectIdentifierValue>
        </objectIdentifier>
    </object>
    <object xsi:type="file">
        <objectIdentifier>
            <objectIdentifierType>FDsys ACP</objectIdentifierType>
            <objectIdentifierValue>D09002ee1aacd4921</objectIdentifierValue>
        </objectIdentifier>
        <objectCharacteristics>
            <compositionLevel>0</compositionLevel>
            <format>
                <formatDesignation>
                    <formatName>text/plain</formatName>
                </formatDesignation>
            </format>
        </objectCharacteristics>
    </object>
    <object xsi:type="representation">
        <objectIdentifier>
            <objectIdentifierType>FDsys ACP</objectIdentifierType>
            <objectIdentifierValue>R0b002ee1aacd492a</objectIdentifierValue>
        </objectIdentifier>
    </object>
    <object xsi:type="file">
        <objectIdentifier>
            <objectIdentifierType>FDsys ACP</objectIdentifierType>
            <objectIdentifierValue>D09002ee1aacd491f</objectIdentifierValue>
        </objectIdentifier>
        <objectCharacteristics>
            <compositionLevel>0</compositionLevel>
            <format>
                <formatDesignation>
                    <formatName>application/postscript</formatName>
                </formatDesignation>
            </format>
        </objectCharacteristics>
    </object>
    <object xsi:type="representation">
        <objectIdentifier>
            <objectIdentifierType>FDsys ACP</objectIdentifierType>
            <objectIdentifierValue>R0b002ee1aacd492b</objectIdentifierValue>
        </objectIdentifier>
    </object>
    <object xsi:type="file">
        <objectIdentifier>
            <objectIdentifierType>FDsys ACP</objectIdentifierType>
            <objectIdentifierValue>D09002ee1aacd4920</objectIdentifierValue>
        </objectIdentifier>
        <objectCharacteristics>
            <compositionLevel>0</compositionLevel>
            <format>
                <formatDesignation>
                    <formatName>application/pdf</formatName>
                </formatDesignation>
            </format>
        </objectCharacteristics>
    </object>
    <object xsi:type="representation">
        <objectIdentifier>
            <objectIdentifierType>FDsys ACP</objectIdentifierType>
            <objectIdentifierValue>R0b002ee1aacd492c</objectIdentifierValue>
        </objectIdentifier>
    </object>
    <object xsi:type="file">
        <objectIdentifier>
            <objectIdentifierType>FDsys ACP</objectIdentifierType>
            <objectIdentifierValue>D09002ee1aacd44fa</objectIdentifierValue>
        </objectIdentifier>
        <objectCharacteristics>
            <compositionLevel>0</compositionLevel>
            <format>
                <formatDesignation>
                    <formatName>text/locator</formatName>
                </formatDesignation>
            </format>
        </objectCharacteristics>
    </object>
    <object xsi:type="representation">
        <objectIdentifier>
            <objectIdentifierType>FDsys ACP</objectIdentifierType>
            <objectIdentifierValue>R0b002ee1aacd492d</objectIdentifierValue>
        </objectIdentifier>
    </object>
    <object xsi:type="file">
        <objectIdentifier>
            <objectIdentifierType>FDsys ACP</objectIdentifierType>
            <objectIdentifierValue>D09002ee1aacd4922</objectIdentifierValue>
        </objectIdentifier>
        <objectCharacteristics>
            <compositionLevel>0</compositionLevel>
            <format>
                <formatDesignation>
                    <formatName>text/xml</formatName>
                </formatDesignation>
            </format>
        </objectCharacteristics>
    </object>
    <object xsi:type="representation">
        <objectIdentifier>
            <objectIdentifierType>FDsys AIP</objectIdentifierType>
            <objectIdentifierValue>R0b002ee1aacd553c</objectIdentifierValue>
        </objectIdentifier>
    </object>
    <object xsi:type="file">
        <objectIdentifier>
            <objectIdentifierType>FDsys AIP</objectIdentifierType>
            <objectIdentifierValue>D09002ee1aacd50fc</objectIdentifierValue>
        </objectIdentifier>
        <objectCharacteristics>
            <compositionLevel>0</compositionLevel>
            <format>
                <formatDesignation>
                    <formatName>text/locator</formatName>
                </formatDesignation>
            </format>
        </objectCharacteristics>
    </object>
    <object xsi:type="representation">
        <objectIdentifier>
            <objectIdentifierType>FDsys AIP</objectIdentifierType>
            <objectIdentifierValue>R0b002ee1aacd553d</objectIdentifierValue>
        </objectIdentifier>
    </object>
    <object xsi:type="file">
        <objectIdentifier>
            <objectIdentifierType>FDsys AIP</objectIdentifierType>
            <objectIdentifierValue>D09002ee1aacd555a</objectIdentifierValue>
        </objectIdentifier>
        <objectCharacteristics>
            <compositionLevel>0</compositionLevel>
            <format>
                <formatDesignation>
                    <formatName>application/pdf</formatName>
                </formatDesignation>
            </format>
        </objectCharacteristics>
    </object>
    <object xsi:type="representation">
        <objectIdentifier>
            <objectIdentifierType>FDsys AIP</objectIdentifierType>
            <objectIdentifierValue>R0b002ee1aacd553e</objectIdentifierValue>
        </objectIdentifier>
    </object>
    <object xsi:type="file">
        <objectIdentifier>
            <objectIdentifierType>FDsys AIP</objectIdentifierType>
            <objectIdentifierValue>D09002ee1aacd555b</objectIdentifierValue>
        </objectIdentifier>
        <objectCharacteristics>
            <compositionLevel>0</compositionLevel>
            <format>
                <formatDesignation>
                    <formatName>application/postscript</formatName>
                </formatDesignation>
            </format>
        </objectCharacteristics>
    </object>
    <object xsi:type="representation">
        <objectIdentifier>
            <objectIdentifierType>FDsys AIP</objectIdentifierType>
            <objectIdentifierValue>R0b002ee1aacd553f</objectIdentifierValue>
        </objectIdentifier>
    </object>
    <object xsi:type="file">
        <objectIdentifier>
            <objectIdentifierType>FDsys AIP</objectIdentifierType>
            <objectIdentifierValue>D09002ee1aacd555c</objectIdentifierValue>
        </objectIdentifier>
        <objectCharacteristics>
            <compositionLevel>0</compositionLevel>
            <format>
                <formatDesignation>
                    <formatName>text/plain</formatName>
                </formatDesignation>
            </format>
        </objectCharacteristics>
    </object>
    <object xsi:type="representation">
        <objectIdentifier>
            <objectIdentifierType>FDsys AIP</objectIdentifierType>
            <objectIdentifierValue>R0b002ee1aacd5540</objectIdentifierValue>
        </objectIdentifier>
    </object>
    <object xsi:type="file">
        <objectIdentifier>
            <objectIdentifierType>FDsys AIP</objectIdentifierType>
            <objectIdentifierValue>D09002ee1aacd555d</objectIdentifierValue>
        </objectIdentifier>
        <objectCharacteristics>
            <compositionLevel>0</compositionLevel>
            <format>
                <formatDesignation>
                    <formatName>text/xml</formatName>
                </formatDesignation>
            </format>
        </objectCharacteristics>
    </object>
    <object xsi:type="representation">
        <objectIdentifier>
            <objectIdentifierType>FDsys ACP</objectIdentifierType>
            <objectIdentifierValue>R0b002ee1aacd5939</objectIdentifierValue>
        </objectIdentifier>
    </object>
    <object xsi:type="file">
        <objectIdentifier>
            <objectIdentifierType>FDsys ACP</objectIdentifierType>
            <objectIdentifierValue>D09002ee1aacd5931</objectIdentifierValue>
        </objectIdentifier>
        <objectCharacteristics>
            <compositionLevel>0</compositionLevel>
            <fixity>
                <messageDigestAlgorithm>SHA-256</messageDigestAlgorithm>
                <messageDigest>bd948af9e5e830d5601cb4c816e37c15d55cd47d4161c0a07ac51a2011f2767d</messageDigest>
                <messageDigestOriginator>FDsys</messageDigestOriginator>
            </fixity>
            <size>8589</size>
            <format>
                <formatDesignation>
                    <formatName>text/html</formatName>
                </formatDesignation>
                <formatRegistry>
                    <formatRegistryName>PRONOM</formatRegistryName>
                    <formatRegistryKey>fmt/96</formatRegistryKey>
                </formatRegistry>
                <formatNote>Hypertext Markup Language</formatNote>
            </format>
        </objectCharacteristics>
        <originalName>BILLS-117hr64ih.htm</originalName>
        <storage>
            <contentLocation>
                <contentLocationType>URI</contentLocationType>
                <contentLocationValue>Public Access Rendition https://www.govinfo.gov/content/pkg/BILLS-117hr64ih/html/BILLS-117hr64ih.htm</contentLocationValue>
            </contentLocation>
            <storageMedium>hard disk</storageMedium>
        </storage>
        <relationship>
            <relationshipType>structural</relationshipType>
            <relationshipSubType>is part of</relationshipSubType><relatedObjectIdentification>
                <relatedObjectIdentifierType>FDsys ACP</relatedObjectIdentifierType>
                <relatedObjectIdentifierValue>R0b002ee1aacd5939</relatedObjectIdentifierValue>
            </relatedObjectIdentification>
        </relationship>
    </object>
    <object xsi:type="representation">
        <objectIdentifier>
            <objectIdentifierType>FDsys ACP</objectIdentifierType>
            <objectIdentifierValue>R0b002ee1aacd593a</objectIdentifierValue>
        </objectIdentifier>
    </object>
    <object xsi:type="file">
        <objectIdentifier>
            <objectIdentifierType>FDsys ACP</objectIdentifierType>
            <objectIdentifierValue>D09002ee1aacd5932</objectIdentifierValue>
        </objectIdentifier>
        <objectCharacteristics>
            <compositionLevel>0</compositionLevel>
            <fixity>
                <messageDigestAlgorithm>SHA-256</messageDigestAlgorithm>
                <messageDigest>65843f549bef6bc505931e7180fe0c9ac9b0cc6e9036f18392783fa677201d32</messageDigest>
                <messageDigestOriginator>FDsys</messageDigestOriginator>
            </fixity>
            <size>286988</size>
            <format>
                <formatDesignation>
                    <formatName>application/pdf</formatName>
                </formatDesignation>
                <formatRegistry>
                    <formatRegistryName>PRONOM</formatRegistryName>
                    <formatRegistryKey>fmt/18</formatRegistryKey>
                </formatRegistry>
                <formatNote>Acrobat PDF 1.4 - Portable Document Format</formatNote>
            </format>
        </objectCharacteristics>
        <originalName>BILLS-117hr64ih.pdf</originalName>
        <storage>
            <contentLocation>
                <contentLocationType>URI</contentLocationType>
                <contentLocationValue>Public Access Rendition https://www.govinfo.gov/content/pkg/BILLS-117hr64ih/pdf/BILLS-117hr64ih.pdf</contentLocationValue>
            </contentLocation>
            <storageMedium>hard disk</storageMedium>
        </storage>
        <signatureInformation>
            <signature>
                <signatureEncoding/>
                <signer>Superintendent of Documents &lt;pkisupport@gpo.gov&gt;</signer>
                <signatureMethod>RSA-SHA256</signatureMethod>
                <signatureValue/>
                <signatureValidationRules>ISO 32000-1:2008 and Adobe Supplement to the ISO 32000-1:2008, Base Level 1.7, Extension Level 3</signatureValidationRules>
                <keyInformation>
                    <keyType>RSA</keyType>
                    <keyValue>30 82 01 22 30 0D 06 09 2A 86 48 86 F7 0D 01 01 01 05 00 03 82 01 0F 00 30 82 01 0A 02 82 01 01 00 BB C5 3D 16 1E B8 73 94 A2 F7 CF 42 76 F7 78 46 2E 5F 0C CE 90 91 D6 77 CC B3 DD 80 99 8B 5E 35 E9 D1 3B 3B 79 D4 8C 05 2B 05 60 84 AD 2E 75 06 76 29 8B 53 40 FA 75 A3 CB 3C A8 72 5E 20 01 31 B6 EA 6E B9 6A 00 A8 FA D2 BA AD E3 FE B2 B8 45 24 06 58 72 23 86 6C 6B C9 C6 F9 62 48 A1 38 4E F1 84 AF 33 B2 7F 15 A8 11 DD 7A 62 CB A9 89 54 63 19 91 08 EB 1E 55 F5 B9 F7 0B E3 7B 3E 4A 72 C5 58 6A 80 34 72 C6 5E 8D F0 02 83 52 1D EE E8 F6 51 93 5F 88 2B 2B 81 31 8A 03 E0 93 DC 7A BD D4 9E E3 81 53 BD F5 96 51 06 A5 16 B9 0C B3 D8 D7 25 8A CF 4F 07 6C 5F A0 69 EA 24 31 B4 B2 B6 15 93 0E 96 53 B8 2F 3E 9D 0C FB B8 D4 8C 76 FA 4B 5F 78 FD AA 8C E6 5D 01 0A 00 0C 1B 0D 40 43 0C 7E 80 D6 AB 99 D7 C5 B6 7C B7 38 61 4E B4 20 49 EC 1E F3 2B 9A 2E 26 9B D8 3E 6A 1C FE 01 A9 02 03 01 00 01</keyValue>
                </keyInformation>
            </signature>
        </signatureInformation>
        <relationship>
            <relationshipType>structural</relationshipType>
            <relationshipSubType>is part of</relationshipSubType><relatedObjectIdentification>
                <relatedObjectIdentifierType>FDsys ACP</relatedObjectIdentifierType>
                <relatedObjectIdentifierValue>R0b002ee1aacd593a</relatedObjectIdentifierValue>
            </relatedObjectIdentification>
        </relationship>
    </object>
    <object xsi:type="representation">
        <objectIdentifier>
            <objectIdentifierType>FDsys ACP</objectIdentifierType>
            <objectIdentifierValue>R0b002ee1aacd593b</objectIdentifierValue>
        </objectIdentifier>
    </object>
    <object xsi:type="file">
        <objectIdentifier>
            <objectIdentifierType>FDsys ACP</objectIdentifierType>
            <objectIdentifierValue>D09002ee1aacd5933</objectIdentifierValue>
        </objectIdentifier>
        <objectCharacteristics>
            <compositionLevel>0</compositionLevel>
            <fixity>
                <messageDigestAlgorithm>SHA-256</messageDigestAlgorithm>
                <messageDigest>d60fa2f7cdd991878521a9b99f6edc69cc486e98e94c37195db4a355ce31fbf4</messageDigest>
                <messageDigestOriginator>FDsys</messageDigestOriginator>
            </fixity>
            <size>9885</size>
            <format>
                <formatDesignation>
                    <formatName>text/xml</formatName>
                </formatDesignation>
                <formatRegistry>
                    <formatRegistryName>PRONOM</formatRegistryName>
                    <formatRegistryKey>fmt/101</formatRegistryKey>
                </formatRegistry>
                <formatNote>Extensible Markup Language</formatNote>
            </format>
        </objectCharacteristics>
        <originalName>BILLS-117hr64ih.xml</originalName>
        <storage>
            <contentLocation>
                <contentLocationType>URI</contentLocationType>
                <contentLocationValue>Public Access Rendition https://www.govinfo.gov/content/pkg/BILLS-117hr64ih/xml/BILLS-117hr64ih.xml</contentLocationValue>
            </contentLocation>
            <storageMedium>hard disk</storageMedium>
        </storage>
        <relationship>
            <relationshipType>structural</relationshipType>
            <relationshipSubType>is part of</relationshipSubType><relatedObjectIdentification>
                <relatedObjectIdentifierType>FDsys ACP</relatedObjectIdentifierType>
                <relatedObjectIdentifierValue>R0b002ee1aacd593b</relatedObjectIdentifierValue>
            </relatedObjectIdentification>
        </relationship>
    </object>
    <event>
        <eventIdentifier>
            <eventIdentifierType>FDsys:event</eventIdentifierType>
            <eventIdentifierValue>a59e5b93-799f-43a0-9d2a-b12e057110c2</eventIdentifierValue>
        </eventIdentifier>
        <eventType>File Format Identification</eventType>
        <eventDateTime>2021-01-12T23:22:25-05:00</eventDateTime>
        <eventDetail>File format identified for object D09002ee1aacd4920</eventDetail>
        <eventOutcomeInformation>
            <eventOutcome>Success</eventOutcome>
        </eventOutcomeInformation>
        <linkingAgentIdentifier>
            <linkingAgentIdentifierType>FDsys:agent</linkingAgentIdentifierType>
            <linkingAgentIdentifierValue>Droid_v90</linkingAgentIdentifierValue>
            <linkingAgentRole>executing program</linkingAgentRole>
        </linkingAgentIdentifier>
        <linkingObjectIdentifier>
            <linkingObjectIdentifierType>FDsys</linkingObjectIdentifierType>
            <linkingObjectIdentifierValue>D09002ee1aacd4920</linkingObjectIdentifierValue>
            <linkingObjectRole>outcome</linkingObjectRole>
        </linkingObjectIdentifier>
    </event>
    <event>
        <eventIdentifier>
            <eventIdentifierType>FDsys:event</eventIdentifierType>
            <eventIdentifierValue>43dd14bb-e50f-4957-b43a-8f858e40ac25</eventIdentifierValue>
        </eventIdentifier>
        <eventType>Rendition Submitted</eventType>
        <eventDateTime>2021-01-12T23:22:25-05:00</eventDateTime>
        <eventDetail>Rendition R0b002ee1aacd492d, uploaded by hotfolderadmin, was submitted in the Submission Information package P0b002ee1aacd4904</eventDetail>
        <eventOutcomeInformation>
            <eventOutcome>Success</eventOutcome>
        </eventOutcomeInformation>
        <linkingAgentIdentifier>
            <linkingAgentIdentifierType>FDsys:agent</linkingAgentIdentifierType>
            <linkingAgentIdentifierValue>hotfolderadmin</linkingAgentIdentifierValue>
            <linkingAgentRole>implementer</linkingAgentRole>
        </linkingAgentIdentifier>
        <linkingObjectIdentifier>
            <linkingObjectIdentifierType>FDsys</linkingObjectIdentifierType>
            <linkingObjectIdentifierValue>R0b002ee1aacd492d</linkingObjectIdentifierValue>
            <linkingObjectRole>outcome</linkingObjectRole>
        </linkingObjectIdentifier>
    </event>
    <event>
        <eventIdentifier>
            <eventIdentifierType>FDsys:event</eventIdentifierType>
            <eventIdentifierValue>63d0b970-25fb-4b5e-bb47-9a15ca2d6039</eventIdentifierValue>
        </eventIdentifier>
        <eventType>Rendition Submitted</eventType>
        <eventDateTime>2021-01-12T23:22:25-05:00</eventDateTime>
        <eventDetail>Rendition R0b002ee1aacd492c, uploaded by hotfolderadmin, was submitted in the Submission Information package P0b002ee1aacd4904</eventDetail>
        <eventOutcomeInformation>
            <eventOutcome>Success</eventOutcome>
        </eventOutcomeInformation>
        <linkingAgentIdentifier>
            <linkingAgentIdentifierType>FDsys:agent</linkingAgentIdentifierType>
            <linkingAgentIdentifierValue>hotfolderadmin</linkingAgentIdentifierValue>
            <linkingAgentRole>implementer</linkingAgentRole>
        </linkingAgentIdentifier>
        <linkingObjectIdentifier>
            <linkingObjectIdentifierType>FDsys</linkingObjectIdentifierType>
            <linkingObjectIdentifierValue>R0b002ee1aacd492c</linkingObjectIdentifierValue>
            <linkingObjectRole>outcome</linkingObjectRole>
        </linkingObjectIdentifier>
    </event>
    <event>
        <eventIdentifier>
            <eventIdentifierType>FDsys:event</eventIdentifierType>
            <eventIdentifierValue>424658e1-071e-4774-ba15-8c5bc2f1fdd3</eventIdentifierValue>
        </eventIdentifier>
        <eventType>Rendition Submitted</eventType>
        <eventDateTime>2021-01-12T23:22:25-05:00</eventDateTime>
        <eventDetail>Rendition R0b002ee1aacd492b, uploaded by hotfolderadmin, was submitted in the Submission Information package P0b002ee1aacd4904</eventDetail>
        <eventOutcomeInformation>
            <eventOutcome>Success</eventOutcome>
        </eventOutcomeInformation>
        <linkingAgentIdentifier>
            <linkingAgentIdentifierType>FDsys:agent</linkingAgentIdentifierType>
            <linkingAgentIdentifierValue>hotfolderadmin</linkingAgentIdentifierValue>
            <linkingAgentRole>implementer</linkingAgentRole>
        </linkingAgentIdentifier>
        <linkingObjectIdentifier>
            <linkingObjectIdentifierType>FDsys</linkingObjectIdentifierType>
            <linkingObjectIdentifierValue>R0b002ee1aacd492b</linkingObjectIdentifierValue>
            <linkingObjectRole>outcome</linkingObjectRole>
        </linkingObjectIdentifier>
    </event>
    <event>
        <eventIdentifier>
            <eventIdentifierType>FDsys:event</eventIdentifierType>
            <eventIdentifierValue>fd0464c1-8782-4c4c-ad84-9ac243c3b61a</eventIdentifierValue>
        </eventIdentifier>
        <eventType>Rendition Submitted</eventType>
        <eventDateTime>2021-01-12T23:22:25-05:00</eventDateTime>
        <eventDetail>Rendition R0b002ee1aacd492a, uploaded by hotfolderadmin, was submitted in the Submission Information package P0b002ee1aacd4904</eventDetail>
        <eventOutcomeInformation>
            <eventOutcome>Success</eventOutcome>
        </eventOutcomeInformation>
        <linkingAgentIdentifier>
            <linkingAgentIdentifierType>FDsys:agent</linkingAgentIdentifierType>
            <linkingAgentIdentifierValue>hotfolderadmin</linkingAgentIdentifierValue>
            <linkingAgentRole>implementer</linkingAgentRole>
        </linkingAgentIdentifier>
        <linkingObjectIdentifier>
            <linkingObjectIdentifierType>FDsys</linkingObjectIdentifierType>
            <linkingObjectIdentifierValue>R0b002ee1aacd492a</linkingObjectIdentifierValue>
            <linkingObjectRole>outcome</linkingObjectRole>
        </linkingObjectIdentifier>
    </event>
    <event>
        <eventIdentifier>
            <eventIdentifierType>FDsys:event</eventIdentifierType>
            <eventIdentifierValue>8d09618b-bbc2-4ae9-926b-a2f71db4c227</eventIdentifierValue>
        </eventIdentifier>
        <eventType>Rendition Submitted</eventType>
        <eventDateTime>2021-01-12T23:22:25-05:00</eventDateTime>
        <eventDetail>Rendition R0b002ee1aacd4929, uploaded by hotfolderadmin, was submitted in the Submission Information package P0b002ee1aacd4904</eventDetail>
        <eventOutcomeInformation>
            <eventOutcome>Success</eventOutcome>
        </eventOutcomeInformation>
        <linkingAgentIdentifier>
            <linkingAgentIdentifierType>FDsys:agent</linkingAgentIdentifierType>
            <linkingAgentIdentifierValue>hotfolderadmin</linkingAgentIdentifierValue>
            <linkingAgentRole>implementer</linkingAgentRole>
        </linkingAgentIdentifier>
        <linkingObjectIdentifier>
            <linkingObjectIdentifierType>FDsys</linkingObjectIdentifierType>
            <linkingObjectIdentifierValue>R0b002ee1aacd4929</linkingObjectIdentifierValue>
            <linkingObjectRole>outcome</linkingObjectRole>
        </linkingObjectIdentifier>
    </event>
    <event>
        <eventIdentifier>
            <eventIdentifierType>FDsys:event</eventIdentifierType>
            <eventIdentifierValue>ab8ba693-3687-4b89-a802-07ce00dce0d7</eventIdentifierValue>
        </eventIdentifier>
        <eventType>File Format Identification</eventType>
        <eventDateTime>2021-01-12T23:22:25-05:00</eventDateTime>
        <eventDetail>File format identified for object D09002ee1aacd44fa</eventDetail>
        <eventOutcomeInformation>
            <eventOutcome>Success</eventOutcome>
        </eventOutcomeInformation>
        <linkingAgentIdentifier>
            <linkingAgentIdentifierType>FDsys:agent</linkingAgentIdentifierType>
            <linkingAgentIdentifierValue>Droid_v90</linkingAgentIdentifierValue>
            <linkingAgentRole>executing program</linkingAgentRole>
        </linkingAgentIdentifier>
        <linkingObjectIdentifier>
            <linkingObjectIdentifierType>FDsys</linkingObjectIdentifierType>
            <linkingObjectIdentifierValue>D09002ee1aacd44fa</linkingObjectIdentifierValue>
            <linkingObjectRole>outcome</linkingObjectRole>
        </linkingObjectIdentifier>
    </event>
    <event>
        <eventIdentifier>
            <eventIdentifierType>FDsys:event</eventIdentifierType>
            <eventIdentifierValue>bf990f76-a512-4826-a966-2511f98bdea8</eventIdentifierValue>
        </eventIdentifier>
        <eventType>Message Digest Calculation</eventType>
        <eventDateTime>2021-01-12T23:22:25-05:00</eventDateTime>
        <eventDetail>Checksum calculated against object D09002ee1aacd44fa</eventDetail>
        <eventOutcomeInformation>
            <eventOutcome>Success</eventOutcome>
        </eventOutcomeInformation>
        <linkingAgentIdentifier>
            <linkingAgentIdentifierType>FDsys:agent</linkingAgentIdentifierType>
            <linkingAgentIdentifierValue>Documentum Server 20.3.0000.0070  Linux64.Oracle</linkingAgentIdentifierValue>
            <linkingAgentRole>executing program</linkingAgentRole>
        </linkingAgentIdentifier>
        <linkingObjectIdentifier>
            <linkingObjectIdentifierType>FDsys</linkingObjectIdentifierType>
            <linkingObjectIdentifierValue>D09002ee1aacd44fa</linkingObjectIdentifierValue>
            <linkingObjectRole>outcome</linkingObjectRole>
        </linkingObjectIdentifier>
    </event>
    <event>
        <eventIdentifier>
            <eventIdentifierType>FDsys:event</eventIdentifierType>
            <eventIdentifierValue>d9f5d6e2-7fff-4b87-899e-d5e08d7e91f3</eventIdentifierValue>
        </eventIdentifier>
        <eventType>Virus Check</eventType>
        <eventDateTime>2021-01-12T23:22:25-05:00</eventDateTime>
        <eventDetail>Object D09002ee1aacd44fa inspected for viruses</eventDetail>
        <eventOutcomeInformation>
            <eventOutcome>Success</eventOutcome>
        </eventOutcomeInformation>
        <linkingAgentIdentifier>
            <linkingAgentIdentifierType>FDsys:agent</linkingAgentIdentifierType>
            <linkingAgentIdentifierValue>ScanEngine_v8.0</linkingAgentIdentifierValue>
            <linkingAgentRole>executing program</linkingAgentRole>
        </linkingAgentIdentifier>
        <linkingObjectIdentifier>
            <linkingObjectIdentifierType>FDsys</linkingObjectIdentifierType>
            <linkingObjectIdentifierValue>D09002ee1aacd44fa</linkingObjectIdentifierValue>
            <linkingObjectRole>outcome</linkingObjectRole>
        </linkingObjectIdentifier>
    </event>
    <event>
        <eventIdentifier>
            <eventIdentifierType>FDsys:event</eventIdentifierType>
            <eventIdentifierValue>95763922-7d37-421f-94ee-86801935b36d</eventIdentifierValue>
        </eventIdentifier>
        <eventType>File Format Identification</eventType>
        <eventDateTime>2021-01-12T23:22:25-05:00</eventDateTime>
        <eventDetail>File format identified for object D09002ee1aacd4922</eventDetail>
        <eventOutcomeInformation>
            <eventOutcome>Success</eventOutcome>
        </eventOutcomeInformation>
        <linkingAgentIdentifier>
            <linkingAgentIdentifierType>FDsys:agent</linkingAgentIdentifierType>
            <linkingAgentIdentifierValue>Droid_v90</linkingAgentIdentifierValue>
            <linkingAgentRole>executing program</linkingAgentRole>
        </linkingAgentIdentifier>
        <linkingObjectIdentifier>
            <linkingObjectIdentifierType>FDsys</linkingObjectIdentifierType>
            <linkingObjectIdentifierValue>D09002ee1aacd4922</linkingObjectIdentifierValue>
            <linkingObjectRole>outcome</linkingObjectRole>
        </linkingObjectIdentifier>
    </event>
    <event>
        <eventIdentifier>
            <eventIdentifierType>FDsys:event</eventIdentifierType>
            <eventIdentifierValue>023bd172-3e55-48df-a6f6-9f4e29d91aa9</eventIdentifierValue>
        </eventIdentifier>
        <eventType>Message Digest Calculation</eventType>
        <eventDateTime>2021-01-12T23:22:25-05:00</eventDateTime>
        <eventDetail>Checksum calculated against object D09002ee1aacd4922</eventDetail>
        <eventOutcomeInformation>
            <eventOutcome>Success</eventOutcome>
        </eventOutcomeInformation>
        <linkingAgentIdentifier>
            <linkingAgentIdentifierType>FDsys:agent</linkingAgentIdentifierType>
            <linkingAgentIdentifierValue>Documentum Server 20.3.0000.0070  Linux64.Oracle</linkingAgentIdentifierValue>
            <linkingAgentRole>executing program</linkingAgentRole>
        </linkingAgentIdentifier>
        <linkingObjectIdentifier>
            <linkingObjectIdentifierType>FDsys</linkingObjectIdentifierType>
            <linkingObjectIdentifierValue>D09002ee1aacd4922</linkingObjectIdentifierValue>
            <linkingObjectRole>outcome</linkingObjectRole>
        </linkingObjectIdentifier>
    </event>
    <event>
        <eventIdentifier>
            <eventIdentifierType>FDsys:event</eventIdentifierType>
            <eventIdentifierValue>9a2fd7b7-9831-4d83-bae6-a72b2c15f566</eventIdentifierValue>
        </eventIdentifier>
        <eventType>Virus Check</eventType>
        <eventDateTime>2021-01-12T23:22:25-05:00</eventDateTime>
        <eventDetail>Object D09002ee1aacd4922 inspected for viruses</eventDetail>
        <eventOutcomeInformation>
            <eventOutcome>Success</eventOutcome>
        </eventOutcomeInformation>
        <linkingAgentIdentifier>
            <linkingAgentIdentifierType>FDsys:agent</linkingAgentIdentifierType>
            <linkingAgentIdentifierValue>ScanEngine_v8.0</linkingAgentIdentifierValue>
            <linkingAgentRole>executing program</linkingAgentRole>
        </linkingAgentIdentifier>
        <linkingObjectIdentifier>
            <linkingObjectIdentifierType>FDsys</linkingObjectIdentifierType>
            <linkingObjectIdentifierValue>D09002ee1aacd4922</linkingObjectIdentifierValue>
            <linkingObjectRole>outcome</linkingObjectRole>
        </linkingObjectIdentifier>
    </event>
    <event>
        <eventIdentifier>
            <eventIdentifierType>FDsys:event</eventIdentifierType>
            <eventIdentifierValue>fcf1ce8a-c632-43fa-9ef6-1755ae6db20f</eventIdentifierValue>
        </eventIdentifier>
        <eventType>File Format Identification</eventType>
        <eventDateTime>2021-01-12T23:22:25-05:00</eventDateTime>
        <eventDetail>File format identified for object D09002ee1aacd491f</eventDetail>
        <eventOutcomeInformation>
            <eventOutcome>Success</eventOutcome>
        </eventOutcomeInformation>
        <linkingAgentIdentifier>
            <linkingAgentIdentifierType>FDsys:agent</linkingAgentIdentifierType>
            <linkingAgentIdentifierValue>Droid_v90</linkingAgentIdentifierValue>
            <linkingAgentRole>executing program</linkingAgentRole>
        </linkingAgentIdentifier>
        <linkingObjectIdentifier>
            <linkingObjectIdentifierType>FDsys</linkingObjectIdentifierType>
            <linkingObjectIdentifierValue>D09002ee1aacd491f</linkingObjectIdentifierValue>
            <linkingObjectRole>outcome</linkingObjectRole>
        </linkingObjectIdentifier>
    </event>
    <event>
        <eventIdentifier>
            <eventIdentifierType>FDsys:event</eventIdentifierType>
            <eventIdentifierValue>f6e48bfb-403e-4d40-b9d3-7c60927560c7</eventIdentifierValue>
        </eventIdentifier>
        <eventType>Message Digest Calculation</eventType>
        <eventDateTime>2021-01-12T23:22:25-05:00</eventDateTime>
        <eventDetail>Checksum calculated against object D09002ee1aacd491f</eventDetail>
        <eventOutcomeInformation>
            <eventOutcome>Success</eventOutcome>
        </eventOutcomeInformation>
        <linkingAgentIdentifier>
            <linkingAgentIdentifierType>FDsys:agent</linkingAgentIdentifierType>
            <linkingAgentIdentifierValue>Documentum Server 20.3.0000.0070  Linux64.Oracle</linkingAgentIdentifierValue>
            <linkingAgentRole>executing program</linkingAgentRole>
        </linkingAgentIdentifier>
        <linkingObjectIdentifier>
            <linkingObjectIdentifierType>FDsys</linkingObjectIdentifierType>
            <linkingObjectIdentifierValue>D09002ee1aacd491f</linkingObjectIdentifierValue>
            <linkingObjectRole>outcome</linkingObjectRole>
        </linkingObjectIdentifier>
    </event>
    <event>
        <eventIdentifier>
            <eventIdentifierType>FDsys:event</eventIdentifierType>
            <eventIdentifierValue>b024b8fa-7ebc-4ca1-873d-5eb298e1ec9d</eventIdentifierValue>
        </eventIdentifier>
        <eventType>Virus Check</eventType>
        <eventDateTime>2021-01-12T23:22:25-05:00</eventDateTime>
        <eventDetail>Object D09002ee1aacd491f inspected for viruses</eventDetail>
        <eventOutcomeInformation>
            <eventOutcome>Success</eventOutcome>
        </eventOutcomeInformation>
        <linkingAgentIdentifier>
            <linkingAgentIdentifierType>FDsys:agent</linkingAgentIdentifierType>
            <linkingAgentIdentifierValue>ScanEngine_v8.0</linkingAgentIdentifierValue>
            <linkingAgentRole>executing program</linkingAgentRole>
        </linkingAgentIdentifier>
        <linkingObjectIdentifier>
            <linkingObjectIdentifierType>FDsys</linkingObjectIdentifierType>
            <linkingObjectIdentifierValue>D09002ee1aacd491f</linkingObjectIdentifierValue>
            <linkingObjectRole>outcome</linkingObjectRole>
        </linkingObjectIdentifier>
    </event>
    <event>
        <eventIdentifier>
            <eventIdentifierType>FDsys:event</eventIdentifierType>
            <eventIdentifierValue>1a12e8d4-0f92-4a15-83f5-7b05d48702a8</eventIdentifierValue>
        </eventIdentifier>
        <eventType>File Format Identification</eventType>
        <eventDateTime>2021-01-12T23:22:25-05:00</eventDateTime>
        <eventDetail>File format identified for object D09002ee1aacd4921</eventDetail>
        <eventOutcomeInformation>
            <eventOutcome>Success</eventOutcome>
        </eventOutcomeInformation>
        <linkingAgentIdentifier>
            <linkingAgentIdentifierType>FDsys:agent</linkingAgentIdentifierType>
            <linkingAgentIdentifierValue>Droid_v90</linkingAgentIdentifierValue>
            <linkingAgentRole>executing program</linkingAgentRole>
        </linkingAgentIdentifier>
        <linkingObjectIdentifier>
            <linkingObjectIdentifierType>FDsys</linkingObjectIdentifierType>
            <linkingObjectIdentifierValue>D09002ee1aacd4921</linkingObjectIdentifierValue>
            <linkingObjectRole>outcome</linkingObjectRole>
        </linkingObjectIdentifier>
    </event>
    <event>
        <eventIdentifier>
            <eventIdentifierType>FDsys:event</eventIdentifierType>
            <eventIdentifierValue>13bca7f2-3f56-45e0-8372-2530c6ddb2ef</eventIdentifierValue>
        </eventIdentifier>
        <eventType>Message Digest Calculation</eventType>
        <eventDateTime>2021-01-12T23:22:25-05:00</eventDateTime>
        <eventDetail>Checksum calculated against object D09002ee1aacd4921</eventDetail>
        <eventOutcomeInformation>
            <eventOutcome>Success</eventOutcome>
        </eventOutcomeInformation>
        <linkingAgentIdentifier>
            <linkingAgentIdentifierType>FDsys:agent</linkingAgentIdentifierType>
            <linkingAgentIdentifierValue>Documentum Server 20.3.0000.0070  Linux64.Oracle</linkingAgentIdentifierValue>
            <linkingAgentRole>executing program</linkingAgentRole>
        </linkingAgentIdentifier>
        <linkingObjectIdentifier>
            <linkingObjectIdentifierType>FDsys</linkingObjectIdentifierType>
            <linkingObjectIdentifierValue>D09002ee1aacd4921</linkingObjectIdentifierValue>
            <linkingObjectRole>outcome</linkingObjectRole>
        </linkingObjectIdentifier>
    </event>
    <event>
        <eventIdentifier>
            <eventIdentifierType>FDsys:event</eventIdentifierType>
            <eventIdentifierValue>43c914bb-6468-4bb7-9fb7-15462e24d359</eventIdentifierValue>
        </eventIdentifier>
        <eventType>Virus Check</eventType>
        <eventDateTime>2021-01-12T23:22:25-05:00</eventDateTime>
        <eventDetail>Object D09002ee1aacd4920 inspected for viruses</eventDetail>
        <eventOutcomeInformation>
            <eventOutcome>Success</eventOutcome>
        </eventOutcomeInformation>
        <linkingAgentIdentifier>
            <linkingAgentIdentifierType>FDsys:agent</linkingAgentIdentifierType>
            <linkingAgentIdentifierValue>ScanEngine_v8.0</linkingAgentIdentifierValue>
            <linkingAgentRole>executing program</linkingAgentRole>
        </linkingAgentIdentifier>
        <linkingObjectIdentifier>
            <linkingObjectIdentifierType>FDsys</linkingObjectIdentifierType>
            <linkingObjectIdentifierValue>D09002ee1aacd4920</linkingObjectIdentifierValue>
            <linkingObjectRole>outcome</linkingObjectRole>
        </linkingObjectIdentifier>
    </event>
    <event>
        <eventIdentifier>
            <eventIdentifierType>FDsys:event</eventIdentifierType>
            <eventIdentifierValue>7c2631c1-51ae-4184-8203-979676ed854e</eventIdentifierValue>
        </eventIdentifier>
        <eventType>Message Digest Calculation</eventType>
        <eventDateTime>2021-01-12T23:22:25-05:00</eventDateTime>
        <eventDetail>Checksum calculated against object D09002ee1aacd4920</eventDetail>
        <eventOutcomeInformation>
            <eventOutcome>Success</eventOutcome>
        </eventOutcomeInformation>
        <linkingAgentIdentifier>
            <linkingAgentIdentifierType>FDsys:agent</linkingAgentIdentifierType>
            <linkingAgentIdentifierValue>Documentum Server 20.3.0000.0070  Linux64.Oracle</linkingAgentIdentifierValue>
            <linkingAgentRole>executing program</linkingAgentRole>
        </linkingAgentIdentifier>
        <linkingObjectIdentifier>
            <linkingObjectIdentifierType>FDsys</linkingObjectIdentifierType>
            <linkingObjectIdentifierValue>D09002ee1aacd4920</linkingObjectIdentifierValue>
            <linkingObjectRole>outcome</linkingObjectRole>
        </linkingObjectIdentifier>
    </event>
    <event>
        <eventIdentifier>
            <eventIdentifierType>FDsys:event</eventIdentifierType>
            <eventIdentifierValue>188e71a5-a5e7-43ed-80bc-215c104419d7</eventIdentifierValue>
        </eventIdentifier>
        <eventType>Virus Check</eventType>
        <eventDateTime>2021-01-12T23:22:25-05:00</eventDateTime>
        <eventDetail>Object D09002ee1aacd4921 inspected for viruses</eventDetail>
        <eventOutcomeInformation>
            <eventOutcome>Success</eventOutcome>
        </eventOutcomeInformation>
        <linkingAgentIdentifier>
            <linkingAgentIdentifierType>FDsys:agent</linkingAgentIdentifierType>
            <linkingAgentIdentifierValue>ScanEngine_v8.0</linkingAgentIdentifierValue>
            <linkingAgentRole>executing program</linkingAgentRole>
        </linkingAgentIdentifier>
        <linkingObjectIdentifier>
            <linkingObjectIdentifierType>FDsys</linkingObjectIdentifierType>
            <linkingObjectIdentifierValue>D09002ee1aacd4921</linkingObjectIdentifierValue>
            <linkingObjectRole>outcome</linkingObjectRole>
        </linkingObjectIdentifier>
    </event>
    <event>
        <eventIdentifier>
            <eventIdentifierType>FDsys:event</eventIdentifierType>
            <eventIdentifierValue>9643de35-c02b-4409-840c-e72a96ab8eff</eventIdentifierValue>
        </eventIdentifier>
        <eventType>Submission</eventType>
        <eventDateTime>2021-01-13T00:09:21-05:00</eventDateTime>
        <eventDetail>11002ee1800e4d00 submitted Submission Information Package P0b002ee1aacd4904 to the system for ingestion</eventDetail>
        <eventOutcomeInformation>
            <eventOutcome>Success</eventOutcome>
        </eventOutcomeInformation>
        <linkingAgentIdentifier>
            <linkingAgentIdentifierType>FDsys:agent</linkingAgentIdentifierType>
            <linkingAgentIdentifierValue>11002ee1800e4d00</linkingAgentIdentifierValue>
            <linkingAgentRole>implementer</linkingAgentRole>
        </linkingAgentIdentifier>
        <linkingObjectIdentifier>
            <linkingObjectIdentifierType>FDsys</linkingObjectIdentifierType>
            <linkingObjectIdentifierValue>P0b002ee1aacd4904</linkingObjectIdentifierValue>
            <linkingObjectRole>outcome</linkingObjectRole>
        </linkingObjectIdentifier>
    </event>
    <event>
        <eventIdentifier>
            <eventIdentifierType>FDsys:event</eventIdentifierType>
            <eventIdentifierValue>8eb712c8-71b1-4de4-852c-ecb308bec789</eventIdentifierValue>
        </eventIdentifier>
        <eventType>Crypto Time Stamp Calculation</eventType>
        <eventDateTime>2021-01-13T00:09:27-05:00</eventDateTime>
        <eventDetail>Cryptographic timestamp created for object D09002ee1aacd555a</eventDetail>
        <eventOutcomeInformation>
            <eventOutcome>Success</eventOutcome>
        </eventOutcomeInformation>
        <linkingAgentIdentifier>
            <linkingAgentIdentifierType>FDsys:agent</linkingAgentIdentifierType>
            <linkingAgentIdentifierValue>Crypto_v1.0</linkingAgentIdentifierValue>
            <linkingAgentRole>executing program</linkingAgentRole>
        </linkingAgentIdentifier>
        <linkingObjectIdentifier>
            <linkingObjectIdentifierType>FDsys</linkingObjectIdentifierType>
            <linkingObjectIdentifierValue>D09002ee1aacd555a</linkingObjectIdentifierValue>
            <linkingObjectRole>outcome</linkingObjectRole>
        </linkingObjectIdentifier>
    </event>
    <event>
        <eventIdentifier>
            <eventIdentifierType>FDsys:event</eventIdentifierType>
            <eventIdentifierValue>c69cd1f0-1f1a-43b8-a4a5-a4866aefd2b0</eventIdentifierValue>
        </eventIdentifier>
        <eventType>File Format Identification</eventType>
        <eventDateTime>2021-01-13T00:09:27-05:00</eventDateTime>
        <eventDetail>File format identified for object D09002ee1aacd555a</eventDetail>
        <eventOutcomeInformation>
            <eventOutcome>Success</eventOutcome>
        </eventOutcomeInformation>
        <linkingAgentIdentifier>
            <linkingAgentIdentifierType>FDsys:agent</linkingAgentIdentifierType>
            <linkingAgentIdentifierValue>Droid_v90</linkingAgentIdentifierValue>
            <linkingAgentRole>executing program</linkingAgentRole>
        </linkingAgentIdentifier>
        <linkingObjectIdentifier>
            <linkingObjectIdentifierType>FDsys</linkingObjectIdentifierType>
            <linkingObjectIdentifierValue>D09002ee1aacd555a</linkingObjectIdentifierValue>
            <linkingObjectRole>outcome</linkingObjectRole>
        </linkingObjectIdentifier>
    </event>
    <event>
        <eventIdentifier>
            <eventIdentifierType>FDsys:event</eventIdentifierType>
            <eventIdentifierValue>867dc7fa-9cc9-4c12-bf09-6b6bf5cf08d3</eventIdentifierValue>
        </eventIdentifier>
        <eventType>Message Digest Calculation</eventType>
        <eventDateTime>2021-01-13T00:09:27-05:00</eventDateTime>
        <eventDetail>Checksum calculated against object D09002ee1aacd555a</eventDetail>
        <eventOutcomeInformation>
            <eventOutcome>Success</eventOutcome>
        </eventOutcomeInformation>
        <linkingAgentIdentifier>
            <linkingAgentIdentifierType>FDsys:agent</linkingAgentIdentifierType>
            <linkingAgentIdentifierValue>Documentum Server 20.3.0000.0070  Linux64.Oracle</linkingAgentIdentifierValue>
            <linkingAgentRole>executing program</linkingAgentRole>
        </linkingAgentIdentifier>
        <linkingObjectIdentifier>
            <linkingObjectIdentifierType>FDsys</linkingObjectIdentifierType>
            <linkingObjectIdentifierValue>D09002ee1aacd555a</linkingObjectIdentifierValue>
            <linkingObjectRole>outcome</linkingObjectRole>
        </linkingObjectIdentifier>
    </event>
    <event>
        <eventIdentifier>
            <eventIdentifierType>FDsys:event</eventIdentifierType>
            <eventIdentifierValue>803a61b0-74fc-4b92-80e2-a8a060350c20</eventIdentifierValue>
        </eventIdentifier>
        <eventType>Crypto Time Stamp Calculation</eventType>
        <eventDateTime>2021-01-13T00:09:27-05:00</eventDateTime>
        <eventDetail>Cryptographic timestamp created for object D09002ee1aacd50fc</eventDetail>
        <eventOutcomeInformation>
            <eventOutcome>Success</eventOutcome>
        </eventOutcomeInformation>
        <linkingAgentIdentifier>
            <linkingAgentIdentifierType>FDsys:agent</linkingAgentIdentifierType>
            <linkingAgentIdentifierValue>Crypto_v1.0</linkingAgentIdentifierValue>
            <linkingAgentRole>executing program</linkingAgentRole>
        </linkingAgentIdentifier>
        <linkingObjectIdentifier>
            <linkingObjectIdentifierType>FDsys</linkingObjectIdentifierType>
            <linkingObjectIdentifierValue>D09002ee1aacd50fc</linkingObjectIdentifierValue>
            <linkingObjectRole>outcome</linkingObjectRole>
        </linkingObjectIdentifier>
    </event>
    <event>
        <eventIdentifier>
            <eventIdentifierType>FDsys:event</eventIdentifierType>
            <eventIdentifierValue>e36bc5dc-5aaa-40bb-b488-242022ba1ec9</eventIdentifierValue>
        </eventIdentifier>
        <eventType>File Format Identification</eventType>
        <eventDateTime>2021-01-13T00:09:27-05:00</eventDateTime>
        <eventDetail>File format identified for object D09002ee1aacd50fc</eventDetail>
        <eventOutcomeInformation>
            <eventOutcome>Success</eventOutcome>
        </eventOutcomeInformation>
        <linkingAgentIdentifier>
            <linkingAgentIdentifierType>FDsys:agent</linkingAgentIdentifierType>
            <linkingAgentIdentifierValue>Droid_v90</linkingAgentIdentifierValue>
            <linkingAgentRole>executing program</linkingAgentRole>
        </linkingAgentIdentifier>
        <linkingObjectIdentifier>
            <linkingObjectIdentifierType>FDsys</linkingObjectIdentifierType>
            <linkingObjectIdentifierValue>D09002ee1aacd50fc</linkingObjectIdentifierValue>
            <linkingObjectRole>outcome</linkingObjectRole>
        </linkingObjectIdentifier>
    </event>
    <event>
        <eventIdentifier>
            <eventIdentifierType>FDsys:event</eventIdentifierType>
            <eventIdentifierValue>22a9cfb3-a4a2-4a3f-a31c-442e4fe2fdfa</eventIdentifierValue>
        </eventIdentifier>
        <eventType>Message Digest Calculation</eventType>
        <eventDateTime>2021-01-13T00:09:27-05:00</eventDateTime>
        <eventDetail>Checksum calculated against object D09002ee1aacd50fc</eventDetail>
        <eventOutcomeInformation>
            <eventOutcome>Success</eventOutcome>
        </eventOutcomeInformation>
        <linkingAgentIdentifier>
            <linkingAgentIdentifierType>FDsys:agent</linkingAgentIdentifierType>
            <linkingAgentIdentifierValue>Documentum Server 20.3.0000.0070  Linux64.Oracle</linkingAgentIdentifierValue>
            <linkingAgentRole>executing program</linkingAgentRole>
        </linkingAgentIdentifier>
        <linkingObjectIdentifier>
            <linkingObjectIdentifierType>FDsys</linkingObjectIdentifierType>
            <linkingObjectIdentifierValue>D09002ee1aacd50fc</linkingObjectIdentifierValue>
            <linkingObjectRole>outcome</linkingObjectRole>
        </linkingObjectIdentifier>
    </event>
    <event>
        <eventIdentifier>
            <eventIdentifierType>FDsys:event</eventIdentifierType>
            <eventIdentifierValue>aa10a85d-b77e-42c8-bec6-50c51d6d1c8d</eventIdentifierValue>
        </eventIdentifier>
        <eventType>File Format Identification</eventType>
        <eventDateTime>2021-01-13T00:09:27-05:00</eventDateTime>
        <eventDetail>File format identified for object D09002ee1aacd555b</eventDetail>
        <eventOutcomeInformation>
            <eventOutcome>Success</eventOutcome>
        </eventOutcomeInformation>
        <linkingAgentIdentifier>
            <linkingAgentIdentifierType>FDsys:agent</linkingAgentIdentifierType>
            <linkingAgentIdentifierValue>Droid_v90</linkingAgentIdentifierValue>
            <linkingAgentRole>executing program</linkingAgentRole>
        </linkingAgentIdentifier>
        <linkingObjectIdentifier>
            <linkingObjectIdentifierType>FDsys</linkingObjectIdentifierType>
            <linkingObjectIdentifierValue>D09002ee1aacd555b</linkingObjectIdentifierValue>
            <linkingObjectRole>outcome</linkingObjectRole>
        </linkingObjectIdentifier>
    </event>
    <event>
        <eventIdentifier>
            <eventIdentifierType>FDsys:event</eventIdentifierType>
            <eventIdentifierValue>fe652632-54de-4389-b400-3d0b1be3ed86</eventIdentifierValue>
        </eventIdentifier>
        <eventType>Message Digest Calculation</eventType>
        <eventDateTime>2021-01-13T00:09:27-05:00</eventDateTime>
        <eventDetail>Checksum calculated against object D09002ee1aacd555b</eventDetail>
        <eventOutcomeInformation>
            <eventOutcome>Success</eventOutcome>
        </eventOutcomeInformation>
        <linkingAgentIdentifier>
            <linkingAgentIdentifierType>FDsys:agent</linkingAgentIdentifierType>
            <linkingAgentIdentifierValue>Documentum Server 20.3.0000.0070  Linux64.Oracle</linkingAgentIdentifierValue>
            <linkingAgentRole>executing program</linkingAgentRole>
        </linkingAgentIdentifier>
        <linkingObjectIdentifier>
            <linkingObjectIdentifierType>FDsys</linkingObjectIdentifierType>
            <linkingObjectIdentifierValue>D09002ee1aacd555b</linkingObjectIdentifierValue>
            <linkingObjectRole>outcome</linkingObjectRole>
        </linkingObjectIdentifier>
    </event>
    <event>
        <eventIdentifier>
            <eventIdentifierType>FDsys:event</eventIdentifierType>
            <eventIdentifierValue>bfd6f1eb-21a3-415e-8e95-9004116ae1be</eventIdentifierValue>
        </eventIdentifier>
        <eventType>Crypto Time Stamp Calculation</eventType>
        <eventDateTime>2021-01-13T00:09:27-05:00</eventDateTime>
        <eventDetail>Cryptographic timestamp created for object D09002ee1aacd555d</eventDetail>
        <eventOutcomeInformation>
            <eventOutcome>Success</eventOutcome>
        </eventOutcomeInformation>
        <linkingAgentIdentifier>
            <linkingAgentIdentifierType>FDsys:agent</linkingAgentIdentifierType>
            <linkingAgentIdentifierValue>Crypto_v1.0</linkingAgentIdentifierValue>
            <linkingAgentRole>executing program</linkingAgentRole>
        </linkingAgentIdentifier>
        <linkingObjectIdentifier>
            <linkingObjectIdentifierType>FDsys</linkingObjectIdentifierType>
            <linkingObjectIdentifierValue>D09002ee1aacd555d</linkingObjectIdentifierValue>
            <linkingObjectRole>outcome</linkingObjectRole>
        </linkingObjectIdentifier>
    </event>
    <event>
        <eventIdentifier>
            <eventIdentifierType>FDsys:event</eventIdentifierType>
            <eventIdentifierValue>d749b9b9-f50c-4b92-9226-9bf40364c641</eventIdentifierValue>
        </eventIdentifier>
        <eventType>File Format Identification</eventType>
        <eventDateTime>2021-01-13T00:09:27-05:00</eventDateTime>
        <eventDetail>File format identified for object D09002ee1aacd555d</eventDetail>
        <eventOutcomeInformation>
            <eventOutcome>Success</eventOutcome>
        </eventOutcomeInformation>
        <linkingAgentIdentifier>
            <linkingAgentIdentifierType>FDsys:agent</linkingAgentIdentifierType>
            <linkingAgentIdentifierValue>Droid_v90</linkingAgentIdentifierValue>
            <linkingAgentRole>executing program</linkingAgentRole>
        </linkingAgentIdentifier>
        <linkingObjectIdentifier>
            <linkingObjectIdentifierType>FDsys</linkingObjectIdentifierType>
            <linkingObjectIdentifierValue>D09002ee1aacd555d</linkingObjectIdentifierValue>
            <linkingObjectRole>outcome</linkingObjectRole>
        </linkingObjectIdentifier>
    </event>
    <event>
        <eventIdentifier>
            <eventIdentifierType>FDsys:event</eventIdentifierType>
            <eventIdentifierValue>bb9f4a70-17cd-486b-ab9c-e38d483f170e</eventIdentifierValue>
        </eventIdentifier>
        <eventType>Message Digest Calculation</eventType>
        <eventDateTime>2021-01-13T00:09:27-05:00</eventDateTime>
        <eventDetail>Checksum calculated against object D09002ee1aacd555d</eventDetail>
        <eventOutcomeInformation>
            <eventOutcome>Success</eventOutcome>
        </eventOutcomeInformation>
        <linkingAgentIdentifier>
            <linkingAgentIdentifierType>FDsys:agent</linkingAgentIdentifierType>
            <linkingAgentIdentifierValue>Documentum Server 20.3.0000.0070  Linux64.Oracle</linkingAgentIdentifierValue>
            <linkingAgentRole>executing program</linkingAgentRole>
        </linkingAgentIdentifier>
        <linkingObjectIdentifier>
            <linkingObjectIdentifierType>FDsys</linkingObjectIdentifierType>
            <linkingObjectIdentifierValue>D09002ee1aacd555d</linkingObjectIdentifierValue>
            <linkingObjectRole>outcome</linkingObjectRole>
        </linkingObjectIdentifier>
    </event>
    <event>
        <eventIdentifier>
            <eventIdentifierType>FDsys:event</eventIdentifierType>
            <eventIdentifierValue>b0484a2a-2698-4893-a958-eb179296063a</eventIdentifierValue>
        </eventIdentifier>
        <eventType>Crypto Time Stamp Calculation</eventType>
        <eventDateTime>2021-01-13T00:09:27-05:00</eventDateTime>
        <eventDetail>Cryptographic timestamp created for object D09002ee1aacd555c</eventDetail>
        <eventOutcomeInformation>
            <eventOutcome>Success</eventOutcome>
        </eventOutcomeInformation>
        <linkingAgentIdentifier>
            <linkingAgentIdentifierType>FDsys:agent</linkingAgentIdentifierType>
            <linkingAgentIdentifierValue>Crypto_v1.0</linkingAgentIdentifierValue>
            <linkingAgentRole>executing program</linkingAgentRole>
        </linkingAgentIdentifier>
        <linkingObjectIdentifier>
            <linkingObjectIdentifierType>FDsys</linkingObjectIdentifierType>
            <linkingObjectIdentifierValue>D09002ee1aacd555c</linkingObjectIdentifierValue>
            <linkingObjectRole>outcome</linkingObjectRole>
        </linkingObjectIdentifier>
    </event>
    <event>
        <eventIdentifier>
            <eventIdentifierType>FDsys:event</eventIdentifierType>
            <eventIdentifierValue>4ded63e0-d24b-4c36-9398-2d12f915545c</eventIdentifierValue>
        </eventIdentifier>
        <eventType>File Format Identification</eventType>
        <eventDateTime>2021-01-13T00:09:27-05:00</eventDateTime>
        <eventDetail>File format identified for object D09002ee1aacd555c</eventDetail>
        <eventOutcomeInformation>
            <eventOutcome>Success</eventOutcome>
        </eventOutcomeInformation>
        <linkingAgentIdentifier>
            <linkingAgentIdentifierType>FDsys:agent</linkingAgentIdentifierType>
            <linkingAgentIdentifierValue>Droid_v90</linkingAgentIdentifierValue>
            <linkingAgentRole>executing program</linkingAgentRole>
        </linkingAgentIdentifier>
        <linkingObjectIdentifier>
            <linkingObjectIdentifierType>FDsys</linkingObjectIdentifierType>
            <linkingObjectIdentifierValue>D09002ee1aacd555c</linkingObjectIdentifierValue>
            <linkingObjectRole>outcome</linkingObjectRole>
        </linkingObjectIdentifier>
    </event>
    <event>
        <eventIdentifier>
            <eventIdentifierType>FDsys:event</eventIdentifierType>
            <eventIdentifierValue>ea2dec58-75eb-433b-ae7c-e071e2b4d219</eventIdentifierValue>
        </eventIdentifier>
        <eventType>Message Digest Calculation</eventType>
        <eventDateTime>2021-01-13T00:09:27-05:00</eventDateTime>
        <eventDetail>Checksum calculated against object D09002ee1aacd555c</eventDetail>
        <eventOutcomeInformation>
            <eventOutcome>Success</eventOutcome>
        </eventOutcomeInformation>
        <linkingAgentIdentifier>
            <linkingAgentIdentifierType>FDsys:agent</linkingAgentIdentifierType>
            <linkingAgentIdentifierValue>Documentum Server 20.3.0000.0070  Linux64.Oracle</linkingAgentIdentifierValue>
            <linkingAgentRole>executing program</linkingAgentRole>
        </linkingAgentIdentifier>
        <linkingObjectIdentifier>
            <linkingObjectIdentifierType>FDsys</linkingObjectIdentifierType>
            <linkingObjectIdentifierValue>D09002ee1aacd555c</linkingObjectIdentifierValue>
            <linkingObjectRole>outcome</linkingObjectRole>
        </linkingObjectIdentifier>
    </event>
    <event>
        <eventIdentifier>
            <eventIdentifierType>FDsys:event</eventIdentifierType>
            <eventIdentifierValue>0a65116f-d702-4dd6-ac65-f2f3f1e9f951</eventIdentifierValue>
        </eventIdentifier>
        <eventType>Crypto Time Stamp Calculation</eventType>
        <eventDateTime>2021-01-13T00:09:27-05:00</eventDateTime>
        <eventDetail>Cryptographic timestamp created for object D09002ee1aacd555b</eventDetail>
        <eventOutcomeInformation>
            <eventOutcome>Success</eventOutcome>
        </eventOutcomeInformation>
        <linkingAgentIdentifier>
            <linkingAgentIdentifierType>FDsys:agent</linkingAgentIdentifierType>
            <linkingAgentIdentifierValue>Crypto_v1.0</linkingAgentIdentifierValue>
            <linkingAgentRole>executing program</linkingAgentRole>
        </linkingAgentIdentifier>
        <linkingObjectIdentifier>
            <linkingObjectIdentifierType>FDsys</linkingObjectIdentifierType>
            <linkingObjectIdentifierValue>D09002ee1aacd555b</linkingObjectIdentifierValue>
            <linkingObjectRole>outcome</linkingObjectRole>
        </linkingObjectIdentifier>
    </event>
    <event>
        <eventIdentifier>
            <eventIdentifierType>FDsys:event</eventIdentifierType>
            <eventIdentifierValue>f208b7da-01d9-486d-983a-00d5fdba7732</eventIdentifierValue>
        </eventIdentifier>
        <eventType>Ingestion</eventType>
        <eventDateTime>2021-01-13T00:09:29-05:00</eventDateTime>
        <eventDetail>Archival Information Package V0b002ee1aacd553b created from Submission Information Package P0b002ee1aacd4904 and stored in Archival storage</eventDetail>
        <eventOutcomeInformation>
            <eventOutcome>Success</eventOutcome>
        </eventOutcomeInformation>
        <linkingAgentIdentifier>
            <linkingAgentIdentifierType>FDsys:agent</linkingAgentIdentifierType>
            <linkingAgentIdentifierValue>CreateAIPFiles_v1.0</linkingAgentIdentifierValue>
            <linkingAgentRole>executing program</linkingAgentRole>
        </linkingAgentIdentifier>
        <linkingObjectIdentifier>
            <linkingObjectIdentifierType>FDsys</linkingObjectIdentifierType>
            <linkingObjectIdentifierValue>V0b002ee1aacd553b</linkingObjectIdentifierValue>
            <linkingObjectRole>outcome</linkingObjectRole>
        </linkingObjectIdentifier>
        <linkingObjectIdentifier>
            <linkingObjectIdentifierType>FDsys</linkingObjectIdentifierType>
            <linkingObjectIdentifierValue>P0b002ee1aacd4904</linkingObjectIdentifierValue>
            <linkingObjectRole>source</linkingObjectRole>
        </linkingObjectIdentifier>
    </event>
    <event>
        <eventIdentifier>
            <eventIdentifierType>FDsys:event</eventIdentifierType>
            <eventIdentifierValue>36dc97e3-8f0f-46ac-86ac-a74f84c71a61</eventIdentifierValue>
        </eventIdentifier>
        <eventType>ACP Creation</eventType>
        <eventDateTime>2021-01-13T00:09:42-05:00</eventDateTime>
        <eventDetail>Access Content Package created from Submission Information Package P0b002ee1aacd4904</eventDetail>
        <eventOutcomeInformation>
            <eventOutcome>Success</eventOutcome>
        </eventOutcomeInformation>
        <linkingAgentIdentifier>
            <linkingAgentIdentifierType>FDsys:agent</linkingAgentIdentifierType>
            <linkingAgentIdentifierValue>CreateACP_v1.0</linkingAgentIdentifierValue>
            <linkingAgentRole>executing program</linkingAgentRole>
        </linkingAgentIdentifier>
        <linkingObjectIdentifier>
            <linkingObjectIdentifierType>FDsys</linkingObjectIdentifierType>
            <linkingObjectIdentifierValue>P0b002ee1aacd4904</linkingObjectIdentifierValue>
            <linkingObjectRole>outcome</linkingObjectRole>
        </linkingObjectIdentifier>
    </event>
    <event>
        <eventIdentifier>
            <eventIdentifierType>FDsys:event</eventIdentifierType>
            <eventIdentifierValue>4ebd6be3-382e-44ff-9a88-a0e99c8500f9</eventIdentifierValue>
        </eventIdentifier>
        <eventType>File Format Identification</eventType>
        <eventDateTime>2021-01-13T00:09:55-05:00</eventDateTime>
        <eventDetail>File format identified for object D09002ee1aacd5931</eventDetail>
        <eventOutcomeInformation>
            <eventOutcome>Success</eventOutcome>
        </eventOutcomeInformation>
        <linkingAgentIdentifier>
            <linkingAgentIdentifierType>FDsys:agent</linkingAgentIdentifierType>
            <linkingAgentIdentifierValue>Droid_v90</linkingAgentIdentifierValue>
            <linkingAgentRole>executing program</linkingAgentRole>
        </linkingAgentIdentifier>
        <linkingObjectIdentifier>
            <linkingObjectIdentifierType>FDsys</linkingObjectIdentifierType>
            <linkingObjectIdentifierValue>D09002ee1aacd5931</linkingObjectIdentifierValue>
            <linkingObjectRole>outcome</linkingObjectRole>
        </linkingObjectIdentifier>
    </event>
    <event>
        <eventIdentifier>
            <eventIdentifierType>FDsys:event</eventIdentifierType>
            <eventIdentifierValue>d57176b6-3039-495d-8ca1-1289a4faefbc</eventIdentifierValue>
        </eventIdentifier>
        <eventType>Message Digest Calculation</eventType>
        <eventDateTime>2021-01-13T00:09:55-05:00</eventDateTime>
        <eventDetail>Checksum calculated against object D09002ee1aacd5932</eventDetail>
        <eventOutcomeInformation>
            <eventOutcome>Success</eventOutcome>
        </eventOutcomeInformation>
        <linkingAgentIdentifier>
            <linkingAgentIdentifierType>FDsys:agent</linkingAgentIdentifierType>
            <linkingAgentIdentifierValue>Documentum Server 20.3.0000.0070  Linux64.Oracle</linkingAgentIdentifierValue>
            <linkingAgentRole>executing program</linkingAgentRole>
        </linkingAgentIdentifier>
        <linkingObjectIdentifier>
            <linkingObjectIdentifierType>FDsys</linkingObjectIdentifierType>
            <linkingObjectIdentifierValue>D09002ee1aacd5932</linkingObjectIdentifierValue>
            <linkingObjectRole>outcome</linkingObjectRole>
        </linkingObjectIdentifier>
    </event>
    <event>
        <eventIdentifier>
            <eventIdentifierType>FDsys:event</eventIdentifierType>
            <eventIdentifierValue>ae1e0f6c-bbc5-42dd-988a-4cb09ec05118</eventIdentifierValue>
        </eventIdentifier>
        <eventType>File Format Identification</eventType>
        <eventDateTime>2021-01-13T00:09:55-05:00</eventDateTime>
        <eventDetail>File format identified for object D09002ee1aacd5932</eventDetail>
        <eventOutcomeInformation>
            <eventOutcome>Success</eventOutcome>
        </eventOutcomeInformation>
        <linkingAgentIdentifier>
            <linkingAgentIdentifierType>FDsys:agent</linkingAgentIdentifierType>
            <linkingAgentIdentifierValue>Droid_v90</linkingAgentIdentifierValue>
            <linkingAgentRole>executing program</linkingAgentRole>
        </linkingAgentIdentifier>
        <linkingObjectIdentifier>
            <linkingObjectIdentifierType>FDsys</linkingObjectIdentifierType>
            <linkingObjectIdentifierValue>D09002ee1aacd5932</linkingObjectIdentifierValue>
            <linkingObjectRole>outcome</linkingObjectRole>
        </linkingObjectIdentifier>
    </event>
    <event>
        <eventIdentifier>
            <eventIdentifierType>FDsys:event</eventIdentifierType>
            <eventIdentifierValue>ebc8ef70-97e1-4895-99bd-ed3571bebe53</eventIdentifierValue>
        </eventIdentifier>
        <eventType>Message Digest Calculation</eventType>
        <eventDateTime>2021-01-13T00:09:55-05:00</eventDateTime>
        <eventDetail>Checksum calculated against object D09002ee1aacd5933</eventDetail>
        <eventOutcomeInformation>
            <eventOutcome>Success</eventOutcome>
        </eventOutcomeInformation>
        <linkingAgentIdentifier>
            <linkingAgentIdentifierType>FDsys:agent</linkingAgentIdentifierType>
            <linkingAgentIdentifierValue>Documentum Server 20.3.0000.0070  Linux64.Oracle</linkingAgentIdentifierValue>
            <linkingAgentRole>executing program</linkingAgentRole>
        </linkingAgentIdentifier>
        <linkingObjectIdentifier>
            <linkingObjectIdentifierType>FDsys</linkingObjectIdentifierType>
            <linkingObjectIdentifierValue>D09002ee1aacd5933</linkingObjectIdentifierValue>
            <linkingObjectRole>outcome</linkingObjectRole>
        </linkingObjectIdentifier>
    </event>
    <event>
        <eventIdentifier>
            <eventIdentifierType>FDsys:event</eventIdentifierType>
            <eventIdentifierValue>48868033-4b83-4850-88a1-72bdf0cd0c08</eventIdentifierValue>
        </eventIdentifier>
        <eventType>Parsing</eventType>
        <eventDateTime>2021-01-13T00:09:55-05:00</eventDateTime>
        <eventDetail>Access Content Package P0b002ee1aacd4904 was parsed. Descriptive metadata was extracted and persisted in MODS</eventDetail>
        <eventOutcomeInformation>
            <eventOutcome>Success</eventOutcome>
        </eventOutcomeInformation>
        <linkingAgentIdentifier>
            <linkingAgentIdentifierType>FDsys:agent</linkingAgentIdentifierType>
            <linkingAgentIdentifierValue>1.1.0</linkingAgentIdentifierValue>
            <linkingAgentRole>executing program</linkingAgentRole>
        </linkingAgentIdentifier>
        <linkingObjectIdentifier>
            <linkingObjectIdentifierType>FDsys</linkingObjectIdentifierType>
            <linkingObjectIdentifierValue>P0b002ee1aacd4904</linkingObjectIdentifierValue>
            <linkingObjectRole>source</linkingObjectRole>
        </linkingObjectIdentifier>
    </event>
    <event>
        <eventIdentifier>
            <eventIdentifierType>FDsys:event</eventIdentifierType>
            <eventIdentifierValue>5c565b4f-1204-4a16-b0e2-66d96b9e982c</eventIdentifierValue>
        </eventIdentifier>
        <eventType>Rendition Creation</eventType>
        <eventDateTime>2021-01-13T00:09:55-05:00</eventDateTime>
        <eventDetail>A new rendition R0b002ee1aacd5939 created from rendition R0b002ee1aacd4929 and added to package P0b002ee1aacd4904</eventDetail>
        <eventOutcomeInformation>
            <eventOutcome>Success</eventOutcome>
        </eventOutcomeInformation>
        <linkingAgentIdentifier>
            <linkingAgentIdentifierType>FDsys:agent</linkingAgentIdentifierType>
            <linkingAgentIdentifierValue>CreateAccessRendtions_v1.0</linkingAgentIdentifierValue>
            <linkingAgentRole>executing program</linkingAgentRole>
        </linkingAgentIdentifier>
        <linkingObjectIdentifier>
            <linkingObjectIdentifierType>FDsys</linkingObjectIdentifierType>
            <linkingObjectIdentifierValue>R0b002ee1aacd5939</linkingObjectIdentifierValue>
            <linkingObjectRole>outcome</linkingObjectRole>
        </linkingObjectIdentifier>
        <linkingObjectIdentifier>
            <linkingObjectIdentifierType>FDsys</linkingObjectIdentifierType>
            <linkingObjectIdentifierValue>R0b002ee1aacd4929</linkingObjectIdentifierValue>
            <linkingObjectRole>source</linkingObjectRole>
        </linkingObjectIdentifier>
    </event>
    <event>
        <eventIdentifier>
            <eventIdentifierType>FDsys:event</eventIdentifierType>
            <eventIdentifierValue>324ed077-bf0a-49cb-8af9-33ca94c3a848</eventIdentifierValue>
        </eventIdentifier>
        <eventType>Rendition Creation</eventType>
        <eventDateTime>2021-01-13T00:09:55-05:00</eventDateTime>
        <eventDetail>A new rendition R0b002ee1aacd593b created from rendition R0b002ee1aacd492d and added to package P0b002ee1aacd4904</eventDetail>
        <eventOutcomeInformation>
            <eventOutcome>Success</eventOutcome>
        </eventOutcomeInformation>
        <linkingAgentIdentifier>
            <linkingAgentIdentifierType>FDsys:agent</linkingAgentIdentifierType>
            <linkingAgentIdentifierValue>CreateAccessRendtions_v1.0</linkingAgentIdentifierValue>
            <linkingAgentRole>executing program</linkingAgentRole>
        </linkingAgentIdentifier>
        <linkingObjectIdentifier>
            <linkingObjectIdentifierType>FDsys</linkingObjectIdentifierType>
            <linkingObjectIdentifierValue>R0b002ee1aacd593b</linkingObjectIdentifierValue>
            <linkingObjectRole>outcome</linkingObjectRole>
        </linkingObjectIdentifier>
        <linkingObjectIdentifier>
            <linkingObjectIdentifierType>FDsys</linkingObjectIdentifierType>
            <linkingObjectIdentifierValue>R0b002ee1aacd492d</linkingObjectIdentifierValue>
            <linkingObjectRole>source</linkingObjectRole>
        </linkingObjectIdentifier>
    </event>
    <event>
        <eventIdentifier>
            <eventIdentifierType>FDsys:event</eventIdentifierType>
            <eventIdentifierValue>1e607968-00e2-47a5-9909-c80448bfc56a</eventIdentifierValue>
        </eventIdentifier>
        <eventType>Rendition Creation</eventType>
        <eventDateTime>2021-01-13T00:09:55-05:00</eventDateTime>
        <eventDetail>A new rendition R0b002ee1aacd593a created from rendition R0b002ee1aacd492b and added to package P0b002ee1aacd4904</eventDetail>
        <eventOutcomeInformation>
            <eventOutcome>Success</eventOutcome>
        </eventOutcomeInformation>
        <linkingAgentIdentifier>
            <linkingAgentIdentifierType>FDsys:agent</linkingAgentIdentifierType>
            <linkingAgentIdentifierValue>CreateAccessRendtions_v1.0</linkingAgentIdentifierValue>
            <linkingAgentRole>executing program</linkingAgentRole>
        </linkingAgentIdentifier>
        <linkingObjectIdentifier>
            <linkingObjectIdentifierType>FDsys</linkingObjectIdentifierType>
            <linkingObjectIdentifierValue>R0b002ee1aacd593a</linkingObjectIdentifierValue>
            <linkingObjectRole>outcome</linkingObjectRole>
        </linkingObjectIdentifier>
        <linkingObjectIdentifier>
            <linkingObjectIdentifierType>FDsys</linkingObjectIdentifierType>
            <linkingObjectIdentifierValue>R0b002ee1aacd492b</linkingObjectIdentifierValue>
            <linkingObjectRole>source</linkingObjectRole>
        </linkingObjectIdentifier>
    </event>
    <event>
        <eventIdentifier>
            <eventIdentifierType>FDsys:event</eventIdentifierType>
            <eventIdentifierValue>25a98db1-0915-4851-8094-72ce341662b7</eventIdentifierValue>
        </eventIdentifier>
        <eventType>Digital Signature Assignment</eventType>
        <eventDateTime>2021-01-13T00:09:55-05:00</eventDateTime>
        <eventDetail>PDF File D09002ee1aacd5932 digitally signed</eventDetail>
        <eventOutcomeInformation>
            <eventOutcome>Success</eventOutcome>
        </eventOutcomeInformation>
        <linkingAgentIdentifier>
            <linkingAgentIdentifierType>FDsys:agent</linkingAgentIdentifierType>
            <linkingAgentIdentifierValue>LiveCycle_v11.0.0</linkingAgentIdentifierValue>
            <linkingAgentRole>executing program</linkingAgentRole>
        </linkingAgentIdentifier>
        <linkingObjectIdentifier>
            <linkingObjectIdentifierType>FDsys</linkingObjectIdentifierType>
            <linkingObjectIdentifierValue>D09002ee1aacd5932</linkingObjectIdentifierValue>
            <linkingObjectRole>outcome</linkingObjectRole>
        </linkingObjectIdentifier>
    </event>
    <event>
        <eventIdentifier>
            <eventIdentifierType>FDsys:event</eventIdentifierType>
            <eventIdentifierValue>66b3451d-86d9-4e1e-930a-0c54edd5d6fe</eventIdentifierValue>
        </eventIdentifier>
        <eventType>Message Digest Calculation</eventType>
        <eventDateTime>2021-01-13T00:09:55-05:00</eventDateTime>
        <eventDetail>Checksum calculated against object D09002ee1aacd5931</eventDetail>
        <eventOutcomeInformation>
            <eventOutcome>Success</eventOutcome>
        </eventOutcomeInformation>
        <linkingAgentIdentifier>
            <linkingAgentIdentifierType>FDsys:agent</linkingAgentIdentifierType>
            <linkingAgentIdentifierValue>Documentum Server 20.3.0000.0070  Linux64.Oracle</linkingAgentIdentifierValue>
            <linkingAgentRole>executing program</linkingAgentRole>
        </linkingAgentIdentifier>
        <linkingObjectIdentifier>
            <linkingObjectIdentifierType>FDsys</linkingObjectIdentifierType>
            <linkingObjectIdentifierValue>D09002ee1aacd5931</linkingObjectIdentifierValue>
            <linkingObjectRole>outcome</linkingObjectRole>
        </linkingObjectIdentifier>
    </event>
    <event>
        <eventIdentifier>
            <eventIdentifierType>FDsys:event</eventIdentifierType>
            <eventIdentifierValue>b9bb5614-c950-4cf3-9e6e-f2f3827897d7</eventIdentifierValue>
        </eventIdentifier>
        <eventType>File Format Identification</eventType>
        <eventDateTime>2021-01-13T00:09:55-05:00</eventDateTime>
        <eventDetail>File format identified for object D09002ee1aacd5933</eventDetail>
        <eventOutcomeInformation>
            <eventOutcome>Success</eventOutcome>
        </eventOutcomeInformation>
        <linkingAgentIdentifier>
            <linkingAgentIdentifierType>FDsys:agent</linkingAgentIdentifierType>
            <linkingAgentIdentifierValue>Droid_v90</linkingAgentIdentifierValue>
            <linkingAgentRole>executing program</linkingAgentRole>
        </linkingAgentIdentifier>
        <linkingObjectIdentifier>
            <linkingObjectIdentifierType>FDsys</linkingObjectIdentifierType>
            <linkingObjectIdentifierValue>D09002ee1aacd5933</linkingObjectIdentifierValue>
            <linkingObjectRole>outcome</linkingObjectRole>
        </linkingObjectIdentifier>
    </event>
    <agent>
        <agentIdentifier>
            <agentIdentifierType>FDsys:agent</agentIdentifierType>
            <agentIdentifierValue>hotfolderadmin</agentIdentifierValue>
        </agentIdentifier>
        <agentName>hotfolderadmin</agentName>
        <agentType>Person</agentType>
    </agent>
    <agent>
        <agentIdentifier>
            <agentIdentifierType>FDsys:agent</agentIdentifierType>
            <agentIdentifierValue>CreateAIPFiles_v1.0</agentIdentifierValue>
        </agentIdentifier>
        <agentName>CreateAIPFiles_v1.0</agentName>
        <agentType>Software</agentType>
    </agent>
    <agent>
        <agentIdentifier>
            <agentIdentifierType>FDsys:agent</agentIdentifierType>
            <agentIdentifierValue>Documentum Server 20.3.0000.0070  Linux64.Oracle</agentIdentifierValue>
        </agentIdentifier>
        <agentName>Documentum Server 20.3.0000.0070  Linux64.Oracle</agentName>
        <agentType>Software</agentType>
    </agent>
    <agent>
        <agentIdentifier>
            <agentIdentifierType>FDsys:agent</agentIdentifierType>
            <agentIdentifierValue>Crypto_v1.0</agentIdentifierValue>
        </agentIdentifier>
        <agentName>Crypto_v1.0</agentName>
        <agentType>Software</agentType>
    </agent>
    <agent>
        <agentIdentifier>
            <agentIdentifierType>FDsys:agent</agentIdentifierType>
            <agentIdentifierValue>LiveCycle_v11.0.0</agentIdentifierValue>
        </agentIdentifier>
        <agentName>LiveCycle_v11.0.0</agentName>
        <agentType>Software</agentType>
    </agent>
    <agent>
        <agentIdentifier>
            <agentIdentifierType>FDsys:agent</agentIdentifierType>
            <agentIdentifierValue>ScanEngine_v8.0</agentIdentifierValue>
        </agentIdentifier>
        <agentName>ScanEngine_v8.0</agentName>
        <agentType>Software</agentType>
    </agent>
    <agent>
        <agentIdentifier>
            <agentIdentifierType>FDsys:agent</agentIdentifierType>
            <agentIdentifierValue>1.1.0</agentIdentifierValue>
        </agentIdentifier>
        <agentName>1.1.0</agentName>
        <agentType>Software</agentType>
    </agent>
    <agent>
        <agentIdentifier>
            <agentIdentifierType>FDsys:agent</agentIdentifierType>
            <agentIdentifierValue>CreateAccessRendtions_v1.0</agentIdentifierValue>
        </agentIdentifier>
        <agentName>CreateAccessRendtions_v1.0</agentName>
        <agentType>Software</agentType>
    </agent>
    <agent>
        <agentIdentifier>
            <agentIdentifierType>FDsys:agent</agentIdentifierType>
            <agentIdentifierValue>Droid_v90</agentIdentifierValue>
        </agentIdentifier>
        <agentName>Droid_v90</agentName>
        <agentType>Software</agentType>
    </agent>
    <agent>
        <agentIdentifier>
            <agentIdentifierType>FDsys:agent</agentIdentifierType>
            <agentIdentifierValue>CreateACP_v1.0</agentIdentifierValue>
        </agentIdentifier>
        <agentName>CreateACP_v1.0</agentName>
        <agentType>Software</agentType>
    </agent>
    <agent>
        <agentIdentifier>
            <agentIdentifierType>FDsys:agent</agentIdentifierType>
            <agentIdentifierValue>11002ee1800e4d00</agentIdentifierValue>
        </agentIdentifier>
        <agentName>11002ee1800e4d00</agentName>
        <agentType>Person</agentType>
    </agent>
</premis>
