<?xml version="1.0" encoding="utf-8" standalone="no"?>
<billStatus>
  <bill>
    <billNumber>65</billNumber>
    <createDate>2021-02-23T06:57:14Z</createDate>
    <updateDate>2022-02-09T12:35:56Z</updateDate>
    <originChamber>Senate</originChamber>
    <billType>SRES</billType>
    <introducedDate>2021-02-22</introducedDate>
    <congress>117</congress>
    <recordedVotes/>
    <committees>
      <billCommittees>
        <item>
          <systemCode>ssra00</systemCode>
          <name>Rules and Administration Committee</name>
          <chamber>Senate</chamber>
          <type>Standing</type>
          <subcommittees/>
          <activities>
            <item>
              <name>Referred to</name>
              <date>2021-02-22T21:55:46Z</date>
            </item>
          </activities>
        </item>
        <item>
          <systemCode>spag00</systemCode>
          <name>Aging (Special) Committee</name>
          <chamber>Senate</chamber>
          <type>Special</type>
          <subcommittees/>
          <activities>
            <item>
              <name>Reported original measure</name>
              <date>2021-02-22T21:55:23Z</date>
            </item>
          </activities>
        </item>
      </billCommittees>
    </committees>
    <committeeReports/>
    <relatedBills>
      <item>
        <latestTitle>An original resolution authorizing expenditures by committees of the Senate for the periods March 1, 2021 through September 30, 2021, October 1, 2021 through September 30, 2022, and October 1, 2022 through February 28, 2023.</latestTitle>
        <congress>117</congress>
        <number>70</number>
        <type>SRES</type>
        <latestAction>
          <actionDate>2021-02-24</actionDate>
          <text>Resolution agreed to in Senate without amendment by Unanimous Consent. (consideration: CR S868; text: CR 2/23/2021 S825-830)</text>
        </latestAction>
        <relationshipDetails>
          <item>
            <type>Related bill</type>
            <identifiedBy>CRS</identifiedBy>
          </item>
        </relationshipDetails>
      </item>
    </relatedBills>
    <actions>
      <item>
        <actionDate>2021-02-22</actionDate>
        <committees>
          <item>
            <systemCode>ssra00</systemCode>
            <name>Rules and Administration Committee</name>
          </item>
        </committees>
        <links/>
        <sourceSystem>
          <code>0</code>
          <name>Senate</name>
        </sourceSystem>
        <text>Referred to the Committee on Rules and Administration. (text: CR S772-773)</text>
        <type>IntroReferral</type>
      </item>
      <item>
        <actionDate>2021-02-22</actionDate>
        <committees>
          <item>
            <systemCode>spag00</systemCode>
            <name>Aging (Special) Committee</name>
          </item>
        </committees>
        <links/>
        <sourceSystem>
          <code>0</code>
          <name>Senate</name>
        </sourceSystem>
        <text>Special Committee on Aging. Original measure reported to Senate by Senator Casey. Without written report.</text>
        <type>Committee</type>
      </item>
      <item>
        <actionDate>2021-02-22</actionDate>
        <links/>
        <text>Special Committee on Aging. Original measure reported to Senate by Senator Casey. Without written report.</text>
        <type>Committee</type>
        <actionCode>14000</actionCode>
        <sourceSystem>
          <code>9</code>
          <name>Library of Congress</name>
        </sourceSystem>
        <committees>
          <item>
            <systemCode>spag00</systemCode>
            <name>Aging (Special) Committee</name>
          </item>
        </committees>
      </item>
      <item>
        <actionDate>2021-02-22</actionDate>
        <links/>
        <text>Introduced in Senate</text>
        <type>IntroReferral</type>
        <actionCode>10000</actionCode>
        <sourceSystem>
          <code>9</code>
          <name>Library of Congress</name>
        </sourceSystem>
        <committees/>
      </item>
      <actionTypeCounts>
        <referredToCommittee>1</referredToCommittee>
        <originalBillReported>1</originalBillReported>
        <reportedToSenate>1</reportedToSenate>
        <introducedInSenate>1</introducedInSenate>
      </actionTypeCounts>
      <actionByCounts>
        <senate>4</senate>
      </actionByCounts>
    </actions>
    <sponsors>
      <item>
        <bioguideId>C001070</bioguideId>
        <fullName>Sen. Casey, Robert P., Jr. [D-PA]</fullName>
        <firstName>Bob</firstName>
        <middleName/>
        <lastName>Casey</lastName>
        <party>D</party>
        <state>PA</state>
        <identifiers>
          <lisID>1828</lisID>
          <bioguideId>C001070</bioguideId>
          <gpoId>8282</gpoId>
        </identifiers>
        <byRequestType/>
      </item>
    </sponsors>
    <cosponsors/>
    <cboCostEstimates/>
    <laws/>
    <notes/>
    <policyArea>
      <name>Congress</name>
    </policyArea>
    <subjects>
      <billSubjects>
        <legislativeSubjects>
          <item>
            <name>Congressional committees</name>
          </item>
          <item>
            <name>Senate Special Committee on Aging</name>
          </item>
        </legislativeSubjects>
        <policyArea>
          <name>Congress</name>
        </policyArea>
      </billSubjects>
    </subjects>
    <summaries>
      <billSummaries>
        <item>
          <versionCode>00</versionCode>
          <actionDate>2021-02-22</actionDate>
          <actionDesc>Introduced in Senate</actionDesc>
          <lastSummaryUpdateDate>2021-03-05T12:01:45Z</lastSummaryUpdateDate>
          <text>
            <![CDATA[ <p>This resolution authorizes the Senate Special Committee on Aging to make specified expenditures and employ personnel for the 117th Congress.</p>]]>
          </text>
          <updateDate>2021-02-22T05:00:00Z</updateDate>
          <name>Introduced in Senate</name>
        </item>
        <item>
          <versionCode>25</versionCode>
          <actionDate>2021-02-22</actionDate>
          <actionDesc>Reported to Senate</actionDesc>
          <lastSummaryUpdateDate>2021-03-29T18:19:01Z</lastSummaryUpdateDate>
          <text>
            <![CDATA[ <p>This resolution authorizes the Senate Special Committee on Aging to make specified expenditures and employ personnel for the 117th Congress.</p>]]>
          </text>
          <updateDate>2021-02-22T13:03:03Z</updateDate>
          <name>Reported to Senate</name>
        </item>
      </billSummaries>
    </summaries>
    <title>An original resolution authorizing expenditures by the Special Committee on Aging.</title>
    <titles>
      <item>
        <titleType>Display Title</titleType>
        <parentTitleType/>
        <title>An original resolution authorizing expenditures by the Special Committee on Aging.</title>
        <chamberCode/>
        <chamberName/>
      </item>
      <item>
        <titleType>Official Title as Introduced</titleType>
        <parentTitleType/>
        <title>An original resolution authorizing expenditures by the Special Committee on Aging.</title>
        <chamberCode/>
        <chamberName/>
      </item>
    </titles>
    <amendments/>
    <textVersions>
      <item>
        <type>Introduced in Senate</type>
        <date>2021-02-22T05:00:00Z</date>
        <formats>
          <item>
            <url>https://www.govinfo.gov/content/pkg/BILLS-117sres65is/xml/BILLS-117sres65is.xml</url>
          </item>
        </formats>
      </item>
    </textVersions>
    <latestAction>
      <actionDate>2021-02-22</actionDate>
      <text>Referred to the Committee on Rules and Administration. (text: CR S772-773)</text>
      <links/>
    </latestAction>
    <calendarNumbers/>
    <version>1.0.0</version>
  </bill>
  <dublinCore xmlns:dc="http://purl.org/dc/elements/1.1/">
    <dc:format>text/xml</dc:format>
    <dc:language>EN</dc:language>
    <dc:rights>Pursuant to Title 17 Section 105 of the United States Code, this file is not subject to copyright protection and is in the public domain.</dc:rights>
    <dc:contributor>Congressional Research Service, Library of Congress</dc:contributor>
    <dc:description>This file contains bill summaries and statuses for federal legislation. A bill summary describes the most significant provisions of a piece of legislation and details the effects the legislative text may have on current law and federal programs. Bill summaries are authored by the Congressional Research Service (CRS) of the Library of Congress. As stated in Public Law 91-510 (2 USC 166 (d)(6)), one of the duties of CRS is "to prepare summaries and digests of bills and resolutions of a public general nature introduced in the Senate or House of Representatives". For more information, refer to the User Guide that accompanies this file.</dc:description>
  </dublinCore>
</billStatus>
