<?xml version='1.0' encoding='UTF-8'?>
<premis xmlns="info:lc/xmlns/premis-v2" xmlns:xsi="http://www.w3.org/2001/XMLSchema-instance" xsi:schemaLocation="info:lc/xmlns/premis-v2 http://www.loc.gov/standards/premis/v2/premis-v2-0.xsd" version="2.0">
    <object xsi:type="representation">
        <objectIdentifier>
            <objectIdentifierType>FDsys ACP</objectIdentifierType>
            <objectIdentifierValue>R0b002ee1aacf8876</objectIdentifierValue>
        </objectIdentifier>
    </object>
    <object xsi:type="file">
        <objectIdentifier>
            <objectIdentifierType>FDsys ACP</objectIdentifierType>
            <objectIdentifierValue>D09002ee1aacf8889</objectIdentifierValue>
        </objectIdentifier>
        <objectCharacteristics>
            <compositionLevel>0</compositionLevel>
            <format>
                <formatDesignation>
                    <formatName>text/plain</formatName>
                </formatDesignation>
            </format>
        </objectCharacteristics>
    </object>
    <object xsi:type="representation">
        <objectIdentifier>
            <objectIdentifierType>FDsys ACP</objectIdentifierType>
            <objectIdentifierValue>R0b002ee1aacf8877</objectIdentifierValue>
        </objectIdentifier>
    </object>
    <object xsi:type="file">
        <objectIdentifier>
            <objectIdentifierType>FDsys ACP</objectIdentifierType>
            <objectIdentifierValue>D09002ee1aacf8862</objectIdentifierValue>
        </objectIdentifier>
        <objectCharacteristics>
            <compositionLevel>0</compositionLevel>
            <format>
                <formatDesignation>
                    <formatName>application/postscript</formatName>
                </formatDesignation>
            </format>
        </objectCharacteristics>
    </object>
    <object xsi:type="representation">
        <objectIdentifier>
            <objectIdentifierType>FDsys ACP</objectIdentifierType>
            <objectIdentifierValue>R0b002ee1aacf8878</objectIdentifierValue>
        </objectIdentifier>
    </object>
    <object xsi:type="file">
        <objectIdentifier>
            <objectIdentifierType>FDsys ACP</objectIdentifierType>
            <objectIdentifierValue>D09002ee1aacf8888</objectIdentifierValue>
        </objectIdentifier>
        <objectCharacteristics>
            <compositionLevel>0</compositionLevel>
            <format>
                <formatDesignation>
                    <formatName>application/pdf</formatName>
                </formatDesignation>
            </format>
        </objectCharacteristics>
    </object>
    <object xsi:type="representation">
        <objectIdentifier>
            <objectIdentifierType>FDsys ACP</objectIdentifierType>
            <objectIdentifierValue>R0b002ee1aacf8879</objectIdentifierValue>
        </objectIdentifier>
    </object>
    <object xsi:type="file">
        <objectIdentifier>
            <objectIdentifierType>FDsys ACP</objectIdentifierType>
            <objectIdentifierValue>D09002ee1aacf8861</objectIdentifierValue>
        </objectIdentifier>
        <objectCharacteristics>
            <compositionLevel>0</compositionLevel>
            <format>
                <formatDesignation>
                    <formatName>text/locator</formatName>
                </formatDesignation>
            </format>
        </objectCharacteristics>
    </object>
    <object xsi:type="representation">
        <objectIdentifier>
            <objectIdentifierType>FDsys ACP</objectIdentifierType>
            <objectIdentifierValue>R0b002ee1aacf887a</objectIdentifierValue>
        </objectIdentifier>
    </object>
    <object xsi:type="file">
        <objectIdentifier>
            <objectIdentifierType>FDsys ACP</objectIdentifierType>
            <objectIdentifierValue>D09002ee1aacf888a</objectIdentifierValue>
        </objectIdentifier>
        <objectCharacteristics>
            <compositionLevel>0</compositionLevel>
            <format>
                <formatDesignation>
                    <formatName>text/xml</formatName>
                </formatDesignation>
            </format>
        </objectCharacteristics>
    </object>
    <object xsi:type="representation">
        <objectIdentifier>
            <objectIdentifierType>FDsys AIP</objectIdentifierType>
            <objectIdentifierValue>R0b002ee1aacf9567</objectIdentifierValue>
        </objectIdentifier>
    </object>
    <object xsi:type="file">
        <objectIdentifier>
            <objectIdentifierType>FDsys AIP</objectIdentifierType>
            <objectIdentifierValue>D09002ee1aacf9582</objectIdentifierValue>
        </objectIdentifier>
        <objectCharacteristics>
            <compositionLevel>0</compositionLevel>
            <format>
                <formatDesignation>
                    <formatName>text/locator</formatName>
                </formatDesignation>
            </format>
        </objectCharacteristics>
    </object>
    <object xsi:type="representation">
        <objectIdentifier>
            <objectIdentifierType>FDsys AIP</objectIdentifierType>
            <objectIdentifierValue>R0b002ee1aacf9568</objectIdentifierValue>
        </objectIdentifier>
    </object>
    <object xsi:type="file">
        <objectIdentifier>
            <objectIdentifierType>FDsys AIP</objectIdentifierType>
            <objectIdentifierValue>D09002ee1aacf9583</objectIdentifierValue>
        </objectIdentifier>
        <objectCharacteristics>
            <compositionLevel>0</compositionLevel>
            <format>
                <formatDesignation>
                    <formatName>application/pdf</formatName>
                </formatDesignation>
            </format>
        </objectCharacteristics>
    </object>
    <object xsi:type="representation">
        <objectIdentifier>
            <objectIdentifierType>FDsys AIP</objectIdentifierType>
            <objectIdentifierValue>R0b002ee1aacf963b</objectIdentifierValue>
        </objectIdentifier>
    </object>
    <object xsi:type="file">
        <objectIdentifier>
            <objectIdentifierType>FDsys AIP</objectIdentifierType>
            <objectIdentifierValue>D09002ee1aacf9584</objectIdentifierValue>
        </objectIdentifier>
        <objectCharacteristics>
            <compositionLevel>0</compositionLevel>
            <format>
                <formatDesignation>
                    <formatName>application/postscript</formatName>
                </formatDesignation>
            </format>
        </objectCharacteristics>
    </object>
    <object xsi:type="representation">
        <objectIdentifier>
            <objectIdentifierType>FDsys AIP</objectIdentifierType>
            <objectIdentifierValue>R0b002ee1aacf963c</objectIdentifierValue>
        </objectIdentifier>
    </object>
    <object xsi:type="file">
        <objectIdentifier>
            <objectIdentifierType>FDsys AIP</objectIdentifierType>
            <objectIdentifierValue>D09002ee1aacf9585</objectIdentifierValue>
        </objectIdentifier>
        <objectCharacteristics>
            <compositionLevel>0</compositionLevel>
            <format>
                <formatDesignation>
                    <formatName>text/plain</formatName>
                </formatDesignation>
            </format>
        </objectCharacteristics>
    </object>
    <object xsi:type="representation">
        <objectIdentifier>
            <objectIdentifierType>FDsys AIP</objectIdentifierType>
            <objectIdentifierValue>R0b002ee1aacf963d</objectIdentifierValue>
        </objectIdentifier>
    </object>
    <object xsi:type="file">
        <objectIdentifier>
            <objectIdentifierType>FDsys AIP</objectIdentifierType>
            <objectIdentifierValue>D09002ee1aacf9586</objectIdentifierValue>
        </objectIdentifier>
        <objectCharacteristics>
            <compositionLevel>0</compositionLevel>
            <format>
                <formatDesignation>
                    <formatName>text/xml</formatName>
                </formatDesignation>
            </format>
        </objectCharacteristics>
    </object>
    <object xsi:type="representation">
        <objectIdentifier>
            <objectIdentifierType>FDsys ACP</objectIdentifierType>
            <objectIdentifierValue>R0b002ee1aacf93d2</objectIdentifierValue>
        </objectIdentifier>
    </object>
    <object xsi:type="file">
        <objectIdentifier>
            <objectIdentifierType>FDsys ACP</objectIdentifierType>
            <objectIdentifierValue>D09002ee1aacf943f</objectIdentifierValue>
        </objectIdentifier>
        <objectCharacteristics>
            <compositionLevel>0</compositionLevel>
            <fixity>
                <messageDigestAlgorithm>SHA-256</messageDigestAlgorithm>
                <messageDigest>bf490b8379df6cc145c8fdcee30b328ed516ea2952caafb437efeb4f73cc842b</messageDigest>
                <messageDigestOriginator>FDsys</messageDigestOriginator>
            </fixity>
            <size>3994</size>
            <format>
                <formatDesignation>
                    <formatName>text/html</formatName>
                </formatDesignation>
                <formatRegistry>
                    <formatRegistryName>PRONOM</formatRegistryName>
                    <formatRegistryKey>fmt/96</formatRegistryKey>
                </formatRegistry>
                <formatNote>Hypertext Markup Language</formatNote>
            </format>
        </objectCharacteristics>
        <originalName>BILLS-117hr45ih.htm</originalName>
        <storage>
            <contentLocation>
                <contentLocationType>URI</contentLocationType>
                <contentLocationValue>Public Access Rendition https://www.govinfo.gov/content/pkg/BILLS-117hr45ih/html/BILLS-117hr45ih.htm</contentLocationValue>
            </contentLocation>
            <storageMedium>hard disk</storageMedium>
        </storage>
        <relationship>
            <relationshipType>structural</relationshipType>
            <relationshipSubType>is part of</relationshipSubType><relatedObjectIdentification>
                <relatedObjectIdentifierType>FDsys ACP</relatedObjectIdentifierType>
                <relatedObjectIdentifierValue>R0b002ee1aacf93d2</relatedObjectIdentifierValue>
            </relatedObjectIdentification>
        </relationship>
    </object>
    <object xsi:type="representation">
        <objectIdentifier>
            <objectIdentifierType>FDsys ACP</objectIdentifierType>
            <objectIdentifierValue>R0b002ee1aacf93d3</objectIdentifierValue>
        </objectIdentifier>
    </object>
    <object xsi:type="file">
        <objectIdentifier>
            <objectIdentifierType>FDsys ACP</objectIdentifierType>
            <objectIdentifierValue>D09002ee1aacf9440</objectIdentifierValue>
        </objectIdentifier>
        <objectCharacteristics>
            <compositionLevel>0</compositionLevel>
            <fixity>
                <messageDigestAlgorithm>SHA-256</messageDigestAlgorithm>
                <messageDigest>eec98b7fbbfbb4b3aef8942332c64ec82437cee40c83062b5b324078a9372453</messageDigest>
                <messageDigestOriginator>FDsys</messageDigestOriginator>
            </fixity>
            <size>282078</size>
            <format>
                <formatDesignation>
                    <formatName>application/pdf</formatName>
                </formatDesignation>
                <formatRegistry>
                    <formatRegistryName>PRONOM</formatRegistryName>
                    <formatRegistryKey>fmt/18</formatRegistryKey>
                </formatRegistry>
                <formatNote>Acrobat PDF 1.4 - Portable Document Format</formatNote>
            </format>
        </objectCharacteristics>
        <originalName>BILLS-117hr45ih.pdf</originalName>
        <storage>
            <contentLocation>
                <contentLocationType>URI</contentLocationType>
                <contentLocationValue>Public Access Rendition https://www.govinfo.gov/content/pkg/BILLS-117hr45ih/pdf/BILLS-117hr45ih.pdf</contentLocationValue>
            </contentLocation>
            <storageMedium>hard disk</storageMedium>
        </storage>
        <signatureInformation>
            <signature>
                <signatureEncoding/>
                <signer>Superintendent of Documents &lt;pkisupport@gpo.gov&gt;</signer>
                <signatureMethod>RSA-SHA256</signatureMethod>
                <signatureValue/>
                <signatureValidationRules>ISO 32000-1:2008 and Adobe Supplement to the ISO 32000-1:2008, Base Level 1.7, Extension Level 3</signatureValidationRules>
                <keyInformation>
                    <keyType>RSA</keyType>
                    <keyValue>30 82 01 22 30 0D 06 09 2A 86 48 86 F7 0D 01 01 01 05 00 03 82 01 0F 00 30 82 01 0A 02 82 01 01 00 BB C5 3D 16 1E B8 73 94 A2 F7 CF 42 76 F7 78 46 2E 5F 0C CE 90 91 D6 77 CC B3 DD 80 99 8B 5E 35 E9 D1 3B 3B 79 D4 8C 05 2B 05 60 84 AD 2E 75 06 76 29 8B 53 40 FA 75 A3 CB 3C A8 72 5E 20 01 31 B6 EA 6E B9 6A 00 A8 FA D2 BA AD E3 FE B2 B8 45 24 06 58 72 23 86 6C 6B C9 C6 F9 62 48 A1 38 4E F1 84 AF 33 B2 7F 15 A8 11 DD 7A 62 CB A9 89 54 63 19 91 08 EB 1E 55 F5 B9 F7 0B E3 7B 3E 4A 72 C5 58 6A 80 34 72 C6 5E 8D F0 02 83 52 1D EE E8 F6 51 93 5F 88 2B 2B 81 31 8A 03 E0 93 DC 7A BD D4 9E E3 81 53 BD F5 96 51 06 A5 16 B9 0C B3 D8 D7 25 8A CF 4F 07 6C 5F A0 69 EA 24 31 B4 B2 B6 15 93 0E 96 53 B8 2F 3E 9D 0C FB B8 D4 8C 76 FA 4B 5F 78 FD AA 8C E6 5D 01 0A 00 0C 1B 0D 40 43 0C 7E 80 D6 AB 99 D7 C5 B6 7C B7 38 61 4E B4 20 49 EC 1E F3 2B 9A 2E 26 9B D8 3E 6A 1C FE 01 A9 02 03 01 00 01</keyValue>
                </keyInformation>
            </signature>
        </signatureInformation>
        <relationship>
            <relationshipType>structural</relationshipType>
            <relationshipSubType>is part of</relationshipSubType><relatedObjectIdentification>
                <relatedObjectIdentifierType>FDsys ACP</relatedObjectIdentifierType>
                <relatedObjectIdentifierValue>R0b002ee1aacf93d3</relatedObjectIdentifierValue>
            </relatedObjectIdentification>
        </relationship>
    </object>
    <object xsi:type="representation">
        <objectIdentifier>
            <objectIdentifierType>FDsys ACP</objectIdentifierType>
            <objectIdentifierValue>R0b002ee1aacf93d4</objectIdentifierValue>
        </objectIdentifier>
    </object>
    <object xsi:type="file">
        <objectIdentifier>
            <objectIdentifierType>FDsys ACP</objectIdentifierType>
            <objectIdentifierValue>D09002ee1aacf9441</objectIdentifierValue>
        </objectIdentifier>
        <objectCharacteristics>
            <compositionLevel>0</compositionLevel>
            <fixity>
                <messageDigestAlgorithm>SHA-256</messageDigestAlgorithm>
                <messageDigest>02d5a44f84c85ce959e60a03a2be6ac833e6af6188ab21f7f341903b09ac540a</messageDigest>
                <messageDigestOriginator>FDsys</messageDigestOriginator>
            </fixity>
            <size>6337</size>
            <format>
                <formatDesignation>
                    <formatName>text/xml</formatName>
                </formatDesignation>
                <formatRegistry>
                    <formatRegistryName>PRONOM</formatRegistryName>
                    <formatRegistryKey>fmt/101</formatRegistryKey>
                </formatRegistry>
                <formatNote>Extensible Markup Language</formatNote>
            </format>
        </objectCharacteristics>
        <originalName>BILLS-117hr45ih.xml</originalName>
        <storage>
            <contentLocation>
                <contentLocationType>URI</contentLocationType>
                <contentLocationValue>Public Access Rendition https://www.govinfo.gov/content/pkg/BILLS-117hr45ih/xml/BILLS-117hr45ih.xml</contentLocationValue>
            </contentLocation>
            <storageMedium>hard disk</storageMedium>
        </storage>
        <relationship>
            <relationshipType>structural</relationshipType>
            <relationshipSubType>is part of</relationshipSubType><relatedObjectIdentification>
                <relatedObjectIdentifierType>FDsys ACP</relatedObjectIdentifierType>
                <relatedObjectIdentifierValue>R0b002ee1aacf93d4</relatedObjectIdentifierValue>
            </relatedObjectIdentification>
        </relationship>
    </object>
    <event>
        <eventIdentifier>
            <eventIdentifierType>FDsys:event</eventIdentifierType>
            <eventIdentifierValue>d4e07653-d01e-414e-90c0-36bdccb16b54</eventIdentifierValue>
        </eventIdentifier>
        <eventType>Virus Check</eventType>
        <eventDateTime>2021-01-13T23:42:47-05:00</eventDateTime>
        <eventDetail>Object D09002ee1aacf8888 inspected for viruses</eventDetail>
        <eventOutcomeInformation>
            <eventOutcome>Success</eventOutcome>
        </eventOutcomeInformation>
        <linkingAgentIdentifier>
            <linkingAgentIdentifierType>FDsys:agent</linkingAgentIdentifierType>
            <linkingAgentIdentifierValue>ScanEngine_v8.0</linkingAgentIdentifierValue>
            <linkingAgentRole>executing program</linkingAgentRole>
        </linkingAgentIdentifier>
        <linkingObjectIdentifier>
            <linkingObjectIdentifierType>FDsys</linkingObjectIdentifierType>
            <linkingObjectIdentifierValue>D09002ee1aacf8888</linkingObjectIdentifierValue>
            <linkingObjectRole>outcome</linkingObjectRole>
        </linkingObjectIdentifier>
    </event>
    <event>
        <eventIdentifier>
            <eventIdentifierType>FDsys:event</eventIdentifierType>
            <eventIdentifierValue>a520f86f-d676-4314-8817-f98eb0ecb7d5</eventIdentifierValue>
        </eventIdentifier>
        <eventType>Rendition Submitted</eventType>
        <eventDateTime>2021-01-13T23:42:47-05:00</eventDateTime>
        <eventDetail>Rendition R0b002ee1aacf8879, uploaded by hotfolderadmin, was submitted in the Submission Information package P0b002ee1aacf8875</eventDetail>
        <eventOutcomeInformation>
            <eventOutcome>Success</eventOutcome>
        </eventOutcomeInformation>
        <linkingAgentIdentifier>
            <linkingAgentIdentifierType>FDsys:agent</linkingAgentIdentifierType>
            <linkingAgentIdentifierValue>hotfolderadmin</linkingAgentIdentifierValue>
            <linkingAgentRole>implementer</linkingAgentRole>
        </linkingAgentIdentifier>
        <linkingObjectIdentifier>
            <linkingObjectIdentifierType>FDsys</linkingObjectIdentifierType>
            <linkingObjectIdentifierValue>R0b002ee1aacf8879</linkingObjectIdentifierValue>
            <linkingObjectRole>outcome</linkingObjectRole>
        </linkingObjectIdentifier>
    </event>
    <event>
        <eventIdentifier>
            <eventIdentifierType>FDsys:event</eventIdentifierType>
            <eventIdentifierValue>d4c0cbe1-e19c-4661-b234-a1cf1c201b6c</eventIdentifierValue>
        </eventIdentifier>
        <eventType>Rendition Submitted</eventType>
        <eventDateTime>2021-01-13T23:42:47-05:00</eventDateTime>
        <eventDetail>Rendition R0b002ee1aacf8878, uploaded by hotfolderadmin, was submitted in the Submission Information package P0b002ee1aacf8875</eventDetail>
        <eventOutcomeInformation>
            <eventOutcome>Success</eventOutcome>
        </eventOutcomeInformation>
        <linkingAgentIdentifier>
            <linkingAgentIdentifierType>FDsys:agent</linkingAgentIdentifierType>
            <linkingAgentIdentifierValue>hotfolderadmin</linkingAgentIdentifierValue>
            <linkingAgentRole>implementer</linkingAgentRole>
        </linkingAgentIdentifier>
        <linkingObjectIdentifier>
            <linkingObjectIdentifierType>FDsys</linkingObjectIdentifierType>
            <linkingObjectIdentifierValue>R0b002ee1aacf8878</linkingObjectIdentifierValue>
            <linkingObjectRole>outcome</linkingObjectRole>
        </linkingObjectIdentifier>
    </event>
    <event>
        <eventIdentifier>
            <eventIdentifierType>FDsys:event</eventIdentifierType>
            <eventIdentifierValue>b08d6900-6057-4c73-adfa-44dccb05e713</eventIdentifierValue>
        </eventIdentifier>
        <eventType>Rendition Submitted</eventType>
        <eventDateTime>2021-01-13T23:42:47-05:00</eventDateTime>
        <eventDetail>Rendition R0b002ee1aacf8877, uploaded by hotfolderadmin, was submitted in the Submission Information package P0b002ee1aacf8875</eventDetail>
        <eventOutcomeInformation>
            <eventOutcome>Success</eventOutcome>
        </eventOutcomeInformation>
        <linkingAgentIdentifier>
            <linkingAgentIdentifierType>FDsys:agent</linkingAgentIdentifierType>
            <linkingAgentIdentifierValue>hotfolderadmin</linkingAgentIdentifierValue>
            <linkingAgentRole>implementer</linkingAgentRole>
        </linkingAgentIdentifier>
        <linkingObjectIdentifier>
            <linkingObjectIdentifierType>FDsys</linkingObjectIdentifierType>
            <linkingObjectIdentifierValue>R0b002ee1aacf8877</linkingObjectIdentifierValue>
            <linkingObjectRole>outcome</linkingObjectRole>
        </linkingObjectIdentifier>
    </event>
    <event>
        <eventIdentifier>
            <eventIdentifierType>FDsys:event</eventIdentifierType>
            <eventIdentifierValue>07c07588-9f51-4e90-9c7b-e506301f8fc9</eventIdentifierValue>
        </eventIdentifier>
        <eventType>Rendition Submitted</eventType>
        <eventDateTime>2021-01-13T23:42:47-05:00</eventDateTime>
        <eventDetail>Rendition R0b002ee1aacf8876, uploaded by hotfolderadmin, was submitted in the Submission Information package P0b002ee1aacf8875</eventDetail>
        <eventOutcomeInformation>
            <eventOutcome>Success</eventOutcome>
        </eventOutcomeInformation>
        <linkingAgentIdentifier>
            <linkingAgentIdentifierType>FDsys:agent</linkingAgentIdentifierType>
            <linkingAgentIdentifierValue>hotfolderadmin</linkingAgentIdentifierValue>
            <linkingAgentRole>implementer</linkingAgentRole>
        </linkingAgentIdentifier>
        <linkingObjectIdentifier>
            <linkingObjectIdentifierType>FDsys</linkingObjectIdentifierType>
            <linkingObjectIdentifierValue>R0b002ee1aacf8876</linkingObjectIdentifierValue>
            <linkingObjectRole>outcome</linkingObjectRole>
        </linkingObjectIdentifier>
    </event>
    <event>
        <eventIdentifier>
            <eventIdentifierType>FDsys:event</eventIdentifierType>
            <eventIdentifierValue>87963f40-1e45-43b3-aa07-1326b6edbd5a</eventIdentifierValue>
        </eventIdentifier>
        <eventType>File Format Identification</eventType>
        <eventDateTime>2021-01-13T23:42:47-05:00</eventDateTime>
        <eventDetail>File format identified for object D09002ee1aacf8889</eventDetail>
        <eventOutcomeInformation>
            <eventOutcome>Success</eventOutcome>
        </eventOutcomeInformation>
        <linkingAgentIdentifier>
            <linkingAgentIdentifierType>FDsys:agent</linkingAgentIdentifierType>
            <linkingAgentIdentifierValue>Droid_v90</linkingAgentIdentifierValue>
            <linkingAgentRole>executing program</linkingAgentRole>
        </linkingAgentIdentifier>
        <linkingObjectIdentifier>
            <linkingObjectIdentifierType>FDsys</linkingObjectIdentifierType>
            <linkingObjectIdentifierValue>D09002ee1aacf8889</linkingObjectIdentifierValue>
            <linkingObjectRole>outcome</linkingObjectRole>
        </linkingObjectIdentifier>
    </event>
    <event>
        <eventIdentifier>
            <eventIdentifierType>FDsys:event</eventIdentifierType>
            <eventIdentifierValue>f6d2816b-9917-48ef-a454-af08526d38ed</eventIdentifierValue>
        </eventIdentifier>
        <eventType>Virus Check</eventType>
        <eventDateTime>2021-01-13T23:42:47-05:00</eventDateTime>
        <eventDetail>Object D09002ee1aacf8889 inspected for viruses</eventDetail>
        <eventOutcomeInformation>
            <eventOutcome>Success</eventOutcome>
        </eventOutcomeInformation>
        <linkingAgentIdentifier>
            <linkingAgentIdentifierType>FDsys:agent</linkingAgentIdentifierType>
            <linkingAgentIdentifierValue>ScanEngine_v8.0</linkingAgentIdentifierValue>
            <linkingAgentRole>executing program</linkingAgentRole>
        </linkingAgentIdentifier>
        <linkingObjectIdentifier>
            <linkingObjectIdentifierType>FDsys</linkingObjectIdentifierType>
            <linkingObjectIdentifierValue>D09002ee1aacf8889</linkingObjectIdentifierValue>
            <linkingObjectRole>outcome</linkingObjectRole>
        </linkingObjectIdentifier>
    </event>
    <event>
        <eventIdentifier>
            <eventIdentifierType>FDsys:event</eventIdentifierType>
            <eventIdentifierValue>b3070745-f653-4747-bfc2-746ff96068fe</eventIdentifierValue>
        </eventIdentifier>
        <eventType>File Format Identification</eventType>
        <eventDateTime>2021-01-13T23:42:47-05:00</eventDateTime>
        <eventDetail>File format identified for object D09002ee1aacf8862</eventDetail>
        <eventOutcomeInformation>
            <eventOutcome>Success</eventOutcome>
        </eventOutcomeInformation>
        <linkingAgentIdentifier>
            <linkingAgentIdentifierType>FDsys:agent</linkingAgentIdentifierType>
            <linkingAgentIdentifierValue>Droid_v90</linkingAgentIdentifierValue>
            <linkingAgentRole>executing program</linkingAgentRole>
        </linkingAgentIdentifier>
        <linkingObjectIdentifier>
            <linkingObjectIdentifierType>FDsys</linkingObjectIdentifierType>
            <linkingObjectIdentifierValue>D09002ee1aacf8862</linkingObjectIdentifierValue>
            <linkingObjectRole>outcome</linkingObjectRole>
        </linkingObjectIdentifier>
    </event>
    <event>
        <eventIdentifier>
            <eventIdentifierType>FDsys:event</eventIdentifierType>
            <eventIdentifierValue>2878baf3-8eaa-4233-9212-187d6a516d34</eventIdentifierValue>
        </eventIdentifier>
        <eventType>Message Digest Calculation</eventType>
        <eventDateTime>2021-01-13T23:42:47-05:00</eventDateTime>
        <eventDetail>Checksum calculated against object D09002ee1aacf8862</eventDetail>
        <eventOutcomeInformation>
            <eventOutcome>Success</eventOutcome>
        </eventOutcomeInformation>
        <linkingAgentIdentifier>
            <linkingAgentIdentifierType>FDsys:agent</linkingAgentIdentifierType>
            <linkingAgentIdentifierValue>Documentum Server 20.3.0000.0070  Linux64.Oracle</linkingAgentIdentifierValue>
            <linkingAgentRole>executing program</linkingAgentRole>
        </linkingAgentIdentifier>
        <linkingObjectIdentifier>
            <linkingObjectIdentifierType>FDsys</linkingObjectIdentifierType>
            <linkingObjectIdentifierValue>D09002ee1aacf8862</linkingObjectIdentifierValue>
            <linkingObjectRole>outcome</linkingObjectRole>
        </linkingObjectIdentifier>
    </event>
    <event>
        <eventIdentifier>
            <eventIdentifierType>FDsys:event</eventIdentifierType>
            <eventIdentifierValue>9ac32ee5-a495-44bc-9fb5-3ab72c795e6a</eventIdentifierValue>
        </eventIdentifier>
        <eventType>Message Digest Calculation</eventType>
        <eventDateTime>2021-01-13T23:42:47-05:00</eventDateTime>
        <eventDetail>Checksum calculated against object D09002ee1aacf8889</eventDetail>
        <eventOutcomeInformation>
            <eventOutcome>Success</eventOutcome>
        </eventOutcomeInformation>
        <linkingAgentIdentifier>
            <linkingAgentIdentifierType>FDsys:agent</linkingAgentIdentifierType>
            <linkingAgentIdentifierValue>Documentum Server 20.3.0000.0070  Linux64.Oracle</linkingAgentIdentifierValue>
            <linkingAgentRole>executing program</linkingAgentRole>
        </linkingAgentIdentifier>
        <linkingObjectIdentifier>
            <linkingObjectIdentifierType>FDsys</linkingObjectIdentifierType>
            <linkingObjectIdentifierValue>D09002ee1aacf8889</linkingObjectIdentifierValue>
            <linkingObjectRole>outcome</linkingObjectRole>
        </linkingObjectIdentifier>
    </event>
    <event>
        <eventIdentifier>
            <eventIdentifierType>FDsys:event</eventIdentifierType>
            <eventIdentifierValue>a6a3b8ae-4f81-4d41-a150-03ba858a1a8d</eventIdentifierValue>
        </eventIdentifier>
        <eventType>Virus Check</eventType>
        <eventDateTime>2021-01-13T23:42:47-05:00</eventDateTime>
        <eventDetail>Object D09002ee1aacf8862 inspected for viruses</eventDetail>
        <eventOutcomeInformation>
            <eventOutcome>Success</eventOutcome>
        </eventOutcomeInformation>
        <linkingAgentIdentifier>
            <linkingAgentIdentifierType>FDsys:agent</linkingAgentIdentifierType>
            <linkingAgentIdentifierValue>ScanEngine_v8.0</linkingAgentIdentifierValue>
            <linkingAgentRole>executing program</linkingAgentRole>
        </linkingAgentIdentifier>
        <linkingObjectIdentifier>
            <linkingObjectIdentifierType>FDsys</linkingObjectIdentifierType>
            <linkingObjectIdentifierValue>D09002ee1aacf8862</linkingObjectIdentifierValue>
            <linkingObjectRole>outcome</linkingObjectRole>
        </linkingObjectIdentifier>
    </event>
    <event>
        <eventIdentifier>
            <eventIdentifierType>FDsys:event</eventIdentifierType>
            <eventIdentifierValue>35c63080-b127-4b66-9eda-1ac722e9a203</eventIdentifierValue>
        </eventIdentifier>
        <eventType>File Format Identification</eventType>
        <eventDateTime>2021-01-13T23:42:47-05:00</eventDateTime>
        <eventDetail>File format identified for object D09002ee1aacf8861</eventDetail>
        <eventOutcomeInformation>
            <eventOutcome>Success</eventOutcome>
        </eventOutcomeInformation>
        <linkingAgentIdentifier>
            <linkingAgentIdentifierType>FDsys:agent</linkingAgentIdentifierType>
            <linkingAgentIdentifierValue>Droid_v90</linkingAgentIdentifierValue>
            <linkingAgentRole>executing program</linkingAgentRole>
        </linkingAgentIdentifier>
        <linkingObjectIdentifier>
            <linkingObjectIdentifierType>FDsys</linkingObjectIdentifierType>
            <linkingObjectIdentifierValue>D09002ee1aacf8861</linkingObjectIdentifierValue>
            <linkingObjectRole>outcome</linkingObjectRole>
        </linkingObjectIdentifier>
    </event>
    <event>
        <eventIdentifier>
            <eventIdentifierType>FDsys:event</eventIdentifierType>
            <eventIdentifierValue>3d7e8c1e-b45c-4ee1-9fa3-a8ec2f408a4f</eventIdentifierValue>
        </eventIdentifier>
        <eventType>Message Digest Calculation</eventType>
        <eventDateTime>2021-01-13T23:42:47-05:00</eventDateTime>
        <eventDetail>Checksum calculated against object D09002ee1aacf8861</eventDetail>
        <eventOutcomeInformation>
            <eventOutcome>Success</eventOutcome>
        </eventOutcomeInformation>
        <linkingAgentIdentifier>
            <linkingAgentIdentifierType>FDsys:agent</linkingAgentIdentifierType>
            <linkingAgentIdentifierValue>Documentum Server 20.3.0000.0070  Linux64.Oracle</linkingAgentIdentifierValue>
            <linkingAgentRole>executing program</linkingAgentRole>
        </linkingAgentIdentifier>
        <linkingObjectIdentifier>
            <linkingObjectIdentifierType>FDsys</linkingObjectIdentifierType>
            <linkingObjectIdentifierValue>D09002ee1aacf8861</linkingObjectIdentifierValue>
            <linkingObjectRole>outcome</linkingObjectRole>
        </linkingObjectIdentifier>
    </event>
    <event>
        <eventIdentifier>
            <eventIdentifierType>FDsys:event</eventIdentifierType>
            <eventIdentifierValue>46cc69ac-8a82-46b6-8d49-fc63aac0bba0</eventIdentifierValue>
        </eventIdentifier>
        <eventType>Virus Check</eventType>
        <eventDateTime>2021-01-13T23:42:47-05:00</eventDateTime>
        <eventDetail>Object D09002ee1aacf8861 inspected for viruses</eventDetail>
        <eventOutcomeInformation>
            <eventOutcome>Success</eventOutcome>
        </eventOutcomeInformation>
        <linkingAgentIdentifier>
            <linkingAgentIdentifierType>FDsys:agent</linkingAgentIdentifierType>
            <linkingAgentIdentifierValue>ScanEngine_v8.0</linkingAgentIdentifierValue>
            <linkingAgentRole>executing program</linkingAgentRole>
        </linkingAgentIdentifier>
        <linkingObjectIdentifier>
            <linkingObjectIdentifierType>FDsys</linkingObjectIdentifierType>
            <linkingObjectIdentifierValue>D09002ee1aacf8861</linkingObjectIdentifierValue>
            <linkingObjectRole>outcome</linkingObjectRole>
        </linkingObjectIdentifier>
    </event>
    <event>
        <eventIdentifier>
            <eventIdentifierType>FDsys:event</eventIdentifierType>
            <eventIdentifierValue>6f4609ae-05b5-45d3-96df-354cd9164a1d</eventIdentifierValue>
        </eventIdentifier>
        <eventType>File Format Identification</eventType>
        <eventDateTime>2021-01-13T23:42:47-05:00</eventDateTime>
        <eventDetail>File format identified for object D09002ee1aacf888a</eventDetail>
        <eventOutcomeInformation>
            <eventOutcome>Success</eventOutcome>
        </eventOutcomeInformation>
        <linkingAgentIdentifier>
            <linkingAgentIdentifierType>FDsys:agent</linkingAgentIdentifierType>
            <linkingAgentIdentifierValue>Droid_v90</linkingAgentIdentifierValue>
            <linkingAgentRole>executing program</linkingAgentRole>
        </linkingAgentIdentifier>
        <linkingObjectIdentifier>
            <linkingObjectIdentifierType>FDsys</linkingObjectIdentifierType>
            <linkingObjectIdentifierValue>D09002ee1aacf888a</linkingObjectIdentifierValue>
            <linkingObjectRole>outcome</linkingObjectRole>
        </linkingObjectIdentifier>
    </event>
    <event>
        <eventIdentifier>
            <eventIdentifierType>FDsys:event</eventIdentifierType>
            <eventIdentifierValue>69abde67-5be1-44f7-b9a3-cebcf70f38b8</eventIdentifierValue>
        </eventIdentifier>
        <eventType>Message Digest Calculation</eventType>
        <eventDateTime>2021-01-13T23:42:47-05:00</eventDateTime>
        <eventDetail>Checksum calculated against object D09002ee1aacf888a</eventDetail>
        <eventOutcomeInformation>
            <eventOutcome>Success</eventOutcome>
        </eventOutcomeInformation>
        <linkingAgentIdentifier>
            <linkingAgentIdentifierType>FDsys:agent</linkingAgentIdentifierType>
            <linkingAgentIdentifierValue>Documentum Server 20.3.0000.0070  Linux64.Oracle</linkingAgentIdentifierValue>
            <linkingAgentRole>executing program</linkingAgentRole>
        </linkingAgentIdentifier>
        <linkingObjectIdentifier>
            <linkingObjectIdentifierType>FDsys</linkingObjectIdentifierType>
            <linkingObjectIdentifierValue>D09002ee1aacf888a</linkingObjectIdentifierValue>
            <linkingObjectRole>outcome</linkingObjectRole>
        </linkingObjectIdentifier>
    </event>
    <event>
        <eventIdentifier>
            <eventIdentifierType>FDsys:event</eventIdentifierType>
            <eventIdentifierValue>35f0675d-6e10-4cec-8281-4c383fc12cf9</eventIdentifierValue>
        </eventIdentifier>
        <eventType>File Format Identification</eventType>
        <eventDateTime>2021-01-13T23:42:47-05:00</eventDateTime>
        <eventDetail>File format identified for object D09002ee1aacf8888</eventDetail>
        <eventOutcomeInformation>
            <eventOutcome>Success</eventOutcome>
        </eventOutcomeInformation>
        <linkingAgentIdentifier>
            <linkingAgentIdentifierType>FDsys:agent</linkingAgentIdentifierType>
            <linkingAgentIdentifierValue>Droid_v90</linkingAgentIdentifierValue>
            <linkingAgentRole>executing program</linkingAgentRole>
        </linkingAgentIdentifier>
        <linkingObjectIdentifier>
            <linkingObjectIdentifierType>FDsys</linkingObjectIdentifierType>
            <linkingObjectIdentifierValue>D09002ee1aacf8888</linkingObjectIdentifierValue>
            <linkingObjectRole>outcome</linkingObjectRole>
        </linkingObjectIdentifier>
    </event>
    <event>
        <eventIdentifier>
            <eventIdentifierType>FDsys:event</eventIdentifierType>
            <eventIdentifierValue>589e1740-12e3-4f70-abed-617bdaf466c6</eventIdentifierValue>
        </eventIdentifier>
        <eventType>Virus Check</eventType>
        <eventDateTime>2021-01-13T23:42:47-05:00</eventDateTime>
        <eventDetail>Object D09002ee1aacf888a inspected for viruses</eventDetail>
        <eventOutcomeInformation>
            <eventOutcome>Success</eventOutcome>
        </eventOutcomeInformation>
        <linkingAgentIdentifier>
            <linkingAgentIdentifierType>FDsys:agent</linkingAgentIdentifierType>
            <linkingAgentIdentifierValue>ScanEngine_v8.0</linkingAgentIdentifierValue>
            <linkingAgentRole>executing program</linkingAgentRole>
        </linkingAgentIdentifier>
        <linkingObjectIdentifier>
            <linkingObjectIdentifierType>FDsys</linkingObjectIdentifierType>
            <linkingObjectIdentifierValue>D09002ee1aacf888a</linkingObjectIdentifierValue>
            <linkingObjectRole>outcome</linkingObjectRole>
        </linkingObjectIdentifier>
    </event>
    <event>
        <eventIdentifier>
            <eventIdentifierType>FDsys:event</eventIdentifierType>
            <eventIdentifierValue>6f01176e-de0e-4a6d-92da-718229c4640f</eventIdentifierValue>
        </eventIdentifier>
        <eventType>Rendition Submitted</eventType>
        <eventDateTime>2021-01-13T23:42:47-05:00</eventDateTime>
        <eventDetail>Rendition R0b002ee1aacf887a, uploaded by hotfolderadmin, was submitted in the Submission Information package P0b002ee1aacf8875</eventDetail>
        <eventOutcomeInformation>
            <eventOutcome>Success</eventOutcome>
        </eventOutcomeInformation>
        <linkingAgentIdentifier>
            <linkingAgentIdentifierType>FDsys:agent</linkingAgentIdentifierType>
            <linkingAgentIdentifierValue>hotfolderadmin</linkingAgentIdentifierValue>
            <linkingAgentRole>implementer</linkingAgentRole>
        </linkingAgentIdentifier>
        <linkingObjectIdentifier>
            <linkingObjectIdentifierType>FDsys</linkingObjectIdentifierType>
            <linkingObjectIdentifierValue>R0b002ee1aacf887a</linkingObjectIdentifierValue>
            <linkingObjectRole>outcome</linkingObjectRole>
        </linkingObjectIdentifier>
    </event>
    <event>
        <eventIdentifier>
            <eventIdentifierType>FDsys:event</eventIdentifierType>
            <eventIdentifierValue>e21a3257-4a2a-482e-a544-875358433c20</eventIdentifierValue>
        </eventIdentifier>
        <eventType>Message Digest Calculation</eventType>
        <eventDateTime>2021-01-13T23:42:47-05:00</eventDateTime>
        <eventDetail>Checksum calculated against object D09002ee1aacf8888</eventDetail>
        <eventOutcomeInformation>
            <eventOutcome>Success</eventOutcome>
        </eventOutcomeInformation>
        <linkingAgentIdentifier>
            <linkingAgentIdentifierType>FDsys:agent</linkingAgentIdentifierType>
            <linkingAgentIdentifierValue>Documentum Server 20.3.0000.0070  Linux64.Oracle</linkingAgentIdentifierValue>
            <linkingAgentRole>executing program</linkingAgentRole>
        </linkingAgentIdentifier>
        <linkingObjectIdentifier>
            <linkingObjectIdentifierType>FDsys</linkingObjectIdentifierType>
            <linkingObjectIdentifierValue>D09002ee1aacf8888</linkingObjectIdentifierValue>
            <linkingObjectRole>outcome</linkingObjectRole>
        </linkingObjectIdentifier>
    </event>
    <event>
        <eventIdentifier>
            <eventIdentifierType>FDsys:event</eventIdentifierType>
            <eventIdentifierValue>d431f370-066b-4975-9732-d37127504239</eventIdentifierValue>
        </eventIdentifier>
        <eventType>Submission</eventType>
        <eventDateTime>2021-01-13T23:55:14-05:00</eventDateTime>
        <eventDetail>11002ee1800e4d00 submitted Submission Information Package P0b002ee1aacf8875 to the system for ingestion</eventDetail>
        <eventOutcomeInformation>
            <eventOutcome>Success</eventOutcome>
        </eventOutcomeInformation>
        <linkingAgentIdentifier>
            <linkingAgentIdentifierType>FDsys:agent</linkingAgentIdentifierType>
            <linkingAgentIdentifierValue>11002ee1800e4d00</linkingAgentIdentifierValue>
            <linkingAgentRole>implementer</linkingAgentRole>
        </linkingAgentIdentifier>
        <linkingObjectIdentifier>
            <linkingObjectIdentifierType>FDsys</linkingObjectIdentifierType>
            <linkingObjectIdentifierValue>P0b002ee1aacf8875</linkingObjectIdentifierValue>
            <linkingObjectRole>outcome</linkingObjectRole>
        </linkingObjectIdentifier>
    </event>
    <event>
        <eventIdentifier>
            <eventIdentifierType>FDsys:event</eventIdentifierType>
            <eventIdentifierValue>d0df858e-268d-44d9-8bc9-b46034e46027</eventIdentifierValue>
        </eventIdentifier>
        <eventType>Crypto Time Stamp Calculation</eventType>
        <eventDateTime>2021-01-13T23:55:18-05:00</eventDateTime>
        <eventDetail>Cryptographic timestamp created for object D09002ee1aacf9582</eventDetail>
        <eventOutcomeInformation>
            <eventOutcome>Success</eventOutcome>
        </eventOutcomeInformation>
        <linkingAgentIdentifier>
            <linkingAgentIdentifierType>FDsys:agent</linkingAgentIdentifierType>
            <linkingAgentIdentifierValue>Crypto_v1.0</linkingAgentIdentifierValue>
            <linkingAgentRole>executing program</linkingAgentRole>
        </linkingAgentIdentifier>
        <linkingObjectIdentifier>
            <linkingObjectIdentifierType>FDsys</linkingObjectIdentifierType>
            <linkingObjectIdentifierValue>D09002ee1aacf9582</linkingObjectIdentifierValue>
            <linkingObjectRole>outcome</linkingObjectRole>
        </linkingObjectIdentifier>
    </event>
    <event>
        <eventIdentifier>
            <eventIdentifierType>FDsys:event</eventIdentifierType>
            <eventIdentifierValue>1ad79502-5402-4c77-9f0f-1fedd7343e14</eventIdentifierValue>
        </eventIdentifier>
        <eventType>File Format Identification</eventType>
        <eventDateTime>2021-01-13T23:55:18-05:00</eventDateTime>
        <eventDetail>File format identified for object D09002ee1aacf9582</eventDetail>
        <eventOutcomeInformation>
            <eventOutcome>Success</eventOutcome>
        </eventOutcomeInformation>
        <linkingAgentIdentifier>
            <linkingAgentIdentifierType>FDsys:agent</linkingAgentIdentifierType>
            <linkingAgentIdentifierValue>Droid_v90</linkingAgentIdentifierValue>
            <linkingAgentRole>executing program</linkingAgentRole>
        </linkingAgentIdentifier>
        <linkingObjectIdentifier>
            <linkingObjectIdentifierType>FDsys</linkingObjectIdentifierType>
            <linkingObjectIdentifierValue>D09002ee1aacf9582</linkingObjectIdentifierValue>
            <linkingObjectRole>outcome</linkingObjectRole>
        </linkingObjectIdentifier>
    </event>
    <event>
        <eventIdentifier>
            <eventIdentifierType>FDsys:event</eventIdentifierType>
            <eventIdentifierValue>92d219fa-2cdd-4d64-a14f-26b4e55a9057</eventIdentifierValue>
        </eventIdentifier>
        <eventType>Message Digest Calculation</eventType>
        <eventDateTime>2021-01-13T23:55:18-05:00</eventDateTime>
        <eventDetail>Checksum calculated against object D09002ee1aacf9582</eventDetail>
        <eventOutcomeInformation>
            <eventOutcome>Success</eventOutcome>
        </eventOutcomeInformation>
        <linkingAgentIdentifier>
            <linkingAgentIdentifierType>FDsys:agent</linkingAgentIdentifierType>
            <linkingAgentIdentifierValue>Documentum Server 20.3.0000.0070  Linux64.Oracle</linkingAgentIdentifierValue>
            <linkingAgentRole>executing program</linkingAgentRole>
        </linkingAgentIdentifier>
        <linkingObjectIdentifier>
            <linkingObjectIdentifierType>FDsys</linkingObjectIdentifierType>
            <linkingObjectIdentifierValue>D09002ee1aacf9582</linkingObjectIdentifierValue>
            <linkingObjectRole>outcome</linkingObjectRole>
        </linkingObjectIdentifier>
    </event>
    <event>
        <eventIdentifier>
            <eventIdentifierType>FDsys:event</eventIdentifierType>
            <eventIdentifierValue>af8f6aaa-356d-4185-92f2-beeca427ca7a</eventIdentifierValue>
        </eventIdentifier>
        <eventType>File Format Identification</eventType>
        <eventDateTime>2021-01-13T23:55:18-05:00</eventDateTime>
        <eventDetail>File format identified for object D09002ee1aacf9585</eventDetail>
        <eventOutcomeInformation>
            <eventOutcome>Success</eventOutcome>
        </eventOutcomeInformation>
        <linkingAgentIdentifier>
            <linkingAgentIdentifierType>FDsys:agent</linkingAgentIdentifierType>
            <linkingAgentIdentifierValue>Droid_v90</linkingAgentIdentifierValue>
            <linkingAgentRole>executing program</linkingAgentRole>
        </linkingAgentIdentifier>
        <linkingObjectIdentifier>
            <linkingObjectIdentifierType>FDsys</linkingObjectIdentifierType>
            <linkingObjectIdentifierValue>D09002ee1aacf9585</linkingObjectIdentifierValue>
            <linkingObjectRole>outcome</linkingObjectRole>
        </linkingObjectIdentifier>
    </event>
    <event>
        <eventIdentifier>
            <eventIdentifierType>FDsys:event</eventIdentifierType>
            <eventIdentifierValue>6d58c66e-269f-4aae-ad55-cfd5e4c4c979</eventIdentifierValue>
        </eventIdentifier>
        <eventType>Message Digest Calculation</eventType>
        <eventDateTime>2021-01-13T23:55:18-05:00</eventDateTime>
        <eventDetail>Checksum calculated against object D09002ee1aacf9585</eventDetail>
        <eventOutcomeInformation>
            <eventOutcome>Success</eventOutcome>
        </eventOutcomeInformation>
        <linkingAgentIdentifier>
            <linkingAgentIdentifierType>FDsys:agent</linkingAgentIdentifierType>
            <linkingAgentIdentifierValue>Documentum Server 20.3.0000.0070  Linux64.Oracle</linkingAgentIdentifierValue>
            <linkingAgentRole>executing program</linkingAgentRole>
        </linkingAgentIdentifier>
        <linkingObjectIdentifier>
            <linkingObjectIdentifierType>FDsys</linkingObjectIdentifierType>
            <linkingObjectIdentifierValue>D09002ee1aacf9585</linkingObjectIdentifierValue>
            <linkingObjectRole>outcome</linkingObjectRole>
        </linkingObjectIdentifier>
    </event>
    <event>
        <eventIdentifier>
            <eventIdentifierType>FDsys:event</eventIdentifierType>
            <eventIdentifierValue>6039b163-93b4-4dfc-8c61-bbd8e87219ec</eventIdentifierValue>
        </eventIdentifier>
        <eventType>Crypto Time Stamp Calculation</eventType>
        <eventDateTime>2021-01-13T23:55:18-05:00</eventDateTime>
        <eventDetail>Cryptographic timestamp created for object D09002ee1aacf9584</eventDetail>
        <eventOutcomeInformation>
            <eventOutcome>Success</eventOutcome>
        </eventOutcomeInformation>
        <linkingAgentIdentifier>
            <linkingAgentIdentifierType>FDsys:agent</linkingAgentIdentifierType>
            <linkingAgentIdentifierValue>Crypto_v1.0</linkingAgentIdentifierValue>
            <linkingAgentRole>executing program</linkingAgentRole>
        </linkingAgentIdentifier>
        <linkingObjectIdentifier>
            <linkingObjectIdentifierType>FDsys</linkingObjectIdentifierType>
            <linkingObjectIdentifierValue>D09002ee1aacf9584</linkingObjectIdentifierValue>
            <linkingObjectRole>outcome</linkingObjectRole>
        </linkingObjectIdentifier>
    </event>
    <event>
        <eventIdentifier>
            <eventIdentifierType>FDsys:event</eventIdentifierType>
            <eventIdentifierValue>e2ef05a5-67b8-469f-8552-4982e63921cd</eventIdentifierValue>
        </eventIdentifier>
        <eventType>File Format Identification</eventType>
        <eventDateTime>2021-01-13T23:55:18-05:00</eventDateTime>
        <eventDetail>File format identified for object D09002ee1aacf9584</eventDetail>
        <eventOutcomeInformation>
            <eventOutcome>Success</eventOutcome>
        </eventOutcomeInformation>
        <linkingAgentIdentifier>
            <linkingAgentIdentifierType>FDsys:agent</linkingAgentIdentifierType>
            <linkingAgentIdentifierValue>Droid_v90</linkingAgentIdentifierValue>
            <linkingAgentRole>executing program</linkingAgentRole>
        </linkingAgentIdentifier>
        <linkingObjectIdentifier>
            <linkingObjectIdentifierType>FDsys</linkingObjectIdentifierType>
            <linkingObjectIdentifierValue>D09002ee1aacf9584</linkingObjectIdentifierValue>
            <linkingObjectRole>outcome</linkingObjectRole>
        </linkingObjectIdentifier>
    </event>
    <event>
        <eventIdentifier>
            <eventIdentifierType>FDsys:event</eventIdentifierType>
            <eventIdentifierValue>990f7da8-aebf-4a07-9f2f-3913cc07e9ec</eventIdentifierValue>
        </eventIdentifier>
        <eventType>Message Digest Calculation</eventType>
        <eventDateTime>2021-01-13T23:55:18-05:00</eventDateTime>
        <eventDetail>Checksum calculated against object D09002ee1aacf9584</eventDetail>
        <eventOutcomeInformation>
            <eventOutcome>Success</eventOutcome>
        </eventOutcomeInformation>
        <linkingAgentIdentifier>
            <linkingAgentIdentifierType>FDsys:agent</linkingAgentIdentifierType>
            <linkingAgentIdentifierValue>Documentum Server 20.3.0000.0070  Linux64.Oracle</linkingAgentIdentifierValue>
            <linkingAgentRole>executing program</linkingAgentRole>
        </linkingAgentIdentifier>
        <linkingObjectIdentifier>
            <linkingObjectIdentifierType>FDsys</linkingObjectIdentifierType>
            <linkingObjectIdentifierValue>D09002ee1aacf9584</linkingObjectIdentifierValue>
            <linkingObjectRole>outcome</linkingObjectRole>
        </linkingObjectIdentifier>
    </event>
    <event>
        <eventIdentifier>
            <eventIdentifierType>FDsys:event</eventIdentifierType>
            <eventIdentifierValue>1398a81c-6eec-4b2f-a930-d21a39f04b0f</eventIdentifierValue>
        </eventIdentifier>
        <eventType>Crypto Time Stamp Calculation</eventType>
        <eventDateTime>2021-01-13T23:55:18-05:00</eventDateTime>
        <eventDetail>Cryptographic timestamp created for object D09002ee1aacf9583</eventDetail>
        <eventOutcomeInformation>
            <eventOutcome>Success</eventOutcome>
        </eventOutcomeInformation>
        <linkingAgentIdentifier>
            <linkingAgentIdentifierType>FDsys:agent</linkingAgentIdentifierType>
            <linkingAgentIdentifierValue>Crypto_v1.0</linkingAgentIdentifierValue>
            <linkingAgentRole>executing program</linkingAgentRole>
        </linkingAgentIdentifier>
        <linkingObjectIdentifier>
            <linkingObjectIdentifierType>FDsys</linkingObjectIdentifierType>
            <linkingObjectIdentifierValue>D09002ee1aacf9583</linkingObjectIdentifierValue>
            <linkingObjectRole>outcome</linkingObjectRole>
        </linkingObjectIdentifier>
    </event>
    <event>
        <eventIdentifier>
            <eventIdentifierType>FDsys:event</eventIdentifierType>
            <eventIdentifierValue>c568855c-4f4c-4d04-bfc1-7183327b2cc0</eventIdentifierValue>
        </eventIdentifier>
        <eventType>File Format Identification</eventType>
        <eventDateTime>2021-01-13T23:55:18-05:00</eventDateTime>
        <eventDetail>File format identified for object D09002ee1aacf9583</eventDetail>
        <eventOutcomeInformation>
            <eventOutcome>Success</eventOutcome>
        </eventOutcomeInformation>
        <linkingAgentIdentifier>
            <linkingAgentIdentifierType>FDsys:agent</linkingAgentIdentifierType>
            <linkingAgentIdentifierValue>Droid_v90</linkingAgentIdentifierValue>
            <linkingAgentRole>executing program</linkingAgentRole>
        </linkingAgentIdentifier>
        <linkingObjectIdentifier>
            <linkingObjectIdentifierType>FDsys</linkingObjectIdentifierType>
            <linkingObjectIdentifierValue>D09002ee1aacf9583</linkingObjectIdentifierValue>
            <linkingObjectRole>outcome</linkingObjectRole>
        </linkingObjectIdentifier>
    </event>
    <event>
        <eventIdentifier>
            <eventIdentifierType>FDsys:event</eventIdentifierType>
            <eventIdentifierValue>6512d8a2-6ec4-4a90-ba5b-81fd3d909a8b</eventIdentifierValue>
        </eventIdentifier>
        <eventType>Crypto Time Stamp Calculation</eventType>
        <eventDateTime>2021-01-13T23:55:18-05:00</eventDateTime>
        <eventDetail>Cryptographic timestamp created for object D09002ee1aacf9585</eventDetail>
        <eventOutcomeInformation>
            <eventOutcome>Success</eventOutcome>
        </eventOutcomeInformation>
        <linkingAgentIdentifier>
            <linkingAgentIdentifierType>FDsys:agent</linkingAgentIdentifierType>
            <linkingAgentIdentifierValue>Crypto_v1.0</linkingAgentIdentifierValue>
            <linkingAgentRole>executing program</linkingAgentRole>
        </linkingAgentIdentifier>
        <linkingObjectIdentifier>
            <linkingObjectIdentifierType>FDsys</linkingObjectIdentifierType>
            <linkingObjectIdentifierValue>D09002ee1aacf9585</linkingObjectIdentifierValue>
            <linkingObjectRole>outcome</linkingObjectRole>
        </linkingObjectIdentifier>
    </event>
    <event>
        <eventIdentifier>
            <eventIdentifierType>FDsys:event</eventIdentifierType>
            <eventIdentifierValue>4e8619b1-de16-4cc0-8ef1-80e53ba82e6a</eventIdentifierValue>
        </eventIdentifier>
        <eventType>Message Digest Calculation</eventType>
        <eventDateTime>2021-01-13T23:55:18-05:00</eventDateTime>
        <eventDetail>Checksum calculated against object D09002ee1aacf9583</eventDetail>
        <eventOutcomeInformation>
            <eventOutcome>Success</eventOutcome>
        </eventOutcomeInformation>
        <linkingAgentIdentifier>
            <linkingAgentIdentifierType>FDsys:agent</linkingAgentIdentifierType>
            <linkingAgentIdentifierValue>Documentum Server 20.3.0000.0070  Linux64.Oracle</linkingAgentIdentifierValue>
            <linkingAgentRole>executing program</linkingAgentRole>
        </linkingAgentIdentifier>
        <linkingObjectIdentifier>
            <linkingObjectIdentifierType>FDsys</linkingObjectIdentifierType>
            <linkingObjectIdentifierValue>D09002ee1aacf9583</linkingObjectIdentifierValue>
            <linkingObjectRole>outcome</linkingObjectRole>
        </linkingObjectIdentifier>
    </event>
    <event>
        <eventIdentifier>
            <eventIdentifierType>FDsys:event</eventIdentifierType>
            <eventIdentifierValue>993866be-a360-48ec-8073-ee6831cea37c</eventIdentifierValue>
        </eventIdentifier>
        <eventType>Message Digest Calculation</eventType>
        <eventDateTime>2021-01-13T23:55:18-05:00</eventDateTime>
        <eventDetail>Checksum calculated against object D09002ee1aacf9586</eventDetail>
        <eventOutcomeInformation>
            <eventOutcome>Success</eventOutcome>
        </eventOutcomeInformation>
        <linkingAgentIdentifier>
            <linkingAgentIdentifierType>FDsys:agent</linkingAgentIdentifierType>
            <linkingAgentIdentifierValue>Documentum Server 20.3.0000.0070  Linux64.Oracle</linkingAgentIdentifierValue>
            <linkingAgentRole>executing program</linkingAgentRole>
        </linkingAgentIdentifier>
        <linkingObjectIdentifier>
            <linkingObjectIdentifierType>FDsys</linkingObjectIdentifierType>
            <linkingObjectIdentifierValue>D09002ee1aacf9586</linkingObjectIdentifierValue>
            <linkingObjectRole>outcome</linkingObjectRole>
        </linkingObjectIdentifier>
    </event>
    <event>
        <eventIdentifier>
            <eventIdentifierType>FDsys:event</eventIdentifierType>
            <eventIdentifierValue>6fa85d41-669a-4caf-bfad-15ba962c1e29</eventIdentifierValue>
        </eventIdentifier>
        <eventType>File Format Identification</eventType>
        <eventDateTime>2021-01-13T23:55:18-05:00</eventDateTime>
        <eventDetail>File format identified for object D09002ee1aacf9586</eventDetail>
        <eventOutcomeInformation>
            <eventOutcome>Success</eventOutcome>
        </eventOutcomeInformation>
        <linkingAgentIdentifier>
            <linkingAgentIdentifierType>FDsys:agent</linkingAgentIdentifierType>
            <linkingAgentIdentifierValue>Droid_v90</linkingAgentIdentifierValue>
            <linkingAgentRole>executing program</linkingAgentRole>
        </linkingAgentIdentifier>
        <linkingObjectIdentifier>
            <linkingObjectIdentifierType>FDsys</linkingObjectIdentifierType>
            <linkingObjectIdentifierValue>D09002ee1aacf9586</linkingObjectIdentifierValue>
            <linkingObjectRole>outcome</linkingObjectRole>
        </linkingObjectIdentifier>
    </event>
    <event>
        <eventIdentifier>
            <eventIdentifierType>FDsys:event</eventIdentifierType>
            <eventIdentifierValue>350966b9-67bd-4c7a-9ce9-582f1e2669ab</eventIdentifierValue>
        </eventIdentifier>
        <eventType>Crypto Time Stamp Calculation</eventType>
        <eventDateTime>2021-01-13T23:55:19-05:00</eventDateTime>
        <eventDetail>Cryptographic timestamp created for object D09002ee1aacf9586</eventDetail>
        <eventOutcomeInformation>
            <eventOutcome>Success</eventOutcome>
        </eventOutcomeInformation>
        <linkingAgentIdentifier>
            <linkingAgentIdentifierType>FDsys:agent</linkingAgentIdentifierType>
            <linkingAgentIdentifierValue>Crypto_v1.0</linkingAgentIdentifierValue>
            <linkingAgentRole>executing program</linkingAgentRole>
        </linkingAgentIdentifier>
        <linkingObjectIdentifier>
            <linkingObjectIdentifierType>FDsys</linkingObjectIdentifierType>
            <linkingObjectIdentifierValue>D09002ee1aacf9586</linkingObjectIdentifierValue>
            <linkingObjectRole>outcome</linkingObjectRole>
        </linkingObjectIdentifier>
    </event>
    <event>
        <eventIdentifier>
            <eventIdentifierType>FDsys:event</eventIdentifierType>
            <eventIdentifierValue>bec326b8-3841-4aee-92e7-2edfdd23fbaa</eventIdentifierValue>
        </eventIdentifier>
        <eventType>Ingestion</eventType>
        <eventDateTime>2021-01-13T23:55:20-05:00</eventDateTime>
        <eventDetail>Archival Information Package V0b002ee1aacf9566 created from Submission Information Package P0b002ee1aacf8875 and stored in Archival storage</eventDetail>
        <eventOutcomeInformation>
            <eventOutcome>Success</eventOutcome>
        </eventOutcomeInformation>
        <linkingAgentIdentifier>
            <linkingAgentIdentifierType>FDsys:agent</linkingAgentIdentifierType>
            <linkingAgentIdentifierValue>CreateAIPFiles_v1.0</linkingAgentIdentifierValue>
            <linkingAgentRole>executing program</linkingAgentRole>
        </linkingAgentIdentifier>
        <linkingObjectIdentifier>
            <linkingObjectIdentifierType>FDsys</linkingObjectIdentifierType>
            <linkingObjectIdentifierValue>V0b002ee1aacf9566</linkingObjectIdentifierValue>
            <linkingObjectRole>outcome</linkingObjectRole>
        </linkingObjectIdentifier>
        <linkingObjectIdentifier>
            <linkingObjectIdentifierType>FDsys</linkingObjectIdentifierType>
            <linkingObjectIdentifierValue>P0b002ee1aacf8875</linkingObjectIdentifierValue>
            <linkingObjectRole>source</linkingObjectRole>
        </linkingObjectIdentifier>
    </event>
    <event>
        <eventIdentifier>
            <eventIdentifierType>FDsys:event</eventIdentifierType>
            <eventIdentifierValue>beaacc38-f0ea-45f2-94a9-b8ee92edecd7</eventIdentifierValue>
        </eventIdentifier>
        <eventType>ACP Creation</eventType>
        <eventDateTime>2021-01-13T23:55:28-05:00</eventDateTime>
        <eventDetail>Access Content Package created from Submission Information Package P0b002ee1aacf8875</eventDetail>
        <eventOutcomeInformation>
            <eventOutcome>Success</eventOutcome>
        </eventOutcomeInformation>
        <linkingAgentIdentifier>
            <linkingAgentIdentifierType>FDsys:agent</linkingAgentIdentifierType>
            <linkingAgentIdentifierValue>CreateACP_v1.0</linkingAgentIdentifierValue>
            <linkingAgentRole>executing program</linkingAgentRole>
        </linkingAgentIdentifier>
        <linkingObjectIdentifier>
            <linkingObjectIdentifierType>FDsys</linkingObjectIdentifierType>
            <linkingObjectIdentifierValue>P0b002ee1aacf8875</linkingObjectIdentifierValue>
            <linkingObjectRole>outcome</linkingObjectRole>
        </linkingObjectIdentifier>
    </event>
    <event>
        <eventIdentifier>
            <eventIdentifierType>FDsys:event</eventIdentifierType>
            <eventIdentifierValue>6d4aa8ab-4eb1-4561-a595-df6ef63b71a8</eventIdentifierValue>
        </eventIdentifier>
        <eventType>File Format Identification</eventType>
        <eventDateTime>2021-01-13T23:55:36-05:00</eventDateTime>
        <eventDetail>File format identified for object D09002ee1aacf943f</eventDetail>
        <eventOutcomeInformation>
            <eventOutcome>Success</eventOutcome>
        </eventOutcomeInformation>
        <linkingAgentIdentifier>
            <linkingAgentIdentifierType>FDsys:agent</linkingAgentIdentifierType>
            <linkingAgentIdentifierValue>Droid_v90</linkingAgentIdentifierValue>
            <linkingAgentRole>executing program</linkingAgentRole>
        </linkingAgentIdentifier>
        <linkingObjectIdentifier>
            <linkingObjectIdentifierType>FDsys</linkingObjectIdentifierType>
            <linkingObjectIdentifierValue>D09002ee1aacf943f</linkingObjectIdentifierValue>
            <linkingObjectRole>outcome</linkingObjectRole>
        </linkingObjectIdentifier>
    </event>
    <event>
        <eventIdentifier>
            <eventIdentifierType>FDsys:event</eventIdentifierType>
            <eventIdentifierValue>66ab11d6-c4e8-4e7e-b145-36fa8da52bb3</eventIdentifierValue>
        </eventIdentifier>
        <eventType>Message Digest Calculation</eventType>
        <eventDateTime>2021-01-13T23:55:36-05:00</eventDateTime>
        <eventDetail>Checksum calculated against object D09002ee1aacf943f</eventDetail>
        <eventOutcomeInformation>
            <eventOutcome>Success</eventOutcome>
        </eventOutcomeInformation>
        <linkingAgentIdentifier>
            <linkingAgentIdentifierType>FDsys:agent</linkingAgentIdentifierType>
            <linkingAgentIdentifierValue>Documentum Server 20.3.0000.0070  Linux64.Oracle</linkingAgentIdentifierValue>
            <linkingAgentRole>executing program</linkingAgentRole>
        </linkingAgentIdentifier>
        <linkingObjectIdentifier>
            <linkingObjectIdentifierType>FDsys</linkingObjectIdentifierType>
            <linkingObjectIdentifierValue>D09002ee1aacf943f</linkingObjectIdentifierValue>
            <linkingObjectRole>outcome</linkingObjectRole>
        </linkingObjectIdentifier>
    </event>
    <event>
        <eventIdentifier>
            <eventIdentifierType>FDsys:event</eventIdentifierType>
            <eventIdentifierValue>a0448f77-06c9-4bfd-ad38-360011a1faf4</eventIdentifierValue>
        </eventIdentifier>
        <eventType>Parsing</eventType>
        <eventDateTime>2021-01-13T23:55:37-05:00</eventDateTime>
        <eventDetail>Access Content Package P0b002ee1aacf8875 was parsed. Descriptive metadata was extracted and persisted in MODS</eventDetail>
        <eventOutcomeInformation>
            <eventOutcome>Success</eventOutcome>
        </eventOutcomeInformation>
        <linkingAgentIdentifier>
            <linkingAgentIdentifierType>FDsys:agent</linkingAgentIdentifierType>
            <linkingAgentIdentifierValue>1.1.0</linkingAgentIdentifierValue>
            <linkingAgentRole>executing program</linkingAgentRole>
        </linkingAgentIdentifier>
        <linkingObjectIdentifier>
            <linkingObjectIdentifierType>FDsys</linkingObjectIdentifierType>
            <linkingObjectIdentifierValue>P0b002ee1aacf8875</linkingObjectIdentifierValue>
            <linkingObjectRole>source</linkingObjectRole>
        </linkingObjectIdentifier>
    </event>
    <event>
        <eventIdentifier>
            <eventIdentifierType>FDsys:event</eventIdentifierType>
            <eventIdentifierValue>2f9f7cfe-d089-4286-b44c-5f40ff7009dd</eventIdentifierValue>
        </eventIdentifier>
        <eventType>Message Digest Calculation</eventType>
        <eventDateTime>2021-01-13T23:55:37-05:00</eventDateTime>
        <eventDetail>Checksum calculated against object D09002ee1aacf9440</eventDetail>
        <eventOutcomeInformation>
            <eventOutcome>Success</eventOutcome>
        </eventOutcomeInformation>
        <linkingAgentIdentifier>
            <linkingAgentIdentifierType>FDsys:agent</linkingAgentIdentifierType>
            <linkingAgentIdentifierValue>Documentum Server 20.3.0000.0070  Linux64.Oracle</linkingAgentIdentifierValue>
            <linkingAgentRole>executing program</linkingAgentRole>
        </linkingAgentIdentifier>
        <linkingObjectIdentifier>
            <linkingObjectIdentifierType>FDsys</linkingObjectIdentifierType>
            <linkingObjectIdentifierValue>D09002ee1aacf9440</linkingObjectIdentifierValue>
            <linkingObjectRole>outcome</linkingObjectRole>
        </linkingObjectIdentifier>
    </event>
    <event>
        <eventIdentifier>
            <eventIdentifierType>FDsys:event</eventIdentifierType>
            <eventIdentifierValue>97949f04-7a33-4d38-b9cd-cfc2836a37ef</eventIdentifierValue>
        </eventIdentifier>
        <eventType>Rendition Creation</eventType>
        <eventDateTime>2021-01-13T23:55:37-05:00</eventDateTime>
        <eventDetail>A new rendition R0b002ee1aacf93d4 created from rendition R0b002ee1aacf887a and added to package P0b002ee1aacf8875</eventDetail>
        <eventOutcomeInformation>
            <eventOutcome>Success</eventOutcome>
        </eventOutcomeInformation>
        <linkingAgentIdentifier>
            <linkingAgentIdentifierType>FDsys:agent</linkingAgentIdentifierType>
            <linkingAgentIdentifierValue>CreateAccessRendtions_v1.0</linkingAgentIdentifierValue>
            <linkingAgentRole>executing program</linkingAgentRole>
        </linkingAgentIdentifier>
        <linkingObjectIdentifier>
            <linkingObjectIdentifierType>FDsys</linkingObjectIdentifierType>
            <linkingObjectIdentifierValue>R0b002ee1aacf93d4</linkingObjectIdentifierValue>
            <linkingObjectRole>outcome</linkingObjectRole>
        </linkingObjectIdentifier>
        <linkingObjectIdentifier>
            <linkingObjectIdentifierType>FDsys</linkingObjectIdentifierType>
            <linkingObjectIdentifierValue>R0b002ee1aacf887a</linkingObjectIdentifierValue>
            <linkingObjectRole>source</linkingObjectRole>
        </linkingObjectIdentifier>
    </event>
    <event>
        <eventIdentifier>
            <eventIdentifierType>FDsys:event</eventIdentifierType>
            <eventIdentifierValue>95f9e27a-5d26-45af-8064-73ee7b7c638e</eventIdentifierValue>
        </eventIdentifier>
        <eventType>Rendition Creation</eventType>
        <eventDateTime>2021-01-13T23:55:37-05:00</eventDateTime>
        <eventDetail>A new rendition R0b002ee1aacf93d3 created from rendition R0b002ee1aacf8878 and added to package P0b002ee1aacf8875</eventDetail>
        <eventOutcomeInformation>
            <eventOutcome>Success</eventOutcome>
        </eventOutcomeInformation>
        <linkingAgentIdentifier>
            <linkingAgentIdentifierType>FDsys:agent</linkingAgentIdentifierType>
            <linkingAgentIdentifierValue>CreateAccessRendtions_v1.0</linkingAgentIdentifierValue>
            <linkingAgentRole>executing program</linkingAgentRole>
        </linkingAgentIdentifier>
        <linkingObjectIdentifier>
            <linkingObjectIdentifierType>FDsys</linkingObjectIdentifierType>
            <linkingObjectIdentifierValue>R0b002ee1aacf93d3</linkingObjectIdentifierValue>
            <linkingObjectRole>outcome</linkingObjectRole>
        </linkingObjectIdentifier>
        <linkingObjectIdentifier>
            <linkingObjectIdentifierType>FDsys</linkingObjectIdentifierType>
            <linkingObjectIdentifierValue>R0b002ee1aacf8878</linkingObjectIdentifierValue>
            <linkingObjectRole>source</linkingObjectRole>
        </linkingObjectIdentifier>
    </event>
    <event>
        <eventIdentifier>
            <eventIdentifierType>FDsys:event</eventIdentifierType>
            <eventIdentifierValue>8c161c3a-eab8-4cc6-be49-87681bbbcfbf</eventIdentifierValue>
        </eventIdentifier>
        <eventType>Digital Signature Assignment</eventType>
        <eventDateTime>2021-01-13T23:55:37-05:00</eventDateTime>
        <eventDetail>PDF File D09002ee1aacf9440 digitally signed</eventDetail>
        <eventOutcomeInformation>
            <eventOutcome>Success</eventOutcome>
        </eventOutcomeInformation>
        <linkingAgentIdentifier>
            <linkingAgentIdentifierType>FDsys:agent</linkingAgentIdentifierType>
            <linkingAgentIdentifierValue>LiveCycle_v11.0.0</linkingAgentIdentifierValue>
            <linkingAgentRole>executing program</linkingAgentRole>
        </linkingAgentIdentifier>
        <linkingObjectIdentifier>
            <linkingObjectIdentifierType>FDsys</linkingObjectIdentifierType>
            <linkingObjectIdentifierValue>D09002ee1aacf9440</linkingObjectIdentifierValue>
            <linkingObjectRole>outcome</linkingObjectRole>
        </linkingObjectIdentifier>
    </event>
    <event>
        <eventIdentifier>
            <eventIdentifierType>FDsys:event</eventIdentifierType>
            <eventIdentifierValue>852bf0f6-a36b-4efa-9ff1-4e80df0b04c3</eventIdentifierValue>
        </eventIdentifier>
        <eventType>File Format Identification</eventType>
        <eventDateTime>2021-01-13T23:55:37-05:00</eventDateTime>
        <eventDetail>File format identified for object D09002ee1aacf9441</eventDetail>
        <eventOutcomeInformation>
            <eventOutcome>Success</eventOutcome>
        </eventOutcomeInformation>
        <linkingAgentIdentifier>
            <linkingAgentIdentifierType>FDsys:agent</linkingAgentIdentifierType>
            <linkingAgentIdentifierValue>Droid_v90</linkingAgentIdentifierValue>
            <linkingAgentRole>executing program</linkingAgentRole>
        </linkingAgentIdentifier>
        <linkingObjectIdentifier>
            <linkingObjectIdentifierType>FDsys</linkingObjectIdentifierType>
            <linkingObjectIdentifierValue>D09002ee1aacf9441</linkingObjectIdentifierValue>
            <linkingObjectRole>outcome</linkingObjectRole>
        </linkingObjectIdentifier>
    </event>
    <event>
        <eventIdentifier>
            <eventIdentifierType>FDsys:event</eventIdentifierType>
            <eventIdentifierValue>cf5b05c9-b950-458b-82f5-ea5231023fef</eventIdentifierValue>
        </eventIdentifier>
        <eventType>Message Digest Calculation</eventType>
        <eventDateTime>2021-01-13T23:55:37-05:00</eventDateTime>
        <eventDetail>Checksum calculated against object D09002ee1aacf9441</eventDetail>
        <eventOutcomeInformation>
            <eventOutcome>Success</eventOutcome>
        </eventOutcomeInformation>
        <linkingAgentIdentifier>
            <linkingAgentIdentifierType>FDsys:agent</linkingAgentIdentifierType>
            <linkingAgentIdentifierValue>Documentum Server 20.3.0000.0070  Linux64.Oracle</linkingAgentIdentifierValue>
            <linkingAgentRole>executing program</linkingAgentRole>
        </linkingAgentIdentifier>
        <linkingObjectIdentifier>
            <linkingObjectIdentifierType>FDsys</linkingObjectIdentifierType>
            <linkingObjectIdentifierValue>D09002ee1aacf9441</linkingObjectIdentifierValue>
            <linkingObjectRole>outcome</linkingObjectRole>
        </linkingObjectIdentifier>
    </event>
    <event>
        <eventIdentifier>
            <eventIdentifierType>FDsys:event</eventIdentifierType>
            <eventIdentifierValue>d1d47bbe-476d-4e33-9118-21dc487716a1</eventIdentifierValue>
        </eventIdentifier>
        <eventType>File Format Identification</eventType>
        <eventDateTime>2021-01-13T23:55:37-05:00</eventDateTime>
        <eventDetail>File format identified for object D09002ee1aacf9440</eventDetail>
        <eventOutcomeInformation>
            <eventOutcome>Success</eventOutcome>
        </eventOutcomeInformation>
        <linkingAgentIdentifier>
            <linkingAgentIdentifierType>FDsys:agent</linkingAgentIdentifierType>
            <linkingAgentIdentifierValue>Droid_v90</linkingAgentIdentifierValue>
            <linkingAgentRole>executing program</linkingAgentRole>
        </linkingAgentIdentifier>
        <linkingObjectIdentifier>
            <linkingObjectIdentifierType>FDsys</linkingObjectIdentifierType>
            <linkingObjectIdentifierValue>D09002ee1aacf9440</linkingObjectIdentifierValue>
            <linkingObjectRole>outcome</linkingObjectRole>
        </linkingObjectIdentifier>
    </event>
    <event>
        <eventIdentifier>
            <eventIdentifierType>FDsys:event</eventIdentifierType>
            <eventIdentifierValue>1818d18a-958d-4101-a37c-7c0f712911c6</eventIdentifierValue>
        </eventIdentifier>
        <eventType>Rendition Creation</eventType>
        <eventDateTime>2021-01-13T23:55:37-05:00</eventDateTime>
        <eventDetail>A new rendition R0b002ee1aacf93d2 created from rendition R0b002ee1aacf8876 and added to package P0b002ee1aacf8875</eventDetail>
        <eventOutcomeInformation>
            <eventOutcome>Success</eventOutcome>
        </eventOutcomeInformation>
        <linkingAgentIdentifier>
            <linkingAgentIdentifierType>FDsys:agent</linkingAgentIdentifierType>
            <linkingAgentIdentifierValue>CreateAccessRendtions_v1.0</linkingAgentIdentifierValue>
            <linkingAgentRole>executing program</linkingAgentRole>
        </linkingAgentIdentifier>
        <linkingObjectIdentifier>
            <linkingObjectIdentifierType>FDsys</linkingObjectIdentifierType>
            <linkingObjectIdentifierValue>R0b002ee1aacf93d2</linkingObjectIdentifierValue>
            <linkingObjectRole>outcome</linkingObjectRole>
        </linkingObjectIdentifier>
        <linkingObjectIdentifier>
            <linkingObjectIdentifierType>FDsys</linkingObjectIdentifierType>
            <linkingObjectIdentifierValue>R0b002ee1aacf8876</linkingObjectIdentifierValue>
            <linkingObjectRole>source</linkingObjectRole>
        </linkingObjectIdentifier>
    </event>
    <agent>
        <agentIdentifier>
            <agentIdentifierType>FDsys:agent</agentIdentifierType>
            <agentIdentifierValue>hotfolderadmin</agentIdentifierValue>
        </agentIdentifier>
        <agentName>hotfolderadmin</agentName>
        <agentType>Person</agentType>
    </agent>
    <agent>
        <agentIdentifier>
            <agentIdentifierType>FDsys:agent</agentIdentifierType>
            <agentIdentifierValue>CreateAIPFiles_v1.0</agentIdentifierValue>
        </agentIdentifier>
        <agentName>CreateAIPFiles_v1.0</agentName>
        <agentType>Software</agentType>
    </agent>
    <agent>
        <agentIdentifier>
            <agentIdentifierType>FDsys:agent</agentIdentifierType>
            <agentIdentifierValue>Documentum Server 20.3.0000.0070  Linux64.Oracle</agentIdentifierValue>
        </agentIdentifier>
        <agentName>Documentum Server 20.3.0000.0070  Linux64.Oracle</agentName>
        <agentType>Software</agentType>
    </agent>
    <agent>
        <agentIdentifier>
            <agentIdentifierType>FDsys:agent</agentIdentifierType>
            <agentIdentifierValue>Crypto_v1.0</agentIdentifierValue>
        </agentIdentifier>
        <agentName>Crypto_v1.0</agentName>
        <agentType>Software</agentType>
    </agent>
    <agent>
        <agentIdentifier>
            <agentIdentifierType>FDsys:agent</agentIdentifierType>
            <agentIdentifierValue>LiveCycle_v11.0.0</agentIdentifierValue>
        </agentIdentifier>
        <agentName>LiveCycle_v11.0.0</agentName>
        <agentType>Software</agentType>
    </agent>
    <agent>
        <agentIdentifier>
            <agentIdentifierType>FDsys:agent</agentIdentifierType>
            <agentIdentifierValue>ScanEngine_v8.0</agentIdentifierValue>
        </agentIdentifier>
        <agentName>ScanEngine_v8.0</agentName>
        <agentType>Software</agentType>
    </agent>
    <agent>
        <agentIdentifier>
            <agentIdentifierType>FDsys:agent</agentIdentifierType>
            <agentIdentifierValue>1.1.0</agentIdentifierValue>
        </agentIdentifier>
        <agentName>1.1.0</agentName>
        <agentType>Software</agentType>
    </agent>
    <agent>
        <agentIdentifier>
            <agentIdentifierType>FDsys:agent</agentIdentifierType>
            <agentIdentifierValue>CreateAccessRendtions_v1.0</agentIdentifierValue>
        </agentIdentifier>
        <agentName>CreateAccessRendtions_v1.0</agentName>
        <agentType>Software</agentType>
    </agent>
    <agent>
        <agentIdentifier>
            <agentIdentifierType>FDsys:agent</agentIdentifierType>
            <agentIdentifierValue>Droid_v90</agentIdentifierValue>
        </agentIdentifier>
        <agentName>Droid_v90</agentName>
        <agentType>Software</agentType>
    </agent>
    <agent>
        <agentIdentifier>
            <agentIdentifierType>FDsys:agent</agentIdentifierType>
            <agentIdentifierValue>CreateACP_v1.0</agentIdentifierValue>
        </agentIdentifier>
        <agentName>CreateACP_v1.0</agentName>
        <agentType>Software</agentType>
    </agent>
    <agent>
        <agentIdentifier>
            <agentIdentifierType>FDsys:agent</agentIdentifierType>
            <agentIdentifierValue>11002ee1800e4d00</agentIdentifierValue>
        </agentIdentifier>
        <agentName>11002ee1800e4d00</agentName>
        <agentType>Person</agentType>
    </agent>
</premis>
