<?xml version="1.0"?>
<?xml-stylesheet type="text/xsl" href="billres.xsl"?>
<!DOCTYPE bill PUBLIC "-//US Congress//DTDs/bill.dtd//EN" "bill.dtd">
<bill bill-stage="Introduced-in-House" dms-id="H3DD75FB5688D4E5383D8A6857551DCC3" public-private="public" key="H" bill-type="olc"><metadata xmlns:dc="http://purl.org/dc/elements/1.1/">
<dublinCore>
<dc:title>117 HR 38 IH: Concealed Carry Reciprocity Act</dc:title>
<dc:publisher>U.S. House of Representatives</dc:publisher>
<dc:date>2021-01-04</dc:date>
<dc:format>text/xml</dc:format>
<dc:language>EN</dc:language>
<dc:rights>Pursuant to Title 17 Section 105 of the United States Code, this file is not subject to copyright protection and is in the public domain.</dc:rights>
</dublinCore>
</metadata>
<form>
<distribution-code display="yes">I</distribution-code><congress display="yes">117th CONGRESS</congress><session display="yes">1st Session</session><legis-num display="yes">H. R. 38</legis-num><current-chamber>IN THE HOUSE OF REPRESENTATIVES</current-chamber><action display="yes"><action-date date="20210104">January 4, 2021</action-date><action-desc><sponsor name-id="H001067">Mr. Hudson</sponsor> (for himself, <cosponsor name-id="A000372">Mr. Allen</cosponsor>, <cosponsor name-id="B001291">Mr. Babin</cosponsor>, <cosponsor name-id="B001306">Mr. Balderson</cosponsor>, <cosponsor name-id="B001282">Mr. Barr</cosponsor>, <cosponsor name-id="B001311">Mr. Bishop of North Carolina</cosponsor>, <cosponsor name-id="B000825">Mrs. Boebert</cosponsor>, <cosponsor name-id="B001274">Mr. Brooks</cosponsor>, <cosponsor name-id="B001305">Mr. Budd</cosponsor>, <cosponsor name-id="C000059">Mr. Calvert</cosponsor>, <cosponsor name-id="C000266">Mr. Chabot</cosponsor>, <cosponsor name-id="C001118">Mr. Cline</cosponsor>, <cosponsor name-id="C001115">Mr. Cloud</cosponsor>, <cosponsor name-id="D000626">Mr. Davidson</cosponsor>, <cosponsor name-id="D000615">Mr. Duncan</cosponsor>, <cosponsor name-id="F000469">Mr. Fulcher</cosponsor>, <cosponsor name-id="F000465">Mr. Ferguson</cosponsor>, <cosponsor name-id="G000578">Mr. Gaetz</cosponsor>, <cosponsor name-id="G000565">Mr. Gosar</cosponsor>, <cosponsor name-id="G000596">Mrs. Greene of Georgia</cosponsor>, <cosponsor name-id="G000576">Mr. Grothman</cosponsor>, <cosponsor name-id="H001077">Mr. Higgins of Louisiana</cosponsor>, <cosponsor name-id="H001072">Mr. Hill</cosponsor>, <cosponsor name-id="J000292">Mr. Johnson of Ohio</cosponsor>, <cosponsor name-id="J000302">Mr. Joyce of Pennsylvania</cosponsor>, <cosponsor name-id="K000376">Mr. Kelly of Pennsylvania</cosponsor>, <cosponsor name-id="K000378">Mr. Kinzinger</cosponsor>, <cosponsor name-id="L000578">Mr. LaMalfa</cosponsor>, <cosponsor name-id="L000564">Mr. Lamborn</cosponsor>, <cosponsor name-id="L000576">Mr. Long</cosponsor>, <cosponsor name-id="M001195">Mr. Mooney</cosponsor>, <cosponsor name-id="M001190">Mr. Mullin</cosponsor>, <cosponsor name-id="N000026">Mr. Nehls</cosponsor>, <cosponsor name-id="N000190">Mr. Norman</cosponsor>, <cosponsor name-id="P000601">Mr. Palazzo</cosponsor>, <cosponsor name-id="P000609">Mr. Palmer</cosponsor>, <cosponsor name-id="P000599">Mr. Posey</cosponsor>, <cosponsor name-id="R000610">Mr. Reschenthaler</cosponsor>, <cosponsor name-id="R000603">Mr. Rouzer</cosponsor>, <cosponsor name-id="R000609">Mr. Rutherford</cosponsor>, <cosponsor name-id="S001214">Mr. Steube</cosponsor>, <cosponsor name-id="T000479">Mr. Taylor</cosponsor>, <cosponsor name-id="W000812">Mrs. Wagner</cosponsor>, <cosponsor name-id="W000823">Mr. Waltz</cosponsor>, <cosponsor name-id="W000814">Mr. Weber of Texas</cosponsor>, <cosponsor name-id="Z000017">Mr. Zeldin</cosponsor>, <cosponsor name-id="C001120">Mr. Crenshaw</cosponsor>, <cosponsor name-id="R000597">Mr. Rice of South Carolina</cosponsor>, <cosponsor name-id="G000589">Mr. Gooden of Texas</cosponsor>, <cosponsor name-id="B001275">Mr. Bucshon</cosponsor>, <cosponsor name-id="W000804">Mr. Wittman</cosponsor>, <cosponsor name-id="B001302">Mr. Biggs</cosponsor>, <cosponsor name-id="S001196">Ms. Stefanik</cosponsor>, <cosponsor name-id="M001204">Mr. Meuser</cosponsor>, <cosponsor name-id="A000377">Mr. Armstrong</cosponsor>, <cosponsor name-id="W000809">Mr. Womack</cosponsor>, <cosponsor name-id="B001298">Mr. Bacon</cosponsor>, <cosponsor name-id="L000589">Mrs. Lesko</cosponsor>, <cosponsor name-id="S001148">Mr. Simpson</cosponsor>, <cosponsor name-id="W000798">Mr. Walberg</cosponsor>, <cosponsor name-id="M001180">Mr. McKinley</cosponsor>, <cosponsor name-id="G000588">Mr. Gonzalez of Ohio</cosponsor>, <cosponsor name-id="S001187">Mr. Stivers</cosponsor>, <cosponsor name-id="C001053">Mr. Cole</cosponsor>, <cosponsor name-id="H001088">Mr. Hagedorn</cosponsor>, <cosponsor name-id="K000392">Mr. Kustoff</cosponsor>, <cosponsor name-id="B001299">Mr. Banks</cosponsor>, <cosponsor name-id="G000061">Mr. Garcia of California</cosponsor>, <cosponsor name-id="H001082">Mr. Hern</cosponsor>, <cosponsor name-id="N000189">Mr. Newhouse</cosponsor>, <cosponsor name-id="B000755">Mr. Brady</cosponsor>, <cosponsor name-id="H001058">Mr. Huizenga</cosponsor>, <cosponsor name-id="S001189">Mr. Austin Scott of Georgia</cosponsor>, <cosponsor name-id="B001260">Mr. Buchanan</cosponsor>, <cosponsor name-id="G000590">Mr. Green of Tennessee</cosponsor>, <cosponsor name-id="S001195">Mr. Smith of Missouri</cosponsor>, <cosponsor name-id="S001192">Mr. Stewart</cosponsor>, <cosponsor name-id="T000480">Mr. Timmons</cosponsor>, <cosponsor name-id="E000294">Mr. Emmer</cosponsor>, <cosponsor name-id="W000821">Mr. Westerman</cosponsor>, <cosponsor name-id="M001210">Mr. Murphy of North Carolina</cosponsor>, <cosponsor name-id="W000827">Mr. Wright</cosponsor>, <cosponsor name-id="H001056">Ms. Herrera Beutler</cosponsor>, <cosponsor name-id="S001183">Mr. Schweikert</cosponsor>, <cosponsor name-id="W000816">Mr. Williams of Texas</cosponsor>, <cosponsor name-id="B001301">Mr. Bergman</cosponsor>, <cosponsor name-id="L000566">Mr. Latta</cosponsor>, <cosponsor name-id="W000813">Mrs. Walorski</cosponsor>, <cosponsor name-id="J000020">Mr. Jacobs of New York</cosponsor>, <cosponsor name-id="B001309">Mr. Burchett</cosponsor>, <cosponsor name-id="E000298">Mr. Estes</cosponsor>, <cosponsor name-id="C001087">Mr. Crawford</cosponsor>, <cosponsor name-id="W000815">Mr. Wenstrup</cosponsor>, <cosponsor name-id="C001108">Mr. Comer</cosponsor>, <cosponsor name-id="R000614">Mr. Roy</cosponsor>, <cosponsor name-id="H001071">Mr. Hice of Georgia</cosponsor>, <cosponsor name-id="M001212">Mr. Moore of Alabama</cosponsor>, <cosponsor name-id="D000616">Mr. DesJarlais</cosponsor>, <cosponsor name-id="T000467">Mr. Thompson of Pennsylvania</cosponsor>, <cosponsor name-id="L000569">Mr. Luetkemeyer</cosponsor>, <cosponsor name-id="A000369">Mr. Amodei</cosponsor>, <cosponsor name-id="R000575">Mr. Rogers of Alabama</cosponsor>, <cosponsor name-id="S001199">Mr. Smucker</cosponsor>, <cosponsor name-id="M001199">Mr. Mast</cosponsor>, <cosponsor name-id="L000583">Mr. Loudermilk</cosponsor>, <cosponsor name-id="S001212">Mr. Stauber</cosponsor>, <cosponsor name-id="G000591">Mr. Guest</cosponsor>, <cosponsor name-id="M001156">Mr. McHenry</cosponsor>, <cosponsor name-id="C001104">Mr. Cawthorn</cosponsor>, <cosponsor name-id="D000628">Mr. Dunn</cosponsor>, <cosponsor name-id="G000563">Mr. Gibbs</cosponsor>, <cosponsor name-id="S000929">Mrs. Spartz</cosponsor>, <cosponsor name-id="H001053">Mrs. Hartzler</cosponsor>, <cosponsor name-id="J000304">Mr. Jackson</cosponsor>, <cosponsor name-id="H001052">Mr. Harris</cosponsor>, <cosponsor name-id="U000031">Mr. Upton</cosponsor>, <cosponsor name-id="G000552">Mr. Gohmert</cosponsor>, <cosponsor name-id="B001307">Mr. Baird</cosponsor>, <cosponsor name-id="S001172">Mr. Smith of Nebraska</cosponsor>, <cosponsor name-id="A000375">Mr. Arrington</cosponsor>, <cosponsor name-id="J000301">Mr. Johnson of South Dakota</cosponsor>, <cosponsor name-id="C001116">Mr. Clyde</cosponsor>, <cosponsor name-id="C001051">Mr. Carter of Texas</cosponsor>, <cosponsor name-id="G000377">Ms. Granger</cosponsor>, <cosponsor name-id="J000289">Mr. Jordan</cosponsor>, <cosponsor name-id="J000299">Mr. Johnson of Louisiana</cosponsor>, <cosponsor name-id="L000585">Mr. LaHood</cosponsor>, <cosponsor name-id="B000740">Mrs. Bice of Oklahoma</cosponsor>, <cosponsor name-id="B001297">Mr. Buck</cosponsor>, <cosponsor name-id="C001063">Mr. Cuellar</cosponsor>, <cosponsor name-id="P000605">Mr. Perry</cosponsor>, <cosponsor name-id="C001114">Mr. Curtis</cosponsor>, <cosponsor name-id="G000581">Mr. Vicente Gonzalez of Texas</cosponsor>, <cosponsor name-id="D000619">Mr. Rodney Davis of Illinois</cosponsor>, <cosponsor name-id="S001176">Mr. Scalise</cosponsor>, <cosponsor name-id="R000612">Mr. Rose</cosponsor>, <cosponsor name-id="B000490">Mr. Bishop of Georgia</cosponsor>, <cosponsor name-id="T000165">Mr. Tiffany</cosponsor>, <cosponsor name-id="G000546">Mr. Graves of Missouri</cosponsor>, <cosponsor name-id="M001177">Mr. McClintock</cosponsor>, <cosponsor name-id="C001109">Ms. Cheney</cosponsor>, <cosponsor name-id="P000048">Mr. Pfluger</cosponsor>, <cosponsor name-id="C001039">Mrs. Cammack</cosponsor>, <cosponsor name-id="C001103">Mr. Carter of Georgia</cosponsor>, <cosponsor name-id="B001248">Mr. Burgess</cosponsor>, <cosponsor name-id="W000806">Mr. Webster of Florida</cosponsor>, <cosponsor name-id="R000395">Mr. Rogers of Kentucky</cosponsor>, <cosponsor name-id="A000055">Mr. Aderholt</cosponsor>, <cosponsor name-id="S001213">Mr. Steil</cosponsor>, <cosponsor name-id="F000246">Mr. Fallon</cosponsor>, <cosponsor name-id="R000585">Mr. Reed</cosponsor>, <cosponsor name-id="M001213">Mr. Moore of Utah</cosponsor>, <cosponsor name-id="G000558">Mr. Guthrie</cosponsor>, <cosponsor name-id="M000194">Ms. Mace</cosponsor>, and <cosponsor name-id="K000388">Mr. Kelly of Mississippi</cosponsor>) introduced the following bill; which was referred to the <committee-name committee-id="HJU00">Committee on the Judiciary</committee-name></action-desc></action><legis-type>A BILL</legis-type><official-title display="yes">To amend title 18, United States Code, to provide a means by which nonresidents of a State whose residents may carry concealed firearms may also do so in the State.</official-title></form><legis-body id="HCB376395AA02405A845F5344A1DDEBB3" style="OLC"><section id="HEE100E2D6BA04556B00C35CC8964B503" section-type="section-one"><enum>1.</enum><header>Short title</header><text display-inline="no-display-inline">This Act may be cited as the <quote><short-title>Concealed Carry Reciprocity Act</short-title></quote>.</text></section><section id="HBD3F3CA00AB040DF9B4F557AB071A7B5"><enum>2.</enum><header>Reciprocity for the carrying of certain concealed firearms</header><subsection id="HD963E46D869B45CFBF26EBCF84122E0E"><enum>(a)</enum><header>In general</header><text><external-xref legal-doc="usc-chapter" parsable-cite="usc-chapter/18/44">Chapter 44</external-xref> of title 18, United States Code, is amended by inserting after <external-xref legal-doc="usc" parsable-cite="usc/18/926C">section 926C</external-xref> the following:</text><quoted-block id="H9F596C2F6A4E49E0B5F48E47FDD49CB2" style="USC"><section id="H77DF70B3249948119104DEDC07EF4078"><enum>926D.</enum><header>Reciprocity for the carrying of certain concealed firearms</header><subsection id="H97196CDE2BA744E0A48CDCBF2E8D9C1D"><enum>(a)</enum><text display-inline="yes-display-inline">Notwithstanding any provision of the law of any State or political subdivision thereof (except as provided in subsection (b)) and subject only to the requirements of this section, a person who is not prohibited by Federal law from possessing, transporting, shipping, or receiving a firearm, who is carrying a valid identification document containing a photograph of the person, and who is carrying a valid license or permit which is issued pursuant to the law of a State and which permits the person to carry a concealed firearm or is entitled to carry a concealed firearm in the State in which the person resides, may possess or carry a concealed handgun (other than a machine gun or destructive device) that has been shipped or transported in interstate or foreign commerce, in any State that—</text><paragraph id="H7F7B9A27E07B4DEC99E693F4DE846D9B"><enum>(1)</enum><text>has a statute under which residents of the State may apply for a license or permit to carry a concealed firearm; or</text></paragraph><paragraph id="H50CAF0C7F1B84CA18E2A0F84B447F19A"><enum>(2)</enum><text>does not prohibit the carrying of concealed firearms by residents of the State for lawful purposes.</text></paragraph></subsection><subsection id="HBAD20C1B48A6490A98F4979C0B48116F"><enum>(b)</enum><text>This section shall not be construed to supersede or limit the laws of any State that—</text><paragraph id="HE5079A3A1D7048C7B824B0BEE2CE6012"><enum>(1)</enum><text>permit private persons or entities to prohibit or restrict the possession of concealed firearms on their property; or</text></paragraph><paragraph id="H7D7F0EA676E042EF90E3505AEFAF694F"><enum>(2)</enum><text>prohibit or restrict the possession of firearms on any State or local government property, installation, building, base, or park.</text></paragraph></subsection><subsection id="H6948C209D892467CAA51716EF64CA790"><enum>(c)</enum><paragraph commented="no" display-inline="yes-display-inline" id="H745AAE250133479680F92C24B373BCE3"><enum>(1)</enum><text>A person who carries or possesses a concealed handgun in accordance with subsections (a) and (b) may not be arrested or otherwise detained for violation of any law or any rule or regulation of a State or any political subdivision thereof related to the possession, transportation, or carrying of firearms unless there is probable cause to believe that the person is doing so in a manner not provided for by this section. Presentation of facially valid documents as specified in subsection (a) is prima facie evidence that the individual has a license or permit as required by this section.</text></paragraph><paragraph id="HC2375633A0B342E4A42FA910013EFC28" indent="up1"><enum>(2)</enum><text>When a person asserts this section as a defense in a criminal proceeding, the prosecution shall bear the burden of proving, beyond a reasonable doubt, that the conduct of the person did not satisfy the conditions set forth in subsections (a) and (b).</text></paragraph><paragraph id="H60B83158C84E4CBE962CD853117D66BD" indent="up1"><enum>(3)</enum><text>When a person successfully asserts this section as a defense in a criminal proceeding, the court shall award the prevailing defendant a reasonable attorney’s fee.</text></paragraph></subsection><subsection id="HBDA011DD6E3248CABBAF2DB492FB3BA9"><enum>(d)</enum><paragraph commented="no" display-inline="yes-display-inline" id="H4D49AF7C80694032A1DF96ED85A406DA"><enum>(1)</enum><text>A person who is deprived of any right, privilege, or immunity secured by this section, under color of any statute, ordinance, regulation, custom, or usage of any State or any political subdivision thereof, may bring an action in any appropriate court against any other person, including a State or political subdivision thereof, who causes the person to be subject to the deprivation, for damages or other appropriate relief.</text></paragraph><paragraph id="H2272754A86AB448AAAD05524150CBF54" indent="up1"><enum>(2)</enum><text>The court shall award a plaintiff prevailing in an action brought under paragraph (1) damages and such other relief as the court deems appropriate, including a reasonable attorney’s fee.</text></paragraph></subsection><subsection id="H7E65A3D7093244B397E8FBC668337CCF"><enum>(e)</enum><text>In subsection (a):</text><paragraph id="HF75213D7F91B4DF18FF79E29A5C6C4C3"><enum>(1)</enum><text>The term <term>identification document</term> means a document made or issued by or under the authority of the United States Government, a State, or a political subdivision of a State which, when completed with information concerning a particular individual, is of a type intended or commonly accepted for the purpose of identification of individuals.</text></paragraph><paragraph id="H267A370049AE4FFA8F4464EB3BF7A958"><enum>(2)</enum><text display-inline="yes-display-inline">The term <term>handgun</term> includes any magazine for use in a handgun and any ammunition loaded into the handgun or its magazine.</text></paragraph></subsection><subsection id="HEAF242348320421DB15C0D07332E4A7C"><enum>(f)</enum><paragraph commented="no" display-inline="yes-display-inline" id="H7B101FC0C6974BFCB1CF9DFA5FF9FAD8"><enum>(1)</enum><text>A person who possesses or carries a concealed handgun under subsection (a) shall not be subject to the prohibitions of section 922(q) with respect to that handgun.</text></paragraph><paragraph id="H929AB287C5624DE3AAD7323CAD5ECC3C" indent="up1"><enum>(2)</enum><text>A person possessing or carrying a concealed handgun in a State under subsection (a) may do so in any of the following areas in the State that are open to the public:</text><subparagraph id="H13ADE2FF99E74D7782C242C92E00DB38"><enum>(A)</enum><text display-inline="yes-display-inline">A unit of the National Park System.</text></subparagraph><subparagraph id="H80C6768F98BF43FFB021D98BC7DD7E22"><enum>(B)</enum><text>A unit of the National Wildlife Refuge System.</text></subparagraph><subparagraph id="H5C7539B3AD794681A5326DA06B5332A8"><enum>(C)</enum><text>Public land under the jurisdiction of the Bureau of Land Management.</text></subparagraph><subparagraph id="H9FB14048CC78415C9BE0359F8A14AF3F"><enum>(D)</enum><text>Land administered and managed by the Army Corps of Engineers.</text></subparagraph><subparagraph id="H902FF51AA588456EACD994B29F9C89C8"><enum>(E)</enum><text>Land administered and managed by the Bureau of Reclamation.</text></subparagraph><subparagraph id="HBBE1D30F162F4C46AA31BA6F496E145E"><enum>(F)</enum><text display-inline="yes-display-inline">Land administered and managed by the Forest Service.</text></subparagraph></paragraph></subsection></section><after-quoted-block>.</after-quoted-block></quoted-block></subsection><subsection id="H591BB3F8F833422B87D4A08D9072ADF2"><enum>(b)</enum><header>Clerical amendment</header><text>The table of sections for such chapter is amended by inserting after the item relating to section 926C the following:</text><quoted-block display-inline="no-display-inline" id="H601CB86CEB724A9BB06FBBF54E1E3940" style="USC"><toc container-level="quoted-block-container" idref="H9F596C2F6A4E49E0B5F48E47FDD49CB2" lowest-bolded-level="division-lowest-bolded" lowest-level="section" quoted-block="no-quoted-block" regeneration="yes-regeneration"><toc-entry idref="H77DF70B3249948119104DEDC07EF4078" level="section">926D. Reciprocity for the carrying of certain concealed firearms.</toc-entry></toc><after-quoted-block>.</after-quoted-block></quoted-block></subsection><subsection id="H458274C593824BDEB2D42B23DC6264A3"><enum>(c)</enum><header>Severability</header><text>Notwithstanding any other provision of this Act, if any provision of this section, or any amendment made by this section, or the application of such provision or amendment to any person or cir­cum­stance is held to be unconstitutional, this section and amendments made by this section and the application of such provision or amendment to other persons or circumstances shall not be affected thereby.</text></subsection><subsection id="H32F030827F2B4B1FB307A59B5CD89C74"><enum>(d)</enum><header>Effective date</header><text>The amendments made by this section shall take effect 90 days after the date of the enactment of this Act.</text></subsection></section></legis-body></bill> 

