<?xml version="1.0" encoding="UTF-8"?><mets xmlns="http://www.loc.gov/METS/" xmlns:utils="xalan://gov.gpo.fdsys.utils" xmlns:datetime="http://exslt.org/dates-and-times" xmlns:xalan="http://xml.apache.org/xalan" xmlns:xsi="http://www.w3.org/2001/XMLSchema-instance" xmlns:xlink="http://www.w3.org/1999/xlink" xsi:schemaLocation="http://www.loc.gov/METS/ http://www.loc.gov/standards/mets/mets.xsd" ID="P0b002ee1aacdeb96" LABEL="To amend title 28, United States Code, to provide that the United States district court for the District of Columbia shall have exclusive jurisdiction over actions arising under the immigration laws, and for other purposes." OBJID="BILLS-117hr44ih">
<metsHdr CREATEDATE="2022-03-10T21:19:23Z" LASTMODDATE="2022-03-10T21:19:23Z">
<agent ROLE="CREATOR" TYPE="ORGANIZATION">
<name>United States Government Publishing Office</name>
</agent>
</metsHdr>
<dmdSec ID="descriptive-metadata">
<mdRef ID="descriptive-metadata-mods" MIMETYPE="text/xml" LOCTYPE="URL" xlink:href="file://mods.xml" MDTYPE="MODS"/>
</dmdSec>
<amdSec>
<digiprovMD ID="provenance-metadata-premis">
<mdRef MIMETYPE="text/xml" LOCTYPE="URL" xlink:href="file://premis.xml" MDTYPE="PREMIS"/>
</digiprovMD>
</amdSec>
<fileSec><fileGrp USE="text/html"><file ID="FID1" MIMETYPE="text/html" SIZE="2268">
<FLocat LOCTYPE="URL" xlink:href="file://html/BILLS-117hr44ih.htm"/>
<FLocat LOCTYPE="URL" xlink:href="https://www.govinfo.gov/content/pkg/BILLS-117hr44ih/html/BILLS-117hr44ih.htm"/>
</file></fileGrp><fileGrp USE="text/xml"><file ID="FID2" MIMETYPE="text/xml" SIZE="4189">
<FLocat LOCTYPE="URL" xlink:href="file://xml/BILLS-117hr44ih.xml"/>
<FLocat LOCTYPE="URL" xlink:href="https://www.govinfo.gov/content/pkg/BILLS-117hr44ih/xml/BILLS-117hr44ih.xml"/>
</file></fileGrp><fileGrp USE="application/pdf"><file ID="FID3" MIMETYPE="application/pdf" SIZE="280517">
<FLocat LOCTYPE="URL" xlink:href="file://pdf/BILLS-117hr44ih.pdf"/>
<FLocat LOCTYPE="URL" xlink:href="https://www.govinfo.gov/content/pkg/BILLS-117hr44ih/pdf/BILLS-117hr44ih.pdf"/>
</file></fileGrp></fileSec>
<structMap>
<div>
<div ADMID="provenance-metadata-premis">
<fptr FILEID="FID1"/>
</div>
<div ADMID="provenance-metadata-premis">
<fptr FILEID="FID2"/>
</div>
<div ADMID="provenance-metadata-premis">
<fptr FILEID="FID3"/>
</div>
</div>
</structMap>
</mets>
