<?xml version="1.0"?>
<?xml-stylesheet type="text/xsl" href="billres.xsl"?>
<!DOCTYPE bill PUBLIC "-//US Congress//DTDs/bill.dtd//EN" "bill.dtd">
<bill bill-stage="Engrossed-in-House" dms-id="H4311DCDF9E8D4D06AB58251C7A77C386" public-private="public" key="H" bill-type="olc" stage-count="1">
<metadata xmlns:dc="http://purl.org/dc/elements/1.1/">
<dublinCore>
<dc:title>117 HR 26 EH: Construction Consensus Procurement Improvement Act of 2021</dc:title>
<dc:publisher>U.S. House of Representatives</dc:publisher>
<dc:date></dc:date>
<dc:format>text/xml</dc:format>
<dc:language>EN</dc:language>
<dc:rights>Pursuant to Title 17 Section 105 of the United States Code, this file is not subject to copyright protection and is in the public domain.</dc:rights>
</dublinCore>
</metadata>
<form>
<distribution-code display="no">I</distribution-code>
<congress display="yes">117th CONGRESS</congress><session display="yes">1st Session</session>
<legis-num display="yes">H. R. 26</legis-num>
<current-chamber display="no">IN THE HOUSE OF REPRESENTATIVES</current-chamber>
<legis-type>AN ACT</legis-type>
<official-title display="yes">To amend the Consolidated Appropriations Act, 2021, to correct a provision on the prohibition on the use of a reverse auction, and for other purposes.</official-title>
</form>
<legis-body id="HFF84097307B04A0594777A9987EAC902" style="OLC">
<section id="H1E2A674862E144C68442E661803D36A9" section-type="section-one"><enum>1.</enum><header>Short title</header><text display-inline="no-display-inline">This Act may be cited as the <quote><short-title>Construction Consensus Procurement Improvement Act of 2021</short-title></quote>.</text></section> <section id="H45850F4D227E46D6A787444AFB2C3DBE"><enum>2.</enum><header>Amendment</header><text display-inline="no-display-inline">Section 402 of title IV of division U of the Consolidated Appropriations Act, 2021, is amended to read as follows:</text>
<quoted-block style="appropriations" id="H471BE0B54B9348B19CE0AEA313ECD23A" display-inline="no-display-inline">
<section id="H67565496126840028AB919C45393700E"><enum>402.</enum><header>Prohibition on use of a reverse auction for the award of a contract for complex, specialized, or substantial design and construction services</header>
<subsection id="H4DB685A0F6C24152BCEEF64B048C7103"><enum>(a)</enum><header>Findings</header><text>Congress makes the following findings:</text> <paragraph id="HAFB44670B9494450A76448EC94CFD330"><enum>(1)</enum><text>In contrast to a traditional auction in which the buyers bid up the price, sellers bid down the price in a reverse auction.</text></paragraph>
<paragraph id="HE98CA640FF124E48B6720E46F2AF688F"><enum>(2)</enum><text>Reverse auctions, while providing value for the vast majority of Federal acquisitions, including certain construction-related acquisitions, are limited in value for complex, specialized, or substantial design and construction services.</text></paragraph></subsection> <subsection id="HDAE803C84F634BC7B3C5F523C52BEDC6"><enum>(b)</enum><header>Reverse auction defined</header><text>In this section, the term <term>reverse auction</term> means, with respect to any procurement by an executive agency, a real-time auction generally conducted through an electronic medium among two or more offerors who compete by submitting bids for a supply or service contract, or a delivery order, task order, or purchase order under the contract, with the ability to submit revised lower bids at any time before the closing of the auction.</text></subsection>
<subsection id="H3C76D8A78B2041F49491164AECCE1F96"><enum>(c)</enum><header>Prohibition</header>
<paragraph id="H52F6AD1C56B74EB9AB2BE5FE73D03FC3"><enum>(1)</enum><header>In general</header><text>Not later than 270 days after the date of the enactment of this section, the Federal Acquisition Regulation shall be amended to prohibit the use of reverse auctions for awarding contracts for complex, specialized, or substantial design and construction services.</text></paragraph> <paragraph id="HE6E732B9C95F4B139710C46C40AD4036"><enum>(2)</enum><header>Applicability to acquisitions above the simplified acquisition threshold</header><text>The prohibition on reverse auctions for complex, specialized, or substantial design and construction services shall apply only to acquisitions above the simplified acquisition threshold (SAT) for construction and design services pursuant to part 36 of the Federal Acquisition Regulation.</text></paragraph></subsection>
<subsection id="HAC82B2DC064C4AA8A768F4D78FC1E773"><enum>(d)</enum><header>Rulemaking for complex, specialized, or substantial services</header><text>Not later than 180 days after the date of the enactment of this section, the Federal Acquisition Regulatory Council shall promulgate a definition of complex, specialized, or substantial design and construction services, which shall include—</text> <paragraph id="HFAD8D362FC07448CA20A7A6683A4A17A"><enum>(1)</enum><text>site planning and landscape design;</text></paragraph>
<paragraph id="HBC8A4506C5F3463EA3F6096159B21828"><enum>(2)</enum><text>architectural and engineering services (as defined in section 1102 of title 40, United States Code);</text></paragraph> <paragraph id="H9F53A47461FE406BB977FC241ED0641F"><enum>(3)</enum><text>interior design;</text></paragraph>
<paragraph id="HE2AE7A6E23D645C5AECE587F0AD42F2F"><enum>(4)</enum><text>performance of substantial construction work for facility, infrastructure, and environmental restoration projects; and</text></paragraph> <paragraph id="HC3831164D6BD4EE1AB79B0E025659E5B"><enum>(5)</enum><text>construction or substantial alteration of public buildings or public works.</text></paragraph></subsection>
<subsection id="HFB553AE3AB904C64BBCA1093FA35121F"><enum>(e)</enum><header>Rule of construction</header><text>Nothing in this section shall be construed to restrict the use of reverse auctions for the procurement of other goods and services except as specifically provided for under this section.</text></subsection> <subsection id="HE867999A02FE4AB68022821C8EBA80E1"><enum>(f)</enum><header>Report</header><text>Not later than two years after the date of the enactment of this section, the Administrator of General Services shall submit to the Committee on Homeland Security and Governmental Affairs of the Senate and the Committee on Oversight and Reform of the House of Representatives a report on the effectiveness of this section in delivering complex, specialized, or substantial design and construction services to the United States Government.</text></subsection></section><after-quoted-block>.</after-quoted-block></quoted-block></section>
<section id="H095B62FFCAC84716813F4A28C00D8E38"><enum>3.</enum><header>Determination of budgetary effects</header><text display-inline="no-display-inline">The budgetary effects of this Act, for the purpose of complying with the Statutory Pay-As-You-Go Act of 2010, shall be determined by reference to the latest statement titled <quote>Budgetary Effects of PAYGO Legislation</quote> for this Act, submitted for printing in the Congressional Record by the Chairman of the House Budget Committee, provided that such statement has been submitted prior to the vote on passage.</text></section> </legis-body><attestation><attestation-group><attestation-date date="20210105" chamber="House">Passed the House of Representatives January 5, 2021.</attestation-date><attestor display="no">Cheryl L. Johnson,</attestor><role>Clerk.</role></attestation-group></attestation> <endorsement display="yes"></endorsement> </bill> 

