<mods xmlns:xlink="http://www.w3.org/1999/xlink" xmlns:xsi="http://www.w3.org/2001/XMLSchema-instance" xmlns="http://www.loc.gov/mods/v3" version="3.3" xsi:schemaLocation="http://www.loc.gov/mods/v3 http://www.loc.gov/standards/mods/v3/mods-3-3.xsd" ID="P0b002ee1aacd4450">
<name type="corporate">
 <namePart>United States Government Publishing Office</namePart>
 <role>
  <roleTerm authority="marcrelator" type="text">publisher</roleTerm>
  <roleTerm authority="marcrelator" type="code">pbl</roleTerm>
</role>
 <role>
  <roleTerm authority="marcrelator" type="text">distributor</roleTerm>
  <roleTerm authority="marcrelator" type="code">dst</roleTerm>
</role>
</name>
<name type="corporate">
 <namePart>United States</namePart>
 <namePart>Congress</namePart>
 <namePart>House of Representatives</namePart>
 <role>
  <roleTerm authority="marcrelator" type="text">author</roleTerm>
  <roleTerm authority="marcrelator" type="code">aut</roleTerm>
</role>
 <description>Government Organization</description>
</name>
<typeOfResource>text</typeOfResource>
<genre authority="marcgt">government publication</genre>
<language>
 <languageTerm type="code" authority="iso639-2b">eng</languageTerm>
</language>
<extension>
 <collectionCode>BILLS</collectionCode>
 <searchTitle>To expand Americans’ access to the ballot box, reduce the influence of big money in politics, strengthen ethics rules for public servants, and implement other anti-corruption measures for the purpose of fortifying our democracy, and for other purposes.;For the People Act of 2021;Voter Registration Modernization Act of 2021;Deceptive Practices and Voter Intimidation Prevention Act of 2021;Democracy Restoration Act of 2021;Voter Confidence and Increased Accessibility Act of 2021;Redistricting Reform Act of 2021;Stop Automatically Voiding Eligible Voters Off Their Enlisted Rolls in States Act;SAVE VOTERS Act;Democracy Is Strengthened by Casting Light On Spending in Elections Act of 2021;DISCLOSE Act of 2021;Honest Ads Act;Stand By Every Ad Act;Government By the People Act of 2021;Empower Act of 2021;Stop Super PAC-Candidate Coordination Act;Executive Branch Conflict of Interest Act;White House Ethics Transparency Act of 2021;Executive Branch Comprehensive Ethics Enforcement Act of 2021;Conflicts from Political Fundraising Act of 2021;Transition Team Ethics Improvement Act;Ethics in Public Service Act;Stop Waste And Misuse by Presidential Flyers Landing Yet Evading Rules and Standards;SWAMP FLYERS;Connecting Lobbyists and Electeds for Accountability and Reform Act;CLEAR Act;Access to Congressionally Mandated Reports Act;Voter Registration Efficiency Act;Voter Empowerment Act of 2021;Automatic Voter Registration Act of 2021;Election Security Act;Prevent Election Hacking Act of 2021;Presidential Inaugural Committee Oversight Act;Help America Run Act;Restoring Integrity to America’s Elections Act;Presidential Conflicts of Interest Act of 2021;H.R. 1 (IH)
    </searchTitle>
 <category>Bills and Statutes</category>
 <waisDatabaseName>117_cong_bills</waisDatabaseName>
 <branch>legislative</branch>
 <dateIngested>2021-01-13</dateIngested>
</extension>
<titleInfo>
 <title>To expand Americans’ access to the ballot box, reduce the influence of big money in politics, strengthen ethics rules for public servants, and implement other anti-corruption measures for the purpose of fortifying our democracy, and for other purposes.</title>
</titleInfo>
<titleInfo type="alternative">
 <title>For the People Act of 2021</title>
</titleInfo>
<titleInfo type="alternative">
 <title>Voter Registration Modernization Act of 2021</title>
</titleInfo>
<titleInfo type="alternative">
 <title>Deceptive Practices and Voter Intimidation Prevention Act of 2021</title>
</titleInfo>
<titleInfo type="alternative">
 <title>Democracy Restoration Act of 2021</title>
</titleInfo>
<titleInfo type="alternative">
 <title>Voter Confidence and Increased Accessibility Act of 2021</title>
</titleInfo>
<titleInfo type="alternative">
 <title>Redistricting Reform Act of 2021</title>
</titleInfo>
<titleInfo type="alternative">
 <title>Stop Automatically Voiding Eligible Voters Off Their Enlisted Rolls in States Act</title>
</titleInfo>
<titleInfo type="alternative">
 <title>SAVE VOTERS Act</title>
</titleInfo>
<titleInfo type="alternative">
 <title>Democracy Is Strengthened by Casting Light On Spending in Elections Act of 2021</title>
</titleInfo>
<titleInfo type="alternative">
 <title>DISCLOSE Act of 2021</title>
</titleInfo>
<titleInfo type="alternative">
 <title>Honest Ads Act</title>
</titleInfo>
<titleInfo type="alternative">
 <title>Stand By Every Ad Act</title>
</titleInfo>
<titleInfo type="alternative">
 <title>Government By the People Act of 2021</title>
</titleInfo>
<titleInfo type="alternative">
 <title>Empower Act of 2021</title>
</titleInfo>
<titleInfo type="alternative">
 <title>Stop Super PAC-Candidate Coordination Act</title>
</titleInfo>
<titleInfo type="alternative">
 <title>Executive Branch Conflict of Interest Act</title>
</titleInfo>
<titleInfo type="alternative">
 <title>White House Ethics Transparency Act of 2021</title>
</titleInfo>
<titleInfo type="alternative">
 <title>Executive Branch Comprehensive Ethics Enforcement Act of 2021</title>
</titleInfo>
<titleInfo type="alternative">
 <title>Conflicts from Political Fundraising Act of 2021</title>
</titleInfo>
<titleInfo type="alternative">
 <title>Transition Team Ethics Improvement Act</title>
</titleInfo>
<titleInfo type="alternative">
 <title>Ethics in Public Service Act</title>
</titleInfo>
<titleInfo type="alternative">
 <title>Stop Waste And Misuse by Presidential Flyers Landing Yet Evading Rules and Standards</title>
</titleInfo>
<titleInfo type="alternative">
 <title>SWAMP FLYERS</title>
</titleInfo>
<titleInfo type="alternative">
 <title>Connecting Lobbyists and Electeds for Accountability and Reform Act</title>
</titleInfo>
<titleInfo type="alternative">
 <title>CLEAR Act</title>
</titleInfo>
<titleInfo type="alternative">
 <title>Access to Congressionally Mandated Reports Act</title>
</titleInfo>
<titleInfo type="alternative">
 <title>Voter Registration Efficiency Act</title>
</titleInfo>
<titleInfo type="alternative">
 <title>Voter Empowerment Act of 2021</title>
</titleInfo>
<titleInfo type="alternative">
 <title>Automatic Voter Registration Act of 2021</title>
</titleInfo>
<titleInfo type="alternative">
 <title>Election Security Act</title>
</titleInfo>
<titleInfo type="alternative">
 <title>Prevent Election Hacking Act of 2021</title>
</titleInfo>
<titleInfo type="alternative">
 <title>Presidential Inaugural Committee Oversight Act</title>
</titleInfo>
<titleInfo type="alternative">
 <title>Help America Run Act</title>
</titleInfo>
<titleInfo type="alternative">
 <title>Restoring Integrity to America’s Elections Act</title>
</titleInfo>
<titleInfo type="alternative">
 <title>Presidential Conflicts of Interest Act of 2021</title>
</titleInfo>
<titleInfo type="alternative">
 <title>H.R. 1 (IH)
    </title>
</titleInfo>
<originInfo>
 <publisher>U.S. Government Publishing Office</publisher>
 <dateIssued encoding="w3cdtf">2021-01-04</dateIssued>
 <issuance>monographic</issuance>
</originInfo>
<physicalDescription>
 <note type="source content type">deposited</note>
 <digitalOrigin>born digital</digitalOrigin>
 <extent>791 p.</extent>
</physicalDescription>
<classification authority="sudocs">Y 1.6:</classification>
<classification authority="sudocs">Y 1.4/6:</classification>
<identifier type="local">P0b002ee1aacd4450</identifier>
<identifier type="uri">https://www.govinfo.gov/app/details/BILLS-117hr1ih</identifier>
<identifier type="preferred citation">H.R. 1</identifier>
<identifier type="stock number">021-610-00252-9</identifier>
<identifier type="Parent ILS system id">000501532</identifier>
<identifier type="Child ILS system id">000325573</identifier>
<identifier type="Parent ILS title">Congressional bills</identifier>
<identifier type="Child ILS title">House bills</identifier>
<identifier type="former package identifier">f:h1_ih.txt</identifier>
<location>
 <url displayLabel="Content Detail" access="object in context">https://www.govinfo.gov/app/details/BILLS-117hr1ih</url>
 <url displayLabel="HTML rendition" access="raw object">https://www.govinfo.gov/content/pkg/BILLS-117hr1ih/html/BILLS-117hr1ih.htm</url>
 <url displayLabel="PDF rendition" access="raw object">https://www.govinfo.gov/content/pkg/BILLS-117hr1ih/pdf/BILLS-117hr1ih.pdf</url>
 <url displayLabel="XML rendition" access="raw object">https://www.govinfo.gov/content/pkg/BILLS-117hr1ih/xml/BILLS-117hr1ih.xml</url>
</location>
<accessCondition type="GPO scope determination">fdlp</accessCondition>
<recordInfo>
 <recordContentSource authority="marcorg">DGPO</recordContentSource>
 <recordCreationDate encoding="w3cdtf">2021-01-13</recordCreationDate>
 <recordChangeDate encoding="w3cdtf">2021-01-13</recordChangeDate>
 <recordIdentifier source="DGPO">BILLS-117hr1ih</recordIdentifier>
 <recordOrigin>machine generated</recordOrigin>
 <languageOfCataloging>
  <languageTerm type="code" authority="iso639-2b">eng</languageTerm>
</languageOfCataloging>
</recordInfo>
<name type="personal">
 <namePart>John P. Sarbanes</namePart>
 <affiliation>United States House of Representatives</affiliation>
 <role>
  <roleTerm authority="marcrelator" type="text">sponsor</roleTerm>
  <roleTerm authority="marcrelator" type="code">spn</roleTerm>
</role>
 <description>United States Congress Member</description>
</name>
<name type="personal">
 <namePart>Nancy Pelosi</namePart>
 <affiliation>United States House of Representatives</affiliation>
 <role>
  <roleTerm type="text">cosponsor</roleTerm>
</role>
 <description>United States Congress Member</description>
</name>
<name type="personal">
 <namePart>Zoe Lofgren</namePart>
 <affiliation>United States House of Representatives</affiliation>
 <role>
  <roleTerm type="text">cosponsor</roleTerm>
</role>
 <description>United States Congress Member</description>
</name>
<name type="corporate">
 <namePart>United States</namePart>
 <namePart>Congress</namePart>
 <namePart>House of Representatives</namePart>
 <namePart>Permanent Select Committee on Intelligence</namePart>
 <role>
  <roleTerm authority="marcrelator" type="text">associated name</roleTerm>
  <roleTerm authority="marcrelator" type="code">asn</roleTerm>
</role>
</name>
<name type="corporate">
 <namePart>United States</namePart>
 <namePart>Congress</namePart>
 <namePart>House of Representatives</namePart>
 <namePart>Committee on Armed Services</namePart>
 <role>
  <roleTerm authority="marcrelator" type="text">associated name</roleTerm>
  <roleTerm authority="marcrelator" type="code">asn</roleTerm>
</role>
</name>
<name type="corporate">
 <namePart>United States</namePart>
 <namePart>Congress</namePart>
 <namePart>House of Representatives</namePart>
 <namePart>Committee on Financial Services</namePart>
 <role>
  <roleTerm authority="marcrelator" type="text">associated name</roleTerm>
  <roleTerm authority="marcrelator" type="code">asn</roleTerm>
</role>
</name>
<name type="corporate">
 <namePart>United States</namePart>
 <namePart>Congress</namePart>
 <namePart>House of Representatives</namePart>
 <namePart>Committee on Education and Labor</namePart>
 <role>
  <roleTerm authority="marcrelator" type="text">associated name</roleTerm>
  <roleTerm authority="marcrelator" type="code">asn</roleTerm>
</role>
</name>
<name type="corporate">
 <namePart>United States</namePart>
 <namePart>Congress</namePart>
 <namePart>House of Representatives</namePart>
 <namePart>Committee on Oversight and Reform</namePart>
 <role>
  <roleTerm authority="marcrelator" type="text">associated name</roleTerm>
  <roleTerm authority="marcrelator" type="code">asn</roleTerm>
</role>
</name>
<name type="corporate">
 <namePart>United States</namePart>
 <namePart>Congress</namePart>
 <namePart>House of Representatives</namePart>
 <namePart>Committee on House Administration</namePart>
 <role>
  <roleTerm authority="marcrelator" type="text">associated name</roleTerm>
  <roleTerm authority="marcrelator" type="code">asn</roleTerm>
</role>
</name>
<name type="corporate">
 <namePart>United States</namePart>
 <namePart>Congress</namePart>
 <namePart>House of Representatives</namePart>
 <namePart>Committee on Homeland Security</namePart>
 <role>
  <roleTerm authority="marcrelator" type="text">associated name</roleTerm>
  <roleTerm authority="marcrelator" type="code">asn</roleTerm>
</role>
</name>
<name type="corporate">
 <namePart>United States</namePart>
 <namePart>Congress</namePart>
 <namePart>House of Representatives</namePart>
 <namePart>Committee on the Judiciary</namePart>
 <role>
  <roleTerm authority="marcrelator" type="text">associated name</roleTerm>
  <roleTerm authority="marcrelator" type="code">asn</roleTerm>
</role>
</name>
<name type="corporate">
 <namePart>United States</namePart>
 <namePart>Congress</namePart>
 <namePart>House of Representatives</namePart>
 <namePart>Committee on Ethics</namePart>
 <role>
  <roleTerm authority="marcrelator" type="text">associated name</roleTerm>
  <roleTerm authority="marcrelator" type="code">asn</roleTerm>
</role>
</name>
<name type="corporate">
 <namePart>United States</namePart>
 <namePart>Congress</namePart>
 <namePart>House of Representatives</namePart>
 <namePart>Committee on Science, Space, and Technology</namePart>
 <role>
  <roleTerm authority="marcrelator" type="text">associated name</roleTerm>
  <roleTerm authority="marcrelator" type="code">asn</roleTerm>
</role>
</name>
<name type="corporate">
 <namePart>United States</namePart>
 <namePart>Congress</namePart>
 <namePart>House of Representatives</namePart>
 <namePart>Committee on Ways and Means</namePart>
 <role>
  <roleTerm authority="marcrelator" type="text">associated name</roleTerm>
  <roleTerm authority="marcrelator" type="code">asn</roleTerm>
</role>
</name>
<relatedItem type="isReferencedBy">
 <titleInfo>
  <title>United States Code</title>
  <partNumber>Title 2 Section 1402(b)(2)(B)</partNumber>
  <partNumber>Title 2 Section 1415(d)(1)(C)</partNumber>
  <partNumber>Title 2 Section 1601et seq.</partNumber>
  <partNumber>Title 2 Section 1602</partNumber>
  <partNumber>Title 2 Section 1602(10)</partNumber>
  <partNumber>Title 2 Section 1602(4)(D)</partNumber>
  <partNumber>Title 2 Section 1602(7)</partNumber>
  <partNumber>Title 2 Section 1602(8)</partNumber>
  <partNumber>Title 2 Section 1603(a)</partNumber>
  <partNumber>Title 2 Section 1609</partNumber>
  <partNumber>Title 2 Section 2a</partNumber>
  <partNumber>Title 2 Section 2a(c)</partNumber>
</titleInfo>
 <identifier type="USC citation">2 U.S.C. 1402(b)(2)(B)</identifier>
 <identifier type="USC citation">2 U.S.C. 1415(d)(1)(C)</identifier>
 <identifier type="USC citation">2 U.S.C. 1601et seq.</identifier>
 <identifier type="USC citation">2 U.S.C. 1602</identifier>
 <identifier type="USC citation">2 U.S.C. 1602(10)</identifier>
 <identifier type="USC citation">2 U.S.C. 1602(4)(D)</identifier>
 <identifier type="USC citation">2 U.S.C. 1602(7)</identifier>
 <identifier type="USC citation">2 U.S.C. 1602(8)</identifier>
 <identifier type="USC citation">2 U.S.C. 1603(a)</identifier>
 <identifier type="USC citation">2 U.S.C. 1609</identifier>
 <identifier type="USC citation">2 U.S.C. 2a</identifier>
 <identifier type="USC citation">2 U.S.C. 2a(c)</identifier>
</relatedItem>
<relatedItem type="isReferencedBy">
 <titleInfo>
  <title>United States Code</title>
  <partNumber>Title 3 Section 102note</partNumber>
</titleInfo>
 <identifier type="USC citation">3 U.S.C. 102note</identifier>
</relatedItem>
<relatedItem type="isReferencedBy">
 <titleInfo>
  <title>United States Code</title>
  <partNumber>Title 5 Section 101</partNumber>
  <partNumber>Title 5 Section 105</partNumber>
  <partNumber>Title 5 Section 2104</partNumber>
  <partNumber>Title 5 Section 3110</partNumber>
  <partNumber>Title 5 Section 3132(a)</partNumber>
  <partNumber>Title 5 Section 5312</partNumber>
  <partNumber>Title 5 Section 5316</partNumber>
  <partNumber>Title 5 Section 5317</partNumber>
  <partNumber>Title 5 Section 552</partNumber>
  <partNumber>Title 5 Section 7323(b)</partNumber>
  <partNumber>Title 5 Chapter 5</partNumber>
  <partNumber>Title 5 Chapter 53</partNumber>
  <partNumber>Title 5 Chapter 57</partNumber>
  <partNumber>Title 5 Chapter 7</partNumber>
  <partNumber>Title 5 Appendix 101</partNumber>
  <partNumber>Title 5 Appendix 109</partNumber>
  <partNumber>Title 5 Appendix 109</partNumber>
  <partNumber>Title 5 Appendix 109</partNumber>
</titleInfo>
 <identifier type="USC citation">5 U.S.C. 101</identifier>
 <identifier type="USC citation">5 U.S.C. 105</identifier>
 <identifier type="USC citation">5 U.S.C. 2104</identifier>
 <identifier type="USC citation">5 U.S.C. 3110</identifier>
 <identifier type="USC citation">5 U.S.C. 3132(a)</identifier>
 <identifier type="USC citation">5 U.S.C. 5312</identifier>
 <identifier type="USC citation">5 U.S.C. 5316</identifier>
 <identifier type="USC citation">5 U.S.C. 5317</identifier>
 <identifier type="USC citation">5 U.S.C. 552</identifier>
 <identifier type="USC citation">5 U.S.C. 7323(b)</identifier>
 <identifier type="USC citation">5 U.S.C. Chapter 5</identifier>
 <identifier type="USC citation">5 U.S.C. Chapter 53</identifier>
 <identifier type="USC citation">5 U.S.C. Chapter 57</identifier>
 <identifier type="USC citation">5 U.S.C. Chapter 7</identifier>
 <identifier type="USC citation">5 U.S.C. App. 101</identifier>
 <identifier type="USC citation">5 U.S.C. App. 109</identifier>
 <identifier type="USC citation">5 U.S.C. App. 109</identifier>
 <identifier type="USC citation">5 U.S.C. App. 109</identifier>
</relatedItem>
<relatedItem type="isReferencedBy">
 <titleInfo>
  <title>United States Code</title>
  <partNumber>Title 6 Section 101</partNumber>
  <partNumber>Title 6 Section 121</partNumber>
  <partNumber>Title 6 Section 148</partNumber>
  <partNumber>Title 6 Section 1501</partNumber>
  <partNumber>Title 6 Section 181et seq.</partNumber>
  <partNumber>Title 6 Section 601(3)</partNumber>
  <partNumber>Title 6 Section 659(c)</partNumber>
</titleInfo>
 <identifier type="USC citation">6 U.S.C. 101</identifier>
 <identifier type="USC citation">6 U.S.C. 121</identifier>
 <identifier type="USC citation">6 U.S.C. 148</identifier>
 <identifier type="USC citation">6 U.S.C. 1501</identifier>
 <identifier type="USC citation">6 U.S.C. 181et seq.</identifier>
 <identifier type="USC citation">6 U.S.C. 601(3)</identifier>
 <identifier type="USC citation">6 U.S.C. 659(c)</identifier>
</relatedItem>
<relatedItem type="isReferencedBy">
 <titleInfo>
  <title>United States Code</title>
  <partNumber>Title 8 Section 1101(a)</partNumber>
  <partNumber>Title 8 Section 1101(a)(20)</partNumber>
  <partNumber>Title 8 Section 1101(a)(22)</partNumber>
  <partNumber>Title 8 Section 1182(a)(3)</partNumber>
  <partNumber>Title 8 Section 1189</partNumber>
  <partNumber>Title 8 Section 1227(a)</partNumber>
</titleInfo>
 <identifier type="USC citation">8 U.S.C. 1101(a)</identifier>
 <identifier type="USC citation">8 U.S.C. 1101(a)(20)</identifier>
 <identifier type="USC citation">8 U.S.C. 1101(a)(22)</identifier>
 <identifier type="USC citation">8 U.S.C. 1182(a)(3)</identifier>
 <identifier type="USC citation">8 U.S.C. 1189</identifier>
 <identifier type="USC citation">8 U.S.C. 1227(a)</identifier>
</relatedItem>
<relatedItem type="isReferencedBy">
 <titleInfo>
  <title>United States Code</title>
  <partNumber>Title 13 Section 141</partNumber>
</titleInfo>
 <identifier type="USC citation">13 U.S.C. 141</identifier>
</relatedItem>
<relatedItem type="isReferencedBy">
 <titleInfo>
  <title>United States Code</title>
  <partNumber>Title 15 Section 632</partNumber>
  <partNumber>Title 15 Section 637(d)(3)(C)</partNumber>
  <partNumber>Title 15 Section 78aet seq.</partNumber>
  <partNumber>Title 15 Section 78l</partNumber>
  <partNumber>Title 15 Section 78o(d)</partNumber>
  <partNumber>Title 15 Section 78u-1</partNumber>
</titleInfo>
 <identifier type="USC citation">15 U.S.C. 632</identifier>
 <identifier type="USC citation">15 U.S.C. 637(d)(3)(C)</identifier>
 <identifier type="USC citation">15 U.S.C. 78aet seq.</identifier>
 <identifier type="USC citation">15 U.S.C. 78l</identifier>
 <identifier type="USC citation">15 U.S.C. 78o(d)</identifier>
 <identifier type="USC citation">15 U.S.C. 78u-1</identifier>
</relatedItem>
<relatedItem type="isReferencedBy">
 <titleInfo>
  <title>United States Code</title>
  <partNumber>Title 18 Section s</partNumber>
  <partNumber>Title 18 Section 1001</partNumber>
  <partNumber>Title 18 Section 1030</partNumber>
  <partNumber>Title 18 Section 1151</partNumber>
  <partNumber>Title 18 Section 207</partNumber>
  <partNumber>Title 18 Section 207(c)</partNumber>
  <partNumber>Title 18 Section 207(d)</partNumber>
  <partNumber>Title 18 Section 207(i)</partNumber>
  <partNumber>Title 18 Section 208</partNumber>
  <partNumber>Title 18 Section 209</partNumber>
  <partNumber>Title 18 Section 3015</partNumber>
  <partNumber>Title 18 Section 431</partNumber>
  <partNumber>Title 18 Section 594</partNumber>
  <partNumber>Title 18 Section 594(a)</partNumber>
  <partNumber>Title 18 Section 612</partNumber>
  <partNumber>Title 18 Section 613</partNumber>
  <partNumber>Title 18 Chapter 201</partNumber>
  <partNumber>Title 18 Chapter 23</partNumber>
  <partNumber>Title 18 Chapter 29</partNumber>
  <partNumber>Title 18 Chapter 201</partNumber>
</titleInfo>
 <identifier type="USC citation">18 U.S.C. s</identifier>
 <identifier type="USC citation">18 U.S.C. 1001</identifier>
 <identifier type="USC citation">18 U.S.C. 1030</identifier>
 <identifier type="USC citation">18 U.S.C. 1151</identifier>
 <identifier type="USC citation">18 U.S.C. 207</identifier>
 <identifier type="USC citation">18 U.S.C. 207(c)</identifier>
 <identifier type="USC citation">18 U.S.C. 207(d)</identifier>
 <identifier type="USC citation">18 U.S.C. 207(i)</identifier>
 <identifier type="USC citation">18 U.S.C. 208</identifier>
 <identifier type="USC citation">18 U.S.C. 209</identifier>
 <identifier type="USC citation">18 U.S.C. 3015</identifier>
 <identifier type="USC citation">18 U.S.C. 431</identifier>
 <identifier type="USC citation">18 U.S.C. 594</identifier>
 <identifier type="USC citation">18 U.S.C. 594(a)</identifier>
 <identifier type="USC citation">18 U.S.C. 612</identifier>
 <identifier type="USC citation">18 U.S.C. 613</identifier>
 <identifier type="USC citation">18 U.S.C. Chapter 201</identifier>
 <identifier type="USC citation">18 U.S.C. Chapter 23</identifier>
 <identifier type="USC citation">18 U.S.C. Chapter 29</identifier>
 <identifier type="USC citation">18 U.S.C. Chapter 201</identifier>
</relatedItem>
<relatedItem type="isReferencedBy">
 <titleInfo>
  <title>United States Code</title>
  <partNumber>Title 20 Section 1001(a)</partNumber>
  <partNumber>Title 20 Section 1003(7)</partNumber>
  <partNumber>Title 20 Section 1061</partNumber>
  <partNumber>Title 20 Section 1067q(a)</partNumber>
  <partNumber>Title 20 Section 1094</partNumber>
  <partNumber>Title 20 Section 1094(a)(23)</partNumber>
  <partNumber>Title 20 Section 7801</partNumber>
  <partNumber>Title 20 Section 9871(e)(2)</partNumber>
</titleInfo>
 <identifier type="USC citation">20 U.S.C. 1001(a)</identifier>
 <identifier type="USC citation">20 U.S.C. 1003(7)</identifier>
 <identifier type="USC citation">20 U.S.C. 1061</identifier>
 <identifier type="USC citation">20 U.S.C. 1067q(a)</identifier>
 <identifier type="USC citation">20 U.S.C. 1094</identifier>
 <identifier type="USC citation">20 U.S.C. 1094(a)(23)</identifier>
 <identifier type="USC citation">20 U.S.C. 7801</identifier>
 <identifier type="USC citation">20 U.S.C. 9871(e)(2)</identifier>
</relatedItem>
<relatedItem type="isReferencedBy">
 <titleInfo>
  <title>United States Code</title>
  <partNumber>Title 22 Section 611(b)</partNumber>
  <partNumber>Title 22 Section 611et seq.</partNumber>
  <partNumber>Title 22 Section 612(a)</partNumber>
  <partNumber>Title 22 Section 612(g)</partNumber>
  <partNumber>Title 22 Section 616(d)(1)</partNumber>
  <partNumber>Title 22 Section 618</partNumber>
</titleInfo>
 <identifier type="USC citation">22 U.S.C. 611(b)</identifier>
 <identifier type="USC citation">22 U.S.C. 611et seq.</identifier>
 <identifier type="USC citation">22 U.S.C. 612(a)</identifier>
 <identifier type="USC citation">22 U.S.C. 612(g)</identifier>
 <identifier type="USC citation">22 U.S.C. 616(d)(1)</identifier>
 <identifier type="USC citation">22 U.S.C. 618</identifier>
</relatedItem>
<relatedItem type="isReferencedBy">
 <titleInfo>
  <title>United States Code</title>
  <partNumber>Title 25 Section 5304</partNumber>
</titleInfo>
 <identifier type="USC citation">25 U.S.C. 5304</identifier>
</relatedItem>
<relatedItem type="isReferencedBy">
 <titleInfo>
  <title>United States Code</title>
  <partNumber>Title 28 Section 2284</partNumber>
  <partNumber>Title 28 Section 535</partNumber>
  <partNumber>Title 28 Section 994</partNumber>
  <partNumber>Title 28 Section 994note</partNumber>
  <partNumber>Title 28 Chapter 57</partNumber>
</titleInfo>
 <identifier type="USC citation">28 U.S.C. 2284</identifier>
 <identifier type="USC citation">28 U.S.C. 535</identifier>
 <identifier type="USC citation">28 U.S.C. 994</identifier>
 <identifier type="USC citation">28 U.S.C. 994note</identifier>
 <identifier type="USC citation">28 U.S.C. Chapter 57</identifier>
</relatedItem>
<relatedItem type="isReferencedBy">
 <titleInfo>
  <title>United States Code</title>
  <partNumber>Title 29 Section 701et seq.</partNumber>
  <partNumber>Title 29 Section 794d</partNumber>
</titleInfo>
 <identifier type="USC citation">29 U.S.C. 701et seq.</identifier>
 <identifier type="USC citation">29 U.S.C. 794d</identifier>
</relatedItem>
<relatedItem type="isReferencedBy">
 <titleInfo>
  <title>United States Code</title>
  <partNumber>Title 31 Section s</partNumber>
  <partNumber>Title 31 Section 9706</partNumber>
  <partNumber>Title 31 Chapter 97</partNumber>
  <partNumber>Title 31 Chapter 97</partNumber>
</titleInfo>
 <identifier type="USC citation">31 U.S.C. s</identifier>
 <identifier type="USC citation">31 U.S.C. 9706</identifier>
 <identifier type="USC citation">31 U.S.C. Chapter 97</identifier>
 <identifier type="USC citation">31 U.S.C. Chapter 97</identifier>
</relatedItem>
<relatedItem type="isReferencedBy">
 <titleInfo>
  <title>United States Code</title>
  <partNumber>Title 36 Section 501</partNumber>
  <partNumber>Title 36 Section 510</partNumber>
  <partNumber>Title 36 Section 90102(c)</partNumber>
  <partNumber>Title 36 Chapter 5</partNumber>
</titleInfo>
 <identifier type="USC citation">36 U.S.C. 501</identifier>
 <identifier type="USC citation">36 U.S.C. 510</identifier>
 <identifier type="USC citation">36 U.S.C. 90102(c)</identifier>
 <identifier type="USC citation">36 U.S.C. Chapter 5</identifier>
</relatedItem>
<relatedItem type="isReferencedBy">
 <titleInfo>
  <title>United States Code</title>
  <partNumber>Title 39 Section 3406</partNumber>
  <partNumber>Title 39 Chapter 34</partNumber>
</titleInfo>
 <identifier type="USC citation">39 U.S.C. 3406</identifier>
 <identifier type="USC citation">39 U.S.C. Chapter 34</identifier>
</relatedItem>
<relatedItem type="isReferencedBy">
 <titleInfo>
  <title>United States Code</title>
  <partNumber>Title 40 Section 102</partNumber>
</titleInfo>
 <identifier type="USC citation">40 U.S.C. 102</identifier>
</relatedItem>
<relatedItem type="isReferencedBy">
 <titleInfo>
  <title>United States Code</title>
  <partNumber>Title 41 Section 2103(a)</partNumber>
  <partNumber>Title 41 Section 2104</partNumber>
  <partNumber>Title 41 Chapter 21</partNumber>
</titleInfo>
 <identifier type="USC citation">41 U.S.C. 2103(a)</identifier>
 <identifier type="USC citation">41 U.S.C. 2104</identifier>
 <identifier type="USC citation">41 U.S.C. Chapter 21</identifier>
</relatedItem>
<relatedItem type="isReferencedBy">
 <titleInfo>
  <title>United States Code</title>
  <partNumber>Title 42 Section 12101et seq.</partNumber>
  <partNumber>Title 42 Section 12102</partNumber>
  <partNumber>Title 42 Section 1396et seq.</partNumber>
  <partNumber>Title 42 Section 15002</partNumber>
  <partNumber>Title 42 Section 15401et seq.</partNumber>
  <partNumber>Title 42 Section 1983</partNumber>
  <partNumber>Title 42 Section 2000ee</partNumber>
  <partNumber>Title 42 Section 290b(j)(2)</partNumber>
  <partNumber>Title 42 Section 501et seq.</partNumber>
</titleInfo>
 <identifier type="USC citation">42 U.S.C. 12101et seq.</identifier>
 <identifier type="USC citation">42 U.S.C. 12102</identifier>
 <identifier type="USC citation">42 U.S.C. 1396et seq.</identifier>
 <identifier type="USC citation">42 U.S.C. 15002</identifier>
 <identifier type="USC citation">42 U.S.C. 15401et seq.</identifier>
 <identifier type="USC citation">42 U.S.C. 1983</identifier>
 <identifier type="USC citation">42 U.S.C. 2000ee</identifier>
 <identifier type="USC citation">42 U.S.C. 290b(j)(2)</identifier>
 <identifier type="USC citation">42 U.S.C. 501et seq.</identifier>
</relatedItem>
<relatedItem type="isReferencedBy">
 <titleInfo>
  <title>United States Code</title>
  <partNumber>Title 43 Section 1601et seq.</partNumber>
  <partNumber>Title 43 Section 1602</partNumber>
</titleInfo>
 <identifier type="USC citation">43 U.S.C. 1601et seq.</identifier>
 <identifier type="USC citation">43 U.S.C. 1602</identifier>
</relatedItem>
<relatedItem type="isReferencedBy">
 <titleInfo>
  <title>United States Code</title>
  <partNumber>Title 44 Section 3502</partNumber>
</titleInfo>
 <identifier type="USC citation">44 U.S.C. 3502</identifier>
</relatedItem>
<relatedItem type="isReferencedBy">
 <titleInfo>
  <title>United States Code</title>
  <partNumber>Title 47 Section 230</partNumber>
</titleInfo>
 <identifier type="USC citation">47 U.S.C. 230</identifier>
</relatedItem>
<relatedItem type="isReferencedBy">
 <titleInfo>
  <title>United States Code</title>
  <partNumber>Title 50 Section 3003</partNumber>
</titleInfo>
 <identifier type="USC citation">50 U.S.C. 3003</identifier>
</relatedItem>
<relatedItem type="isReferencedBy">
 <titleInfo>
  <title>United States Code</title>
  <partNumber>Title 52 Section 10101</partNumber>
  <partNumber>Title 52 Section 10101(a)(2)(B)</partNumber>
  <partNumber>Title 52 Section 10101(b)</partNumber>
  <partNumber>Title 52 Section 10101(c)</partNumber>
  <partNumber>Title 52 Section 10101(c)(2)</partNumber>
  <partNumber>Title 52 Section 10301</partNumber>
  <partNumber>Title 52 Section 10301et seq.</partNumber>
  <partNumber>Title 52 Section 10304</partNumber>
  <partNumber>Title 52 Section 10307</partNumber>
  <partNumber>Title 52 Section 10503</partNumber>
  <partNumber>Title 52 Section 20101et seq.</partNumber>
  <partNumber>Title 52 Section 20102(b)(2)(B)(ii)</partNumber>
  <partNumber>Title 52 Section 20301</partNumber>
  <partNumber>Title 52 Section 20301et seq.</partNumber>
  <partNumber>Title 52 Section 20302</partNumber>
  <partNumber>Title 52 Section 20302(a)</partNumber>
  <partNumber>Title 52 Section 20302(a)(8)(A)</partNumber>
  <partNumber>Title 52 Section 20302(c)</partNumber>
  <partNumber>Title 52 Section 20302et seq.</partNumber>
  <partNumber>Title 52 Section 20306</partNumber>
  <partNumber>Title 52 Section 20307</partNumber>
  <partNumber>Title 52 Section 20501et seq.</partNumber>
  <partNumber>Title 52 Section 20502(4)</partNumber>
  <partNumber>Title 52 Section 20503(b)</partNumber>
  <partNumber>Title 52 Section 20504(c)(2)(B)(ii)</partNumber>
  <partNumber>Title 52 Section 20504(d)</partNumber>
  <partNumber>Title 52 Section 20506</partNumber>
  <partNumber>Title 52 Section 20506(a)</partNumber>
  <partNumber>Title 52 Section 20506(a)(6)</partNumber>
  <partNumber>Title 52 Section 20507</partNumber>
  <partNumber>Title 52 Section 20507(a)</partNumber>
  <partNumber>Title 52 Section 20507(a)(1)</partNumber>
  <partNumber>Title 52 Section 20507(a)(5)</partNumber>
  <partNumber>Title 52 Section 20507(c)</partNumber>
  <partNumber>Title 52 Section 20507(c)(2)</partNumber>
  <partNumber>Title 52 Section 20507(d)</partNumber>
  <partNumber>Title 52 Section 20507(d)(2)(A)</partNumber>
  <partNumber>Title 52 Section 20508</partNumber>
  <partNumber>Title 52 Section 20508(b)</partNumber>
  <partNumber>Title 52 Section 20508(b)(1)</partNumber>
  <partNumber>Title 52 Section 20509</partNumber>
  <partNumber>Title 52 Section 20510</partNumber>
  <partNumber>Title 52 Section 20511</partNumber>
  <partNumber>Title 52 Section 20901</partNumber>
  <partNumber>Title 52 Section 20921et seq.</partNumber>
  <partNumber>Title 52 Section 20922</partNumber>
  <partNumber>Title 52 Section 20925</partNumber>
  <partNumber>Title 52 Section 20930</partNumber>
  <partNumber>Title 52 Section 20943(a)(2)</partNumber>
  <partNumber>Title 52 Section 20944(a)</partNumber>
  <partNumber>Title 52 Section 20961(b)</partNumber>
  <partNumber>Title 52 Section 20961(c)(1)</partNumber>
  <partNumber>Title 52 Section 20971</partNumber>
  <partNumber>Title 52 Section 20971(a)</partNumber>
  <partNumber>Title 52 Section 20981(a)</partNumber>
  <partNumber>Title 52 Section 21001(b)</partNumber>
  <partNumber>Title 52 Section 21001et seq.</partNumber>
  <partNumber>Title 52 Section 21002(c)(2)</partNumber>
  <partNumber>Title 52 Section 21004(a)(1)</partNumber>
  <partNumber>Title 52 Section 21005</partNumber>
  <partNumber>Title 52 Section 21021(b)</partNumber>
  <partNumber>Title 52 Section 21024</partNumber>
  <partNumber>Title 52 Section 21024(a)</partNumber>
  <partNumber>Title 52 Section 21062(a)</partNumber>
  <partNumber>Title 52 Section 21081</partNumber>
  <partNumber>Title 52 Section 21081(a)</partNumber>
  <partNumber>Title 52 Section 21081(a)(1)</partNumber>
  <partNumber>Title 52 Section 21081(a)(2)</partNumber>
  <partNumber>Title 52 Section 21081(a)(3)(B)</partNumber>
  <partNumber>Title 52 Section 21081(a)(4)</partNumber>
  <partNumber>Title 52 Section 21081(b)</partNumber>
  <partNumber>Title 52 Section 21081(d)</partNumber>
  <partNumber>Title 52 Section 21081(d)(1)</partNumber>
  <partNumber>Title 52 Section 21081(e)</partNumber>
  <partNumber>Title 52 Section 21081et seq.</partNumber>
  <partNumber>Title 52 Section 21082</partNumber>
  <partNumber>Title 52 Section 21082(a)</partNumber>
  <partNumber>Title 52 Section 21082(b)</partNumber>
  <partNumber>Title 52 Section 21082(b)(2)</partNumber>
  <partNumber>Title 52 Section 21082(f)</partNumber>
  <partNumber>Title 52 Section 21082(g)</partNumber>
  <partNumber>Title 52 Section 21083</partNumber>
  <partNumber>Title 52 Section 21083(a)</partNumber>
  <partNumber>Title 52 Section 21083(a)(1)(A)(vi)</partNumber>
  <partNumber>Title 52 Section 21083(a)(3)</partNumber>
  <partNumber>Title 52 Section 21083(a)(4)(A)</partNumber>
  <partNumber>Title 52 Section 21083(b)</partNumber>
  <partNumber>Title 52 Section 21083(b)(1)(A)</partNumber>
  <partNumber>Title 52 Section 21083(d)(1)(A)</partNumber>
  <partNumber>Title 52 Section 21083(d)(2)(A)</partNumber>
  <partNumber>Title 52 Section 21101(b)</partNumber>
  <partNumber>Title 52 Section 21111</partNumber>
  <partNumber>Title 52 Section 21112</partNumber>
  <partNumber>Title 52 Section 21141</partNumber>
  <partNumber>Title 52 Section 21141et seq.</partNumber>
  <partNumber>Title 52 Section 30101</partNumber>
  <partNumber>Title 52 Section 30101(17)</partNumber>
  <partNumber>Title 52 Section 30101(22)</partNumber>
  <partNumber>Title 52 Section 30101(8)(A)</partNumber>
  <partNumber>Title 52 Section 30101et seq.</partNumber>
  <partNumber>Title 52 Section 30102</partNumber>
  <partNumber>Title 52 Section 30103(a)</partNumber>
  <partNumber>Title 52 Section 30104</partNumber>
  <partNumber>Title 52 Section 30104(b)</partNumber>
  <partNumber>Title 52 Section 30104(c)(2)</partNumber>
  <partNumber>Title 52 Section 30104(f)</partNumber>
  <partNumber>Title 52 Section 30104(f)(2)</partNumber>
  <partNumber>Title 52 Section 30104(f)(3)</partNumber>
  <partNumber>Title 52 Section 30104(f)(3)(A)</partNumber>
  <partNumber>Title 52 Section 30104(f)(3)(A)(i)(III)</partNumber>
  <partNumber>Title 52 Section 30104(f)(3)(B)(i)</partNumber>
  <partNumber>Title 52 Section 30106(a)</partNumber>
  <partNumber>Title 52 Section 30106(a)(1)</partNumber>
  <partNumber>Title 52 Section 30106(a)(2)</partNumber>
  <partNumber>Title 52 Section 30106(a)(3)</partNumber>
  <partNumber>Title 52 Section 30106(a)(5)</partNumber>
  <partNumber>Title 52 Section 30106(c)</partNumber>
  <partNumber>Title 52 Section 30106(e)</partNumber>
  <partNumber>Title 52 Section 30106(f)</partNumber>
  <partNumber>Title 52 Section 30106(f)(4)</partNumber>
  <partNumber>Title 52 Section 30107</partNumber>
  <partNumber>Title 52 Section 30107(a)</partNumber>
  <partNumber>Title 52 Section 30107(a)(6)</partNumber>
  <partNumber>Title 52 Section 30107(d)(1)</partNumber>
  <partNumber>Title 52 Section 30108</partNumber>
  <partNumber>Title 52 Section 30109(a)</partNumber>
  <partNumber>Title 52 Section 30109(a)(1)</partNumber>
  <partNumber>Title 52 Section 30109(a)(2)</partNumber>
  <partNumber>Title 52 Section 30109(a)(4)(A)(i)</partNumber>
  <partNumber>Title 52 Section 30109(a)(4)(C)(v)</partNumber>
  <partNumber>Title 52 Section 30109(a)(5)(C)</partNumber>
  <partNumber>Title 52 Section 30109(a)(6)(A)</partNumber>
  <partNumber>Title 52 Section 30109(a)(8)</partNumber>
  <partNumber>Title 52 Section 30109(d)(1)</partNumber>
  <partNumber>Title 52 Section 30110note</partNumber>
  <partNumber>Title 52 Section 30111(a)(1)</partNumber>
  <partNumber>Title 52 Section 30111(b)</partNumber>
  <partNumber>Title 52 Section 30114</partNumber>
  <partNumber>Title 52 Section 30116</partNumber>
  <partNumber>Title 52 Section 30116(a)</partNumber>
  <partNumber>Title 52 Section 30116(a)(1)(A)</partNumber>
  <partNumber>Title 52 Section 30116(a)(2)(A)</partNumber>
  <partNumber>Title 52 Section 30116(a)(6)</partNumber>
  <partNumber>Title 52 Section 30116(c)</partNumber>
  <partNumber>Title 52 Section 30116(c)(1)</partNumber>
  <partNumber>Title 52 Section 30116(c)(2)(B)</partNumber>
  <partNumber>Title 52 Section 30116(d)</partNumber>
  <partNumber>Title 52 Section 30116(d)(2)</partNumber>
  <partNumber>Title 52 Section 30116(d)(5)</partNumber>
  <partNumber>Title 52 Section 30118</partNumber>
  <partNumber>Title 52 Section 30118(b)</partNumber>
  <partNumber>Title 52 Section 30120</partNumber>
  <partNumber>Title 52 Section 30120(a)</partNumber>
  <partNumber>Title 52 Section 30120(a)(3)</partNumber>
  <partNumber>Title 52 Section 30120(d)</partNumber>
  <partNumber>Title 52 Section 30120(d)(2)</partNumber>
  <partNumber>Title 52 Section 30120(e)(1)</partNumber>
  <partNumber>Title 52 Section 30120(e)(3)</partNumber>
  <partNumber>Title 52 Section 30121</partNumber>
  <partNumber>Title 52 Section 30121(a)</partNumber>
  <partNumber>Title 52 Section 30121(a)(1)</partNumber>
  <partNumber>Title 52 Section 30121(a)(1)(A)</partNumber>
  <partNumber>Title 52 Section 30121(b)</partNumber>
  <partNumber>Title 52 Section 30125(e)(1)</partNumber>
  <partNumber>Title 52 Section 30126</partNumber>
  <partNumber>Title 52 Section 30141et seq.</partNumber>
</titleInfo>
 <identifier type="USC citation">52 U.S.C. 10101</identifier>
 <identifier type="USC citation">52 U.S.C. 10101(a)(2)(B)</identifier>
 <identifier type="USC citation">52 U.S.C. 10101(b)</identifier>
 <identifier type="USC citation">52 U.S.C. 10101(c)</identifier>
 <identifier type="USC citation">52 U.S.C. 10101(c)(2)</identifier>
 <identifier type="USC citation">52 U.S.C. 10301</identifier>
 <identifier type="USC citation">52 U.S.C. 10301et seq.</identifier>
 <identifier type="USC citation">52 U.S.C. 10304</identifier>
 <identifier type="USC citation">52 U.S.C. 10307</identifier>
 <identifier type="USC citation">52 U.S.C. 10503</identifier>
 <identifier type="USC citation">52 U.S.C. 20101et seq.</identifier>
 <identifier type="USC citation">52 U.S.C. 20102(b)(2)(B)(ii)</identifier>
 <identifier type="USC citation">52 U.S.C. 20301</identifier>
 <identifier type="USC citation">52 U.S.C. 20301et seq.</identifier>
 <identifier type="USC citation">52 U.S.C. 20302</identifier>
 <identifier type="USC citation">52 U.S.C. 20302(a)</identifier>
 <identifier type="USC citation">52 U.S.C. 20302(a)(8)(A)</identifier>
 <identifier type="USC citation">52 U.S.C. 20302(c)</identifier>
 <identifier type="USC citation">52 U.S.C. 20302et seq.</identifier>
 <identifier type="USC citation">52 U.S.C. 20306</identifier>
 <identifier type="USC citation">52 U.S.C. 20307</identifier>
 <identifier type="USC citation">52 U.S.C. 20501et seq.</identifier>
 <identifier type="USC citation">52 U.S.C. 20502(4)</identifier>
 <identifier type="USC citation">52 U.S.C. 20503(b)</identifier>
 <identifier type="USC citation">52 U.S.C. 20504(c)(2)(B)(ii)</identifier>
 <identifier type="USC citation">52 U.S.C. 20504(d)</identifier>
 <identifier type="USC citation">52 U.S.C. 20506</identifier>
 <identifier type="USC citation">52 U.S.C. 20506(a)</identifier>
 <identifier type="USC citation">52 U.S.C. 20506(a)(6)</identifier>
 <identifier type="USC citation">52 U.S.C. 20507</identifier>
 <identifier type="USC citation">52 U.S.C. 20507(a)</identifier>
 <identifier type="USC citation">52 U.S.C. 20507(a)(1)</identifier>
 <identifier type="USC citation">52 U.S.C. 20507(a)(5)</identifier>
 <identifier type="USC citation">52 U.S.C. 20507(c)</identifier>
 <identifier type="USC citation">52 U.S.C. 20507(c)(2)</identifier>
 <identifier type="USC citation">52 U.S.C. 20507(d)</identifier>
 <identifier type="USC citation">52 U.S.C. 20507(d)(2)(A)</identifier>
 <identifier type="USC citation">52 U.S.C. 20508</identifier>
 <identifier type="USC citation">52 U.S.C. 20508(b)</identifier>
 <identifier type="USC citation">52 U.S.C. 20508(b)(1)</identifier>
 <identifier type="USC citation">52 U.S.C. 20509</identifier>
 <identifier type="USC citation">52 U.S.C. 20510</identifier>
 <identifier type="USC citation">52 U.S.C. 20511</identifier>
 <identifier type="USC citation">52 U.S.C. 20901</identifier>
 <identifier type="USC citation">52 U.S.C. 20921et seq.</identifier>
 <identifier type="USC citation">52 U.S.C. 20922</identifier>
 <identifier type="USC citation">52 U.S.C. 20925</identifier>
 <identifier type="USC citation">52 U.S.C. 20930</identifier>
 <identifier type="USC citation">52 U.S.C. 20943(a)(2)</identifier>
 <identifier type="USC citation">52 U.S.C. 20944(a)</identifier>
 <identifier type="USC citation">52 U.S.C. 20961(b)</identifier>
 <identifier type="USC citation">52 U.S.C. 20961(c)(1)</identifier>
 <identifier type="USC citation">52 U.S.C. 20971</identifier>
 <identifier type="USC citation">52 U.S.C. 20971(a)</identifier>
 <identifier type="USC citation">52 U.S.C. 20981(a)</identifier>
 <identifier type="USC citation">52 U.S.C. 21001(b)</identifier>
 <identifier type="USC citation">52 U.S.C. 21001et seq.</identifier>
 <identifier type="USC citation">52 U.S.C. 21002(c)(2)</identifier>
 <identifier type="USC citation">52 U.S.C. 21004(a)(1)</identifier>
 <identifier type="USC citation">52 U.S.C. 21005</identifier>
 <identifier type="USC citation">52 U.S.C. 21021(b)</identifier>
 <identifier type="USC citation">52 U.S.C. 21024</identifier>
 <identifier type="USC citation">52 U.S.C. 21024(a)</identifier>
 <identifier type="USC citation">52 U.S.C. 21062(a)</identifier>
 <identifier type="USC citation">52 U.S.C. 21081</identifier>
 <identifier type="USC citation">52 U.S.C. 21081(a)</identifier>
 <identifier type="USC citation">52 U.S.C. 21081(a)(1)</identifier>
 <identifier type="USC citation">52 U.S.C. 21081(a)(2)</identifier>
 <identifier type="USC citation">52 U.S.C. 21081(a)(3)(B)</identifier>
 <identifier type="USC citation">52 U.S.C. 21081(a)(4)</identifier>
 <identifier type="USC citation">52 U.S.C. 21081(b)</identifier>
 <identifier type="USC citation">52 U.S.C. 21081(d)</identifier>
 <identifier type="USC citation">52 U.S.C. 21081(d)(1)</identifier>
 <identifier type="USC citation">52 U.S.C. 21081(e)</identifier>
 <identifier type="USC citation">52 U.S.C. 21081et seq.</identifier>
 <identifier type="USC citation">52 U.S.C. 21082</identifier>
 <identifier type="USC citation">52 U.S.C. 21082(a)</identifier>
 <identifier type="USC citation">52 U.S.C. 21082(b)</identifier>
 <identifier type="USC citation">52 U.S.C. 21082(b)(2)</identifier>
 <identifier type="USC citation">52 U.S.C. 21082(f)</identifier>
 <identifier type="USC citation">52 U.S.C. 21082(g)</identifier>
 <identifier type="USC citation">52 U.S.C. 21083</identifier>
 <identifier type="USC citation">52 U.S.C. 21083(a)</identifier>
 <identifier type="USC citation">52 U.S.C. 21083(a)(1)(A)(vi)</identifier>
 <identifier type="USC citation">52 U.S.C. 21083(a)(3)</identifier>
 <identifier type="USC citation">52 U.S.C. 21083(a)(4)(A)</identifier>
 <identifier type="USC citation">52 U.S.C. 21083(b)</identifier>
 <identifier type="USC citation">52 U.S.C. 21083(b)(1)(A)</identifier>
 <identifier type="USC citation">52 U.S.C. 21083(d)(1)(A)</identifier>
 <identifier type="USC citation">52 U.S.C. 21083(d)(2)(A)</identifier>
 <identifier type="USC citation">52 U.S.C. 21101(b)</identifier>
 <identifier type="USC citation">52 U.S.C. 21111</identifier>
 <identifier type="USC citation">52 U.S.C. 21112</identifier>
 <identifier type="USC citation">52 U.S.C. 21141</identifier>
 <identifier type="USC citation">52 U.S.C. 21141et seq.</identifier>
 <identifier type="USC citation">52 U.S.C. 30101</identifier>
 <identifier type="USC citation">52 U.S.C. 30101(17)</identifier>
 <identifier type="USC citation">52 U.S.C. 30101(22)</identifier>
 <identifier type="USC citation">52 U.S.C. 30101(8)(A)</identifier>
 <identifier type="USC citation">52 U.S.C. 30101et seq.</identifier>
 <identifier type="USC citation">52 U.S.C. 30102</identifier>
 <identifier type="USC citation">52 U.S.C. 30103(a)</identifier>
 <identifier type="USC citation">52 U.S.C. 30104</identifier>
 <identifier type="USC citation">52 U.S.C. 30104(b)</identifier>
 <identifier type="USC citation">52 U.S.C. 30104(c)(2)</identifier>
 <identifier type="USC citation">52 U.S.C. 30104(f)</identifier>
 <identifier type="USC citation">52 U.S.C. 30104(f)(2)</identifier>
 <identifier type="USC citation">52 U.S.C. 30104(f)(3)</identifier>
 <identifier type="USC citation">52 U.S.C. 30104(f)(3)(A)</identifier>
 <identifier type="USC citation">52 U.S.C. 30104(f)(3)(A)(i)(III)</identifier>
 <identifier type="USC citation">52 U.S.C. 30104(f)(3)(B)(i)</identifier>
 <identifier type="USC citation">52 U.S.C. 30106(a)</identifier>
 <identifier type="USC citation">52 U.S.C. 30106(a)(1)</identifier>
 <identifier type="USC citation">52 U.S.C. 30106(a)(2)</identifier>
 <identifier type="USC citation">52 U.S.C. 30106(a)(3)</identifier>
 <identifier type="USC citation">52 U.S.C. 30106(a)(5)</identifier>
 <identifier type="USC citation">52 U.S.C. 30106(c)</identifier>
 <identifier type="USC citation">52 U.S.C. 30106(e)</identifier>
 <identifier type="USC citation">52 U.S.C. 30106(f)</identifier>
 <identifier type="USC citation">52 U.S.C. 30106(f)(4)</identifier>
 <identifier type="USC citation">52 U.S.C. 30107</identifier>
 <identifier type="USC citation">52 U.S.C. 30107(a)</identifier>
 <identifier type="USC citation">52 U.S.C. 30107(a)(6)</identifier>
 <identifier type="USC citation">52 U.S.C. 30107(d)(1)</identifier>
 <identifier type="USC citation">52 U.S.C. 30108</identifier>
 <identifier type="USC citation">52 U.S.C. 30109(a)</identifier>
 <identifier type="USC citation">52 U.S.C. 30109(a)(1)</identifier>
 <identifier type="USC citation">52 U.S.C. 30109(a)(2)</identifier>
 <identifier type="USC citation">52 U.S.C. 30109(a)(4)(A)(i)</identifier>
 <identifier type="USC citation">52 U.S.C. 30109(a)(4)(C)(v)</identifier>
 <identifier type="USC citation">52 U.S.C. 30109(a)(5)(C)</identifier>
 <identifier type="USC citation">52 U.S.C. 30109(a)(6)(A)</identifier>
 <identifier type="USC citation">52 U.S.C. 30109(a)(8)</identifier>
 <identifier type="USC citation">52 U.S.C. 30109(d)(1)</identifier>
 <identifier type="USC citation">52 U.S.C. 30110note</identifier>
 <identifier type="USC citation">52 U.S.C. 30111(a)(1)</identifier>
 <identifier type="USC citation">52 U.S.C. 30111(b)</identifier>
 <identifier type="USC citation">52 U.S.C. 30114</identifier>
 <identifier type="USC citation">52 U.S.C. 30116</identifier>
 <identifier type="USC citation">52 U.S.C. 30116(a)</identifier>
 <identifier type="USC citation">52 U.S.C. 30116(a)(1)(A)</identifier>
 <identifier type="USC citation">52 U.S.C. 30116(a)(2)(A)</identifier>
 <identifier type="USC citation">52 U.S.C. 30116(a)(6)</identifier>
 <identifier type="USC citation">52 U.S.C. 30116(c)</identifier>
 <identifier type="USC citation">52 U.S.C. 30116(c)(1)</identifier>
 <identifier type="USC citation">52 U.S.C. 30116(c)(2)(B)</identifier>
 <identifier type="USC citation">52 U.S.C. 30116(d)</identifier>
 <identifier type="USC citation">52 U.S.C. 30116(d)(2)</identifier>
 <identifier type="USC citation">52 U.S.C. 30116(d)(5)</identifier>
 <identifier type="USC citation">52 U.S.C. 30118</identifier>
 <identifier type="USC citation">52 U.S.C. 30118(b)</identifier>
 <identifier type="USC citation">52 U.S.C. 30120</identifier>
 <identifier type="USC citation">52 U.S.C. 30120(a)</identifier>
 <identifier type="USC citation">52 U.S.C. 30120(a)(3)</identifier>
 <identifier type="USC citation">52 U.S.C. 30120(d)</identifier>
 <identifier type="USC citation">52 U.S.C. 30120(d)(2)</identifier>
 <identifier type="USC citation">52 U.S.C. 30120(e)(1)</identifier>
 <identifier type="USC citation">52 U.S.C. 30120(e)(3)</identifier>
 <identifier type="USC citation">52 U.S.C. 30121</identifier>
 <identifier type="USC citation">52 U.S.C. 30121(a)</identifier>
 <identifier type="USC citation">52 U.S.C. 30121(a)(1)</identifier>
 <identifier type="USC citation">52 U.S.C. 30121(a)(1)(A)</identifier>
 <identifier type="USC citation">52 U.S.C. 30121(b)</identifier>
 <identifier type="USC citation">52 U.S.C. 30125(e)(1)</identifier>
 <identifier type="USC citation">52 U.S.C. 30126</identifier>
 <identifier type="USC citation">52 U.S.C. 30141et seq.</identifier>
</relatedItem>
<relatedItem type="isReferencedBy">
 <titleInfo>
  <title>United States Public Law 524 (94th Congress)</title>
</titleInfo>
 <identifier type="public law citation">Public Law 94-524</identifier>
</relatedItem>
<relatedItem type="isReferencedBy">
 <titleInfo>
  <title>United States Public Law 148 (111th Congress)</title>
</titleInfo>
 <identifier type="public law citation">Public Law 111-148</identifier>
</relatedItem>
<extension>
 <docClass>hr</docClass>
 <accessId>BILLS-117hr1ih</accessId>
 <congress>117</congress>
 <session>1</session>
 <originChamber>HOUSE</originChamber>
 <currentChamber>HOUSE</currentChamber>
 <billNumber>1</billNumber>
 <billVersion reprint="false">ih</billVersion>
 <fileSuffix>ih</fileSuffix>
 <shortTitle type="measure">For the People Act of 2021</shortTitle>
 <shortTitle level="subtitle" type="level">Voter Registration Modernization Act of 2021</shortTitle>
 <shortTitle level="subtitle" type="level">Deceptive Practices and Voter Intimidation Prevention Act of 2021</shortTitle>
 <shortTitle level="subtitle" type="level">Democracy Restoration Act of 2021</shortTitle>
 <shortTitle level="subtitle" type="level">Voter Confidence and Increased Accessibility Act of 2021</shortTitle>
 <shortTitle level="subtitle" type="level">Redistricting Reform Act of 2021</shortTitle>
 <shortTitle level="subtitle" type="level">Stop Automatically Voiding Eligible Voters Off Their Enlisted Rolls in States Act</shortTitle>
 <shortTitle level="subtitle" type="level">SAVE VOTERS Act</shortTitle>
 <shortTitle level="subtitle" type="level">Democracy Is Strengthened by Casting Light On Spending in Elections Act of 2021</shortTitle>
 <shortTitle level="subtitle" type="level">DISCLOSE Act of 2021</shortTitle>
 <shortTitle level="subtitle" type="level">Honest Ads Act</shortTitle>
 <shortTitle level="subtitle" type="level">Stand By Every Ad Act</shortTitle>
 <shortTitle level="subtitle" type="level">Government By the People Act of 2021</shortTitle>
 <shortTitle level="subtitle" type="level">Empower Act of 2021</shortTitle>
 <shortTitle level="subtitle" type="level">Stop Super PAC-Candidate Coordination Act</shortTitle>
 <shortTitle level="subtitle" type="level">Executive Branch Conflict of Interest Act</shortTitle>
 <shortTitle level="subtitle" type="level">White House Ethics Transparency Act of 2021</shortTitle>
 <shortTitle level="subtitle" type="level">Executive Branch Comprehensive Ethics Enforcement Act of 2021</shortTitle>
 <shortTitle level="subtitle" type="level">Conflicts from Political Fundraising Act of 2021</shortTitle>
 <shortTitle level="subtitle" type="level">Transition Team Ethics Improvement Act</shortTitle>
 <shortTitle level="subtitle" type="level">Ethics in Public Service Act</shortTitle>
 <shortTitle level="subtitle" type="level">Stop Waste And Misuse by Presidential Flyers Landing Yet Evading Rules and Standards</shortTitle>
 <shortTitle level="subtitle" type="level">SWAMP FLYERS</shortTitle>
 <shortTitle level="subtitle" type="level">Connecting Lobbyists and Electeds for Accountability and Reform Act</shortTitle>
 <shortTitle level="subtitle" type="level">CLEAR Act</shortTitle>
 <shortTitle level="subtitle" type="level">Access to Congressionally Mandated Reports Act</shortTitle>
 <shortTitle level="part" type="level">Voter Registration Efficiency Act</shortTitle>
 <shortTitle type="level" level="title">Voter Empowerment Act of 2021</shortTitle>
 <shortTitle type="level" level="part">Automatic Voter Registration Act of 2021</shortTitle>
 <shortTitle type="level" level="title">Election Security Act</shortTitle>
 <shortTitle type="level" level="subtitle">Prevent Election Hacking Act of 2021</shortTitle>
 <shortTitle type="level" level="subtitle">Presidential Inaugural Committee Oversight Act</shortTitle>
 <shortTitle type="level" level="subtitle">Help America Run Act</shortTitle>
 <shortTitle type="level" level="subtitle">Restoring Integrity to America’s Elections Act</shortTitle>
 <shortTitle type="level" level="subtitle">Presidential Conflicts of Interest Act of 2021</shortTitle>
 <officialTitle>To expand Americans’ access to the ballot box, reduce the influence of big money in politics, strengthen ethics rules for public servants, and implement other anti-corruption measures for the purpose of fortifying our democracy, and for other purposes.</officialTitle>
 <action date="2021-01-04">Mr. Sarbanes (for himself, Ms. Pelosi, and Ms. Lofgren) introduced the following bill; which was referred to the Committee on House Administration, and in addition to the Committees on Intelligence (Permanent Select), the Judiciary, Oversight and Reform, Science, Space, and Technology, Education and Labor, Ways and Means, Financial Services, Ethics, Homeland Security, and Armed Services, for a period to be subsequently determined by the Speaker, in each case for consideration of such provisions as fall within the jurisdiction of the committee concerned</action>
 <congCommittee authorityId="hlig00" chamber="H" congress="117" type="L">
                      <name type="authority-standard">Permanent Select Committee on Intelligence</name>
                      <name type="authority-short">Intelligence (Permanent Select)</name>
                </congCommittee>
 <congCommittee authorityId="hsas00" chamber="H" congress="117" type="S">
                      <name type="authority-standard">Committee on Armed Services</name>
                      <name type="authority-short">Armed Services</name>
                </congCommittee>
 <congCommittee authorityId="hsba00" chamber="H" congress="117" type="S">
                      <name type="authority-standard">Committee on Financial Services</name>
                      <name type="authority-short">Financial Services</name>
                </congCommittee>
 <congCommittee authorityId="hsed00" chamber="H" congress="117" type="S">
                      <name type="authority-standard">Committee on Education and Labor</name>
                      <name type="authority-short">Education and Labor</name>
                </congCommittee>
 <congCommittee authorityId="hsgo00" chamber="H" congress="117" type="S">
                      <name type="authority-standard">Committee on Oversight and Reform</name>
                      <name type="authority-short">Oversight and Reform</name>
                </congCommittee>
 <congCommittee authorityId="hsha00" chamber="H" congress="117" type="S">
                      <name type="authority-standard">Committee on House Administration</name>
                      <name type="authority-short">House Administration</name>
                </congCommittee>
 <congCommittee authorityId="hshm00" chamber="H" congress="117" type="S">
                      <name type="authority-standard">Committee on Homeland Security</name>
                      <name type="authority-short">Homeland Security</name>
                </congCommittee>
 <congCommittee authorityId="hsju00" chamber="H" congress="117" type="S">
                      <name type="authority-standard">Committee on the Judiciary</name>
                      <name type="authority-short">Judiciary</name>
                </congCommittee>
 <congCommittee authorityId="hsso00" chamber="H" congress="117" type="S">
                      <name type="authority-standard">Committee on Ethics</name>
                      <name type="authority-short">Ethics</name>
                </congCommittee>
 <congCommittee authorityId="hssy00" chamber="H" congress="117" type="S">
                      <name type="authority-standard">Committee on Science, Space, and Technology</name>
                      <name type="authority-short">Science, Space, and Technology</name>
                </congCommittee>
 <congCommittee authorityId="hswm00" chamber="H" congress="117" type="S">
                      <name type="authority-standard">Committee on Ways and Means</name>
                      <name type="authority-short">Ways and Means</name>
                </congCommittee>
 <congMember authorityId="1854" bioGuideId="S001168" chamber="H" congress="117" gpoId="7978" party="D" role="SPONSOR" state="MD">
                      <name type="parsed">Mr. Sarbanes</name>
                      <name type="authority-fnf">John P. Sarbanes</name>
                      <name type="authority-lnf">Sarbanes, John P.</name>
                      <name type="authority-other">Mr. John Sarbanes</name>
                </congMember>
 <congMember authorityId="905" bioGuideId="P000197" chamber="H" congress="117" gpoId="7813" party="D" role="COSPONSOR" state="CA">
                      <name type="parsed">Ms. Pelosi</name>
                      <name type="authority-fnf">Nancy Pelosi</name>
                      <name type="authority-lnf">Pelosi, Nancy</name>
                </congMember>
 <congMember authorityId="701" bioGuideId="L000397" chamber="H" congress="117" gpoId="7821" party="D" role="COSPONSOR" state="CA">
                      <name type="parsed">Ms. Lofgren</name>
                      <name type="authority-fnf">Zoe Lofgren</name>
                      <name type="authority-lnf">Lofgren, Zoe</name>
                </congMember>
 <law congress="94" isPrivate="false" number="524"></law>
 <law congress="111" isPrivate="false" number="148"></law>
 <isPrivate>false</isPrivate>
 <isAppropriation>false</isAppropriation>
 <USCode title="2">
                      <section detail="(b)(2)(B)" number="1402"></section>
                      <section detail="(d)(1)(C)" number="1415"></section>
                      <section detail="et seq." number="1601"></section>
                      <section number="1602"></section>
                      <section detail="(10)" number="1602"></section>
                      <section detail="(4)(D)" number="1602"></section>
                      <section detail="(7)" number="1602"></section>
                      <section detail="(8)" number="1602"></section>
                      <section detail="(a)" number="1603"></section>
                      <section number="1609"></section>
                      <section number="2a"></section>
                      <section detail="(c)" number="2a"></section>
                </USCode>
 <USCode title="3">
                      <section detail="note" number="102"></section>
                </USCode>
 <USCode title="5">
                      <section number="101"></section>
                      <section number="105"></section>
                      <section number="2104"></section>
                      <section number="3110"></section>
                      <section detail="(a)" number="3132"></section>
                      <section number="5312"></section>
                      <section number="5316"></section>
                      <section number="5317"></section>
                      <section number="552"></section>
                      <section detail="(b)" number="7323"></section>
                      <chapter number="5"></chapter>
                      <chapter number="53"></chapter>
                      <chapter number="57"></chapter>
                      <chapter number="7"></chapter>
                      <appendix detail="et seq." number="101"></appendix>
                      <appendix detail="(10)" number="109"></appendix>
                      <appendix detail="(11)" number="109"></appendix>
                      <appendix detail="(8)" number="109"></appendix>
                </USCode>
 <USCode title="6">
                      <section number="101"></section>
                      <section number="121"></section>
                      <section number="148"></section>
                      <section number="1501"></section>
                      <section detail="et seq." number="181"></section>
                      <section detail="(3)" number="601"></section>
                      <section detail="(c)" number="659"></section>
                </USCode>
 <USCode title="8">
                      <section detail="(a)" number="1101"></section>
                      <section detail="(a)(20)" number="1101"></section>
                      <section detail="(a)(22)" number="1101"></section>
                      <section detail="(a)(3)" number="1182"></section>
                      <section number="1189"></section>
                      <section detail="(a)" number="1227"></section>
                </USCode>
 <USCode title="13">
                      <section number="141"></section>
                </USCode>
 <USCode title="15">
                      <section number="632"></section>
                      <section detail="(d)(3)(C)" number="637"></section>
                      <section detail="et seq." number="78a"></section>
                      <section number="78l"></section>
                      <section detail="(d)" number="78o"></section>
                      <section number="78u-1"></section>
                </USCode>
 <USCode title="18">
                      <section number="s"></section>
                      <section number="1001"></section>
                      <section number="1030"></section>
                      <section number="1151"></section>
                      <section number="207"></section>
                      <section detail="(c)" number="207"></section>
                      <section detail="(d)" number="207"></section>
                      <section detail="(i)" number="207"></section>
                      <section number="208"></section>
                      <section number="209"></section>
                      <section number="3015"></section>
                      <section number="431"></section>
                      <section number="594"></section>
                      <section detail="(a)" number="594"></section>
                      <section number="612"></section>
                      <section number="613"></section>
                      <chapter number="201"></chapter>
                      <chapter number="23"></chapter>
                      <chapter number="29"></chapter>
                      <chapter number="201"></chapter>
                </USCode>
 <USCode title="20">
                      <section detail="(a)" number="1001"></section>
                      <section detail="(7)" number="1003"></section>
                      <section number="1061"></section>
                      <section detail="(a)" number="1067q"></section>
                      <section number="1094"></section>
                      <section detail="(a)(23)" number="1094"></section>
                      <section number="7801"></section>
                      <section detail="(e)(2)" number="9871"></section>
                </USCode>
 <USCode title="22">
                      <section detail="(b)" number="611"></section>
                      <section detail="et seq." number="611"></section>
                      <section detail="(a)" number="612"></section>
                      <section detail="(g)" number="612"></section>
                      <section detail="(d)(1)" number="616"></section>
                      <section number="618"></section>
                </USCode>
 <USCode title="25">
                      <section number="5304"></section>
                </USCode>
 <USCode title="28">
                      <section number="2284"></section>
                      <section number="535"></section>
                      <section number="994"></section>
                      <section detail="note" number="994"></section>
                      <chapter number="57"></chapter>
                </USCode>
 <USCode title="29">
                      <section detail="et seq." number="701"></section>
                      <section number="794d"></section>
                </USCode>
 <USCode title="31">
                      <section number="s"></section>
                      <section number="9706"></section>
                      <chapter number="97"></chapter>
                      <chapter number="97"></chapter>
                </USCode>
 <USCode title="36">
                      <section number="501"></section>
                      <section number="510"></section>
                      <section detail="(c)" number="90102"></section>
                      <chapter number="5"></chapter>
                </USCode>
 <USCode title="39">
                      <section number="3406"></section>
                      <chapter number="34"></chapter>
                </USCode>
 <USCode title="40">
                      <section number="102"></section>
                </USCode>
 <USCode title="41">
                      <section detail="(a)" number="2103"></section>
                      <section number="2104"></section>
                      <chapter number="21"></chapter>
                </USCode>
 <USCode title="42">
                      <section detail="et seq." number="12101"></section>
                      <section number="12102"></section>
                      <section detail="et seq." number="1396"></section>
                      <section number="15002"></section>
                      <section detail="et seq." number="15401"></section>
                      <section number="1983"></section>
                      <section number="2000ee"></section>
                      <section detail="(j)(2)" number="290b"></section>
                      <section detail="et seq." number="501"></section>
                </USCode>
 <USCode title="43">
                      <section detail="et seq." number="1601"></section>
                      <section number="1602"></section>
                </USCode>
 <USCode title="44">
                      <section number="3502"></section>
                </USCode>
 <USCode title="47">
                      <section number="230"></section>
                </USCode>
 <USCode title="50">
                      <section number="3003"></section>
                </USCode>
 <USCode title="52">
                      <section number="10101"></section>
                      <section detail="(a)(2)(B)" number="10101"></section>
                      <section detail="(b)" number="10101"></section>
                      <section detail="(c)" number="10101"></section>
                      <section detail="(c)(2)" number="10101"></section>
                      <section number="10301"></section>
                      <section detail="et seq." number="10301"></section>
                      <section number="10304"></section>
                      <section number="10307"></section>
                      <section number="10503"></section>
                      <section detail="et seq." number="20101"></section>
                      <section detail="(b)(2)(B)(ii)" number="20102"></section>
                      <section number="20301"></section>
                      <section detail="et seq." number="20301"></section>
                      <section number="20302"></section>
                      <section detail="(a)" number="20302"></section>
                      <section detail="(a)(8)(A)" number="20302"></section>
                      <section detail="(c)" number="20302"></section>
                      <section detail="et seq." number="20302"></section>
                      <section number="20306"></section>
                      <section number="20307"></section>
                      <section detail="et seq." number="20501"></section>
                      <section detail="(4)" number="20502"></section>
                      <section detail="(b)" number="20503"></section>
                      <section detail="(c)(2)(B)(ii)" number="20504"></section>
                      <section detail="(d)" number="20504"></section>
                      <section number="20506"></section>
                      <section detail="(a)" number="20506"></section>
                      <section detail="(a)(6)" number="20506"></section>
                      <section number="20507"></section>
                      <section detail="(a)" number="20507"></section>
                      <section detail="(a)(1)" number="20507"></section>
                      <section detail="(a)(5)" number="20507"></section>
                      <section detail="(c)" number="20507"></section>
                      <section detail="(c)(2)" number="20507"></section>
                      <section detail="(d)" number="20507"></section>
                      <section detail="(d)(2)(A)" number="20507"></section>
                      <section number="20508"></section>
                      <section detail="(b)" number="20508"></section>
                      <section detail="(b)(1)" number="20508"></section>
                      <section number="20509"></section>
                      <section number="20510"></section>
                      <section number="20511"></section>
                      <section number="20901"></section>
                      <section detail="et seq." number="20921"></section>
                      <section number="20922"></section>
                      <section number="20925"></section>
                      <section number="20930"></section>
                      <section detail="(a)(2)" number="20943"></section>
                      <section detail="(a)" number="20944"></section>
                      <section detail="(b)" number="20961"></section>
                      <section detail="(c)(1)" number="20961"></section>
                      <section number="20971"></section>
                      <section detail="(a)" number="20971"></section>
                      <section detail="(a)" number="20981"></section>
                      <section detail="(b)" number="21001"></section>
                      <section detail="et seq." number="21001"></section>
                      <section detail="(c)(2)" number="21002"></section>
                      <section detail="(a)(1)" number="21004"></section>
                      <section number="21005"></section>
                      <section detail="(b)" number="21021"></section>
                      <section number="21024"></section>
                      <section detail="(a)" number="21024"></section>
                      <section detail="(a)" number="21062"></section>
                      <section number="21081"></section>
                      <section detail="(a)" number="21081"></section>
                      <section detail="(a)(1)" number="21081"></section>
                      <section detail="(a)(2)" number="21081"></section>
                      <section detail="(a)(3)(B)" number="21081"></section>
                      <section detail="(a)(4)" number="21081"></section>
                      <section detail="(b)" number="21081"></section>
                      <section detail="(d)" number="21081"></section>
                      <section detail="(d)(1)" number="21081"></section>
                      <section detail="(e)" number="21081"></section>
                      <section detail="et seq." number="21081"></section>
                      <section number="21082"></section>
                      <section detail="(a)" number="21082"></section>
                      <section detail="(b)" number="21082"></section>
                      <section detail="(b)(2)" number="21082"></section>
                      <section detail="(f)" number="21082"></section>
                      <section detail="(g)" number="21082"></section>
                      <section number="21083"></section>
                      <section detail="(a)" number="21083"></section>
                      <section detail="(a)(1)(A)(vi)" number="21083"></section>
                      <section detail="(a)(3)" number="21083"></section>
                      <section detail="(a)(4)(A)" number="21083"></section>
                      <section detail="(b)" number="21083"></section>
                      <section detail="(b)(1)(A)" number="21083"></section>
                      <section detail="(d)(1)(A)" number="21083"></section>
                      <section detail="(d)(2)(A)" number="21083"></section>
                      <section detail="(b)" number="21101"></section>
                      <section number="21111"></section>
                      <section number="21112"></section>
                      <section number="21141"></section>
                      <section detail="et seq." number="21141"></section>
                      <section number="30101"></section>
                      <section detail="(17)" number="30101"></section>
                      <section detail="(22)" number="30101"></section>
                      <section detail="(8)(A)" number="30101"></section>
                      <section detail="et seq." number="30101"></section>
                      <section number="30102"></section>
                      <section detail="(a)" number="30103"></section>
                      <section number="30104"></section>
                      <section detail="(b)" number="30104"></section>
                      <section detail="(c)(2)" number="30104"></section>
                      <section detail="(f)" number="30104"></section>
                      <section detail="(f)(2)" number="30104"></section>
                      <section detail="(f)(3)" number="30104"></section>
                      <section detail="(f)(3)(A)" number="30104"></section>
                      <section detail="(f)(3)(A)(i)(III)" number="30104"></section>
                      <section detail="(f)(3)(B)(i)" number="30104"></section>
                      <section detail="(a)" number="30106"></section>
                      <section detail="(a)(1)" number="30106"></section>
                      <section detail="(a)(2)" number="30106"></section>
                      <section detail="(a)(3)" number="30106"></section>
                      <section detail="(a)(5)" number="30106"></section>
                      <section detail="(c)" number="30106"></section>
                      <section detail="(e)" number="30106"></section>
                      <section detail="(f)" number="30106"></section>
                      <section detail="(f)(4)" number="30106"></section>
                      <section number="30107"></section>
                      <section detail="(a)" number="30107"></section>
                      <section detail="(a)(6)" number="30107"></section>
                      <section detail="(d)(1)" number="30107"></section>
                      <section number="30108"></section>
                      <section detail="(a)" number="30109"></section>
                      <section detail="(a)(1)" number="30109"></section>
                      <section detail="(a)(2)" number="30109"></section>
                      <section detail="(a)(4)(A)(i)" number="30109"></section>
                      <section detail="(a)(4)(C)(v)" number="30109"></section>
                      <section detail="(a)(5)(C)" number="30109"></section>
                      <section detail="(a)(6)(A)" number="30109"></section>
                      <section detail="(a)(8)" number="30109"></section>
                      <section detail="(d)(1)" number="30109"></section>
                      <section detail="note" number="30110"></section>
                      <section detail="(a)(1)" number="30111"></section>
                      <section detail="(b)" number="30111"></section>
                      <section number="30114"></section>
                      <section number="30116"></section>
                      <section detail="(a)" number="30116"></section>
                      <section detail="(a)(1)(A)" number="30116"></section>
                      <section detail="(a)(2)(A)" number="30116"></section>
                      <section detail="(a)(6)" number="30116"></section>
                      <section detail="(c)" number="30116"></section>
                      <section detail="(c)(1)" number="30116"></section>
                      <section detail="(c)(2)(B)" number="30116"></section>
                      <section detail="(d)" number="30116"></section>
                      <section detail="(d)(2)" number="30116"></section>
                      <section detail="(d)(5)" number="30116"></section>
                      <section number="30118"></section>
                      <section detail="(b)" number="30118"></section>
                      <section number="30120"></section>
                      <section detail="(a)" number="30120"></section>
                      <section detail="(a)(3)" number="30120"></section>
                      <section detail="(d)" number="30120"></section>
                      <section detail="(d)(2)" number="30120"></section>
                      <section detail="(e)(1)" number="30120"></section>
                      <section detail="(e)(3)" number="30120"></section>
                      <section number="30121"></section>
                      <section detail="(a)" number="30121"></section>
                      <section detail="(a)(1)" number="30121"></section>
                      <section detail="(a)(1)(A)" number="30121"></section>
                      <section detail="(b)" number="30121"></section>
                      <section detail="(e)(1)" number="30125"></section>
                      <section number="30126"></section>
                      <section detail="et seq." number="30141"></section>
                </USCode>
</extension>
</mods>