<?xml version="1.0"?>
<?xml-stylesheet type="text/xsl" href="billres.xsl"?>
<!DOCTYPE bill PUBLIC "-//US Congress//DTDs/bill.dtd//EN" "bill.dtd">
<bill bill-stage="Introduced-in-House" dms-id="H57F004EC33524F1C8712EDC3850ECBB4" public-private="public" key="H" bill-type="olc"><metadata xmlns:dc="http://purl.org/dc/elements/1.1/">
<dublinCore>
<dc:title>117 HR 32 IH: To amend the Public Health Service Act to provide for cooperative governing of individual health insurance coverage.</dc:title>
<dc:publisher>U.S. House of Representatives</dc:publisher>
<dc:date>2021-01-04</dc:date>
<dc:format>text/xml</dc:format>
<dc:language>EN</dc:language>
<dc:rights>Pursuant to Title 17 Section 105 of the United States Code, this file is not subject to copyright protection and is in the public domain.</dc:rights>
</dublinCore>
</metadata>
<form>
<distribution-code display="yes">I</distribution-code><congress display="yes">117th CONGRESS</congress><session display="yes">1st Session</session><legis-num display="yes">H. R. 32</legis-num><current-chamber>IN THE HOUSE OF REPRESENTATIVES</current-chamber><action display="yes"><action-date date="20210104">January 4, 2021</action-date><action-desc><sponsor name-id="B001302">Mr. Biggs</sponsor> introduced the following bill; which was referred to the <committee-name committee-id="HIF00">Committee on Energy and Commerce</committee-name></action-desc></action><legis-type>A BILL</legis-type><official-title display="yes">To amend the Public Health Service Act to provide for cooperative governing of individual health insurance coverage.</official-title></form><legis-body id="H1F7F1B80ECBB4C65A4B482C7336A68CA" style="OLC"><section id="H553962528BEA4F8784D17A45B3EABB3E" section-type="section-one"><enum>1.</enum><header>Cooperative governing of individual health insurance coverage</header><subsection id="HA991AF7D3B464C8CA77FE282F092B1D3"><enum>(a)</enum><header>In General</header><text>Title XXVII of the <act-name parsable-cite="PHSA">Public Health Service Act</act-name> (<external-xref legal-doc="usc" parsable-cite="usc/42/300gg">42 U.S.C. 300gg</external-xref> et seq.) is amended by adding at the end the following new part:</text><quoted-block act-name="Public Health Service Act" id="H56F1550A41934324B1B5B3E4A01DF5FC" style="OLC"><part id="H7014F38278894CF9B9466924AD178017"><enum>D</enum><header>Cooperative Governing of Individual Health Insurance Coverage</header><section id="H3C479461C7784686A81904024210B2DA"><enum>2795.</enum><header>Definitions</header><text display-inline="no-display-inline">In this part:</text><paragraph id="HC7D6C742DD2D4024B238D2EF6C45F018"><enum>(1)</enum><header>Primary State</header><text>The term <term>primary State</term> means, with respect to individual health insurance coverage offered by a health insurance issuer, the State designated by the issuer as the State whose covered laws shall govern the health insurance issuer in the sale of such coverage under this part. An issuer, with respect to a particular policy, may only designate one such State as its primary State with respect to all such coverage it offers. Such an issuer may not change the designated primary State with respect to individual health insurance coverage once the policy is issued, except that such a change may be made upon renewal of the policy. With respect to such designated State, the issuer is deemed to be doing business in that State.</text></paragraph><paragraph id="H20C7585D7189434A90FB086DD4715EBC"><enum>(2)</enum><header>Secondary state</header><text>The term <term>secondary State</term> means, with respect to individual health insurance coverage offered by a health insurance issuer, any State that is not the primary State. In the case of a health insurance issuer that is selling a policy in, or to a resident of, a secondary State, the issuer is deemed to be doing business in that secondary State.</text></paragraph><paragraph id="HC7297DBC4C734B67994F42D50A26BCB9"><enum>(3)</enum><header>Health insurance issuer</header><text>The term <term>health insurance issuer</term> has the meaning given such term in section 2791(b)(2), except that such an issuer must be licensed in the primary State and be qualified to sell individual health insurance coverage in that State.</text></paragraph><paragraph id="H64D8069DBB334EDB807228D7E765CB3F"><enum>(4)</enum><header>Individual health insurance coverage</header><text>The term <term>individual health insurance coverage</term> means health insurance coverage offered in the individual market, as defined in section 2791(e)(1).</text></paragraph><paragraph id="HAE27B680B1E845259E856A5B993B6F24"><enum>(5)</enum><header>Applicable state authority</header><text>The term <term>applicable State authority</term> means, with respect to a health insurance issuer in a State, the State insurance commissioner or official or officials designated by the State to enforce the requirements of this title for the State with respect to the issuer.</text></paragraph><paragraph id="H654E239E831F460E8FDD826E6BE3AE81"><enum>(6)</enum><header>Hazardous financial condition</header><text>The term <term>hazardous financial condition</term> means that, based on its present or reasonably anticipated financial condition, a health insurance issuer is unlikely to be able—</text><subparagraph id="H8DC96DCE283D44BBBEB7F99BAE22E52A"><enum>(A)</enum><text>to meet obligations to policyholders with respect to known claims and reasonably anticipated claims; or</text></subparagraph><subparagraph id="H8F2323F4BCFC48459E3A9D70882FE252"><enum>(B)</enum><text>to pay other obligations in the normal course of business.</text></subparagraph></paragraph><paragraph id="H53F1B8965E27478E80F11021611F2E2A"><enum>(7)</enum><header>Covered laws</header><subparagraph id="H5A1DBCF2692745D09BCD32DC22D56BD7"><enum>(A)</enum><header>In general</header><text>The term <term>covered laws</term> means the laws, rules, regulations, agreements, and orders governing the insurance business pertaining to—</text><clause id="H8429C158AFD745FE9615CAE5D2C55875"><enum>(i)</enum><text>individual health insurance coverage issued by a health insurance issuer;</text></clause><clause id="HCFC2A206244949B0B1A55118824232FC"><enum>(ii)</enum><text>the offer, sale, rating (including medical underwriting), renewal, and issuance of individual health insurance coverage to an individual;</text></clause><clause id="HFB4922C1D14D469884C56AB099DF3551"><enum>(iii)</enum><text>the provision to an individual in relation to individual health insurance coverage of health care and insurance related services;</text></clause><clause id="HA985F171BB864A9084A0663CA43E2092"><enum>(iv)</enum><text>the provision to an individual in relation to individual health insurance coverage of management, operations, and investment activities of a health insurance issuer; and</text></clause><clause id="H5AF08C2589F747F99B19CF21D0658414"><enum>(v)</enum><text>the provision to an individual in relation to individual health insurance coverage of loss control and claims administration for a health insurance issuer with respect to liability for which the issuer provides insurance.</text></clause></subparagraph><subparagraph id="HC258DFA6464848D2861AE1A6EED5114E"><enum>(B)</enum><header>Exception</header><text>Such term does not include any law, rule, regulation, agreement, or order governing the use of care or cost management techniques, including any requirement related to provider contracting, network access or adequacy, health care data collection, or quality assurance.</text></subparagraph></paragraph><paragraph id="H12591B50D00E4EC39FEC3EA195E21892"><enum>(8)</enum><header>State</header><text>The term <term>State</term> means the 50 States and includes the District of Columbia, Puerto Rico, the Virgin Islands, Guam, American Samoa, and the Northern Mariana Islands.</text></paragraph><paragraph id="H3A8D1AAED0FC4E49B7E6C8ECDEB43315"><enum>(9)</enum><header>Unfair claims settlement practices</header><text>The term <term>unfair claims settlement practices</term> means only the following practices:</text><subparagraph id="H295E0D09650B42A497F3FD78C07CBB69"><enum>(A)</enum><text>Knowingly misrepresenting to claimants and insured individuals relevant facts or policy provisions relating to coverage at issue.</text></subparagraph><subparagraph id="HFB3A950DC3604D9388B0AC56BFB08D43"><enum>(B)</enum><text>Failing to acknowledge with reasonable promptness pertinent communications with respect to claims arising under policies.</text></subparagraph><subparagraph id="HF20ACC37141847CB8293C884C7B210C0"><enum>(C)</enum><text>Failing to adopt and implement reasonable standards for the prompt investigation and settlement of claims arising under policies.</text></subparagraph><subparagraph id="H0879D44B06D141A09F5714A3C8D240D0"><enum>(D)</enum><text>Failing to effectuate prompt, fair, and equitable settlement of claims submitted in which liability has become reasonably clear.</text></subparagraph><subparagraph id="HE26DA448FC754DC1892392BF9145F3B2"><enum>(E)</enum><text>Refusing to pay claims without conducting a reasonable investigation.</text></subparagraph><subparagraph id="H8D2DBCD1FFF440E8B09D9B23F8492EA9"><enum>(F)</enum><text>Failing to affirm or deny coverage of claims within a reasonable period of time after having completed an investigation related to those claims.</text></subparagraph><subparagraph id="H678DA91292944504B4C5F6FB60787C40"><enum>(G)</enum><text>A pattern or practice of compelling insured individuals or their beneficiaries to institute suits to recover amounts due under its policies by offering substantially less than the amounts ultimately recovered in suits brought by them.</text></subparagraph><subparagraph id="HD59DE17BB2CA4DB991BB71F10DCF8B57"><enum>(H)</enum><text>A pattern or practice of attempting to settle or settling claims for less than the amount that a reasonable person would believe the insured individual or his or her beneficiary was entitled by reference to written or printed advertising material accompanying or made part of an application.</text></subparagraph><subparagraph id="H82F4D49F81094F42BAB997D32728BA6B"><enum>(I)</enum><text>Attempting to settle or settling claims on the basis of an application that was materially altered without notice to, or knowledge or consent of, the insured.</text></subparagraph><subparagraph id="H6BAD242900344907B5818488E4BCB18C"><enum>(J)</enum><text>Failing to provide forms necessary to present claims within 15 calendar days of a request with reasonable explanations regarding their use.</text></subparagraph><subparagraph id="HA17D83236B664D1285F53B16A9C5EBE4"><enum>(K)</enum><text>Attempting to cancel a policy in less time than that prescribed in the policy or by the law of the primary State.</text></subparagraph></paragraph><paragraph id="H5D1F7E98561047C596BB9D74A0867EE0"><enum>(10)</enum><header>Fraud and abuse</header><text>The term <term>fraud and abuse</term> means an act or omission committed by a person who, knowingly and with intent to defraud, commits, or conceals any material information concerning, one or more of the following:</text><subparagraph id="H41B4C5661D90452586A3D69DD70F8178"><enum>(A)</enum><text>Presenting, causing to be presented or preparing with knowledge or belief that it will be presented to or by an insurer, a reinsurer, broker or its agent, false information as part of, in support of or concerning a fact material to one or more of the following:</text><clause id="H2647CD64F5FB48E0B2D758633FF1191A"><enum>(i)</enum><text>An application for the issuance or renewal of an insurance policy or reinsurance contract.</text></clause><clause id="HFC3CFEE0A75A4DA39D08EDB9DB1B42E3"><enum>(ii)</enum><text>The rating of an insurance policy or reinsurance contract.</text></clause><clause id="HD990378EC74C45F9BAE2E3503A6BFCC3"><enum>(iii)</enum><text>A claim for payment or benefit pursuant to an insurance policy or reinsurance contract.</text></clause><clause id="HC8C684CEFDBD470787691988B9F6D178"><enum>(iv)</enum><text>Premiums paid on an insurance policy or reinsurance contract.</text></clause><clause id="H60F96EB1417441E09E4978840ED39197"><enum>(v)</enum><text>Payments made in accordance with the terms of an insurance policy or reinsurance contract.</text></clause><clause id="HFB3A5583BF6D4AB99C055ABD2BC928A1"><enum>(vi)</enum><text>A document filed with the commissioner or the chief insurance regulatory official of another jurisdiction.</text></clause><clause id="HB4AE92B2587B4F4FAD09C4E738F02326"><enum>(vii)</enum><text>The financial condition of an insurer or reinsurer.</text></clause><clause id="H3B808133F6D34E13B48D59F6B0603A87"><enum>(viii)</enum><text>The formation, acquisition, merger, reconsolidation, dissolution or withdrawal from one or more lines of insurance or reinsurance in all or part of a State by an insurer or reinsurer.</text></clause><clause id="HE7AF55B1E30A42B689F6FA235C46F4A8"><enum>(ix)</enum><text>The issuance of written evidence of insurance.</text></clause><clause id="HCFB889F1E0754F53BC8C6B2F7AE8117B"><enum>(x)</enum><text>The reinstatement of an insurance policy.</text></clause></subparagraph><subparagraph id="HB89E165C520640F980CD677F8E724858"><enum>(B)</enum><text>Solicitation or acceptance of new or renewal insurance risks on behalf of an insurer, reinsurer, or other person engaged in the business of insurance by a person who knows or should know that the insurer or other person responsible for the risk is insolvent at the time of the transaction.</text></subparagraph><subparagraph id="H7C4B967EF14E414DB2684962B59EEEC7"><enum>(C)</enum><text>Transaction of the business of insurance in violation of laws requiring a license, certificate of authority or other legal authority for the transaction of the business of insurance.</text></subparagraph><subparagraph id="HB9CD1A42123F456B8B44F6142A934D00"><enum>(D)</enum><text>Attempt to commit, aiding or abetting in the commission of, or conspiracy to commit the acts or omissions specified in this paragraph.</text></subparagraph></paragraph></section><section id="H3FFB98D243954943BAF0CE4E9DD15164"><enum>2796.</enum><header>Application of law</header><subsection id="H22A9498768F1459FBA6584565E8846D4"><enum>(a)</enum><header>In General</header><text>The covered laws of the primary State shall apply to individual health insurance coverage offered by a health insurance issuer in the primary State and in any secondary State, but only if the coverage and issuer comply with the conditions of this section with respect to the offering of coverage in any secondary State.</text></subsection><subsection id="H8890C829DB674A9E96598622DA771D23"><enum>(b)</enum><header>Exemptions From Covered Laws in a Secondary State</header><text>Except as provided in this section, a health insurance issuer with respect to its offer, sale, rating (including medical underwriting), renewal, and issuance of individual health insurance coverage in any secondary State is exempt from any covered laws of the secondary State (and any rules, regulations, agreements, or orders sought or issued by such State under or related to such covered laws) to the extent that such laws would—</text><paragraph id="H16DDFA8DCC42490C9326BF6866E93716"><enum>(1)</enum><text>make unlawful, or regulate, directly or indirectly, the operation of the health insurance issuer operating in the secondary State, except that any secondary State may require such an issuer—</text><subparagraph id="HCAEC23D0860849779A5B5D7C6E0E1BF0"><enum>(A)</enum><text>to pay, on a nondiscriminatory basis, applicable premium and other taxes (including high risk pool assessments) which are levied on insurers and surplus lines insurers, brokers, or policyholders under the laws of the State;</text></subparagraph><subparagraph id="H9DBEB918903944E598FF29A316717888"><enum>(B)</enum><text>to register with and designate the State insurance commissioner as its agent solely for the purpose of receiving service of legal documents or process;</text></subparagraph><subparagraph id="H7DC2BCD552D64A7A84A32A5327CC2397"><enum>(C)</enum><text>to submit to an examination of its financial condition by the State insurance commissioner in any State in which the issuer is doing business to determine the issuer’s financial condition, if—</text><clause id="HCB4CF6C9C7E7471AA81E3A980F736B31"><enum>(i)</enum><text>the State insurance commissioner of the primary State has not done an examination within the period recommended by the National Association of Insurance Commissioners; and</text></clause><clause id="H93C78D53DED349799C754B3903B4D08F"><enum>(ii)</enum><text>any such examination is conducted in accordance with the examiners’ handbook of the National Association of Insurance Commissioners and is coordinated to avoid unjustified duplication and unjustified repetition;</text></clause></subparagraph><subparagraph id="H26F0B2425E4F4123BEC350AA89780D67"><enum>(D)</enum><text>to comply with a lawful order issued—</text><clause id="HBC0B4CA5EDE14A77BB03B58C01F0DAD0"><enum>(i)</enum><text>in a delinquency proceeding commenced by the State insurance commissioner if there has been a finding of financial impairment under subparagraph (C); or</text></clause><clause id="HD690D03374A845ECB75693C165BD8EF4"><enum>(ii)</enum><text>in a voluntary dissolution proceeding;</text></clause></subparagraph><subparagraph id="HCD1218BC755745058F8851FB1952B17C"><enum>(E)</enum><text>to comply with an injunction issued by a court of competent jurisdiction, upon a petition by the State insurance commissioner alleging that the issuer is in hazardous financial condition;</text></subparagraph><subparagraph id="H7CF2E6D75DE343C8AE8798CDFCF6C836"><enum>(F)</enum><text>to participate, on a nondiscriminatory basis, in any insurance insolvency guaranty association or similar association to which a health insurance issuer in the State is required to belong;</text></subparagraph><subparagraph id="H21BF9BC5EB6C45EC848733EA0FE7BE53"><enum>(G)</enum><text>to comply with any State law regarding fraud and abuse (as defined in section 2795(10)), except that if the State seeks an injunction regarding the conduct described in this subparagraph, such injunction must be obtained from a court of competent jurisdiction;</text></subparagraph><subparagraph id="HCF143A353BF1496DA32AED3A29ECBB30"><enum>(H)</enum><text>to comply with any State law regarding unfair claims settlement practices (as defined in section 2795(9)); or</text></subparagraph><subparagraph id="HB984419A5A604444A448468B6FADDDC6"><enum>(I)</enum><text>to comply with the applicable requirements for independent review under section 2798 with respect to coverage offered in the State;</text></subparagraph></paragraph><paragraph id="H85C66D436C9E46F8AD383F0FEBED3532"><enum>(2)</enum><text>require any individual health insurance coverage issued by the issuer to be countersigned by an insurance agent or broker residing in that Secondary State; or</text></paragraph><paragraph id="H3DE7E3945870483BA53659ADD970B77A"><enum>(3)</enum><text>otherwise discriminate against the issuer issuing insurance in both the primary State and in any secondary State.</text></paragraph></subsection><subsection id="HCD93E6AA45774806852333ADE891A63E"><enum>(c)</enum><header>Clear and Conspicuous Disclosure</header><text>A health insurance issuer shall provide the following notice, in 12-point bold type, in any insurance coverage offered in a secondary State under this part by such a health insurance issuer and at renewal of the policy, with the 5 blank spaces therein being appropriately filled with the name of the health insurance issuer, the name of primary State, the name of the secondary State, the name of the secondary State, and the name of the secondary State, respectively, for the coverage concerned:</text><quoted-block display-inline="no-display-inline" id="H7FA8B2568EC44D389BFBD8A791850F8B" style="OLC"><appropriations-intermediate id="H50817CA0CE314A51B2ABDF768FCF0889"><header>Notice</header><text display-inline="no-display-inline">This policy is issued by _____ and is governed by the laws and regulations of the State of _____, and it has met all the laws of that State as determined by that State’s Department of Insurance. This policy may be less expensive than others because it is not subject to all of the insurance laws and regulations of the State of _____, including coverage of some services or benefits mandated by the law of the State of _____. Additionally, this policy is not subject to all of the consumer protection laws or restrictions on rate changes of the State of _____. As with all insurance products, before purchasing this policy, you should carefully review the policy and determine what health care services the policy covers and what benefits it provides, including any exclusions, limitations, or conditions for such services or benefits.</text></appropriations-intermediate><after-quoted-block>.</after-quoted-block></quoted-block></subsection><subsection id="HD8CF280D131B4F54B7919FA938F243EC"><enum>(d)</enum><header>Prohibition on Certain Reclassifications and Premium Increases</header><paragraph id="HB50ADB301C7B4BA5964B92496C98A7DB"><enum>(1)</enum><header>In general</header><text>For purposes of this section, a health insurance issuer that provides individual health insurance coverage to an individual under this part in a primary or secondary State may not upon renewal—</text><subparagraph id="HC30DB59E5C9C4A2EBB148FA53DF31AAA"><enum>(A)</enum><text>move or reclassify the individual insured under the health insurance coverage from the class such individual is in at the time of issue of the contract based on the health status-related factors of the individual; or</text></subparagraph><subparagraph id="HF9E360F535DF4D9FB173390C6BFDBB60"><enum>(B)</enum><text>increase the premiums assessed the individual for such coverage based on a health status-related factor or change of a health status-related factor or the past or prospective claim experience of the insured individual.</text></subparagraph></paragraph><paragraph id="HCB6B37DD7B274819A0E3EC8D3DB4CE25"><enum>(2)</enum><header>Construction</header><text>Nothing in paragraph (1) shall be construed to prohibit a health insurance issuer—</text><subparagraph id="HDBBD4379013242DDA15AB3B52F8CF280"><enum>(A)</enum><text>from terminating or discontinuing coverage or a class of coverage in accordance with subsections (b) and (c) of section 2742;</text></subparagraph><subparagraph id="HCD94F269D6944DEEBEDD5F0D2BE48470"><enum>(B)</enum><text>from raising premium rates for all policy holders within a class based on claims experience;</text></subparagraph><subparagraph id="HC9EEC0D146494544AEAB3BC5CDFA9C30"><enum>(C)</enum><text>from changing premiums or offering discounted premiums to individuals who engage in wellness activities at intervals prescribed by the issuer, if such premium changes or incentives—</text><clause id="H494C363AC09045C19FD4D94688C1BDAF"><enum>(i)</enum><text>are disclosed to the consumer in the insurance contract;</text></clause><clause id="HE942B92B91E7492FBD6CFAC1680C423B"><enum>(ii)</enum><text>are based on specific wellness activities that are not applicable to all individuals; and</text></clause><clause id="H90D381EE84DD483F81D9C4C62DBB63B9"><enum>(iii)</enum><text>are not obtainable by all individuals to whom coverage is offered;</text></clause></subparagraph><subparagraph id="H2E35841C28254CDFBE0815C58E0290D3"><enum>(D)</enum><text>from reinstating lapsed coverage; or</text></subparagraph><subparagraph id="HFD293BF5D45A4B8B89E78D2B6B057159"><enum>(E)</enum><text>from retroactively adjusting the rates charged an insured individual if the initial rates were set based on material misrepresentation by the individual at the time of issue.</text></subparagraph></paragraph></subsection><subsection id="H71A25F0C6F09439B8977AA758C675107"><enum>(e)</enum><header>Prior Offering of Policy in Primary State</header><text>A health insurance issuer may not offer for sale individual health insurance coverage in a secondary State unless that coverage is currently offered for sale in the primary State.</text></subsection><subsection id="HCE305B1B0E9B4D398ABD1936B563800E"><enum>(f)</enum><header>Licensing of Agents or Brokers for Health Insurance Issuers</header><text>Any State may require that a person acting, or offering to act, as an agent or broker for a health insurance issuer with respect to the offering of individual health insurance coverage obtain a license from that State, with commissions or other compensation subject to the provisions of the laws of that State, except that a State may not impose any qualification or requirement which discriminates against a nonresident agent or broker.</text></subsection><subsection id="H7C00EAEB15034F68891800776C6EAE1E"><enum>(g)</enum><header>Documents for Submission to State Insurance Commissioner</header><text>Each health insurance issuer issuing individual health insurance coverage in both primary and secondary States shall submit—</text><paragraph id="HEB0037D82B8B4BB18FB8FD22E9CA0E23"><enum>(1)</enum><text>to the insurance commissioner of each State in which it intends to offer such coverage, before it may offer individual health insurance coverage in such State—</text><subparagraph id="H9CEED564FBA14CC884393012A6C277FF"><enum>(A)</enum><text>a copy of the plan of operation or feasibility study or any similar statement of the policy being offered and its coverage (which shall include the name of its primary State and its principal place of business);</text></subparagraph><subparagraph id="HE1A4E71D182346D892457DEE82BCC49B"><enum>(B)</enum><text>written notice of any change in its designation of its primary State; and</text></subparagraph><subparagraph id="HAA099B793D644A51A02E81C3A3A90839"><enum>(C)</enum><text>written notice from the issuer of the issuer’s compliance with all the laws of the primary State; and</text></subparagraph></paragraph><paragraph id="H5533DC68B8E94F048582E85E37B2DB36"><enum>(2)</enum><text>to the insurance commissioner of each secondary State in which it offers individual health insurance coverage, a copy of the issuer’s quarterly financial statement submitted to the primary State, which statement shall be certified by an independent public accountant and contain a statement of opinion on loss and loss adjustment expense reserves made by—</text><subparagraph id="HD2DB0EBEB1134C2197C1FAE3781C9B45"><enum>(A)</enum><text>a member of the American Academy of Actuaries; or</text></subparagraph><subparagraph id="HFF930A50300B4816B7C3AD9F448B5A53"><enum>(B)</enum><text>a qualified loss reserve specialist.</text></subparagraph></paragraph></subsection><subsection id="HE00A283AD84F44F19C0B7F24E3927D19"><enum>(h)</enum><header>Power of Courts To Enjoin Conduct</header><text>Nothing in this section shall be construed to affect the authority of any Federal or State court to enjoin—</text><paragraph id="HE64CDB9160E3444B976C35B6782E4AFC"><enum>(1)</enum><text>the solicitation or sale of individual health insurance coverage by a health insurance issuer to any person or group who is not eligible for such insurance; or</text></paragraph><paragraph id="HE8E923A27024462796BE18D8BD64F823"><enum>(2)</enum><text>the solicitation or sale of individual health insurance coverage that violates the requirements of the law of a secondary State which are described in subparagraphs (A) through (H) of section 2796(b)(1).</text></paragraph></subsection><subsection id="H6AE596B715E741EF9A6877E6ABD42065"><enum>(i)</enum><header>Power of Secondary States To Take Administrative Action</header><text>Nothing in this section shall be construed to affect the authority of any State to enjoin conduct in violation of that State’s laws described in section 2796(b)(1).</text></subsection><subsection id="HFA8FDCF42D4F4791BEAC9D9AF348825E"><enum>(j)</enum><header>State Powers To Enforce State Laws</header><paragraph id="H15E9D27BCB8A421DB037F29696D8BEB8"><enum>(1)</enum><header>In general</header><text>Subject to the provisions of subsection (b)(1)(G) (relating to injunctions) and paragraph (2), nothing in this section shall be construed to affect the authority of any State to make use of any of its powers to enforce the laws of such State with respect to which a health insurance issuer is not exempt under subsection (b).</text></paragraph><paragraph id="HC941E48512B0457C8870E9BB89998887"><enum>(2)</enum><header>Courts of competent jurisdiction</header><text>If a State seeks an injunction regarding the conduct described in paragraphs (1) and (2) of subsection (h), such injunction must be obtained from a Federal or State court of competent jurisdiction.</text></paragraph></subsection><subsection id="HEFEA09A857A046F593DAC6B3054A7EFF"><enum>(k)</enum><header>States’ Authority To Sue</header><text>Nothing in this section shall affect the authority of any State to bring action in any Federal or State court.</text></subsection><subsection id="HB7CCEA745EE344D0A9DFCF5F823B204A"><enum>(l)</enum><header>Generally Applicable Laws</header><text>Nothing in this section shall be construed to affect the applicability of State laws generally applicable to persons or corporations.</text></subsection><subsection id="H58E9F7D913F54DC58FF6B053105B6FAC"><enum>(m)</enum><header>Guaranteed Availability of Coverage to HIPAA Eligible Individuals</header><text>To the extent that a health insurance issuer is offering coverage in a primary State that does not accommodate residents of secondary States or does not provide a working mechanism for residents of a secondary State, and the issuer is offering coverage under this part in such secondary State which has not adopted a qualified high risk pool as its acceptable alternative mechanism (as defined in section 2744(c)(2)), the issuer shall, with respect to any individual health insurance coverage offered in a secondary State under this part, comply with the guaranteed availability requirements for eligible individuals in section 2741.</text></subsection></section><section id="H2E2F0EDE4CF542ECBF1BC762ED81BD02"><enum>2797.</enum><header>Primary State must meet Federal floor before issuer may sell into secondary States</header><text display-inline="no-display-inline">A health insurance issuer may not offer, sell, or issue individual health insurance coverage in a secondary State if the State insurance commissioner does not use a risk-based capital formula for the determination of capital and surplus requirements for all health insurance issuers.</text></section><section id="H051CD5BFFC1D4ECEA9AF06EDD9EA2515"><enum>2798.</enum><header>Independent external appeals procedures</header><subsection id="H6D1098B92C3B47BFA04C2E3F0BD27B98"><enum>(a)</enum><header>Right to External Appeal</header><text>A health insurance issuer may not offer, sell, or issue individual health insurance coverage in a secondary State under the provisions of this title unless—</text><paragraph id="HA9D37C1C0EF24C5A9C0BFF22FF2516EE"><enum>(1)</enum><text>both the secondary State and the primary State have legislation or regulations in place establishing an independent review process for individuals who are covered by individual health insurance coverage; or</text></paragraph><paragraph id="H97EF1E6783004F6E9BBC63FA7BBD24B2"><enum>(2)</enum><text>in any case in which the requirements of subparagraph (A) are not met with respect to the either of such States, the issuer provides an independent review mechanism substantially identical (as determined by the applicable State authority of such State) to that prescribed in the <quote>Health Carrier External Review Model Act</quote> of the National Association of Insurance Commissioners for all individuals who purchase insurance coverage under the terms of this part, except that, under such mechanism, the review is conducted by an independent medical reviewer, or a panel of such reviewers, with respect to whom the requirements of subsection (b) are met.</text></paragraph></subsection><subsection id="H5D90FF08310246D79F47B139DEC6A627"><enum>(b)</enum><header>Qualifications of Independent Medical Reviewers</header><text>In the case of any independent review mechanism referred to in subsection (a)(2)—</text><paragraph id="H291C514DF54741CF86963060868ED8D2"><enum>(1)</enum><header>In general</header><text>In referring a denial of a claim to an independent medical reviewer, or to any panel of such reviewers, to conduct independent medical review, the issuer shall ensure that—</text><subparagraph id="H883CA3E99E5D4E16A1037E1065EAF1E4"><enum>(A)</enum><text>each independent medical reviewer meets the qualifications described in paragraphs (2) and (3);</text></subparagraph><subparagraph id="H78CF5306292E4FA38C4278F6F80CC29A"><enum>(B)</enum><text>with respect to each review, each reviewer meets the requirements of paragraph (4) and the reviewer, or at least 1 reviewer on the panel, meets the requirements described in paragraph (5); and</text></subparagraph><subparagraph id="H75D4A10243F94D8D965B30F0AA6E5370"><enum>(C)</enum><text>compensation provided by the issuer to each reviewer is consistent with paragraph (6).</text></subparagraph></paragraph><paragraph id="H2AD3D371ACA5487E923D323D908E2FFF"><enum>(2)</enum><header>Licensure and expertise</header><text>Each independent medical reviewer shall be a physician (allopathic or osteopathic) or health care professional who—</text><subparagraph id="H2FBC0887B3AC441C8C2B9796FF8F5431"><enum>(A)</enum><text>is appropriately credentialed or licensed in one or more States to deliver health care services; and</text></subparagraph><subparagraph id="HF39A2B8C2E7640E3AA7C15D02B46234F"><enum>(B)</enum><text>typically treats the condition, makes the diagnosis, or provides the type of treatment under review.</text></subparagraph></paragraph><paragraph id="H400555BC5F574D7192181D15699A06A8"><enum>(3)</enum><header>Independence</header><subparagraph id="H784A2D190AD24C62A28CFDBD8F6BDF3F"><enum>(A)</enum><header>In general</header><text>Subject to subparagraph (B), each independent medical reviewer in a case shall—</text><clause id="H271AD2F80B924AD1A453FC5AA02E0379"><enum>(i)</enum><text>not be a related party (as defined in paragraph (7));</text></clause><clause id="HE09DCFE530E1472E9E36F6CB8AC0D49B"><enum>(ii)</enum><text>not have a material familial, financial, or professional relationship with such a party; and</text></clause><clause id="H1649A15D1A674B61886115F8EF116F98"><enum>(iii)</enum><text>not otherwise have a conflict of interest with such a party (as determined under regulations).</text></clause></subparagraph><subparagraph id="H52687B3A8CC14AFCA8C97EB543229391"><enum>(B)</enum><header>Exception</header><text>Nothing in subparagraph (A) shall be construed to—</text><clause id="HC51E77C31C004DA3BC801D0A92CBFD64"><enum>(i)</enum><text>prohibit an individual, solely on the basis of affiliation with the issuer, from serving as an independent medical reviewer if—</text><subclause id="HE67C949151CD4A9D943179FEEB1FE679"><enum>(I)</enum><text>a non-affiliated individual is not reasonably available;</text></subclause><subclause id="H261B95504911453EA1A88F14FFAF6B5F"><enum>(II)</enum><text>the affiliated individual is not involved in the provision of items or services in the case under review;</text></subclause><subclause id="HD88CF6FD8AFE4E5F9D97617E7B3F0C73"><enum>(III)</enum><text>the fact of such an affiliation is disclosed to the issuer and the enrollee (or authorized representative) and neither party objects; and</text></subclause><subclause id="H1FBA94FA14CD4495812D6E83E8D0D954"><enum>(IV)</enum><text>the affiliated individual is not an employee of the issuer and does not provide services exclusively or primarily to or on behalf of the issuer;</text></subclause></clause><clause id="H77D349786E3644C3BDAA8A3E63362776"><enum>(ii)</enum><text>prohibit an individual who has staff privileges at the institution where the treatment involved takes place from serving as an independent medical reviewer merely on the basis of such affiliation if the affiliation is disclosed to the issuer and the enrollee (or authorized representative), and neither party objects; or</text></clause><clause id="H6736944BE0D84D25A1B8BC5CF9C2D018"><enum>(iii)</enum><text>prohibit receipt of compensation by an independent medical reviewer from an entity if the compensation is provided consistent with paragraph (6).</text></clause></subparagraph></paragraph><paragraph id="H812877971D26477E8660DCDC51AA1B8F"><enum>(4)</enum><header>Practicing health care professional in same field</header><subparagraph id="HA45C48BA35AD412BA1B1D52458EF7BB2"><enum>(A)</enum><header>In general</header><text>In a case involving treatment, or the provision of items or services—</text><clause id="HE09983C3C6CE4599BEA1994CB7E58DCB"><enum>(i)</enum><text>by a physician, a reviewer shall be a practicing physician (allopathic or osteopathic) of the same or similar specialty, as a physician who, acting within the appropriate scope of practice within the State in which the service is provided or rendered, typically treats the condition, makes the diagnosis, or provides the type of treatment under review; or</text></clause><clause id="HE503531856BC421595CBCB01984C96C0"><enum>(ii)</enum><text>by a non-physician health care professional, the reviewer, or at least 1 member of the review panel, shall be a practicing non-physician health care professional of the same or similar specialty as the non-physician health care professional who, acting within the appropriate scope of practice within the State in which the service is provided or rendered, typically treats the condition, makes the diagnosis, or provides the type of treatment under review.</text></clause></subparagraph><subparagraph id="H4F6056BCEFB64873A79FE0CF25DB8D6B"><enum>(B)</enum><header>Practicing defined</header><text>For purposes of this paragraph, the term <term>practicing</term> means, with respect to an individual who is a physician or other health care professional, that the individual provides health care services to individual patients on average at least 2 days per week.</text></subparagraph></paragraph><paragraph id="HA8360B41FA1140AA92DC534345395EAF"><enum>(5)</enum><header>Pediatric expertise</header><text>In the case of an external review relating to a child, a reviewer shall have expertise under paragraph (2) in pediatrics.</text></paragraph><paragraph id="H7EAAF54791754EE2953DC4BBA13ED957"><enum>(6)</enum><header>Limitations on reviewer compensation</header><text>Compensation provided by the issuer to an independent medical reviewer in connection with a review under this section shall—</text><subparagraph id="H21072B2F1ED3425BA072AA5619E4D23E"><enum>(A)</enum><text>not exceed a reasonable level; and</text></subparagraph><subparagraph id="H064894F1EC6F4D0FBF2E44F0FEE25982"><enum>(B)</enum><text>not be contingent on the decision rendered by the reviewer.</text></subparagraph></paragraph><paragraph id="H133569BD0D4A438FB0109A293112E800"><enum>(7)</enum><header>Related party defined</header><text>For purposes of this section, the term <term>related party</term> means, with respect to a denial of a claim under a coverage relating to an enrollee, any of the following:</text><subparagraph id="H7C4100DC44784980B96C62587D37EC51"><enum>(A)</enum><text>The issuer involved, or any fiduciary, officer, director, or employee of the issuer.</text></subparagraph><subparagraph id="H53AFA4E1A1D84061A69065A976C37E79"><enum>(B)</enum><text>The enrollee (or authorized representative).</text></subparagraph><subparagraph id="HD62CAB079A0B426F886781480BBF537C"><enum>(C)</enum><text>The health care professional that provides the items or services involved in the denial.</text></subparagraph><subparagraph id="H66BD62063B574F81894ADCECD352D0CE"><enum>(D)</enum><text>The institution at which the items or services (or treatment) involved in the denial are provided.</text></subparagraph><subparagraph id="H07A66473C1AB4FDAA249568EE54EEF58"><enum>(E)</enum><text>The manufacturer of any drug or other item that is included in the items or services involved in the denial.</text></subparagraph><subparagraph id="H508D464DFC584ACCB85DEB956D8FC5C9"><enum>(F)</enum><text>Any other party determined under any regulations to have a substantial interest in the denial involved.</text></subparagraph></paragraph><paragraph id="HB40FFA8B9B6049ECABCBD19BCB4765CC"><enum>(8)</enum><header>Definitions</header><text>For purposes of this subsection:</text><subparagraph id="H835E37B7D8364204868AA9EDA6DBDB21"><enum>(A)</enum><header>Enrollee</header><text>The term <term>enrollee</term> means, with respect to health insurance coverage offered by a health insurance issuer, an individual enrolled with the issuer to receive such coverage.</text></subparagraph><subparagraph id="HCD7487E99E6846A29C8D5C12C70ACDC0"><enum>(B)</enum><header>Health care professional</header><text>The term <term>health care professional</term> means an individual who is licensed, accredited, or certified under State law to provide specified health care services and who is operating within the scope of such licensure, accreditation, or certification.</text></subparagraph></paragraph></subsection></section><section id="HE89ECEF1CECA492DA2D1BE11DBABBF9F"><enum>2799.</enum><header>Enforcement</header><subsection id="H64B3D6F135C34CDD91FEE265592CA88E"><enum>(a)</enum><header>In General</header><text>Subject to subsection (b), with respect to specific individual health insurance coverage the primary State for such coverage has sole jurisdiction to enforce the primary State’s covered laws in the primary State and any secondary State.</text></subsection><subsection id="HAECA1514E3CA431797688A9D755A9D93"><enum>(b)</enum><header>Secondary State’s Authority</header><text>Nothing in subsection (a) shall be construed to affect the authority of a secondary State to enforce its laws as set forth in the exception specified in section 2796(b)(1).</text></subsection><subsection id="HE93FF98FD76F452D84C58464A4CE3028"><enum>(c)</enum><header>Court Interpretation</header><text>In reviewing action initiated by the applicable secondary State authority, the court of competent jurisdiction shall apply the covered laws of the primary State.</text></subsection><subsection id="HBAB27C26F3F44FC6B69457F9497E2FA6"><enum>(d)</enum><header>Notice of Compliance Failure</header><text>In the case of individual health insurance coverage offered in a secondary State that fails to comply with the covered laws of the primary State, the applicable State authority of the secondary State may notify the applicable State authority of the primary State.</text></subsection></section></part><after-quoted-block>.</after-quoted-block></quoted-block></subsection><subsection id="H3B5F09E02FB445F3BC2E212232F8AEA7"><enum>(b)</enum><header>Effective Date</header><text>The amendment made by subsection (a) shall apply to individual health insurance coverage offered, issued, or sold on or after October 1, 2021.</text></subsection><subsection id="H1C67BDC7BF8347CA8D7C1068447368FF"><enum>(c)</enum><header>GAO Ongoing Study and Reports</header><paragraph id="HD7508E0B51D94BB8AAEA1516DC61FCED"><enum>(1)</enum><header>Study</header><text>The Comptroller General of the United States shall conduct an ongoing study concerning the effect of the amendment made by subsection (a) on—</text><subparagraph id="H4A3E98D27C6449ACAD7EBE40F9EBA40A"><enum>(A)</enum><text>the number of uninsured and under-insured;</text></subparagraph><subparagraph id="HA6743DFB5B7540A2AF8BBF2D5181A73F"><enum>(B)</enum><text>the availability and cost of health insurance policies for individuals with pre-existing medical conditions;</text></subparagraph><subparagraph id="H540F7C484BF044D1BF9AD43150C01E90"><enum>(C)</enum><text>the availability and cost of health insurance policies generally;</text></subparagraph><subparagraph id="H7A55974834CE4585AA6BF3D7F42BC458"><enum>(D)</enum><text>the elimination or reduction of different types of benefits under health insurance policies offered in different States; and</text></subparagraph><subparagraph id="H37904EE10ED6455FB8269E2E380449FB"><enum>(E)</enum><text>cases of fraud or abuse relating to health insurance coverage offered under such amendment and the resolution of such cases.</text></subparagraph></paragraph><paragraph id="HCD03C315904444619E9E4D893069F323"><enum>(2)</enum><header>Annual reports</header><text>The Comptroller General shall submit to Congress an annual report, after the end of each of the 5 years following the effective date of the amendment made by subsection (a), on the ongoing study conducted under paragraph (1).</text></paragraph></subsection></section></legis-body></bill> 

