<?xml version="1.0"?>
<?xml-stylesheet type="text/xsl" href="billres.xsl"?>
<!DOCTYPE resolution PUBLIC "-//US Congress//DTDs/res.dtd//EN" "res.dtd">
<resolution resolution-stage="Introduced-in-House" dms-id="H862E24D6792446E1AF1CAA15EEADC5CF" public-private="public" resolution-type="house-resolution" star-print="no-star-print" key="H"><metadata xmlns:dc="http://purl.org/dc/elements/1.1/">
<dublinCore>
<dc:title>117 HRES 24 IH: Impeaching Donald John Trump, President of the United States, for high crimes and misdemeanors.</dc:title>
<dc:publisher>U.S. House of Representatives</dc:publisher>
<dc:date>2021-01-11</dc:date>
<dc:format>text/xml</dc:format>
<dc:language>EN</dc:language>
<dc:rights>Pursuant to Title 17 Section 105 of the United States Code, this file is not subject to copyright protection and is in the public domain.</dc:rights>
</dublinCore>
</metadata>
<form>
<distribution-code display="yes">IV</distribution-code><congress display="yes">117th CONGRESS</congress><session display="yes">1st Session</session><legis-num display="yes">H. RES. 24</legis-num><current-chamber>IN THE HOUSE OF REPRESENTATIVES</current-chamber><action display="yes"><action-date date="20210111">January 11, 2021</action-date><action-desc><sponsor name-id="C001084">Mr. Cicilline</sponsor> (for himself, <cosponsor name-id="L000582">Mr. Lieu</cosponsor>, <cosponsor name-id="R000606">Mr. Raskin</cosponsor>, <cosponsor name-id="N000002">Mr. Nadler</cosponsor>, <cosponsor name-id="A000370">Ms. Adams</cosponsor>, <cosponsor name-id="A000371">Mr. Aguilar</cosponsor>, <cosponsor name-id="A000376">Mr. Allred</cosponsor>, <cosponsor name-id="A000148">Mr. Auchincloss</cosponsor>, <cosponsor name-id="A000378">Mrs. Axne</cosponsor>, <cosponsor name-id="B001300">Ms. Barrag&#225;n</cosponsor>, <cosponsor name-id="B001270">Ms. Bass</cosponsor>, <cosponsor name-id="B001281">Mrs. Beatty</cosponsor>, <cosponsor name-id="B001287">Mr. Bera</cosponsor>, <cosponsor name-id="B001292">Mr. Beyer</cosponsor>, <cosponsor name-id="B000490">Mr. Bishop of Georgia</cosponsor>, <cosponsor name-id="B000574">Mr. Blumenauer</cosponsor>, <cosponsor name-id="B001303">Ms. Blunt Rochester</cosponsor>, <cosponsor name-id="B001278">Ms. Bonamici</cosponsor>, <cosponsor name-id="B001312">Ms. Bourdeaux</cosponsor>, <cosponsor name-id="B001223">Mr. Bowman</cosponsor>, <cosponsor name-id="B001296">Mr. Brendan F. Boyle of Pennsylvania</cosponsor>, <cosponsor name-id="B001304">Mr. Brown</cosponsor>, <cosponsor name-id="B001285">Ms. Brownley</cosponsor>, <cosponsor name-id="B001224">Ms. Bush</cosponsor>, <cosponsor name-id="B001286">Mrs. Bustos</cosponsor>, <cosponsor name-id="B001251">Mr. Butterfield</cosponsor>, <cosponsor name-id="C001112">Mr. Carbajal</cosponsor>, <cosponsor name-id="C001097">Mr. C&#225;rdenas</cosponsor>, <cosponsor name-id="C001072">Mr. Carson</cosponsor>, <cosponsor name-id="C001090">Mr. Cartwright</cosponsor>, <cosponsor name-id="C001055">Mr. Case</cosponsor>, <cosponsor name-id="C001117">Mr. Casten</cosponsor>, <cosponsor name-id="C001066">Ms. Castor of Florida</cosponsor>, <cosponsor name-id="C001091">Mr. Castro of Texas</cosponsor>, <cosponsor name-id="C001080">Ms. Chu</cosponsor>, <cosponsor name-id="C001101">Ms. Clark of Massachusetts</cosponsor>, <cosponsor name-id="C001067">Ms. Clarke of New York</cosponsor>, <cosponsor name-id="C001061">Mr. Cleaver</cosponsor>, <cosponsor name-id="C000537">Mr. Clyburn</cosponsor>, <cosponsor name-id="C001068">Mr. Cohen</cosponsor>, <cosponsor name-id="C001078">Mr. Connolly</cosponsor>, <cosponsor name-id="C000754">Mr. Cooper</cosponsor>, <cosponsor name-id="C001110">Mr. Correa</cosponsor>, <cosponsor name-id="C001059">Mr. Costa</cosponsor>, <cosponsor name-id="C001069">Mr. Courtney</cosponsor>, <cosponsor name-id="C001119">Ms. Craig</cosponsor>, <cosponsor name-id="C001111">Mr. Crist</cosponsor>, <cosponsor name-id="C001121">Mr. Crow</cosponsor>, <cosponsor name-id="C001063">Mr. Cuellar</cosponsor>, <cosponsor name-id="D000629">Ms. Davids of Kansas</cosponsor>, <cosponsor name-id="D000096">Mr. Danny K. Davis of Illinois</cosponsor>, <cosponsor name-id="D000631">Ms. Dean</cosponsor>, <cosponsor name-id="D000191">Mr. DeFazio</cosponsor>, <cosponsor name-id="D000197">Ms. DeGette</cosponsor>, <cosponsor name-id="D000216">Ms. DeLauro</cosponsor>, <cosponsor name-id="D000617">Ms. DelBene</cosponsor>, <cosponsor name-id="D000630">Mr. Delgado</cosponsor>, <cosponsor name-id="D000627">Mrs. Demings</cosponsor>, <cosponsor name-id="D000623">Mr. DeSaulnier</cosponsor>, <cosponsor name-id="D000610">Mr. Deutch</cosponsor>, <cosponsor name-id="D000624">Mrs. Dingell</cosponsor>, <cosponsor name-id="D000399">Mr. Doggett</cosponsor>, <cosponsor name-id="D000482">Mr. Michael F. Doyle of Pennsylvania</cosponsor>, <cosponsor name-id="E000299">Ms. Escobar</cosponsor>, <cosponsor name-id="E000215">Ms. Eshoo</cosponsor>, <cosponsor name-id="E000297">Mr. Espaillat</cosponsor>, <cosponsor name-id="E000296">Mr. Evans</cosponsor>, <cosponsor name-id="F000468">Mrs. Fletcher</cosponsor>, <cosponsor name-id="F000454">Mr. Foster</cosponsor>, <cosponsor name-id="F000462">Ms. Lois Frankel of Florida</cosponsor>, <cosponsor name-id="G000574">Mr. Gallego</cosponsor>, <cosponsor name-id="G000559">Mr. Garamendi</cosponsor>, <cosponsor name-id="G000587">Ms. Garcia of Texas</cosponsor>, <cosponsor name-id="G000586">Mr. Garc&#237;a of Illinois</cosponsor>, <cosponsor name-id="G000585">Mr. Gomez</cosponsor>, <cosponsor name-id="G000581">Mr. Vicente Gonzalez of Texas</cosponsor>, <cosponsor name-id="G000583">Mr. Gottheimer</cosponsor>, <cosponsor name-id="G000553">Mr. Green of Texas</cosponsor>, <cosponsor name-id="G000551">Mr. Grijalva</cosponsor>, <cosponsor name-id="H001090">Mr. Harder of California</cosponsor>, <cosponsor name-id="H000324">Mr. Hastings</cosponsor>, <cosponsor name-id="H001081">Mrs. Hayes</cosponsor>, <cosponsor name-id="H001038">Mr. Higgins of New York</cosponsor>, <cosponsor name-id="H001066">Mr. Horsford</cosponsor>, <cosponsor name-id="H001085">Ms. Houlahan</cosponsor>, <cosponsor name-id="H001068">Mr. Huffman</cosponsor>, <cosponsor name-id="J000032">Ms. Jackson Lee</cosponsor>, <cosponsor name-id="J000305">Ms. Jacobs of California</cosponsor>, <cosponsor name-id="J000298">Ms. Jayapal</cosponsor>, <cosponsor name-id="J000294">Mr. Jeffries</cosponsor>, <cosponsor name-id="J000126">Ms. Johnson of Texas</cosponsor>, <cosponsor name-id="J000288">Mr. Johnson of Georgia</cosponsor>, <cosponsor name-id="J000306">Mr. Jones</cosponsor>, <cosponsor name-id="K000396">Mr. Kahele</cosponsor>, <cosponsor name-id="K000009">Ms. Kaptur</cosponsor>, <cosponsor name-id="K000375">Mr. Keating</cosponsor>, <cosponsor name-id="K000385">Ms. Kelly of Illinois</cosponsor>, <cosponsor name-id="K000389">Mr. Khanna</cosponsor>, <cosponsor name-id="K000380">Mr. Kildee</cosponsor>, <cosponsor name-id="K000381">Mr. Kilmer</cosponsor>, <cosponsor name-id="K000394">Mr. Kim of New Jersey</cosponsor>, <cosponsor name-id="K000368">Mrs. Kirkpatrick</cosponsor>, <cosponsor name-id="K000391">Mr. Krishnamoorthi</cosponsor>, <cosponsor name-id="K000382">Ms. Kuster</cosponsor>, <cosponsor name-id="L000588">Mr. Lamb</cosponsor>, <cosponsor name-id="L000559">Mr. Langevin</cosponsor>, <cosponsor name-id="L000560">Mr. Larsen of Washington</cosponsor>, <cosponsor name-id="L000557">Mr. Larson of Connecticut</cosponsor>, <cosponsor name-id="L000581">Mrs. Lawrence</cosponsor>, <cosponsor name-id="L000586">Mr. Lawson of Florida</cosponsor>, <cosponsor name-id="L000551">Ms. Lee of California</cosponsor>, <cosponsor name-id="L000590">Mrs. Lee of Nevada</cosponsor>, <cosponsor name-id="L000273">Ms. Leger Fernandez</cosponsor>, <cosponsor name-id="L000592">Mr. Levin of Michigan</cosponsor>, <cosponsor name-id="L000593">Mr. Levin of California</cosponsor>, <cosponsor name-id="L000397">Ms. Lofgren</cosponsor>, <cosponsor name-id="L000579">Mr. Lowenthal</cosponsor>, <cosponsor name-id="L000591">Mrs. Luria</cosponsor>, <cosponsor name-id="L000562">Mr. Lynch</cosponsor>, <cosponsor name-id="M001203">Mr. Malinowski</cosponsor>, <cosponsor name-id="M000087">Mrs. Carolyn B. Maloney of New York</cosponsor>, <cosponsor name-id="M001185">Mr. Sean Patrick Maloney of New York</cosponsor>, <cosponsor name-id="M001135">Ms. Manning</cosponsor>, <cosponsor name-id="M001163">Ms. Matsui</cosponsor>, <cosponsor name-id="M001208">Mrs. McBath</cosponsor>, <cosponsor name-id="M001143">Ms. McCollum</cosponsor>, <cosponsor name-id="M001200">Mr. McEachin</cosponsor>, <cosponsor name-id="M000312">Mr. McGovern</cosponsor>, <cosponsor name-id="M001166">Mr. McNerney</cosponsor>, <cosponsor name-id="M001137">Mr. Meeks</cosponsor>, <cosponsor name-id="M001188">Ms. Meng</cosponsor>, <cosponsor name-id="M000687">Mr. Mfume</cosponsor>, <cosponsor name-id="M001160">Ms. Moore of Wisconsin</cosponsor>, <cosponsor name-id="M001206">Mr. Morelle</cosponsor>, <cosponsor name-id="M001196">Mr. Moulton</cosponsor>, <cosponsor name-id="M001214">Mr. Mrvan</cosponsor>, <cosponsor name-id="M001202">Mrs. Murphy of Florida</cosponsor>, <cosponsor name-id="N000179">Mrs. Napolitano</cosponsor>, <cosponsor name-id="N000015">Mr. Neal</cosponsor>, <cosponsor name-id="N000191">Mr. Neguse</cosponsor>, <cosponsor name-id="N000192">Ms. Newman</cosponsor>, <cosponsor name-id="N000188">Mr. Norcross</cosponsor>, <cosponsor name-id="N000147">Ms. Norton</cosponsor>, <cosponsor name-id="O000171">Mr. O'Halleran</cosponsor>, <cosponsor name-id="O000172">Ms. Ocasio-Cortez</cosponsor>, <cosponsor name-id="O000173">Ms. Omar</cosponsor>, <cosponsor name-id="P000034">Mr. Pallone</cosponsor>, <cosponsor name-id="P000613">Mr. Panetta</cosponsor>, <cosponsor name-id="P000614">Mr. Pappas</cosponsor>, <cosponsor name-id="P000096">Mr. Pascrell</cosponsor>, <cosponsor name-id="P000604">Mr. Payne</cosponsor>, <cosponsor name-id="P000616">Mr. Phillips</cosponsor>, <cosponsor name-id="P000597">Ms. Pingree</cosponsor>, <cosponsor name-id="P000610">Ms. Plaskett</cosponsor>, <cosponsor name-id="P000607">Mr. Pocan</cosponsor>, <cosponsor name-id="P000618">Ms. Porter</cosponsor>, <cosponsor name-id="P000617">Ms. Pressley</cosponsor>, <cosponsor name-id="P000523">Mr. Price of North Carolina</cosponsor>, <cosponsor name-id="Q000023">Mr. Quigley</cosponsor>, <cosponsor name-id="R000602">Miss Rice of New York</cosponsor>, and <cosponsor name-id="R000305">Ms. Ross</cosponsor>) submitted the following resolution; which was referred to the <committee-name committee-id="HJU00">Committee on the Judiciary</committee-name></action-desc></action><legis-type>RESOLUTION</legis-type><official-title display="yes">Impeaching Donald John Trump, President of the United States, for high crimes and misdemeanors.</official-title></form><resolution-body style="traditional" id="H9C89B7068614491FBF7DDC493E51B1B8"> 
<section display-inline="yes-display-inline" section-type="undesignated-section" id="HE18970671FD54E60B13E5D27B3CD863D"><text>That Donald John Trump, President of the United States, is impeached for high crimes and misdemeanors and that the following article of impeachment be exhibited to the United States Senate:</text> <subsection display-inline="no-display-inline" id="H3A01204F8A224C23A1B7DEB5CE75762C"><enum></enum><text>Article of impeachment exhibited by the House of Representatives of the United States of America in the name of itself and of the people of the United States of America, against Donald John Trump, President of the United States of America, in maintenance and support of its impeachment against him for high crimes and misdemeanors.</text></subsection></section> 
<section id="H1513DA7FA1BE4D6C8AF2A6F3301B096B" section-type="undesignated-section"><header>Article I: Incitement of Insurrection</header> 
<subsection display-inline="no-display-inline" id="H87A28C62CBBF47E4AF10931D565728E6"><enum></enum><text display-inline="yes-display-inline">The Constitution provides that the House of Representatives <quote>shall have the sole Power of Impeachment</quote> and that the President <quote>shall be removed from Office on Impeachment for, and Conviction of, Treason, Bribery, or other high Crimes and Misdemeanors</quote>. Further, section 3 of the 14th Amendment to the Constitution prohibits any person who has <quote>engaged in insurrection or rebellion against</quote> the United States from <quote>hold[ing] any office … under the United States</quote>. In his conduct while President of the United States—and in violation of his constitutional oath faithfully to execute the office of President of the United States and, to the best of his ability, preserve, protect, and defend the Constitution of the United States, and in violation of his constitutional duty to take care that the laws be faithfully executed—Donald John Trump engaged in high Crimes and Misdemeanors by inciting violence against the Government of the United States, in that:</text></subsection> <subsection id="H3A4A081D570F423D9D66070AA2B4BA8B"><enum></enum><text display-inline="yes-display-inline">On January 6, 2021, pursuant to the 12th Amendment to the Constitution of the United States, the Vice President of the United States, the House of Representatives, and the Senate met at the United States Capitol for a Joint Session of Congress to count the votes of the Electoral College. In the months preceding the Joint Session, President Trump repeatedly issued false statements asserting that the Presidential election results were the product of widespread fraud and should not be accepted by the American people or certified by State or Federal officials. Shortly before the Joint Session commenced, President Trump, addressed a crowd at the Ellipse in Washington, DC. There, he reiterated false claims that <quote>we won this election, and we won it by a landslide</quote>. He also willfully made statements that, in context, encouraged—and foreseeably resulted in—lawless action at the Capitol, such as: <quote>if you don’t fight like hell you’re not going to have a country anymore</quote>. Thus incited by President Trump, members of the crowd he had addressed, in an attempt to, among other objectives, interfere with the Joint Session’s solemn constitutional duty to certify the results of the 2020 Presidential election, unlawfully breached and vandalized the Capitol, injured and killed law enforcement personnel, menaced Members of Congress, the Vice President, and Congressional personnel, and engaged in other violent, deadly, destructive, and seditious acts. </text></subsection> 
<subsection id="H0729249AAC1943FE94C23D1D802220A9"><enum></enum><text display-inline="yes-display-inline">President Trump’s conduct on January 6, 2021, followed his prior efforts to subvert and obstruct the certification of the results of the 2020 Presidential election. Those prior efforts included a phone call on January 2, 2021, during which President Trump urged the secretary of state of Georgia, Brad Raffensperger, to <quote>find</quote> enough votes to overturn the Georgia Presidential election results and threatened Secretary Raffensperger if he failed to do so. </text></subsection> <subsection id="HFCBD27A9922B4940B3F0EDE8108CBA73"><enum></enum><text display-inline="yes-display-inline">In all this, President Trump gravely endangered the security of the United States and its institutions of Government. He threatened the integrity of the democratic system, interfered with the peaceful transition of power, and imperiled a coequal branch of Government. He thereby betrayed his trust as President, to the manifest injury of the people of the United States.</text></subsection> 
<subsection id="H29B3DE65DA8749C5AFB2C075078CA525"><enum></enum><text display-inline="yes-display-inline">Wherefore, Donald John Trump, by such conduct, has demonstrated that he will remain a threat to national security, democracy, and the Constitution if allowed to remain in office, and has acted in a manner grossly incompatible with self-governance and the rule of law. Donald John Trump thus warrants impeachment and trial, removal from office, and disqualification to hold and enjoy any office of honor, trust, or profit under the United States.</text></subsection></section> </resolution-body></resolution> 

