<?xml version="1.0"?>
<?xml-stylesheet type="text/xsl" href="billres.xsl"?>
<!DOCTYPE bill PUBLIC "-//US Congress//DTDs/bill.dtd//EN" "bill.dtd">
<bill bill-stage="Introduced-in-House" dms-id="H31AFB82CF643468487A1EE107F1B0FE3" public-private="public" key="H" bill-type="olc"><metadata xmlns:dc="http://purl.org/dc/elements/1.1/">
<dublinCore>
<dc:title>117 HR 50 IH: To amend title 54, United States Code, to prohibit the extension or establishment of national monuments in Arizona except by express authorization of Congress, and for other purposes.</dc:title>
<dc:publisher>U.S. House of Representatives</dc:publisher>
<dc:date>2021-01-04</dc:date>
<dc:format>text/xml</dc:format>
<dc:language>EN</dc:language>
<dc:rights>Pursuant to Title 17 Section 105 of the United States Code, this file is not subject to copyright protection and is in the public domain.</dc:rights>
</dublinCore>
</metadata>
<form>
<distribution-code display="yes">I</distribution-code><congress display="yes">117th CONGRESS</congress><session display="yes">1st Session</session><legis-num display="yes">H. R. 50</legis-num><current-chamber>IN THE HOUSE OF REPRESENTATIVES</current-chamber><action display="yes"><action-date date="20210104">January 4, 2021</action-date><action-desc><sponsor name-id="B001302">Mr. Biggs</sponsor> introduced the following bill; which was referred to the <committee-name committee-id="HII00">Committee on Natural Resources</committee-name></action-desc></action><legis-type>A BILL</legis-type><official-title display="yes">To amend title 54, United States Code, to prohibit the extension or establishment of national monuments in Arizona except by express authorization of Congress, and for other purposes.</official-title></form><legis-body id="H4AFC30EEBDB144368A7FB7F6F6EE4EA7" style="OLC"><section id="H8E69A07BD3E341B7A130398CFD5840D1" section-type="section-one"><enum>1.</enum><header>Limitation on extension or establishment of national monuments in Arizona</header><text display-inline="no-display-inline">Subsection (d) of section 320301 of title 54, United States Code, is amended—</text><paragraph id="HA615C97A9FE94FC387A94B581B9B4206"><enum>(1)</enum><text>by inserting <quote><header-in-text level="subsection" style="OLC">or Arizona</header-in-text></quote> after <quote><header-in-text level="subsection" style="OLC">Wyoming</header-in-text></quote>; and</text></paragraph><paragraph id="HE22055BBA92740A983494AEB246D67B6"><enum>(2)</enum><text>by inserting <quote>or Arizona</quote> after <quote>Wyoming</quote>.</text></paragraph></section></legis-body></bill> 

