<?xml version="1.0"?>
<?xml-stylesheet type="text/xsl" href="billres.xsl"?>
<!DOCTYPE bill PUBLIC "-//US Congress//DTDs/bill.dtd//EN" "bill.dtd">
<bill bill-stage="Introduced-in-House" dms-id="H3138E5974E27494EA510CAA87E265ACF" public-private="public" key="H" bill-type="olc"><metadata xmlns:dc="http://purl.org/dc/elements/1.1/">
<dublinCore>
<dc:title>117 HR 40 IH: Commission to Study and Develop Reparation Proposals for African Americans Act</dc:title>
<dc:publisher>U.S. House of Representatives</dc:publisher>
<dc:date>2021-01-04</dc:date>
<dc:format>text/xml</dc:format>
<dc:language>EN</dc:language>
<dc:rights>Pursuant to Title 17 Section 105 of the United States Code, this file is not subject to copyright protection and is in the public domain.</dc:rights>
</dublinCore>
</metadata>
<form>
<distribution-code display="yes">I</distribution-code><congress display="yes">117th CONGRESS</congress><session display="yes">1st Session</session><legis-num display="yes">H. R. 40</legis-num><current-chamber>IN THE HOUSE OF REPRESENTATIVES</current-chamber><action display="yes"><action-date date="20210104">January 4, 2021</action-date><action-desc><sponsor name-id="J000032">Ms. Jackson Lee</sponsor> (for herself, <cosponsor name-id="P000610">Ms. Plaskett</cosponsor>, <cosponsor name-id="R000515">Mr. Rush</cosponsor>, <cosponsor name-id="E000297">Mr. Espaillat</cosponsor>, <cosponsor name-id="W000822">Mrs. Watson Coleman</cosponsor>, <cosponsor name-id="N000147">Ms. Norton</cosponsor>, <cosponsor name-id="C001066">Ms. Castor of Florida</cosponsor>, <cosponsor name-id="L000551">Ms. Lee of California</cosponsor>, <cosponsor name-id="K000389">Mr. Khanna</cosponsor>, <cosponsor name-id="B001281">Mrs. Beatty</cosponsor>, <cosponsor name-id="M001166">Mr. McNerney</cosponsor>, <cosponsor name-id="N000188">Mr. Norcross</cosponsor>, <cosponsor name-id="R000576">Mr. Ruppersberger</cosponsor>, <cosponsor name-id="E000215">Ms. Eshoo</cosponsor>, <cosponsor name-id="C000754">Mr. Cooper</cosponsor>, <cosponsor name-id="C001078">Mr. Connolly</cosponsor>, <cosponsor name-id="M001188">Ms. Meng</cosponsor>, <cosponsor name-id="R000606">Mr. Raskin</cosponsor>, <cosponsor name-id="W000800">Mr. Welch</cosponsor>, <cosponsor name-id="T000482">Mrs. Trahan</cosponsor>, <cosponsor name-id="P000617">Ms. Pressley</cosponsor>, <cosponsor name-id="C001067">Ms. Clarke of New York</cosponsor>, <cosponsor name-id="J000294">Mr. Jeffries</cosponsor>, <cosponsor name-id="S001168">Mr. Sarbanes</cosponsor>, <cosponsor name-id="B000490">Mr. Bishop of Georgia</cosponsor>, <cosponsor name-id="D000197">Ms. DeGette</cosponsor>, <cosponsor name-id="K000380">Mr. Kildee</cosponsor>, <cosponsor name-id="B001278">Ms. Bonamici</cosponsor>, <cosponsor name-id="G000553">Mr. Green of Texas</cosponsor>, <cosponsor name-id="M001160">Ms. Moore of Wisconsin</cosponsor>, <cosponsor name-id="D000624">Mrs. Dingell</cosponsor>, <cosponsor name-id="A000370">Ms. Adams</cosponsor>, <cosponsor name-id="W000788">Ms. Williams of Georgia</cosponsor>, <cosponsor name-id="B001292">Mr. Beyer</cosponsor>, <cosponsor name-id="C001101">Ms. Clark of Massachusetts</cosponsor>, <cosponsor name-id="C001121">Mr. Crow</cosponsor>, <cosponsor name-id="S001201">Mr. Suozzi</cosponsor>, <cosponsor name-id="C001084">Mr. Cicilline</cosponsor>, <cosponsor name-id="N000002">Mr. Nadler</cosponsor>, <cosponsor name-id="M000312">Mr. McGovern</cosponsor>, <cosponsor name-id="D000617">Ms. DelBene</cosponsor>, <cosponsor name-id="L000562">Mr. Lynch</cosponsor>, <cosponsor name-id="J000306">Mr. Jones</cosponsor>, <cosponsor name-id="B000574">Mr. Blumenauer</cosponsor>, <cosponsor name-id="K000375">Mr. Keating</cosponsor>, <cosponsor name-id="N000191">Mr. Neguse</cosponsor>, <cosponsor name-id="B001303">Ms. Blunt Rochester</cosponsor>, <cosponsor name-id="E000296">Mr. Evans</cosponsor>, <cosponsor name-id="S001175">Ms. Speier</cosponsor>, <cosponsor name-id="M001143">Ms. McCollum</cosponsor>, <cosponsor name-id="J000298">Ms. Jayapal</cosponsor>, <cosponsor name-id="M001137">Mr. Meeks</cosponsor>, <cosponsor name-id="S001159">Ms. Strickland</cosponsor>, <cosponsor name-id="S001205">Ms. Scanlon</cosponsor>, <cosponsor name-id="V000081">Ms. Velázquez</cosponsor>, <cosponsor name-id="D000610">Mr. Deutch</cosponsor>, <cosponsor name-id="C001068">Mr. Cohen</cosponsor>, <cosponsor name-id="P000604">Mr. Payne</cosponsor>, <cosponsor name-id="M001206">Mr. Morelle</cosponsor>, <cosponsor name-id="W000808">Ms. Wilson of Florida</cosponsor>, <cosponsor name-id="D000627">Mrs. Demings</cosponsor>, <cosponsor name-id="B001287">Mr. Bera</cosponsor>, <cosponsor name-id="T000472">Mr. Takano</cosponsor>, <cosponsor name-id="B001296">Mr. Brendan F. Boyle of Pennsylvania</cosponsor>, <cosponsor name-id="S001145">Ms. Schakowsky</cosponsor>, <cosponsor name-id="L000581">Mrs. Lawrence</cosponsor>, <cosponsor name-id="T000468">Ms. Titus</cosponsor>, <cosponsor name-id="L000582">Mr. Lieu</cosponsor>, <cosponsor name-id="M000687">Mr. Mfume</cosponsor>, <cosponsor name-id="C001072">Mr. Carson</cosponsor>, <cosponsor name-id="F000455">Ms. Fudge</cosponsor>, <cosponsor name-id="S001157">Mr. David Scott of Georgia</cosponsor>, <cosponsor name-id="B001300">Ms. Barragán</cosponsor>, <cosponsor name-id="Q000023">Mr. Quigley</cosponsor>, <cosponsor name-id="D000096">Mr. Danny K. Davis of Illinois</cosponsor>, <cosponsor name-id="V000130">Mr. Vargas</cosponsor>, <cosponsor name-id="L000557">Mr. Larson of Connecticut</cosponsor>, <cosponsor name-id="T000193">Mr. Thompson of Mississippi</cosponsor>, <cosponsor name-id="B001304">Mr. Brown</cosponsor>, <cosponsor name-id="W000797">Ms. Wasserman Schultz</cosponsor>, <cosponsor name-id="L000579">Mr. Lowenthal</cosponsor>, <cosponsor name-id="K000381">Mr. Kilmer</cosponsor>, <cosponsor name-id="N000015">Mr. Neal</cosponsor>, <cosponsor name-id="P000034">Mr. Pallone</cosponsor>, <cosponsor name-id="S001185">Ms. Sewell</cosponsor>, <cosponsor name-id="M001163">Ms. Matsui</cosponsor>, <cosponsor name-id="L000586">Mr. Lawson of Florida</cosponsor>, <cosponsor name-id="T000460">Mr. Thompson of California</cosponsor>, <cosponsor name-id="Y000062">Mr. Yarmuth</cosponsor>, <cosponsor name-id="C001059">Mr. Costa</cosponsor>, <cosponsor name-id="H001066">Mr. Horsford</cosponsor>, <cosponsor name-id="P000597">Ms. Pingree</cosponsor>, <cosponsor name-id="S001200">Mr. Soto</cosponsor>, <cosponsor name-id="D000631">Ms. Dean</cosponsor>, <cosponsor name-id="H001081">Mrs. Hayes</cosponsor>, <cosponsor name-id="C001117">Mr. Casten</cosponsor>, <cosponsor name-id="D000623">Mr. DeSaulnier</cosponsor>, <cosponsor name-id="P000607">Mr. Pocan</cosponsor>, <cosponsor name-id="G000585">Mr. Gomez</cosponsor>, <cosponsor name-id="V000131">Mr. Veasey</cosponsor>, <cosponsor name-id="R000602">Miss Rice of New York</cosponsor>, <cosponsor name-id="L000397">Ms. Lofgren</cosponsor>, <cosponsor name-id="J000288">Mr. Johnson of Georgia</cosponsor>, <cosponsor name-id="K000009">Ms. Kaptur</cosponsor>, <cosponsor name-id="O000173">Ms. Omar</cosponsor>, <cosponsor name-id="B001270">Ms. Bass</cosponsor>, <cosponsor name-id="P000608">Mr. Peters</cosponsor>, <cosponsor name-id="G000587">Ms. Garcia of Texas</cosponsor>, <cosponsor name-id="E000299">Ms. Escobar</cosponsor>, <cosponsor name-id="S001193">Mr. Swalwell</cosponsor>, <cosponsor name-id="B001251">Mr. Butterfield</cosponsor>, <cosponsor name-id="K000385">Ms. Kelly of Illinois</cosponsor>, <cosponsor name-id="B001223">Mr. Bowman</cosponsor>, <cosponsor name-id="O000172">Ms. Ocasio-Cortez</cosponsor>, <cosponsor name-id="T000481">Ms. Tlaib</cosponsor>, <cosponsor name-id="C001080">Ms. Chu</cosponsor>, <cosponsor name-id="P000613">Mr. Panetta</cosponsor>, <cosponsor name-id="F000454">Mr. Foster</cosponsor>, and <cosponsor name-id="B001224">Ms. Bush</cosponsor>) introduced the following bill; which was referred to the <committee-name committee-id="HJU00">Committee on the Judiciary</committee-name></action-desc></action><legis-type>A BILL</legis-type><official-title display="yes">To address the fundamental injustice, cruelty, brutality, and inhumanity of slavery in the United States and the 13 American colonies between 1619 and 1865 and to establish a commission to study and consider a national apology and proposal for reparations for the institution of slavery, its subsequent de jure and de facto racial and economic discrimination against African Americans, and the impact of these forces on living African Americans, to make recommendations to the Congress on appropriate remedies, and for other purposes.</official-title></form><legis-body id="H8FB001A761AA4A798E2DC5947455C44D" style="OLC"><section id="H0A688DF1C688430591D702354128B508" section-type="section-one"><enum>1.</enum><header>Short title</header><text display-inline="no-display-inline">This Act may be cited as the <quote><short-title>Commission to Study and Develop Reparation Proposals for African Americans Act</short-title></quote>.</text></section><section id="HC52D996E875446909F409D7FF22428F3"><enum>2.</enum><header>Findings and purpose</header><subsection id="H2F433FEA3AFE44878D00B64F45CF257A"><enum>(a)</enum><header>Findings</header><text>The Congress finds that—</text><paragraph id="H951B952F01BB49C3B26C8BC8C04A5BCF"><enum>(1)</enum><text>approximately 4,000,000 Africans and their descendants were enslaved in the United States and colonies that became the United States from 1619 to 1865;</text></paragraph><paragraph id="H272376E9E614400FBAAB1D8954922187"><enum>(2)</enum><text>the institution of slavery was constitutionally and statutorily sanctioned by the Government of the United States from 1789 through 1865;</text></paragraph><paragraph id="H6794241D94B6486488D7BFDF1E6EFDA5"><enum>(3)</enum><text>the slavery that flourished in the United States constituted an immoral and inhumane deprivation of Africans’ life, liberty, African citizenship rights, and cultural heritage, and denied them the fruits of their own labor;</text></paragraph><paragraph id="HE11E3A0F576040E5BAD7B970A94FE814"><enum>(4)</enum><text>a preponderance of scholarly, legal, community evidentiary documentation and popular culture markers constitute the basis for inquiry into the on-going effects of the institution of slavery and its legacy of persistent systemic structures of discrimination on living African Americans and society in the United States;</text></paragraph><paragraph id="H1C0BAC229FA4429DA50D33B0979827E2"><enum>(5)</enum><text>following the abolition of slavery the United States Government, at the Federal, State, and local level, continued to perpetuate, condone and often profit from practices that continued to brutalize and disadvantage African Americans, including share cropping, convict leasing, Jim Crow, redlining, unequal education, and disproportionate treatment at the hands of the criminal justice system; and</text></paragraph><paragraph id="H5F5E4584D4F94B1F82C61A36C2C1B1CC"><enum>(6)</enum><text>as a result of the historic and continued discrimination, African Americans continue to suffer debilitating economic, educational, and health hardships including but not limited to having nearly 1,000,000 Black people incarcerated; an unemployment rate more than twice the current White unemployment rate; and an average of less than <fraction>1/16</fraction> of the wealth of White families, a disparity which has worsened, not improved over time.</text></paragraph></subsection><subsection id="HBC5CA173AD8F4F908C2D7446263DBAAF"><enum>(b)</enum><header>Purpose</header><text>The purpose of this Act is to establish a commission to study and develop Reparation proposals for African Americans as a result of—</text><paragraph id="HE28085A2FCA34D07B53198A655037934"><enum>(1)</enum><text>the institution of slavery, including both the Trans-Atlantic and the domestic <quote>trade</quote> which existed from 1565 in colonial Florida and from 1619 through 1865 within the other colonies that became the United States, and which included the Federal and State governments which constitutionally and statutorily supported the institution of slavery;</text></paragraph><paragraph id="H791C334C8644441EB97367AEE9CB94AF"><enum>(2)</enum><text>the de jure and de facto discrimination against freed slaves and their descendants from the end of the Civil War to the present, including economic, political, educational, and social discrimination;</text></paragraph><paragraph id="H1E2128B66E0E4387BB06A2719DD1A094"><enum>(3)</enum><text>the lingering negative effects of the institution of slavery and the discrimination described in paragraphs (1) and (2) on living African Americans and on society in the United States;</text></paragraph><paragraph id="H4935A75631B84343A6205BE0165C7DC5"><enum>(4)</enum><text>the manner in which textual and digital instructional resources and technologies are being used to deny the inhumanity of slavery and the crime against humanity of people of African descent in the United States;</text></paragraph><paragraph id="H5D9B6699D5404EE1A1A8B4BB6E37C15F"><enum>(5)</enum><text>the role of Northern complicity in the Southern based institution of slavery;</text></paragraph><paragraph id="H6D4E43970B4B412CBFC9DCFD070554B4"><enum>(6)</enum><text>the direct benefits to societal institutions, public and private, including higher education, corporations, religious and associational;</text></paragraph><paragraph id="H63DCBF38BA2E467B880CD50164A3CA49"><enum>(7)</enum><text>and thus, recommend appropriate ways to educate the American public of the Commission’s findings;</text></paragraph><paragraph id="H4769E16DEE494C849B9E365A08E29972"><enum>(8)</enum><text>and thus, recommend appropriate remedies in consideration of the Commission’s findings on the matters described in paragraphs (1), (2), (3), (4), (5), and (6); and</text></paragraph><paragraph id="H37B72DCE57CE4EBA83565109CBEA3E25"><enum>(9)</enum><text>submit to the Congress the results of such examination, together with such recommendations.</text></paragraph></subsection></section><section id="H7F8B6CA79225406490F041BE6621575B"><enum>3.</enum><header>Establishment and duties</header><subsection id="H839F9194468C412AB60D5508D0187CB9"><enum>(a)</enum><header>Establishment</header><text>There is established the Commission to Study and Develop Reparation Proposals for African Americans (hereinafter in this Act referred to as the <quote>Commission</quote>).</text></subsection><subsection id="H4B9C2BB0B1EB4E4F8F15DBBE6BC12CFA"><enum>(b)</enum><header>Duties</header><text>The Commission shall perform the following duties:</text><paragraph id="H4E3BEBC0C37E4809A5B16EAC80E7DA70"><enum>(1)</enum><text>Identify, compile and synthesize the relevant corpus of evidentiary documentation of the institution of slavery which existed within the United States and the colonies that became the United States from 1619 through 1865. The Commission’s documentation and examination shall include but not be limited to the facts related to—</text><subparagraph id="H846F84996BDD4FCAB8B6D9050C081150"><enum>(A)</enum><text>the capture and procurement of Africans;</text></subparagraph><subparagraph id="H1F8BD2A946BF4F15B8CEC9F8B6169002"><enum>(B)</enum><text>the transport of Africans to the United States and the colonies that became the United States for the purpose of enslavement, including their treatment during transport;</text></subparagraph><subparagraph id="HBEE1CC50AB1D46D7ADC388089F88DA1A"><enum>(C)</enum><text>the sale and acquisition of Africans as chattel property in interstate and intrastate commerce;</text></subparagraph><subparagraph id="H346543ED8BCC4662B3B6BE4DA8A53269"><enum>(D)</enum><text>the treatment of African slaves in the colonies and the United States, including the deprivation of their freedom, exploitation of their labor, and destruction of their culture, language, religion, and families; and</text></subparagraph><subparagraph id="H0C10AAA41C254C05915039D03302F455"><enum>(E)</enum><text>the extensive denial of humanity, sexual abuse and the chatellization of persons.</text></subparagraph></paragraph><paragraph id="HB1C7B41AC27042C9A1475A87AF2A7ABE"><enum>(2)</enum><text>The role which the Federal and State governments of the United States supported the institution of slavery in constitutional and statutory provisions, including the extent to which such governments prevented, opposed, or restricted efforts of formerly enslaved Africans and their descendants to repatriate to their homeland.</text></paragraph><paragraph id="HF4065BDB225C480CBF8E361EF4660F87"><enum>(3)</enum><text>The Federal and State laws that discriminated against formerly enslaved Africans and their descendants who were deemed United States citizens from 1868 to the present.</text></paragraph><paragraph id="H1FA0F7F2C88E469595842C9E7CF10FDF"><enum>(4)</enum><text>The other forms of discrimination in the public and private sectors against freed African slaves and their descendants who were deemed United States citizens from 1868 to the present, including redlining, educational funding discrepancies, and predatory financial practices.</text></paragraph><paragraph id="HDC41E2044B084E8EBD265F7AB8154DF3"><enum>(5)</enum><text>The lingering negative effects of the institution of slavery and the matters described in paragraphs (1), (2), (3), (4), (5), and (6) on living African Americans and on society in the United States.</text></paragraph><paragraph id="H772468DA36B64089BA72238631B036D3"><enum>(6)</enum><text>Recommend appropriate ways to educate the American public of the Commission’s findings.</text></paragraph><paragraph id="H1D7E162ADCFC434FAFB65923E8F5872D"><enum>(7)</enum><text>Recommend appropriate remedies in consideration of the Commission’s findings on the matters described in paragraphs (1), (2), (3), (4), (5), and (6). In making such recommendations, the Commission shall address among other issues, the following questions:</text><subparagraph id="H6B4F700CADDD4ECD802DB6725BE639C7"><enum>(A)</enum><text>How such recommendations comport with international standards of remedy for wrongs and injuries caused by the State, that include full reparations and special measures, as understood by various relevant international protocols, laws, and findings.</text></subparagraph><subparagraph id="H9B4A2B0752544BE290E0F625A3DA7D15"><enum>(B)</enum><text>How the Government of the United States will offer a formal apology on behalf of the people of the United States for the perpetration of gross human rights violations and crimes against humanity on African slaves and their descendants.</text></subparagraph><subparagraph id="H273D06245D924F1C840B74E02A731841"><enum>(C)</enum><text>How Federal laws and policies that continue to disproportionately and negatively affect African Americans as a group, and those that perpetuate the lingering effects, materially and psycho-social, can be eliminated.</text></subparagraph><subparagraph id="HC9903423EA9C4286A7A891AF290EFB74"><enum>(D)</enum><text>How the injuries resulting from matters described in paragraphs (1), (2), (3), (4), (5), and (6) can be reversed and provide appropriate policies, programs, projects and recommendations for the purpose of reversing the injuries.</text></subparagraph><subparagraph id="H73BCA85D8E1F486FBC0062079061D667"><enum>(E)</enum><text>How, in consideration of the Commission’s findings, any form of compensation to the descendants of enslaved African is calculated.</text></subparagraph><subparagraph id="HBC932D2875F64570ACF81AF6A74CA510"><enum>(F)</enum><text>What form of compensation should be awarded, through what instrumentalities and who should be eligible for such compensation.</text></subparagraph><subparagraph id="H9241A8DD4DF541318BFC0E0AF69CDD3E"><enum>(G)</enum><text>How, in consideration of the Commission’s findings, any other forms of rehabilitation or restitution to African descendants is warranted and what the form and scope of those measures should take.</text></subparagraph></paragraph></subsection><subsection id="H0AE2460A9D6E41D9AE23AEC2416441DE"><enum>(c)</enum><header>Report to congress</header><text>The Commission shall submit a written report of its findings and recommendations to the Congress not later than the date which is one year after the date of the first meeting of the Commission held pursuant to section 4(c).</text></subsection></section><section id="H1A55284F6ECC48D4B738C8B724DBA627"><enum>4.</enum><header>Membership</header><subsection id="HD3857B6107CA4F9FB98EC2A0F3C0B934"><enum>(a)</enum><header>Number and appointment</header><paragraph commented="no" display-inline="yes-display-inline" id="HB22F4F043B35411085158D5A386D5220"><enum>(1)</enum><text>The Commission shall be composed of 13 members, who shall be appointed, within 90 days after the date of enactment of this Act, as follows:</text><subparagraph id="H0759D879A39B44D99F5285D64B5DAFE8" indent="up1"><enum>(A)</enum><text>Three members shall be appointed by the President.</text></subparagraph><subparagraph id="H3B6FAA7B93374E15B971220B2367A60E" indent="up1"><enum>(B)</enum><text>Three members shall be appointed by the Speaker of the House of Representatives.</text></subparagraph><subparagraph id="H441ADAF200AE49B6868B92F354E6CD85" indent="up1"><enum>(C)</enum><text>One member shall be appointed by the President pro tempore of the Senate.</text></subparagraph><subparagraph id="H40D5874786AF403986D23EE3A4AF8836" indent="up1"><enum>(D)</enum><text>Six members shall be selected from the major civil society and reparations organizations that have historically championed the cause of reparatory justice.</text></subparagraph></paragraph><paragraph id="HA4BECB452A8542F283BBD18C6B356DED" indent="up1"><enum>(2)</enum><text>All members of the Commission shall be persons who are especially qualified to serve on the Commission by virtue of their education, training, activism or experience, particularly in the field of African American studies and reparatory justice.</text></paragraph></subsection><subsection id="HA966136CC0AC4D30A9A9618A2395C2C3"><enum>(b)</enum><header>Terms</header><text>The term of office for members shall be for the life of the Commission. A vacancy in the Commission shall not affect the powers of the Commission and shall be filled in the same manner in which the original appointment was made.</text></subsection><subsection id="H1CDD0FFDB9E64B028A0031A72266138B"><enum>(c)</enum><header>First meeting</header><text>The President shall call the first meeting of the Commission within 120 days after the date of the enactment of this Act or within 30 days after the date on which legislation is enacted making appropriations to carry out this Act, whichever date is later.</text></subsection><subsection id="H5D43C1FFB2F248B3AC4933E25FBB004F"><enum>(d)</enum><header>Quorum</header><text>Seven members of the Commission shall constitute a quorum, but a lesser number may hold hearings.</text></subsection><subsection id="H60C22AE7333A4EE99B28A031D550080C"><enum>(e)</enum><header>Chair and vice chair</header><text>The Commission shall elect a Chair and Vice Chair from among its members. The term of office of each shall be for the life of the Commission.</text></subsection><subsection id="H37EE1748C7784283AB712CC8D7826C92"><enum>(f)</enum><header>Compensation</header><paragraph commented="no" display-inline="yes-display-inline" id="HF1A2078B89FF43B991D0B2ED52D84ED2"><enum>(1)</enum><text>Except as provided in paragraph (2), each member of the Commission shall receive compensation at the daily equivalent of the annual rate of basic pay payable for GS–18 of the General Schedule under section 5332 of title 5, United States Code, for each day, including travel time, during which he or she is engaged in the actual performance of duties vested in the Commission.</text></paragraph><paragraph id="H2C63774A842144D29C310EF12B1ED10C" indent="up1"><enum>(2)</enum><text>A member of the Commission who is a full-time officer or employee of the United States or a Member of Congress shall receive no additional pay, allowances, or benefits by reason of his or her service to the Commission.</text></paragraph><paragraph id="H3AA47E0195F5423FB4DB9B50EB2A7200" indent="up1"><enum>(3)</enum><text>All members of the Commission shall be reimbursed for travel, subsistence, and other necessary expenses incurred by them in the performance of their duties to the extent authorized by <external-xref legal-doc="usc-chapter" parsable-cite="usc-chapter/5/57">chapter 57</external-xref> of title 5, United States Code.</text></paragraph></subsection></section><section id="H0FE9941D4D844544AA00616E97AF2750"><enum>5.</enum><header>Powers of the Commission</header><subsection id="H49BCFAD02E334622880873454263B24E"><enum>(a)</enum><header>Hearings and sessions</header><text>The Commission may, for the purpose of carrying out the provisions of this Act, hold such hearings and sit and act at such times and at such places in the United States, and request the attendance and testimony of such witnesses and the production of such books, records, correspondence, memoranda, papers, and documents, as the Commission considers appropriate. The Commission may invoke the aid of an appropriate United States district court to require, by subpoena or otherwise, such attendance, testimony, or production.</text></subsection><subsection id="H1D280D65C3FC495181AD97D03A8D82D7"><enum>(b)</enum><header>Powers of subcommittees and members</header><text>Any subcommittee or member of the Commission may, if authorized by the Commission, take any action which the Commission is authorized to take by this section.</text></subsection><subsection id="HF52527929DB24835926F43BECF48D801"><enum>(c)</enum><header>Obtaining official data</header><text>The Commission may acquire directly from the head of any department, agency, or instrumentality of the executive branch of the Government, available information which the Commission considers useful in the discharge of its duties. All departments, agencies, and instrumentalities of the executive branch of the Government shall cooperate with the Commission with respect to such information and shall furnish all information requested by the Commission to the extent permitted by law.</text></subsection></section><section id="H4B0DF1C5DA1D4FE692DA6685AFD14759"><enum>6.</enum><header>Administrative provisions</header><subsection id="H39BD039EA446430999CF24B35EBD1EE5"><enum>(a)</enum><header>Staff</header><text>The Commission may, without regard to section 5311(b) of title 5, United States Code, appoint and fix the compensation of such personnel as the Commission considers appropriate.</text></subsection><subsection id="H615BA8AEBFC24CF283859C8B21B9EF6B"><enum>(b)</enum><header>Applicability of certain civil service laws</header><text>The staff of the Commission may be appointed without regard to the provisions of title 5, United States Code, governing appointments in the competitive service, and without regard to the provisions of chapter 51 and subchapter III of chapter 53 of such title relating to classification and General Schedule pay rates, except that the compensation of any employee of the Commission may not exceed a rate equal to the annual rate of basic pay payable for GS–18 of the General Schedule under section 5332 of title 5, United States Code.</text></subsection><subsection id="HF1203E63E4674403974BEFA1CA9EA580"><enum>(c)</enum><header>Experts and consultants</header><text>The Commission may procure the services of experts and consultants in accordance with the provisions of section 3109(b) of title 5, United States Code, but at rates for individuals not to exceed the daily equivalent of the highest rate payable under section 5332 of such title.</text></subsection><subsection id="H5E2368A9D60D4E1CAAC65431E2B67E29"><enum>(d)</enum><header>Administrative support services</header><text>The Commission may enter into agreements with the Administrator of General Services for procurement of financial and administrative services necessary for the discharge of the duties of the Commission. Payment for such services shall be made by reimbursement from funds of the Commission in such amounts as may be agreed upon by the Chairman of the Commission and the Administrator.</text></subsection><subsection id="HA986893B0FD94B4AB378222125418643"><enum>(e)</enum><header>Contracts</header><text>The Commission may—</text><paragraph id="HA528775DD96849EFB8A70504CD17956D"><enum>(1)</enum><text>procure supplies, services, and property by contract in accordance with applicable laws and regulations and to the extent or in such amounts as are provided in appropriations Acts; and</text></paragraph><paragraph id="H410B9A29E85F4F83ACD50B1EFE5A9759"><enum>(2)</enum><text>enter into contracts with departments, agencies, and instrumentalities of the Federal Government, State agencies, and private firms, institutions, and agencies, for the conduct of research or surveys, the preparation of reports, and other activities necessary for the discharge of the duties of the Commission, to the extent or in such amounts as are provided in appropriations Acts.</text></paragraph></subsection></section><section id="H471793F3F71F445DB6C1652875683D7B"><enum>7.</enum><header>Termination</header><text display-inline="no-display-inline">The Commission shall terminate 90 days after the date on which the Commission submits its report to the Congress under section 3(c).</text></section><section id="HBF2889E8A4494B159731929E95F00FBE"><enum>8.</enum><header>Authorization of appropriations</header><text display-inline="no-display-inline">To carry out the provisions of this Act, there are authorized to be appropriated $12,000,000.</text></section></legis-body></bill> 

