<?xml version="1.0"?>
<?xml-stylesheet type="text/xsl" href="billres.xsl"?>
<!DOCTYPE resolution PUBLIC "-//US Congress//DTDs/res.dtd//EN" "res.dtd">
<resolution resolution-stage="Introduced-in-House" dms-id="HAA41B357DF0E4709A4074E133265339F" public-private="public" resolution-type="house-resolution" star-print="no-star-print" key="H"><metadata xmlns:dc="http://purl.org/dc/elements/1.1/">
<dublinCore>
<dc:title>117 HRES 16 IH: Stay on Schedule (S.O.S.) Resolution</dc:title>
<dc:publisher>U.S. House of Representatives</dc:publisher>
<dc:date>2021-01-04</dc:date>
<dc:format>text/xml</dc:format>
<dc:language>EN</dc:language>
<dc:rights>Pursuant to Title 17 Section 105 of the United States Code, this file is not subject to copyright protection and is in the public domain.</dc:rights>
</dublinCore>
</metadata>
<form>
<distribution-code display="yes">IV</distribution-code><congress display="yes">117th CONGRESS</congress><session display="yes">1st Session</session><legis-num display="yes">H. RES. 16</legis-num><current-chamber>IN THE HOUSE OF REPRESENTATIVES</current-chamber><action display="yes"><action-date date="20210104">January 4, 2021</action-date><action-desc><sponsor name-id="W000804">Mr. Wittman</sponsor> submitted the following resolution; which was referred to the <committee-name committee-id="HRU00">Committee on Rules</committee-name></action-desc></action><legis-type>RESOLUTION</legis-type><official-title display="yes">Amending the Rules of the House of Representatives to prohibit the consideration of a concurrent resolution to provide for a recess of the House after July 31 of any year unless the House has approved each regular appropriation bill for the next fiscal year.</official-title></form><resolution-body style="OLC" id="HE87BF194438B47B4AB7F40361970F800"><section display-inline="yes-display-inline" section-type="undesignated-section" id="H8D2D3E65F7AB40AABE03D97F03C00E26"></section><section id="H113AD92412994D0382B17A040035E877" section-type="section-one"><enum>1.</enum><header>Short title</header><text display-inline="no-display-inline">This resolution may be cited as the <quote><short-title>Stay on Schedule (S.O.S.) Resolution</short-title></quote>. </text></section><section id="H970530C0EE2E494691DDBC5FB28287E5"><enum>2.</enum><header>Prohibiting recess during August until approval of all regular appropriation bills</header><text display-inline="no-display-inline">Rule XXI of the Rules of the House of Representatives is amended by adding at the end the following new clause:</text><quoted-block style="OLC" id="HCF8E2FC45CBD4B1ABC7C879114BCFF35" display-inline="no-display-inline"><rules-clause id="H23F33CC30CDA4EC1878CACD0536ED9D1"><rules-clause-header>Concurrent resolution providing for adjournment during August</rules-clause-header><enum>13.</enum><text display-inline="yes-display-inline">If by July 31 of any calendar year the House has not passed each of the regular appropriation bills for the fiscal year which begins on October 1 of that calendar year, it shall not be in order to consider a concurrent resolution to provide that the House stand adjourned during any day occurring during August of that calendar year until the House has passed each such bill. For purposes of this clause, term <term>regular appropriation bill</term> means any annual appropriation bill which is under the jurisdiction of a single subcommittee of the Committee on Appropriations of the House of Representatives (as may be provided under the Rules for the fiscal year involved).</text></rules-clause><after-quoted-block>.</after-quoted-block></quoted-block></section></resolution-body></resolution> 

