<?xml version="1.0"?>
<?xml-stylesheet type="text/xsl" href="billres.xsl"?>
<!DOCTYPE resolution PUBLIC "-//US Congress//DTDs/res.dtd//EN" "res.dtd">
<resolution resolution-stage="Introduced-in-House" dms-id="H8C76E50A1679403CBCC4E4B46C23D1F1" public-private="public" resolution-type="house-resolution" star-print="no-star-print" key="H"><metadata xmlns:dc="http://purl.org/dc/elements/1.1/">
<dublinCore>
<dc:title>117 HRES 14 IH: Censuring and condemning President Donald J. Trump for attempting to overturn the results of the November 2020 presidential election in the State of Georgia.</dc:title>
<dc:publisher>U.S. House of Representatives</dc:publisher>
<dc:date>2021-01-04</dc:date>
<dc:format>text/xml</dc:format>
<dc:language>EN</dc:language>
<dc:rights>Pursuant to Title 17 Section 105 of the United States Code, this file is not subject to copyright protection and is in the public domain.</dc:rights>
</dublinCore>
</metadata>
<form>
<distribution-code display="yes">IV</distribution-code><congress display="yes">117th CONGRESS</congress><session display="yes">1st Session</session><legis-num display="yes">H. RES. 14</legis-num><current-chamber>IN THE HOUSE OF REPRESENTATIVES</current-chamber><action display="yes"><action-date date="20210104">January 4, 2021</action-date><action-desc><sponsor name-id="J000288">Mr. Johnson of Georgia</sponsor> (for himself, <cosponsor name-id="L000582">Mr. Lieu</cosponsor>, <cosponsor name-id="C001084">Mr. Cicilline</cosponsor>, <cosponsor name-id="E000299">Ms. Escobar</cosponsor>, <cosponsor name-id="D000631">Ms. Dean</cosponsor>, <cosponsor name-id="B001251">Mr. Butterfield</cosponsor>, <cosponsor name-id="J000298">Ms. Jayapal</cosponsor>, <cosponsor name-id="G000587">Ms. Garcia of Texas</cosponsor>, <cosponsor name-id="C001068">Mr. Cohen</cosponsor>, <cosponsor name-id="C001110">Mr. Correa</cosponsor>, <cosponsor name-id="S001193">Mr. Swalwell</cosponsor>, <cosponsor name-id="B001270">Ms. Bass</cosponsor>, <cosponsor name-id="J000032">Ms. Jackson Lee</cosponsor>, <cosponsor name-id="R000606">Mr. Raskin</cosponsor>, <cosponsor name-id="S001205">Ms. Scanlon</cosponsor>, <cosponsor name-id="J000306">Mr. Jones</cosponsor>, <cosponsor name-id="B001224">Ms. Bush</cosponsor>, <cosponsor name-id="A000370">Ms. Adams</cosponsor>, <cosponsor name-id="B001300">Ms. Barragán</cosponsor>, <cosponsor name-id="B001281">Mrs. Beatty</cosponsor>, <cosponsor name-id="B001292">Mr. Beyer</cosponsor>, <cosponsor name-id="B000490">Mr. Bishop of Georgia</cosponsor>, <cosponsor name-id="B000574">Mr. Blumenauer</cosponsor>, <cosponsor name-id="B001278">Ms. Bonamici</cosponsor>, <cosponsor name-id="B001312">Ms. Bourdeaux</cosponsor>, <cosponsor name-id="B001223">Mr. Bowman</cosponsor>, <cosponsor name-id="B001296">Mr. Brendan F. Boyle of Pennsylvania</cosponsor>, <cosponsor name-id="C001072">Mr. Carson</cosponsor>, <cosponsor name-id="C001117">Mr. Casten</cosponsor>, <cosponsor name-id="C001066">Ms. Castor of Florida</cosponsor>, <cosponsor name-id="C001091">Mr. Castro of Texas</cosponsor>, <cosponsor name-id="C001080">Ms. Chu</cosponsor>, <cosponsor name-id="C001067">Ms. Clarke of New York</cosponsor>, <cosponsor name-id="C001078">Mr. Connolly</cosponsor>, <cosponsor name-id="C000754">Mr. Cooper</cosponsor>, <cosponsor name-id="C001069">Mr. Courtney</cosponsor>, <cosponsor name-id="D000216">Ms. DeLauro</cosponsor>, <cosponsor name-id="D000096">Mr. Danny K. Davis of Illinois</cosponsor>, <cosponsor name-id="D000624">Mrs. Dingell</cosponsor>, <cosponsor name-id="D000399">Mr. Doggett</cosponsor>, <cosponsor name-id="E000297">Mr. Espaillat</cosponsor>, <cosponsor name-id="A000148">Mr. Auchincloss</cosponsor>, <cosponsor name-id="E000215">Ms. Eshoo</cosponsor>, <cosponsor name-id="E000296">Mr. Evans</cosponsor>, <cosponsor name-id="F000454">Mr. Foster</cosponsor>, <cosponsor name-id="G000586">Mr. García of Illinois</cosponsor>, <cosponsor name-id="G000585">Mr. Gomez</cosponsor>, <cosponsor name-id="H001081">Mrs. Hayes</cosponsor>, <cosponsor name-id="H001038">Mr. Higgins of New York</cosponsor>, <cosponsor name-id="H001047">Mr. Himes</cosponsor>, <cosponsor name-id="H001068">Mr. Huffman</cosponsor>, <cosponsor name-id="K000389">Mr. Khanna</cosponsor>, <cosponsor name-id="K000380">Mr. Kildee</cosponsor>, <cosponsor name-id="L000557">Mr. Larson of Connecticut</cosponsor>, <cosponsor name-id="L000581">Mrs. Lawrence</cosponsor>, <cosponsor name-id="L000551">Ms. Lee of California</cosponsor>, <cosponsor name-id="L000592">Mr. Levin of Michigan</cosponsor>, <cosponsor name-id="L000593">Mr. Levin of California</cosponsor>, <cosponsor name-id="L000579">Mr. Lowenthal</cosponsor>, <cosponsor name-id="L000562">Mr. Lynch</cosponsor>, <cosponsor name-id="M001143">Ms. McCollum</cosponsor>, <cosponsor name-id="M000312">Mr. McGovern</cosponsor>, <cosponsor name-id="M001166">Mr. McNerney</cosponsor>, <cosponsor name-id="M001137">Mr. Meeks</cosponsor>, <cosponsor name-id="M001188">Ms. Meng</cosponsor>, <cosponsor name-id="N000192">Ms. Newman</cosponsor>, <cosponsor name-id="N000147">Ms. Norton</cosponsor>, <cosponsor name-id="O000172">Ms. Ocasio-Cortez</cosponsor>, <cosponsor name-id="O000173">Ms. Omar</cosponsor>, <cosponsor name-id="P000034">Mr. Pallone</cosponsor>, <cosponsor name-id="P000613">Mr. Panetta</cosponsor>, <cosponsor name-id="P000597">Ms. Pingree</cosponsor>, <cosponsor name-id="P000607">Mr. Pocan</cosponsor>, <cosponsor name-id="P000617">Ms. Pressley</cosponsor>, <cosponsor name-id="R000602">Miss Rice of New York</cosponsor>, <cosponsor name-id="R000515">Mr. Rush</cosponsor>, <cosponsor name-id="S001145">Ms. Schakowsky</cosponsor>, <cosponsor name-id="S001157">Mr. David Scott of Georgia</cosponsor>, <cosponsor name-id="S001185">Ms. Sewell</cosponsor>, <cosponsor name-id="S000344">Mr. Sherman</cosponsor>, <cosponsor name-id="S001175">Ms. Speier</cosponsor>, <cosponsor name-id="S001201">Mr. Suozzi</cosponsor>, <cosponsor name-id="T000472">Mr. Takano</cosponsor>, <cosponsor name-id="T000460">Mr. Thompson of California</cosponsor>, <cosponsor name-id="T000481">Ms. Tlaib</cosponsor>, <cosponsor name-id="T000474">Mrs. Torres of California</cosponsor>, <cosponsor name-id="T000486">Mr. Torres of New York</cosponsor>, <cosponsor name-id="V000081">Ms. Velázquez</cosponsor>, <cosponsor name-id="W000822">Mrs. Watson Coleman</cosponsor>, <cosponsor name-id="W000800">Mr. Welch</cosponsor>, <cosponsor name-id="G000553">Mr. Green of Texas</cosponsor>, <cosponsor name-id="M001200">Mr. McEachin</cosponsor>, <cosponsor name-id="M001163">Ms. Matsui</cosponsor>, <cosponsor name-id="Y000062">Mr. Yarmuth</cosponsor>, and <cosponsor name-id="C001097">Mr. Cárdenas</cosponsor>) submitted the following resolution; which was referred to the <committee-name committee-id="HJU00">Committee on the Judiciary</committee-name>, and in addition to the Committee on <committee-name committee-id="HHA00">House Administration</committee-name>, for a period to be subsequently determined by the Speaker, in each case for consideration of such provisions as fall within the jurisdiction of the committee concerned</action-desc></action><legis-type>RESOLUTION</legis-type><official-title display="yes">Censuring and condemning President Donald J. Trump for attempting to overturn the results of the November 2020 presidential election in the State of Georgia.</official-title></form><preamble><whereas><text>Whereas, on January 2, 2021, President Donald J. Trump called Georgia Secretary of State Brad Raffensperger;</text></whereas><whereas><text>Whereas during that call President Trump repeatedly asked Secretary Raffensperger to overturn the finalized and verified results of the November 2020 presidential election in the State of Georgia;</text></whereas><whereas><text>Whereas President Trump misused the power of his office by threatening an elected official with vague criminal consequences if he failed to pursue the president’s false claims;</text></whereas><whereas><text>Whereas President Trump’s actions and statements on this call demonstrate an attempt to willfully deprive the citizens of Georgia of a fair and impartial election process in direct contravention of both Federal law and the laws of the State of Georgia; </text></whereas><whereas><text>Whereas President Trump has repeatedly propagated baseless conspiracy theories in statements and on social media, falsely claimed that he won the November 3, 2020, presidential election, and attempted to incite his supporters to undermine our constitutional principles; and</text></whereas><whereas><text>Whereas, as a result of President Trump’s words and actions, the lawful results of free and fair elections in the United States have been put in danger: Now, therefore, be it</text></whereas></preamble><resolution-body style="traditional" id="H5B1E12B9C6AB4993B5E4152C5C713C04"><section display-inline="yes-display-inline" section-type="undesignated-section" id="HAF75B7DC68CC4602A725B39901A4C203"><enum/><text>That the House of Representatives—</text><paragraph id="HA5EBD6EF8C9C4557B8386D24F0FEF2A3"><enum>(1)</enum><text display-inline="yes-display-inline">publicly states its support for the finalized and verified vote totals in the November 2020 presidential election in the State of Georgia, which recognize Joseph R. Biden as the President-elect and Kamala D. Harris as Vice President-elect of the United States;</text></paragraph><paragraph id="H7A6D059FB9CA42599D3B04E3D5CF9D81"><enum>(2)</enum><text>censures and condemns President Donald J. Trump for his call to the Georgia Secretary of State on January 2, 2021, during which he asked Secretary Raffensperger to overturn the results of a freely and fairly administered election in the State of Georgia, thereby compromising the very foundation of our Constitution; and</text></paragraph><paragraph id="HC9D12DDC6C9F4BEAA1448CB702B996A7"><enum>(3)</enum><text>calls on President Trump to retract and disavow this unlawful and unconstitutional behavior and acknowledge President-elect Joseph R. Biden as the victor of the November 2020 presidential election.</text></paragraph></section></resolution-body></resolution> 

