<?xml version="1.0"?>
<?xml-stylesheet type="text/xsl" href="billres.xsl"?>
<!DOCTYPE resolution PUBLIC "-//US Congress//DTDs/res.dtd//EN" "res.dtd">
<resolution dms-id="H1880343D0CEB45D98767F41166EA5B62" public-private="public" resolution-stage="Engrossed-in-House" resolution-type="house-resolution" star-print="no-star-print" key="H" stage-count="1"> 
<metadata xmlns:dc="http://purl.org/dc/elements/1.1/">
<dublinCore>
<dc:title>117 HRES 2 EH: </dc:title>
<dc:publisher>U.S. House of Representatives</dc:publisher>
<dc:date>2021-01-03</dc:date>
<dc:format>text/xml</dc:format>
<dc:language>EN</dc:language>
<dc:rights>Pursuant to Title 17 Section 105 of the United States Code, this file is not subject to copyright protection and is in the public domain.</dc:rights>
</dublinCore>
</metadata>
<form>
<distribution-code display="no">IV</distribution-code> 
<congress display="no">117th CONGRESS</congress> 
<session display="no">1st Session</session> 
<legis-num>H. RES. 2</legis-num> 
<current-chamber display="yes">In the House of Representatives, U. S.,</current-chamber> 
<action> 
<action-date date="20210103">January 3, 2021</action-date> 
</action> 
<legis-type display="yes">RESOLUTION</legis-type> 
<official-title display="no"><?xm-replace_text {official-title}?></official-title> 
</form> 
<resolution-body style="traditional" id="H24502F9C01124A3DBB1CAA6857A18FF7"> 
<section display-inline="yes-display-inline" section-type="undesignated-section" id="HB8BB5239BF0B4EC59A94F4800CC466F8"><text display-inline="yes-display-inline">That Cheryl L. Johnson of the State of Louisiana be, and is hereby, chosen Clerk of the House of Representatives.</text></section> <section id="H06E49BB027164DDD8FBB28245ED1CD6C" section-type="resolved"><text display-inline="yes-display-inline">That Paul D. Irving of the State of Florida be, and is hereby, chosen Sergeant-at-Arms of the House of Representatives.</text></section> 
<section id="HB791B0728F0947F1AF0C572D78E356B4" section-type="resolved"><text display-inline="yes-display-inline">That Catherine Szpindor of the Commonwealth of Virginia be, and is hereby, chosen Chief Administrative Officer of the House of Representatives. </text></section> <section id="HC540D6A54D0747058B8BE116C011967C" section-type="resolved"><text display-inline="yes-display-inline">That Reverend Doctor Margaret Grun Kibben of the Commonwealth of Pennsylvania be, and is hereby, chosen Chaplain of the House of Representatives.</text></section> 
</resolution-body> 
<attestation><attestation-group><attestor display="no">Cheryl L. Johnson,</attestor><role>Clerk.</role></attestation-group></attestation> 
</resolution> 


