<mods xmlns:xlink="http://www.w3.org/1999/xlink" xmlns:xsi="http://www.w3.org/2001/XMLSchema-instance" xmlns="http://www.loc.gov/mods/v3" version="3.3" xsi:schemaLocation="http://www.loc.gov/mods/v3 http://www.loc.gov/standards/mods/v3/mods-3-3.xsd" ID="P0b002ee1aab653bd">
<name type="corporate">
 <namePart>United States Government Publishing Office</namePart>
 <role>
  <roleTerm authority="marcrelator" type="text">publisher</roleTerm>
  <roleTerm authority="marcrelator" type="code">pbl</roleTerm>
</role>
 <role>
  <roleTerm authority="marcrelator" type="text">distributor</roleTerm>
  <roleTerm authority="marcrelator" type="code">dst</roleTerm>
</role>
</name>
<name type="corporate">
 <namePart>United States</namePart>
 <namePart>Congress</namePart>
 <namePart>House of Representatives</namePart>
 <role>
  <roleTerm authority="marcrelator" type="text">author</roleTerm>
  <roleTerm authority="marcrelator" type="code">aut</roleTerm>
</role>
 <description>Government Organization</description>
</name>
<typeOfResource>text</typeOfResource>
<genre authority="marcgt">government publication</genre>
<language>
 <languageTerm type="code" authority="iso639-2b">eng</languageTerm>
</language>
<extension>
 <collectionCode>BILLS</collectionCode>
 <searchTitle>Honoring the life of Dr. Frank Erdman Boston as a World War I veteran, military surgeon, community doctor, and founder of the Elm Terrace/Abington Lansdale Hospital and the Volunteer Medical Service Corps (VMSC) ambulance corps.;H. Res. 18 (IH)
    </searchTitle>
 <category>Bills and Statutes</category>
 <waisDatabaseName>117_cong_bills</waisDatabaseName>
 <branch>legislative</branch>
 <dateIngested>2021-01-06</dateIngested>
</extension>
<titleInfo>
 <title>Honoring the life of Dr. Frank Erdman Boston as a World War I veteran, military surgeon, community doctor, and founder of the Elm Terrace/Abington Lansdale Hospital and the Volunteer Medical Service Corps (VMSC) ambulance corps.</title>
</titleInfo>
<titleInfo type="alternative">
 <title>H. Res. 18 (IH)
    </title>
</titleInfo>
<originInfo>
 <publisher>U.S. Government Publishing Office</publisher>
 <dateIssued encoding="w3cdtf">2021-01-05</dateIssued>
 <issuance>monographic</issuance>
</originInfo>
<physicalDescription>
 <note type="source content type">deposited</note>
 <digitalOrigin>born digital</digitalOrigin>
 <extent>3 p.</extent>
</physicalDescription>
<classification authority="sudocs">Y 1.6:</classification>
<classification authority="sudocs">Y 1.4/7:</classification>
<identifier type="local">P0b002ee1aab653bd</identifier>
<identifier type="uri">https://www.govinfo.gov/app/details/BILLS-117hres18ih</identifier>
<identifier type="preferred citation">H. Res. 18</identifier>
<identifier type="stock number">021-610-00252-9</identifier>
<identifier type="Parent ILS system id">000501532</identifier>
<identifier type="Child ILS system id">000325574</identifier>
<identifier type="Parent ILS title">Congressional bills</identifier>
<identifier type="Child ILS title">House resolutions</identifier>
<identifier type="former package identifier">f:hr18_ih.txt</identifier>
<location>
 <url displayLabel="Content Detail" access="object in context">https://www.govinfo.gov/app/details/BILLS-117hres18ih</url>
 <url displayLabel="HTML rendition" access="raw object">https://www.govinfo.gov/content/pkg/BILLS-117hres18ih/html/BILLS-117hres18ih.htm</url>
 <url displayLabel="PDF rendition" access="raw object">https://www.govinfo.gov/content/pkg/BILLS-117hres18ih/pdf/BILLS-117hres18ih.pdf</url>
 <url displayLabel="XML rendition" access="raw object">https://www.govinfo.gov/content/pkg/BILLS-117hres18ih/xml/BILLS-117hres18ih.xml</url>
</location>
<accessCondition type="GPO scope determination">fdlp</accessCondition>
<recordInfo>
 <recordContentSource authority="marcorg">DGPO</recordContentSource>
 <recordCreationDate encoding="w3cdtf">2021-01-06</recordCreationDate>
 <recordChangeDate encoding="w3cdtf">2021-01-06</recordChangeDate>
 <recordIdentifier source="DGPO">BILLS-117hres18ih</recordIdentifier>
 <recordOrigin>machine generated</recordOrigin>
 <languageOfCataloging>
  <languageTerm type="code" authority="iso639-2b">eng</languageTerm>
</languageOfCataloging>
</recordInfo>
<name type="personal">
 <namePart>Brian K. Fitzpatrick</namePart>
 <affiliation>United States House of Representatives</affiliation>
 <role>
  <roleTerm authority="marcrelator" type="text">sponsor</roleTerm>
  <roleTerm authority="marcrelator" type="code">spn</roleTerm>
</role>
 <description>United States Congress Member</description>
</name>
<name type="personal">
 <namePart>Dwight Evans</namePart>
 <affiliation>United States House of Representatives</affiliation>
 <role>
  <roleTerm type="text">cosponsor</roleTerm>
</role>
 <description>United States Congress Member</description>
</name>
<name type="personal">
 <namePart>Susan Wild</namePart>
 <affiliation>United States House of Representatives</affiliation>
 <role>
  <roleTerm type="text">cosponsor</roleTerm>
</role>
 <description>United States Congress Member</description>
</name>
<name type="personal">
 <namePart>Chrissy Houlahan</namePart>
 <affiliation>United States House of Representatives</affiliation>
 <role>
  <roleTerm type="text">cosponsor</roleTerm>
</role>
 <description>United States Congress Member</description>
</name>
<name type="personal">
 <namePart>Madeleine Dean</namePart>
 <affiliation>United States House of Representatives</affiliation>
 <role>
  <roleTerm type="text">cosponsor</roleTerm>
</role>
 <description>United States Congress Member</description>
</name>
<name type="corporate">
 <namePart>United States</namePart>
 <namePart>Congress</namePart>
 <namePart>House of Representatives</namePart>
 <namePart>Committee on Oversight and Reform</namePart>
 <role>
  <roleTerm authority="marcrelator" type="text">associated name</roleTerm>
  <roleTerm authority="marcrelator" type="code">asn</roleTerm>
</role>
</name>
<extension>
 <docClass>hres</docClass>
 <accessId>BILLS-117hres18ih</accessId>
 <congress>117</congress>
 <session>1</session>
 <originChamber>HOUSE</originChamber>
 <currentChamber>HOUSE</currentChamber>
 <billNumber>18</billNumber>
 <billVersion reprint="false">ih</billVersion>
 <fileSuffix>ih</fileSuffix>
 <officialTitle>Honoring the life of Dr. Frank Erdman Boston as a World War I veteran, military surgeon, community doctor, and founder of the Elm Terrace/Abington Lansdale Hospital and the Volunteer Medical Service Corps (VMSC) ambulance corps.</officialTitle>
 <action date="2021-01-05">Mr. Fitzpatrick (for himself, Mr. Evans, Ms. Wild, Ms. Houlahan, and Ms. Dean) submitted the following resolution; which was referred to the Committee on Oversight and Reform</action>
 <congCommittee authorityId="hsgo00" chamber="H" congress="117" type="S">
                      <name type="authority-standard">Committee on Oversight and Reform</name>
                      <name type="authority-short">Oversight and Reform</name>
                </congCommittee>
 <congMember authorityId="2345" bioGuideId="F000466" chamber="H" congress="117" party="R" role="SPONSOR" state="PA">
                      <name type="parsed">Mr. Fitzpatrick</name>
                      <name type="authority-fnf">Brian K. Fitzpatrick</name>
                      <name type="authority-lnf">Fitzpatrick, Brian K.</name>
                      <name type="authority-other">Mr. Brian Fitzpatrick</name>
                </congMember>
 <congMember authorityId="2298" bioGuideId="E000296" chamber="H" congress="117" party="D" role="COSPONSOR" state="PA">
                      <name type="parsed">Mr. Evans</name>
                      <name type="authority-fnf">Dwight Evans</name>
                      <name type="authority-lnf">Evans, Dwight</name>
                </congMember>
 <congMember authorityId="2374" bioGuideId="W000826" chamber="H" congress="117" party="D" role="COSPONSOR" state="PA">
                      <name type="parsed">Ms. Wild</name>
                      <name type="authority-fnf">Susan Wild</name>
                      <name type="authority-lnf">Wild, Susan</name>
                </congMember>
 <congMember authorityId="2433" bioGuideId="H001085" chamber="H" congress="117" party="D" role="COSPONSOR" state="PA">
                      <name type="parsed">Ms. Houlahan</name>
                      <name type="authority-fnf">Chrissy Houlahan</name>
                      <name type="authority-lnf">Houlahan, Chrissy</name>
                </congMember>
 <congMember authorityId="2432" bioGuideId="D000631" chamber="H" congress="117" party="D" role="COSPONSOR" state="PA">
                      <name type="parsed">Ms. Dean</name>
                      <name type="authority-fnf">Madeleine Dean</name>
                      <name type="authority-lnf">Dean, Madeleine</name>
                </congMember>
 <isPrivate>false</isPrivate>
 <isAppropriation>false</isAppropriation>
</extension>
</mods>