<?xml version="1.0"?>
<?xml-stylesheet type="text/xsl" href="billres.xsl"?>
<!DOCTYPE bill PUBLIC "-//US Congress//DTDs/bill.dtd//EN" "bill.dtd">
<bill bill-stage="Introduced-in-House" dms-id="HB48FBD182D7B46CFA21E307C14EDEB18" public-private="public" key="H" bill-type="olc"><metadata xmlns:dc="http://purl.org/dc/elements/1.1/">
<dublinCore>
<dc:title>117 HR 47 IH: To amend title 54, United States Code, to increase public access to recreational areas on Federal land.</dc:title>
<dc:publisher>U.S. House of Representatives</dc:publisher>
<dc:date>2021-01-04</dc:date>
<dc:format>text/xml</dc:format>
<dc:language>EN</dc:language>
<dc:rights>Pursuant to Title 17 Section 105 of the United States Code, this file is not subject to copyright protection and is in the public domain.</dc:rights>
</dublinCore>
</metadata>
<form>
<distribution-code display="yes">I</distribution-code><congress display="yes">117th CONGRESS</congress><session display="yes">1st Session</session><legis-num display="yes">H. R. 47</legis-num><current-chamber>IN THE HOUSE OF REPRESENTATIVES</current-chamber><action display="yes"><action-date date="20210104">January 4, 2021</action-date><action-desc><sponsor name-id="B001302">Mr. Biggs</sponsor> introduced the following bill; which was referred to the <committee-name committee-id="HII00">Committee on Natural Resources</committee-name></action-desc></action><legis-type>A BILL</legis-type><official-title display="yes">To amend title 54, United States Code, to increase public access to recreational areas on Federal land.</official-title></form><legis-body id="HDA109C96939A409198EF460F5854716D" style="OLC"><section id="H3201B1D75EB448BAA069D99DE1B8DF27" section-type="section-one"><enum>1.</enum><header>Increase for recreational public access</header><text display-inline="no-display-inline">Subsection (c) of section 200306 of title 54, United States Code, is amended—</text><paragraph id="HF59AE97DE3D4486986E7D0DE3A047A1C"><enum>(1)</enum><text>by striking <quote>3 percent</quote> and inserting <quote>10 percent</quote>; and</text></paragraph><paragraph id="H82009BF48B2949EBAE18878F79D37467"><enum>(2)</enum><text>by striking <quote>$15,000,000</quote> and inserting <quote>$50,000,000</quote>.</text></paragraph></section></legis-body></bill> 

