<?xml version="1.0"?>
<?xml-stylesheet type="text/xsl" href="billres.xsl"?>
<!DOCTYPE resolution PUBLIC "-//US Congress//DTDs/res.dtd//EN" "res.dtd">
<resolution dms-id="H1880343D0CEB45D98767F41166EA5B62" public-private="public" resolution-stage="Engrossed-in-House" resolution-type="house-resolution" star-print="no-star-print" key="H" stage-count="1"> 
<metadata xmlns:dc="http://purl.org/dc/elements/1.1/">
<dublinCore>
<dc:title>117 HRES 7 EH: </dc:title>
<dc:publisher>U.S. House of Representatives</dc:publisher>
<dc:date>2021-01-03</dc:date>
<dc:format>text/xml</dc:format>
<dc:language>EN</dc:language>
<dc:rights>Pursuant to Title 17 Section 105 of the United States Code, this file is not subject to copyright protection and is in the public domain.</dc:rights>
</dublinCore>
</metadata>
<form>
<distribution-code display="no">IV</distribution-code> 
<congress display="no">117th CONGRESS</congress> 
<session display="no">1st Session</session> 
<legis-num>H. RES. 7</legis-num> 
<current-chamber display="yes">In the House of Representatives, U. S.,</current-chamber> 
<action> 
<action-date date="20210103">January 3, 2021</action-date> 
</action> 
<legis-type display="yes">RESOLUTION</legis-type> 
<official-title display="no"><?xm-replace_text {official-title}?></official-title> 
</form> 
<preamble> 
<whereas><text>Whereas, Alcee L. Hastings, a Representative-elect from the Twentieth District of the State of Florida, has been unable from illness to appear in person to be sworn as a Member of the House, and there being no contest or question as to his election: Now, therefore, be it</text></whereas></preamble> <resolution-body style="traditional" id="H24502F9C01124A3DBB1CAA6857A18FF7"> <section display-inline="yes-display-inline" section-type="undesignated-section" id="HB8BB5239BF0B4EC59A94F4800CC466F8"><text display-inline="yes-display-inline">That the Speaker, or deputy named by her, is hereby authorized to administer the oath of office to the Honorable Alcee L. Hastings at Fort Lauderdale, Florida, and that such oath be accepted and received by the House as the oath of office of the Honorable Alcee L. Hastings.</text></section> 
</resolution-body> 
<attestation><attestation-group><attestor display="no">Cheryl L. Johnson,</attestor><role>Clerk.</role></attestation-group></attestation> 
</resolution> 


