<?xml version="1.0"?>
<?xml-stylesheet type="text/xsl" href="billres.xsl"?>
<!DOCTYPE resolution PUBLIC "-//US Congress//DTDs/res.dtd//EN" "res.dtd">
<resolution resolution-stage="Introduced-in-House" dms-id="H151014D5EF964683A466613890098AB2" public-private="public" resolution-type="constitutional-amendment" star-print="no-star-print" key="H"><metadata xmlns:dc="http://purl.org/dc/elements/1.1/">
<dublinCore>
<dc:title>117 HJ 13 IH: Proposing a balanced budget amendment to the Constitution requiring that each agency and department’s funding is justified.</dc:title>
<dc:publisher>U.S. House of Representatives</dc:publisher>
<dc:date>2021-01-04</dc:date>
<dc:format>text/xml</dc:format>
<dc:language>EN</dc:language>
<dc:rights>Pursuant to Title 17 Section 105 of the United States Code, this file is not subject to copyright protection and is in the public domain.</dc:rights>
</dublinCore>
</metadata>
<form>
<distribution-code display="yes">IA</distribution-code><congress display="yes">117th CONGRESS</congress><session display="yes">1st Session</session><legis-num display="yes">H. J. RES. 13</legis-num><current-chamber>IN THE HOUSE OF REPRESENTATIVES</current-chamber><action display="yes"><action-date date="20210104">January 4, 2021</action-date><action-desc><sponsor name-id="P000605">Mr. Perry</sponsor> (for himself and <cosponsor name-id="D000615">Mr. Duncan</cosponsor>) submitted the following joint resolution; which was referred to the <committee-name committee-id="HJU00">Committee on the Judiciary</committee-name></action-desc></action><legis-type>JOINT RESOLUTION</legis-type><official-title display="yes">Proposing a balanced budget amendment to the Constitution requiring that each agency and department’s funding is justified.</official-title></form><resolution-body style="constitutional-amendment" id="H9AFF1FBF391E44BBB88A85AA7B5E6066"><section display-inline="yes-display-inline" section-type="undesignated-section" id="H64B90280BACE4E008AC453CF506466A8"><text>That the following article is proposed as an amendment to the Constitution of the United States, which shall be valid to all intents and purposes as part of the Constitution when ratified by the legislatures of three-fourths of the several States within seven years after the date of its submission for ratification:</text><quoted-block display-inline="no-display-inline" id="HD4C5368D8D6548F6AD32F1FF285865A0" style="traditional"><constitution-article id="H2E028C9C90FF44A3B18D5845B2A59782"><enum> —</enum><section id="H156DB0029E764FF6B08520E8F330E3BB" section-type="section-one"><enum>1.</enum><text display-inline="yes-display-inline">Total outlays for any fiscal year shall not exceed total receipts for that fiscal year, unless three-fifths of the whole number of each House of Congress shall provide by law for a specific excess of outlays over receipts by a rollcall vote, but in no event shall total outlays for any fiscal year exceed the following: for the first fiscal year for which this article takes effect, 20 percent of the estimated gross domestic product of the United States for that year, and for each subsequent fiscal year, a percentage of the estimated gross domestic product equal to the applicable percentage for the preceding fiscal year reduced by .1 percentage point. Under this section, total spending for any fiscal year is not required to be less than 16 percent of the estimated gross domestic product of the United States.</text></section><section id="H766518EDCED940278AD9D3FF82CA8A3B" section-type="section-one"><enum>2.</enum><text display-inline="yes-display-inline">The limit on the debt of the United States held by the public shall not be increased, unless three-fifths of the whole number of each House shall provide by law for such an increase by a rollcall vote.</text></section><section id="H80543533559F490D94C6018026B6EED3" section-type="section-one"><enum>3.</enum><text display-inline="yes-display-inline">Prior to each fiscal year, the President shall transmit to the Congress a proposed budget for the United States Government for that fiscal year in which total outlays do not exceed total receipts.</text></section><section id="HB751D87D118B4B3D9C6ADDB942A08737" section-type="section-one"><enum>4.</enum><text display-inline="yes-display-inline">No bill to increase revenue shall become law unless approved by a three-fifths majority of the whole number of each House by a rollcall vote.</text></section><section id="HEE488973C8DD4DE687926EF57DFB982D" section-type="section-one"><enum>5.</enum><text display-inline="yes-display-inline">Any budget plan for a fiscal year for the Government submitted by the President to the Congress shall include a justification by each department or agency of the Government for any funding proposed for that department or agency in that plan. The justification shall include a justification of each line item in the budget of that department or agency based upon its effect on carrying out its mission and its effect, if any, on the gross domestic product of the United States and an additional funding level below the requested number that would allow that department or agency to complete all of its critical mission functions.</text></section><section id="H3B576DF50DF54B0F978E0F636E85FAFB" section-type="section-one"><enum>6.</enum><text display-inline="yes-display-inline">Total receipts shall include all receipts of the United States Government except those derived from borrowing. Total outlays shall include all outlays of the United States Government except for those for repayment of debt principal.</text></section><section id="H0F38C1E700A6450AB30E1B72A65909C0" section-type="section-one"><enum>7.</enum><text display-inline="yes-display-inline">The Congress shall enforce and implement this article by appropriate legislation, which may rely on estimates of outlays and receipts.</text></section><section commented="no" id="H1B11D64604F34FFABD9F79BB94036FD8" section-type="section-one"><enum>8.</enum><text display-inline="yes-display-inline">The Congress may waive the provisions of this article for any fiscal year in which a declaration of war is in effect. The provisions of this article may be waived for any fiscal year in which the United States is engaged in military conflict or after any event which causes an imminent and serious military threat to national security and is so declared by a joint resolution or during which a natural disaster is declared by a joint resolution, adopted by a vote by two-thirds of each House, which becomes law.</text></section><section id="HA8B3F67B1A3949A29C52829096FD80BD" section-type="section-one"><enum>9.</enum><text display-inline="yes-display-inline">This article shall take effect beginning with the earlier of the tenth fiscal year beginning after its ratification or the first fiscal year beginning after any fiscal year in which the budget of the United States is not in deficit.</text></section></constitution-article><after-quoted-block>.</after-quoted-block></quoted-block></section></resolution-body></resolution> 

