<mods xmlns:xlink="http://www.w3.org/1999/xlink" xmlns:xsi="http://www.w3.org/2001/XMLSchema-instance" xmlns="http://www.loc.gov/mods/v3" version="3.3" xsi:schemaLocation="http://www.loc.gov/mods/v3 http://www.loc.gov/standards/mods/v3/mods-3-3.xsd" ID="P0b002ee1aacdeb76">
<name type="corporate">
 <namePart>United States Government Publishing Office</namePart>
 <role>
  <roleTerm authority="marcrelator" type="text">publisher</roleTerm>
  <roleTerm authority="marcrelator" type="code">pbl</roleTerm>
</role>
 <role>
  <roleTerm authority="marcrelator" type="text">distributor</roleTerm>
  <roleTerm authority="marcrelator" type="code">dst</roleTerm>
</role>
</name>
<name type="corporate">
 <namePart>United States</namePart>
 <namePart>Congress</namePart>
 <namePart>House of Representatives</namePart>
 <role>
  <roleTerm authority="marcrelator" type="text">author</roleTerm>
  <roleTerm authority="marcrelator" type="code">aut</roleTerm>
</role>
 <description>Government Organization</description>
</name>
<typeOfResource>text</typeOfResource>
<genre authority="marcgt">government publication</genre>
<language>
 <languageTerm type="code" authority="iso639-2b">eng</languageTerm>
</language>
<extension>
 <collectionCode>BILLS</collectionCode>
 <searchTitle>To designate the National Pulse Memorial located at 1912 South Orange Avenue, Orlando, Florida, 32806, and for other purposes.;H.R. 49 (IH)
    </searchTitle>
 <category>Bills and Statutes</category>
 <waisDatabaseName>117_cong_bills</waisDatabaseName>
 <branch>legislative</branch>
 <dateIngested>2021-01-13</dateIngested>
</extension>
<titleInfo>
 <title>To designate the National Pulse Memorial located at 1912 South Orange Avenue, Orlando, Florida, 32806, and for other purposes.</title>
</titleInfo>
<titleInfo type="alternative">
 <title>H.R. 49 (IH)
    </title>
</titleInfo>
<originInfo>
 <publisher>U.S. Government Publishing Office</publisher>
 <dateIssued encoding="w3cdtf">2021-01-04</dateIssued>
 <issuance>monographic</issuance>
</originInfo>
<physicalDescription>
 <note type="source content type">deposited</note>
 <digitalOrigin>born digital</digitalOrigin>
 <extent>2 p.</extent>
</physicalDescription>
<classification authority="sudocs">Y 1.6:</classification>
<classification authority="sudocs">Y 1.4/6:</classification>
<identifier type="local">P0b002ee1aacdeb76</identifier>
<identifier type="uri">https://www.govinfo.gov/app/details/BILLS-117hr49ih</identifier>
<identifier type="preferred citation">H.R. 49</identifier>
<identifier type="stock number">021-610-00252-9</identifier>
<identifier type="Parent ILS system id">000501532</identifier>
<identifier type="Child ILS system id">000325573</identifier>
<identifier type="Parent ILS title">Congressional bills</identifier>
<identifier type="Child ILS title">House bills</identifier>
<identifier type="former package identifier">f:h49_ih.txt</identifier>
<location>
 <url displayLabel="Content Detail" access="object in context">https://www.govinfo.gov/app/details/BILLS-117hr49ih</url>
 <url displayLabel="HTML rendition" access="raw object">https://www.govinfo.gov/content/pkg/BILLS-117hr49ih/html/BILLS-117hr49ih.htm</url>
 <url displayLabel="PDF rendition" access="raw object">https://www.govinfo.gov/content/pkg/BILLS-117hr49ih/pdf/BILLS-117hr49ih.pdf</url>
 <url displayLabel="XML rendition" access="raw object">https://www.govinfo.gov/content/pkg/BILLS-117hr49ih/xml/BILLS-117hr49ih.xml</url>
</location>
<accessCondition type="GPO scope determination">fdlp</accessCondition>
<recordInfo>
 <recordContentSource authority="marcorg">DGPO</recordContentSource>
 <recordCreationDate encoding="w3cdtf">2021-01-13</recordCreationDate>
 <recordChangeDate encoding="w3cdtf">2021-01-13</recordChangeDate>
 <recordIdentifier source="DGPO">BILLS-117hr49ih</recordIdentifier>
 <recordOrigin>machine generated</recordOrigin>
 <languageOfCataloging>
  <languageTerm type="code" authority="iso639-2b">eng</languageTerm>
</languageOfCataloging>
</recordInfo>
<name type="personal">
 <namePart>Darren Soto</namePart>
 <affiliation>United States House of Representatives</affiliation>
 <role>
  <roleTerm authority="marcrelator" type="text">sponsor</roleTerm>
  <roleTerm authority="marcrelator" type="code">spn</roleTerm>
</role>
 <description>United States Congress Member</description>
</name>
<name type="personal">
 <namePart>Val Butler Demings</namePart>
 <affiliation>United States House of Representatives</affiliation>
 <role>
  <roleTerm type="text">cosponsor</roleTerm>
</role>
 <description>United States Congress Member</description>
</name>
<name type="personal">
 <namePart>Stephanie N. Murphy</namePart>
 <affiliation>United States House of Representatives</affiliation>
 <role>
  <roleTerm type="text">cosponsor</roleTerm>
</role>
 <description>United States Congress Member</description>
</name>
<name type="corporate">
 <namePart>United States</namePart>
 <namePart>Congress</namePart>
 <namePart>House of Representatives</namePart>
 <namePart>Committee on Natural Resources</namePart>
 <role>
  <roleTerm authority="marcrelator" type="text">associated name</roleTerm>
  <roleTerm authority="marcrelator" type="code">asn</roleTerm>
</role>
</name>
<extension>
 <docClass>hr</docClass>
 <accessId>BILLS-117hr49ih</accessId>
 <congress>117</congress>
 <session>1</session>
 <originChamber>HOUSE</originChamber>
 <currentChamber>HOUSE</currentChamber>
 <billNumber>49</billNumber>
 <billVersion reprint="false">ih</billVersion>
 <fileSuffix>ih</fileSuffix>
 <officialTitle>To designate the National Pulse Memorial located at 1912 South Orange Avenue, Orlando, Florida, 32806, and for other purposes.</officialTitle>
 <action date="2021-01-04">Mr. Soto (for himself, Mrs. Demings, and Mrs. Murphy of Florida) introduced the following bill; which was referred to the Committee on Natural Resources</action>
 <congCommittee authorityId="hsii00" chamber="H" congress="117" type="S">
                      <name type="authority-standard">Committee on Natural Resources</name>
                      <name type="authority-short">Natural Resources</name>
                </congCommittee>
 <congMember authorityId="2319" bioGuideId="S001200" chamber="H" congress="117" party="D" role="SPONSOR" state="FL">
                      <name type="parsed">Mr. Soto</name>
                      <name type="authority-fnf">Darren Soto</name>
                      <name type="authority-lnf">Soto, Darren</name>
                </congMember>
 <congMember authorityId="2320" bioGuideId="D000627" chamber="H" congress="117" party="D" role="COSPONSOR" state="FL">
                      <name type="parsed">Mrs. Demings</name>
                      <name type="authority-fnf">Val Butler Demings</name>
                      <name type="authority-lnf">Demings, Val Butler</name>
                      <name type="authority-other">Mrs. Val Demings</name>
                </congMember>
 <congMember authorityId="2318" bioGuideId="M001202" chamber="H" congress="117" party="D" role="COSPONSOR" state="FL">
                      <name type="parsed">Mrs. Murphy of Florida</name>
                      <name type="authority-fnf">Stephanie N. Murphy</name>
                      <name type="authority-lnf">Murphy, Stephanie N.</name>
                      <name type="authority-other">Mrs. Stephanie Murphy</name>
                </congMember>
 <isPrivate>false</isPrivate>
 <isAppropriation>false</isAppropriation>
</extension>
</mods>