<?xml version="1.0"?>
<?xml-stylesheet type="text/xsl" href="billres.xsl"?>
<!DOCTYPE bill PUBLIC "-//US Congress//DTDs/bill.dtd//EN" "bill.dtd">
<bill bill-stage="Introduced-in-House" dms-id="HC338EF70AFEC4345A04EC2C0EEE27B7A" public-private="public" key="H" bill-type="olc"><metadata xmlns:dc="http://purl.org/dc/elements/1.1/">
<dublinCore>
<dc:title>117 HR 73 IH: Curbing Realistic Exploitative Electronic Pedophilic Robots Act 2.0</dc:title>
<dc:publisher>U.S. House of Representatives</dc:publisher>
<dc:date>2021-01-04</dc:date>
<dc:format>text/xml</dc:format>
<dc:language>EN</dc:language>
<dc:rights>Pursuant to Title 17 Section 105 of the United States Code, this file is not subject to copyright protection and is in the public domain.</dc:rights>
</dublinCore>
</metadata>
<form>
<distribution-code display="yes">I</distribution-code><congress display="yes">117th CONGRESS</congress><session display="yes">1st Session</session><legis-num display="yes">H. R. 73</legis-num><current-chamber>IN THE HOUSE OF REPRESENTATIVES</current-chamber><action display="yes"><action-date date="20210104">January 4, 2021</action-date><action-desc><sponsor name-id="B001260">Mr. Buchanan</sponsor> introduced the following bill; which was referred to the <committee-name committee-id="HJU00">Committee on the Judiciary</committee-name></action-desc></action><legis-type>A BILL</legis-type><official-title display="yes">To amend title 18, United States Code, to prohibit the importation or transportation of child sex dolls, and for other purposes.</official-title></form><legis-body id="HDA0942C9D12648E19F4A1894AC0C23E4" style="OLC"><section id="H4007030A360E464690566F48421BC1A0" section-type="section-one"><enum>1.</enum><header>Short title</header><text display-inline="no-display-inline">This Act may be cited as the <quote><short-title>Curbing Realistic Exploitative Electronic Pedophilic Robots Act 2.0</short-title></quote> or as the <quote><short-title>CREEPER Act 2.0</short-title></quote>.</text></section><section id="H871E195E3DA34EFAAD4B0FA24BF14E0F"><enum>2.</enum><header>Findings</header><text display-inline="no-display-inline">The Congress finds as follows:</text><paragraph id="H51ABC13C22E049C1A0B634B20D395E18"><enum>(1)</enum><text display-inline="yes-display-inline">There is a correlation between possession of the obscene dolls, and robots, and possession of and participation in child pornography.</text></paragraph><paragraph id="H601958FFA73D43E9B78ECFBC00889ACB"><enum>(2)</enum><text>The physical features, and potentially the <quote>personalities</quote> of the robots are customizable or morphable and can resemble actual children.</text></paragraph><paragraph id="H073CF1BD0C344380916DB60C20DFBC0C"><enum>(3)</enum><text>Some owners and makers of the robots have made their children interact with the robots as if the robots are members of the family.</text></paragraph><paragraph id="HD60A6E7D53954608B5EE1BA6FF0338CA"><enum>(4)</enum><text>The robots can have settings that simulate rape.</text></paragraph><paragraph id="HCF936224050647EBA842647CA7E69950"><enum>(5)</enum><text>The dolls and robots not only lead to rape, but they make rape easier by teaching the rapist about how to overcome resistance and subdue the victim.</text></paragraph><paragraph id="HCC2B4C02254E4E2A9D24D5ED8D74EF0E"><enum>(6)</enum><text display-inline="yes-display-inline">For users and children exposed to their use, the dolls and robots normalize submissiveness and normalize sex between adults and minors.</text></paragraph><paragraph id="H380E447002DE4260B85BE0FBA9F909B2"><enum>(7)</enum><text display-inline="yes-display-inline">As the Supreme Court has recognized, obscene material is often used as part of a method of seducing child victims.</text></paragraph><paragraph id="H4233C8A836744F3C83A98B85F14D8B1C"><enum>(8)</enum><text display-inline="yes-display-inline">The dolls and robots are intrinsically related to abuse of minors, and they cause the exploitation, objectification, abuse, and rape of minors.</text></paragraph></section><section id="H2438F92ADE174C00AC4DC53CADADFC7F"><enum>3.</enum><header>Prohibition of importation or trans­por­ta­tion of child sex dolls</header><text display-inline="no-display-inline">Section 1462 of title 18, United States Code, is amended—</text><paragraph id="H00C73AA45F514B88BF665D395D94EB5A"><enum>(1)</enum><text>in paragraph (a), by striking <quote>or</quote> at the end;</text></paragraph><paragraph id="HA28967C9F499417F97B5634DDE8F0257"><enum>(2)</enum><text>in paragraph (b), by striking <quote>or</quote> at the end;</text></paragraph><paragraph id="H18745AC58F19438BB36CBFF6B20B188D"><enum>(3)</enum><text>by inserting after paragraph (c) the following:</text><quoted-block display-inline="no-display-inline" id="H4744A96148744FA781981EFD5633F0B2" style="USC"><subsection id="HD8A381F0E9CC46089A552E9151C2E0B3"><enum>(d)</enum><text display-inline="yes-display-inline">any child sex doll; or</text></subsection><after-quoted-block>; and</after-quoted-block></quoted-block></paragraph><paragraph id="HF6B240A3EDAB414993344631950D7DF7"><enum>(4)</enum><text>by adding at the end the following:</text><quoted-block display-inline="no-display-inline" id="H3CBCED1039084275A3B9B56B79B00769" style="USC"><quoted-block-continuation-text quoted-block-continuation-text-level="section">In this section, the term <term>child sex doll</term> means an anatomically correct doll, mannequin, or robot, with the features of, or with features that resemble those of, a minor, intended for use in sexual acts.</quoted-block-continuation-text><after-quoted-block>.</after-quoted-block></quoted-block></paragraph></section><section id="H87E2D80B1E3D47598EA9760579BB8D97"><enum>4.</enum><header>Trafficking in child sex dolls</header><subsection id="H655B7ABEFB5D4253B90624FD2CD579BD"><enum>(a)</enum><header>In general</header><text display-inline="yes-display-inline"><external-xref legal-doc="usc-chapter" parsable-cite="usc-chapter/18/71">Chapter 71</external-xref> of title 18, United States Code, is amended by adding at the end the following: </text><quoted-block style="USC" id="HD324C6AD3A0C4FCF9E53E39E4C119F0B" display-inline="no-display-inline"><section id="HDFF29F36285A478597C644ECBF3C86BA"><enum>1471.</enum><header>Trafficking in child sex dolls</header><text display-inline="no-display-inline">Whoever knowingly—</text><paragraph id="HE03553B9B026492C888AC4F712BD0F07"><enum>(1)</enum><text>buys, sells, delivers, or distributes in interstate or foreign commerce any child sex doll,</text></paragraph><paragraph id="HF8B37368FF5B421083BBD3D9979B309E"><enum>(2)</enum><text>possesses a child sex doll that has been so bought, sold, delivered, or distributed, or</text></paragraph><paragraph id="HD5FCDDF5E07A43DC9FD1A08C16A5D061"><enum>(3)</enum><text>possesses such a child sex doll with the intent to engage in any conduct prohibited by paragraph (1),</text></paragraph></section><quoted-block-continuation-text quoted-block-continuation-text-level="subsection">shall be fined under this title or imprisoned not more than five years, or both, for the first such offense and shall be fined under this title or imprisoned not more than ten years, or both, for each such offense thereafter. For purposes of this section, the term <quote>child sex doll</quote> has the meaning given such term in section 1462.</quoted-block-continuation-text><after-quoted-block>.</after-quoted-block></quoted-block></subsection><subsection id="H873533D7A90447ABB0856FCFFBE7B21E"><enum>(b)</enum><header>Clerical amendment</header><text display-inline="yes-display-inline">The table of sections for such chapter is amended by adding at the end the following:</text><quoted-block style="USC" id="H21FDABBF48934A7BBEC5E38C14C9CE6D" display-inline="no-display-inline"><toc regeneration="no-regeneration"><toc-entry level="section">1471. Trafficking in child sex dolls.</toc-entry></toc><after-quoted-block>.</after-quoted-block></quoted-block></subsection></section></legis-body></bill> 

