<?xml version="1.0" encoding="utf-8" standalone="no"?>
<billStatus>
  <bill>
    <billNumber>35</billNumber>
    <createDate>2021-02-05T13:42:10Z</createDate>
    <updateDate>2022-02-11T05:25:00Z</updateDate>
    <originChamber>Senate</originChamber>
    <billType>SRES</billType>
    <introducedDate>2021-02-04</introducedDate>
    <congress>117</congress>
    <recordedVotes/>
    <committees>
      <billCommittees>
        <item>
          <systemCode>ssfr00</systemCode>
          <name>Foreign Relations Committee</name>
          <chamber>Senate</chamber>
          <type>Standing</type>
          <subcommittees/>
          <activities>
            <item>
              <name>Reported by</name>
              <date>2021-03-25T00:07:39Z</date>
            </item>
            <item>
              <name>Markup by</name>
              <date>2021-03-24T13:30:04Z</date>
            </item>
            <item>
              <name>Referred to</name>
              <date>2021-02-04T22:38:10Z</date>
            </item>
          </activities>
        </item>
      </billCommittees>
    </committees>
    <committeeReports/>
    <relatedBills/>
    <actions>
      <item>
        <actionDate>2022-02-01</actionDate>
        <committees/>
        <links/>
        <sourceSystem>
          <code>0</code>
          <name>Senate</name>
        </sourceSystem>
        <text>The committee substitute amendment to the preamble withdrawn by Unanimous Consent.</text>
        <type>Floor</type>
      </item>
      <item>
        <actionDate>2022-02-01</actionDate>
        <committees/>
        <links/>
        <sourceSystem>
          <code>0</code>
          <name>Senate</name>
        </sourceSystem>
        <text>Resolution agreed to in Senate with an amendment and an amendment to the Title and an amended preamble by Voice Vote. (text: CR S451-452)</text>
        <type>Floor</type>
      </item>
      <item>
        <actionDate>2022-02-01</actionDate>
        <links/>
        <text>Passed/agreed to in Senate: Resolution agreed to in Senate with an amendment and an amendment to the Title and an amended preamble by Voice Vote.(text: CR S451-452)</text>
        <type>Floor</type>
        <actionCode>17000</actionCode>
        <sourceSystem>
          <code>9</code>
          <name>Library of Congress</name>
        </sourceSystem>
        <committees/>
      </item>
      <item>
        <actionDate>2022-02-01</actionDate>
        <committees/>
        <links/>
        <sourceSystem>
          <code>0</code>
          <name>Senate</name>
        </sourceSystem>
        <text>The committee substitute withdrawn by Unanimous Consent.</text>
        <type>Floor</type>
      </item>
      <item>
        <actionDate>2022-02-01</actionDate>
        <committees/>
        <links/>
        <sourceSystem>
          <code>0</code>
          <name>Senate</name>
        </sourceSystem>
        <text>Measure laid before Senate by unanimous consent. (consideration: CR S449-451)</text>
        <type>Floor</type>
      </item>
      <item>
        <actionDate>2021-03-24</actionDate>
        <committees/>
        <links/>
        <sourceSystem>
          <code>0</code>
          <name>Senate</name>
        </sourceSystem>
        <text>Placed on Senate Legislative Calendar under General Orders. Calendar No. 26.</text>
        <type>Calendars</type>
      </item>
      <item>
        <actionDate>2021-03-24</actionDate>
        <committees>
          <item>
            <systemCode>ssfr00</systemCode>
            <name>Foreign Relations Committee</name>
          </item>
        </committees>
        <links/>
        <sourceSystem>
          <code>0</code>
          <name>Senate</name>
        </sourceSystem>
        <text>Committee on Foreign Relations. Reported by Senator Menendez with an amendment in the nature of a substitute and with an amended preamble. Without written report.</text>
        <type>Committee</type>
      </item>
      <item>
        <actionDate>2021-03-24</actionDate>
        <links/>
        <text>Committee on Foreign Relations. Reported by Senator Menendez with an amendment in the nature of a substitute and with an amended preamble. Without written report.</text>
        <type>Committee</type>
        <actionCode>14000</actionCode>
        <sourceSystem>
          <code>9</code>
          <name>Library of Congress</name>
        </sourceSystem>
        <committees>
          <item>
            <systemCode>ssfr00</systemCode>
            <name>Foreign Relations Committee</name>
          </item>
        </committees>
      </item>
      <item>
        <actionDate>2021-03-24</actionDate>
        <committees>
          <item>
            <systemCode>ssfr00</systemCode>
            <name>Foreign Relations Committee</name>
          </item>
        </committees>
        <links/>
        <sourceSystem>
          <code>0</code>
          <name>Senate</name>
        </sourceSystem>
        <text>Committee on Foreign Relations. Ordered to be reported with an amendment in the nature of a substitute favorably.</text>
        <type>Committee</type>
      </item>
      <item>
        <actionDate>2021-02-04</actionDate>
        <committees>
          <item>
            <systemCode>ssfr00</systemCode>
            <name>Foreign Relations Committee</name>
          </item>
        </committees>
        <links/>
        <sourceSystem>
          <code>0</code>
          <name>Senate</name>
        </sourceSystem>
        <text>Referred to the Committee on Foreign Relations. (text: CR S487-488)</text>
        <type>IntroReferral</type>
      </item>
      <item>
        <actionDate>2021-02-04</actionDate>
        <links/>
        <text>Introduced in Senate</text>
        <type>IntroReferral</type>
        <actionCode>10000</actionCode>
        <sourceSystem>
          <code>9</code>
          <name>Library of Congress</name>
        </sourceSystem>
        <committees/>
      </item>
      <actionTypeCounts>
        <amendmentAgreedTo>2</amendmentAgreedTo>
        <agreedToInSenate>1</agreedToInSenate>
        <passedAgreedToInSenate>1</passedAgreedToInSenate>
        <measureLaidBeforeSenate>1</measureLaidBeforeSenate>
        <placedOnCalendarGeneralOrders>1</placedOnCalendarGeneralOrders>
        <reportedToSenate>2</reportedToSenate>
        <orderedReported>1</orderedReported>
        <referredToCommittee>1</referredToCommittee>
        <introducedInSenate>1</introducedInSenate>
      </actionTypeCounts>
      <actionByCounts>
        <senate>11</senate>
      </actionByCounts>
    </actions>
    <sponsors>
      <item>
        <bioguideId>C000141</bioguideId>
        <fullName>Sen. Cardin, Benjamin L. [D-MD]</fullName>
        <firstName>Ben</firstName>
        <middleName/>
        <lastName>Cardin</lastName>
        <party>D</party>
        <state>MD</state>
        <identifiers>
          <lisID>174</lisID>
          <bioguideId>C000141</bioguideId>
          <gpoId>8287</gpoId>
        </identifiers>
        <byRequestType/>
      </item>
    </sponsors>
    <cosponsors>
      <item>
        <bioguideId>Y000064</bioguideId>
        <fullName>Sen. Young, Todd [R-IN]</fullName>
        <firstName>Todd</firstName>
        <middleName>C.</middleName>
        <lastName>Young</lastName>
        <party>R</party>
        <state>IN</state>
        <identifiers>
          <lisID>2019</lisID>
          <bioguideId>Y000064</bioguideId>
          <gpoId>7948</gpoId>
        </identifiers>
        <sponsorshipDate>2021-02-04</sponsorshipDate>
        <isOriginalCosponsor>True</isOriginalCosponsor>
        <sponsorshipWithdrawnDate/>
      </item>
      <item>
        <bioguideId>D000563</bioguideId>
        <fullName>Sen. Durbin, Richard J. [D-IL]</fullName>
        <firstName>Richard</firstName>
        <middleName>J.</middleName>
        <lastName>Durbin</lastName>
        <party>D</party>
        <state>IL</state>
        <identifiers>
          <lisID>326</lisID>
          <bioguideId>D000563</bioguideId>
          <gpoId>8326</gpoId>
        </identifiers>
        <sponsorshipDate>2021-02-08</sponsorshipDate>
        <isOriginalCosponsor>False</isOriginalCosponsor>
        <sponsorshipWithdrawnDate/>
      </item>
      <item>
        <bioguideId>W000779</bioguideId>
        <fullName>Sen. Wyden, Ron [D-OR]</fullName>
        <firstName>Ron</firstName>
        <middleName/>
        <lastName>Wyden</lastName>
        <party>D</party>
        <state>OR</state>
        <identifiers>
          <lisID>1247</lisID>
          <bioguideId>W000779</bioguideId>
          <gpoId>8265</gpoId>
        </identifiers>
        <sponsorshipDate>2021-03-04</sponsorshipDate>
        <isOriginalCosponsor>False</isOriginalCosponsor>
        <sponsorshipWithdrawnDate/>
      </item>
      <item>
        <bioguideId>C001035</bioguideId>
        <fullName>Sen. Collins, Susan M. [R-ME]</fullName>
        <firstName>Susan</firstName>
        <middleName>M.</middleName>
        <lastName>Collins</lastName>
        <party>R</party>
        <state>ME</state>
        <identifiers>
          <lisID>1541</lisID>
          <bioguideId>C001035</bioguideId>
          <gpoId>8291</gpoId>
        </identifiers>
        <sponsorshipDate>2021-03-11</sponsorshipDate>
        <isOriginalCosponsor>False</isOriginalCosponsor>
        <sponsorshipWithdrawnDate/>
      </item>
      <item>
        <bioguideId>B001310</bioguideId>
        <fullName>Sen. Braun, Mike [R-IN]</fullName>
        <firstName>Mike</firstName>
        <middleName/>
        <lastName>Braun</lastName>
        <party>R</party>
        <state>IN</state>
        <identifiers>
          <lisID>2462</lisID>
          <bioguideId>B001310</bioguideId>
          <gpoId/>
        </identifiers>
        <sponsorshipDate>2021-04-20</sponsorshipDate>
        <isOriginalCosponsor>False</isOriginalCosponsor>
        <sponsorshipWithdrawnDate/>
      </item>
      <item>
        <bioguideId>F000062</bioguideId>
        <fullName>Sen. Feinstein, Dianne [D-CA]</fullName>
        <firstName>Dianne</firstName>
        <middleName/>
        <lastName>Feinstein</lastName>
        <party>D</party>
        <state>CA</state>
        <identifiers>
          <lisID>1332</lisID>
          <bioguideId>F000062</bioguideId>
          <gpoId>8338</gpoId>
        </identifiers>
        <sponsorshipDate>2021-05-11</sponsorshipDate>
        <isOriginalCosponsor>False</isOriginalCosponsor>
        <sponsorshipWithdrawnDate/>
      </item>
      <item>
        <bioguideId>M001176</bioguideId>
        <fullName>Sen. Merkley, Jeff [D-OR]</fullName>
        <firstName>Jeff</firstName>
        <middleName/>
        <lastName>Merkley</lastName>
        <party>D</party>
        <state>OR</state>
        <identifiers>
          <lisID>1900</lisID>
          <bioguideId>M001176</bioguideId>
          <gpoId>8238</gpoId>
        </identifiers>
        <sponsorshipDate>2022-01-12</sponsorshipDate>
        <isOriginalCosponsor>False</isOriginalCosponsor>
        <sponsorshipWithdrawnDate/>
      </item>
      <item>
        <bioguideId>M000133</bioguideId>
        <fullName>Sen. Markey, Edward J. [D-MA]</fullName>
        <firstName>Edward</firstName>
        <middleName>J.</middleName>
        <lastName>Markey</lastName>
        <party>D</party>
        <state>MA</state>
        <identifiers>
          <lisID>735</lisID>
          <bioguideId>M000133</bioguideId>
          <gpoId>7972</gpoId>
        </identifiers>
        <sponsorshipDate>2022-02-01</sponsorshipDate>
        <isOriginalCosponsor>False</isOriginalCosponsor>
        <sponsorshipWithdrawnDate/>
      </item>
    </cosponsors>
    <cboCostEstimates/>
    <laws/>
    <notes/>
    <policyArea>
      <name>International Affairs</name>
    </policyArea>
    <subjects>
      <billSubjects>
        <legislativeSubjects>
          <item>
            <name>Asia</name>
          </item>
          <item>
            <name>Burma</name>
          </item>
          <item>
            <name>Detention of persons</name>
          </item>
          <item>
            <name>Diplomacy, foreign officials, Americans abroad</name>
          </item>
          <item>
            <name>Elections, voting, political campaign regulation</name>
          </item>
          <item>
            <name>Human rights</name>
          </item>
          <item>
            <name>International organizations and cooperation</name>
          </item>
          <item>
            <name>Internet and video services</name>
          </item>
          <item>
            <name>Internet, web applications, social media</name>
          </item>
          <item>
            <name>Multilateral development programs</name>
          </item>
          <item>
            <name>News media and reporting</name>
          </item>
          <item>
            <name>Protest and dissent</name>
          </item>
          <item>
            <name>Racial and ethnic relations</name>
          </item>
          <item>
            <name>Sanctions</name>
          </item>
          <item>
            <name>Sovereignty, recognition, national governance and status</name>
          </item>
          <item>
            <name>Trade restrictions</name>
          </item>
          <item>
            <name>Travel and tourism</name>
          </item>
          <item>
            <name>United Nations</name>
          </item>
        </legislativeSubjects>
        <policyArea>
          <name>International Affairs</name>
        </policyArea>
      </billSubjects>
    </subjects>
    <summaries>
      <billSummaries>
        <item>
          <versionCode>00</versionCode>
          <actionDate>2021-02-04</actionDate>
          <actionDesc>Introduced in Senate</actionDesc>
          <lastSummaryUpdateDate>2021-04-13T20:57:52Z</lastSummaryUpdateDate>
          <text>
            <![CDATA[ <p>This resolution states that the Senate stands with the people of Burma (Myanmar) in their ambition for a genuine democracy, sustainable peace, genuine ethnic reconciliation, and fundamental human rights for all. It also calls on Burma's armed forces to release all those detained in the February 1, 2021, military coup, remove restrictions on travel and communications, and return the elected civilian government to power.</p>]]>
          </text>
          <updateDate>2021-02-04T05:00:00Z</updateDate>
          <name>Introduced in Senate</name>
        </item>
        <item>
          <versionCode>25</versionCode>
          <actionDate>2021-03-24</actionDate>
          <actionDesc>Reported to Senate</actionDesc>
          <lastSummaryUpdateDate>2021-04-14T20:21:15Z</lastSummaryUpdateDate>
          <text>
            <![CDATA[ <p>This resolution states that the Senate supports the people of Burma (Myanmar) in their ambition for a genuine democracy, sustainable peace, genuine ethnic reconciliation, and fundamental human rights for all. It also calls on the military junta to release all those detained in the February 1, 2021, military coup, remove restrictions on travel and communications, and return the elected civilian government to power.</p>]]>
          </text>
          <updateDate>2021-03-24T13:19:18Z</updateDate>
          <name>Reported to Senate</name>
        </item>
      </billSummaries>
    </summaries>
    <title>A resolution condemning the military coup that took place on February 1, 2021, in Burma and the Tatmadaw's detention of civilian leaders, calling for an immediate and unconditional release of all those detained, promoting accountability and justice for those killed by the Tatmadaw, and calling for those elected to serve in parliament to resume their duties without impediment, and for other purposes.</title>
    <titles>
      <item>
        <titleType>Display Title</titleType>
        <parentTitleType/>
        <title>A resolution condemning the military coup that took place on February 1, 2021, in Burma and the Tatmadaw's detention of civilian leaders, calling for an immediate and unconditional release of all those detained, promoting accountability and justice for those killed by the Tatmadaw, and calling for those elected to serve in parliament to resume their duties without impediment, and for other purposes.</title>
        <chamberCode/>
        <chamberName/>
      </item>
      <item>
        <titleType>Official Title as Introduced</titleType>
        <parentTitleType/>
        <title>Condemning the military coup that took place on February 1, 2021, in Burma and the Burmese military’s detention of civilian leaders, calling for an immediate and unconditional release of all those detained and for those elected to serve in parliament to resume their duties without impediment, and for other purposes.</title>
        <chamberCode/>
        <chamberName/>
      </item>
      <item>
        <titleType>Official Title as Introduced</titleType>
        <parentTitleType/>
        <title>A resolution condemning the military coup that took place on February 1, 2021, in Burma and the Burmese military's detention of civilian leaders, calling for an immediate and unconditional release of all those detained and for those elected to serve in parliament to resume their duties without impediment, and for other purposes.</title>
        <chamberCode/>
        <chamberName/>
      </item>
      <item>
        <titleType>Official Titles as Amended by Senate</titleType>
        <parentTitleType>Official Titles Senate</parentTitleType>
        <title>A resolution condemning the military coup that took place on February 1, 2021, in Burma and the Tatmadaw's detention of civilian leaders, calling for an immediate and unconditional release of all those detained, promoting accountability and justice for those killed by the Tatmadaw, and calling for those elected to serve in parliament to resume their duties without impediment, and for other purposes.</title>
        <chamberCode>S</chamberCode>
        <chamberName>Senate</chamberName>
      </item>
    </titles>
    <amendments>
      <amendment>
        <number>4920</number>
        <description/>
        <purpose>To amend the title.</purpose>
        <congress>117</congress>
        <type>SAMDT</type>
        <number>4920</number>
        <description/>
        <purpose>To amend the title.</purpose>
        <congress>117</congress>
        <type>SAMDT</type>
        <createDate>2022-02-02T05:18:28Z</createDate>
        <updateDate>2022-02-11T05:25:00Z</updateDate>
        <latestAction>
          <actionDate>2022-02-01</actionDate>
          <text>Amendment SA 4920 agreed to in Senate by Unanimous Consent.</text>
          <links>
            <link>
              <name>SA 4920</name>
              <url>https://www.congress.gov/amendment/117th-congress/senate-amendment/4920</url>
            </link>
          </links>
        </latestAction>
        <sponsors>
          <item>
            <bioguideId>C000141</bioguideId>
            <fullName>Sen. Cardin, Benjamin L. [D-MD]</fullName>
            <firstName>Ben</firstName>
            <middleName/>
            <lastName>Cardin</lastName>
            <party>D</party>
            <state>MD</state>
            <identifiers>
              <lisID>174</lisID>
              <bioguideId>C000141</bioguideId>
              <gpoId>8287</gpoId>
            </identifiers>
          </item>
        </sponsors>
        <cosponsors>
          <countIncludingWithdrawnCosponsors>1</countIncludingWithdrawnCosponsors>
          <totalCount>1</totalCount>
          <count>1</count>
          <currentCount>1</currentCount>
          <item>
            <bioguideId>Y000064</bioguideId>
            <fullName>Sen. Young, Todd [R-IN]</fullName>
            <firstName>Todd</firstName>
            <middleName>C.</middleName>
            <lastName>Young</lastName>
            <party>R</party>
            <state>IN</state>
            <identifiers>
              <lisID>2019</lisID>
              <bioguideId>Y000064</bioguideId>
              <gpoId>7948</gpoId>
            </identifiers>
            <sponsorshipDate>2022-02-01</sponsorshipDate>
            <isOriginalCosponsor>True</isOriginalCosponsor>
            <sponsorshipWithdrawnDate/>
          </item>
        </cosponsors>
        <titles/>
        <proposedDate>2022-02-01T05:00:00Z</proposedDate>
        <submittedDate>2022-02-01T05:00:00Z</submittedDate>
        <chamber>Senate</chamber>
        <amendedBill>
          <congress>117</congress>
          <type>SRES</type>
          <originChamber>Senate</originChamber>
          <originChamberCode>S</originChamberCode>
          <number>35</number>
          <title>A resolution condemning the military coup that took place on February 1, 2021, in Burma and the Tatmadaw's detention of civilian leaders, calling for an immediate and unconditional release of all those detained, promoting accountability and justice for those killed by the Tatmadaw, and calling for those elected to serve in parliament to resume their duties without impediment, and for other purposes.</title>
        </amendedBill>
        <amendedAmendment/>
        <amendments>
          <count>0</count>
        </amendments>
        <links/>
        <notes/>
        <actions>
          <count>6</count>
          <actions>
            <item>
              <actionDate>2022-02-01</actionDate>
              <links/>
              <sourceSystem>
                <code>0</code>
                <name>Senate</name>
              </sourceSystem>
              <text>Amendment SA 4920 agreed to in Senate by Unanimous Consent.</text>
              <type>Floor</type>
            </item>
            <item>
              <actionDate>2022-02-01</actionDate>
              <links/>
              <sourceSystem>
                <code>0</code>
                <name>Senate</name>
              </sourceSystem>
              <text>Amendment SA 4920 proposed by Senator Menendez for Senator Cardin. (consideration: CR S451; text: CR S451) To amend the title.</text>
              <type>Floor</type>
            </item>
            <item>
              <actionDate>2022-02-01</actionDate>
              <links/>
              <text/>
            </item>
            <item>
              <actionDate>2022-02-01</actionDate>
              <links/>
              <text>Senate amendment agreed to: Amendment SA 4920 agreed to in Senate by Unanimous Consent.</text>
              <type>Floor</type>
              <actionCode>94000</actionCode>
              <sourceSystem>
                <code>9</code>
                <name>Library of Congress</name>
              </sourceSystem>
              <committee/>
            </item>
            <item>
              <actionDate>2022-02-01</actionDate>
              <links/>
              <text>Senate amendment submitted</text>
              <type>Floor</type>
              <actionCode>91000</actionCode>
              <sourceSystem>
                <code>9</code>
                <name>Library of Congress</name>
              </sourceSystem>
              <committee/>
            </item>
            <item>
              <actionDate>2022-02-01</actionDate>
              <links/>
              <text>Senate amendment proposed (on the floor): Amendment SA 4920 proposed by Senator Menendez for Senator Cardin.(consideration: CR S451; text: CR S451)</text>
              <type>Floor</type>
              <actionCode>93000</actionCode>
              <sourceSystem>
                <code>9</code>
                <name>Library of Congress</name>
              </sourceSystem>
              <committee/>
            </item>
          </actions>
          <actionTypeCounts>
            <amendmentAgreedTo>1</amendmentAgreedTo>
            <amendmentProposed>1</amendmentProposed>
            <senateAmendmentAgreedTo>1</senateAmendmentAgreedTo>
            <senateAmendmentSubmitted>1</senateAmendmentSubmitted>
            <senateAmendmentProposedOnTheFloor>1</senateAmendmentProposedOnTheFloor>
          </actionTypeCounts>
          <actionByCounts>
            <senate>5</senate>
          </actionByCounts>
        </actions>
        <version>1.0.0</version>
      </amendment>
      <amendment>
        <number>4919</number>
        <description/>
        <purpose>To amend the preamble.</purpose>
        <congress>117</congress>
        <type>SAMDT</type>
        <number>4919</number>
        <description/>
        <purpose>To amend the preamble.</purpose>
        <congress>117</congress>
        <type>SAMDT</type>
        <createDate>2022-02-02T05:18:28Z</createDate>
        <updateDate>2022-02-11T05:24:49Z</updateDate>
        <latestAction>
          <actionDate>2022-02-01</actionDate>
          <text>Amendment SA 4919 agreed to in Senate by Unanimous Consent.</text>
          <links>
            <link>
              <name>SA 4919</name>
              <url>https://www.congress.gov/amendment/117th-congress/senate-amendment/4919</url>
            </link>
          </links>
        </latestAction>
        <sponsors>
          <item>
            <bioguideId>C000141</bioguideId>
            <fullName>Sen. Cardin, Benjamin L. [D-MD]</fullName>
            <firstName>Ben</firstName>
            <middleName/>
            <lastName>Cardin</lastName>
            <party>D</party>
            <state>MD</state>
            <identifiers>
              <lisID>174</lisID>
              <bioguideId>C000141</bioguideId>
              <gpoId>8287</gpoId>
            </identifiers>
          </item>
        </sponsors>
        <cosponsors>
          <countIncludingWithdrawnCosponsors>1</countIncludingWithdrawnCosponsors>
          <totalCount>1</totalCount>
          <count>1</count>
          <currentCount>1</currentCount>
          <item>
            <bioguideId>Y000064</bioguideId>
            <fullName>Sen. Young, Todd [R-IN]</fullName>
            <firstName>Todd</firstName>
            <middleName>C.</middleName>
            <lastName>Young</lastName>
            <party>R</party>
            <state>IN</state>
            <identifiers>
              <lisID>2019</lisID>
              <bioguideId>Y000064</bioguideId>
              <gpoId>7948</gpoId>
            </identifiers>
            <sponsorshipDate>2022-02-01</sponsorshipDate>
            <isOriginalCosponsor>True</isOriginalCosponsor>
            <sponsorshipWithdrawnDate/>
          </item>
        </cosponsors>
        <titles/>
        <proposedDate>2022-02-01T05:00:00Z</proposedDate>
        <submittedDate>2022-02-01T05:00:00Z</submittedDate>
        <chamber>Senate</chamber>
        <amendedBill>
          <congress>117</congress>
          <type>SRES</type>
          <originChamber>Senate</originChamber>
          <originChamberCode>S</originChamberCode>
          <number>35</number>
          <title>A resolution condemning the military coup that took place on February 1, 2021, in Burma and the Tatmadaw's detention of civilian leaders, calling for an immediate and unconditional release of all those detained, promoting accountability and justice for those killed by the Tatmadaw, and calling for those elected to serve in parliament to resume their duties without impediment, and for other purposes.</title>
        </amendedBill>
        <amendedAmendment/>
        <amendments>
          <count>0</count>
        </amendments>
        <links/>
        <notes/>
        <actions>
          <count>6</count>
          <actions>
            <item>
              <actionDate>2022-02-01</actionDate>
              <links/>
              <sourceSystem>
                <code>0</code>
                <name>Senate</name>
              </sourceSystem>
              <text>Amendment SA 4919 agreed to in Senate by Unanimous Consent.</text>
              <type>Floor</type>
            </item>
            <item>
              <actionDate>2022-02-01</actionDate>
              <links/>
              <sourceSystem>
                <code>0</code>
                <name>Senate</name>
              </sourceSystem>
              <text>Amendment SA 4919 proposed by Senator Menendez for Senator Cardin. (consideration: CR S451; text: CR S451) To amend the preamble.</text>
              <type>Floor</type>
            </item>
            <item>
              <actionDate>2022-02-01</actionDate>
              <links/>
              <text/>
            </item>
            <item>
              <actionDate>2022-02-01</actionDate>
              <links/>
              <text>Senate amendment agreed to: Amendment SA 4919 agreed to in Senate by Unanimous Consent.</text>
              <type>Floor</type>
              <actionCode>94000</actionCode>
              <sourceSystem>
                <code>9</code>
                <name>Library of Congress</name>
              </sourceSystem>
              <committee/>
            </item>
            <item>
              <actionDate>2022-02-01</actionDate>
              <links/>
              <text>Senate amendment submitted</text>
              <type>Floor</type>
              <actionCode>91000</actionCode>
              <sourceSystem>
                <code>9</code>
                <name>Library of Congress</name>
              </sourceSystem>
              <committee/>
            </item>
            <item>
              <actionDate>2022-02-01</actionDate>
              <links/>
              <text>Senate amendment proposed (on the floor): Amendment SA 4919 proposed by Senator Menendez for Senator Cardin.(consideration: CR S451; text: CR S451)</text>
              <type>Floor</type>
              <actionCode>93000</actionCode>
              <sourceSystem>
                <code>9</code>
                <name>Library of Congress</name>
              </sourceSystem>
              <committee/>
            </item>
          </actions>
          <actionTypeCounts>
            <amendmentAgreedTo>1</amendmentAgreedTo>
            <amendmentProposed>1</amendmentProposed>
            <senateAmendmentAgreedTo>1</senateAmendmentAgreedTo>
            <senateAmendmentSubmitted>1</senateAmendmentSubmitted>
            <senateAmendmentProposedOnTheFloor>1</senateAmendmentProposedOnTheFloor>
          </actionTypeCounts>
          <actionByCounts>
            <senate>5</senate>
          </actionByCounts>
        </actions>
        <version>1.0.0</version>
      </amendment>
      <amendment>
        <number>4918</number>
        <description/>
        <purpose>In the nature of a substitute.</purpose>
        <congress>117</congress>
        <type>SAMDT</type>
        <number>4918</number>
        <description/>
        <purpose>In the nature of a substitute.</purpose>
        <congress>117</congress>
        <type>SAMDT</type>
        <createDate>2022-02-02T05:18:28Z</createDate>
        <updateDate>2022-02-11T05:24:38Z</updateDate>
        <latestAction>
          <actionDate>2022-02-01</actionDate>
          <text>Amendment SA 4918 agreed to in Senate by Unanimous Consent.</text>
          <links>
            <link>
              <name>SA 4918</name>
              <url>https://www.congress.gov/amendment/117th-congress/senate-amendment/4918</url>
            </link>
          </links>
        </latestAction>
        <sponsors>
          <item>
            <bioguideId>C000141</bioguideId>
            <fullName>Sen. Cardin, Benjamin L. [D-MD]</fullName>
            <firstName>Ben</firstName>
            <middleName/>
            <lastName>Cardin</lastName>
            <party>D</party>
            <state>MD</state>
            <identifiers>
              <lisID>174</lisID>
              <bioguideId>C000141</bioguideId>
              <gpoId>8287</gpoId>
            </identifiers>
          </item>
        </sponsors>
        <cosponsors>
          <countIncludingWithdrawnCosponsors>1</countIncludingWithdrawnCosponsors>
          <totalCount>1</totalCount>
          <count>1</count>
          <currentCount>1</currentCount>
          <item>
            <bioguideId>Y000064</bioguideId>
            <fullName>Sen. Young, Todd [R-IN]</fullName>
            <firstName>Todd</firstName>
            <middleName>C.</middleName>
            <lastName>Young</lastName>
            <party>R</party>
            <state>IN</state>
            <identifiers>
              <lisID>2019</lisID>
              <bioguideId>Y000064</bioguideId>
              <gpoId>7948</gpoId>
            </identifiers>
            <sponsorshipDate>2022-02-01</sponsorshipDate>
            <isOriginalCosponsor>True</isOriginalCosponsor>
            <sponsorshipWithdrawnDate/>
          </item>
        </cosponsors>
        <titles/>
        <proposedDate>2022-02-01T05:00:00Z</proposedDate>
        <submittedDate>2022-02-01T05:00:00Z</submittedDate>
        <chamber>Senate</chamber>
        <amendedBill>
          <congress>117</congress>
          <type>SRES</type>
          <originChamber>Senate</originChamber>
          <originChamberCode>S</originChamberCode>
          <number>35</number>
          <title>A resolution condemning the military coup that took place on February 1, 2021, in Burma and the Tatmadaw's detention of civilian leaders, calling for an immediate and unconditional release of all those detained, promoting accountability and justice for those killed by the Tatmadaw, and calling for those elected to serve in parliament to resume their duties without impediment, and for other purposes.</title>
        </amendedBill>
        <amendedAmendment/>
        <amendments>
          <count>0</count>
        </amendments>
        <links/>
        <notes/>
        <actions>
          <count>6</count>
          <actions>
            <item>
              <actionDate>2022-02-01</actionDate>
              <links/>
              <sourceSystem>
                <code>0</code>
                <name>Senate</name>
              </sourceSystem>
              <text>Amendment SA 4918 agreed to in Senate by Unanimous Consent.</text>
              <type>Floor</type>
            </item>
            <item>
              <actionDate>2022-02-01</actionDate>
              <links/>
              <sourceSystem>
                <code>0</code>
                <name>Senate</name>
              </sourceSystem>
              <text>Amendment SA 4918 proposed by Senator Menendez for Senator Cardin. (consideration: CR S450; text: CR S450-451) In the nature of a substitute.</text>
              <type>Floor</type>
            </item>
            <item>
              <actionDate>2022-02-01</actionDate>
              <links/>
              <text/>
            </item>
            <item>
              <actionDate>2022-02-01</actionDate>
              <links/>
              <text>Senate amendment agreed to: Amendment SA 4918 agreed to in Senate by Unanimous Consent.</text>
              <type>Floor</type>
              <actionCode>94000</actionCode>
              <sourceSystem>
                <code>9</code>
                <name>Library of Congress</name>
              </sourceSystem>
              <committee/>
            </item>
            <item>
              <actionDate>2022-02-01</actionDate>
              <links/>
              <text>Senate amendment submitted</text>
              <type>Floor</type>
              <actionCode>91000</actionCode>
              <sourceSystem>
                <code>9</code>
                <name>Library of Congress</name>
              </sourceSystem>
              <committee/>
            </item>
            <item>
              <actionDate>2022-02-01</actionDate>
              <links/>
              <text>Senate amendment proposed (on the floor): Amendment SA 4918 proposed by Senator Menendez for Senator Cardin.(consideration: CR S450; text: CR S450-451)</text>
              <type>Floor</type>
              <actionCode>93000</actionCode>
              <sourceSystem>
                <code>9</code>
                <name>Library of Congress</name>
              </sourceSystem>
              <committee/>
            </item>
          </actions>
          <actionTypeCounts>
            <amendmentAgreedTo>1</amendmentAgreedTo>
            <amendmentProposed>1</amendmentProposed>
            <senateAmendmentAgreedTo>1</senateAmendmentAgreedTo>
            <senateAmendmentSubmitted>1</senateAmendmentSubmitted>
            <senateAmendmentProposedOnTheFloor>1</senateAmendmentProposedOnTheFloor>
          </actionTypeCounts>
          <actionByCounts>
            <senate>5</senate>
          </actionByCounts>
        </actions>
        <version>1.0.0</version>
      </amendment>
    </amendments>
    <textVersions>
      <item>
        <type>Agreed to Senate</type>
        <date>2022-02-01T05:00:00Z</date>
        <formats>
          <item>
            <url>https://www.govinfo.gov/content/pkg/BILLS-117sres35ats/xml/BILLS-117sres35ats.xml</url>
          </item>
        </formats>
      </item>
      <item>
        <type>Reported to Senate</type>
        <date>2021-03-24T04:00:00Z</date>
        <formats>
          <item>
            <url>https://www.govinfo.gov/content/pkg/BILLS-117sres35rs/xml/BILLS-117sres35rs.xml</url>
          </item>
        </formats>
      </item>
      <item>
        <type>Introduced in Senate</type>
        <date>2021-02-04T05:00:00Z</date>
        <formats>
          <item>
            <url>https://www.govinfo.gov/content/pkg/BILLS-117sres35is/xml/BILLS-117sres35is.xml</url>
          </item>
        </formats>
      </item>
    </textVersions>
    <latestAction>
      <actionDate>2022-02-01</actionDate>
      <text>The committee substitute amendment to the preamble withdrawn by Unanimous Consent.</text>
      <links/>
    </latestAction>
    <calendarNumbers>
      <item>
        <calendar>Senate Calendar of Business</calendar>
        <number>0026</number>
      </item>
    </calendarNumbers>
    <version>1.0.0</version>
  </bill>
  <dublinCore xmlns:dc="http://purl.org/dc/elements/1.1/">
    <dc:format>text/xml</dc:format>
    <dc:language>EN</dc:language>
    <dc:rights>Pursuant to Title 17 Section 105 of the United States Code, this file is not subject to copyright protection and is in the public domain.</dc:rights>
    <dc:contributor>Congressional Research Service, Library of Congress</dc:contributor>
    <dc:description>This file contains bill summaries and statuses for federal legislation. A bill summary describes the most significant provisions of a piece of legislation and details the effects the legislative text may have on current law and federal programs. Bill summaries are authored by the Congressional Research Service (CRS) of the Library of Congress. As stated in Public Law 91-510 (2 USC 166 (d)(6)), one of the duties of CRS is "to prepare summaries and digests of bills and resolutions of a public general nature introduced in the Senate or House of Representatives". For more information, refer to the User Guide that accompanies this file.</dc:description>
  </dublinCore>
</billStatus>
