<?xml version="1.0"?>
<?xml-stylesheet type="text/xsl" href="billres.xsl"?>
<!DOCTYPE bill PUBLIC "-//US Congress//DTDs/bill.dtd//EN" "bill.dtd">
<bill bill-stage="Introduced-in-House" dms-id="H402520427C7A48CA970DAB0FFB7EEC03" public-private="public" key="H" bill-type="olc"><metadata xmlns:dc="http://purl.org/dc/elements/1.1/">
<dublinCore>
<dc:title>117 HR 31 IH: Health Coverage Choice Act</dc:title>
<dc:publisher>U.S. House of Representatives</dc:publisher>
<dc:date>2021-01-04</dc:date>
<dc:format>text/xml</dc:format>
<dc:language>EN</dc:language>
<dc:rights>Pursuant to Title 17 Section 105 of the United States Code, this file is not subject to copyright protection and is in the public domain.</dc:rights>
</dublinCore>
</metadata>
<form>
<distribution-code display="yes">I</distribution-code><congress display="yes">117th CONGRESS</congress><session display="yes">1st Session</session><legis-num display="yes">H. R. 31</legis-num><current-chamber>IN THE HOUSE OF REPRESENTATIVES</current-chamber><action display="yes"><action-date date="20210104">January 4, 2021</action-date><action-desc><sponsor name-id="B001302">Mr. Biggs</sponsor> introduced the following bill; which was referred to the <committee-name committee-id="HIF00">Committee on Energy and Commerce</committee-name></action-desc></action><legis-type>A BILL</legis-type><official-title display="yes">To amend title XXVII of the Public Health Service Act to provide for a definition of short-term limited duration insurance, and for other purposes.</official-title></form><legis-body id="H56FD856905A0424BA3F6777B9D8D14D6" style="OLC"><section id="HD522CACE3AFF45EC8B3B8E92CF145C7E" section-type="section-one"><enum>1.</enum><header>Short title</header><text display-inline="no-display-inline">This Act may be cited as the <quote><short-title>Health Coverage Choice Act</short-title></quote>.</text></section><section id="H538B5A9C75594E1EBF91CF65455D15BB"><enum>2.</enum><header>Definition of short-term limited duration insurance</header><text display-inline="no-display-inline">Section 2791(b) of the Public Health Service Act (<external-xref legal-doc="usc" parsable-cite="usc/42/300gg-91">42 U.S.C. 300gg–91(b)</external-xref>) is amended by adding at the end the following new paragraph:</text><quoted-block display-inline="no-display-inline" id="H4B2127F09BC746909F728CDB2DB93C8E" style="OLC"><paragraph id="H7378CA151DE440E88B4BCB932F52CEEE"><enum>(6)</enum><header>Short-term limited duration insurance</header><text display-inline="yes-display-inline">The term <term>short-term limited duration insurance</term> means health insurance coverage provided under a contract with a health insurance issuer that—</text><subparagraph id="HD22EDD2F6C8B4379A5F4462945B555F1"><enum>(A)</enum><text display-inline="yes-display-inline">has an expiration date specified in the contract that is less than 12 months after the original effective date of the contract; and</text></subparagraph><subparagraph id="H048C16EDD17A4FC4A74CCCB3205BA142"><enum>(B)</enum><text display-inline="yes-display-inline">has a duration of not more than 3 years (taking into account renewals or extensions) after the original effective date of the contract.</text></subparagraph></paragraph><after-quoted-block>.</after-quoted-block></quoted-block></section></legis-body></bill> 

