<mods xmlns:xlink="http://www.w3.org/1999/xlink" xmlns:xsi="http://www.w3.org/2001/XMLSchema-instance" xmlns="http://www.loc.gov/mods/v3" version="3.3" xsi:schemaLocation="http://www.loc.gov/mods/v3 http://www.loc.gov/standards/mods/v3/mods-3-3.xsd" ID="P0b002ee1aac9cb31">
<name type="corporate">
 <namePart>United States Government Publishing Office</namePart>
 <role>
  <roleTerm authority="marcrelator" type="text">publisher</roleTerm>
  <roleTerm authority="marcrelator" type="code">pbl</roleTerm>
</role>
 <role>
  <roleTerm authority="marcrelator" type="text">distributor</roleTerm>
  <roleTerm authority="marcrelator" type="code">dst</roleTerm>
</role>
</name>
<name type="corporate">
 <namePart>United States</namePart>
 <namePart>Congress</namePart>
 <namePart>House of Representatives</namePart>
 <role>
  <roleTerm authority="marcrelator" type="text">author</roleTerm>
  <roleTerm authority="marcrelator" type="code">aut</roleTerm>
</role>
 <description>Government Organization</description>
</name>
<typeOfResource>text</typeOfResource>
<genre authority="marcgt">government publication</genre>
<language>
 <languageTerm type="code" authority="iso639-2b">eng</languageTerm>
</language>
<extension>
 <collectionCode>BILLS</collectionCode>
 <searchTitle>Censuring President Donald J. Trump for attempting to overturn the results of the 2020 Presidential election through unlawful means and for inciting insurrection.;H. Con. Res. 3 (IH)
    </searchTitle>
 <category>Bills and Statutes</category>
 <waisDatabaseName>117_cong_bills</waisDatabaseName>
 <branch>legislative</branch>
 <dateIngested>2021-01-12</dateIngested>
</extension>
<titleInfo>
 <title>Censuring President Donald J. Trump for attempting to overturn the results of the 2020 Presidential election through unlawful means and for inciting insurrection.</title>
</titleInfo>
<titleInfo type="alternative">
 <title>H. Con. Res. 3 (IH)
    </title>
</titleInfo>
<originInfo>
 <publisher>U.S. Government Publishing Office</publisher>
 <dateIssued encoding="w3cdtf">2021-01-11</dateIssued>
 <issuance>monographic</issuance>
</originInfo>
<physicalDescription>
 <note type="source content type">deposited</note>
 <digitalOrigin>born digital</digitalOrigin>
 <extent>4 p.</extent>
</physicalDescription>
<classification authority="sudocs">Y 1.6:</classification>
<classification authority="sudocs">Y 1.4/9:</classification>
<identifier type="local">P0b002ee1aac9cb31</identifier>
<identifier type="uri">https://www.govinfo.gov/app/details/BILLS-117hconres3ih</identifier>
<identifier type="preferred citation">H. Con. Res. 3</identifier>
<identifier type="stock number">021-610-00252-9</identifier>
<identifier type="Parent ILS system id">000501532</identifier>
<identifier type="Child ILS system id">000325575</identifier>
<identifier type="Parent ILS title">Congressional bills</identifier>
<identifier type="Child ILS title">House concurrent resolutions</identifier>
<identifier type="former package identifier">f:hc3_ih.txt</identifier>
<location>
 <url displayLabel="Content Detail" access="object in context">https://www.govinfo.gov/app/details/BILLS-117hconres3ih</url>
 <url displayLabel="HTML rendition" access="raw object">https://www.govinfo.gov/content/pkg/BILLS-117hconres3ih/html/BILLS-117hconres3ih.htm</url>
 <url displayLabel="PDF rendition" access="raw object">https://www.govinfo.gov/content/pkg/BILLS-117hconres3ih/pdf/BILLS-117hconres3ih.pdf</url>
 <url displayLabel="XML rendition" access="raw object">https://www.govinfo.gov/content/pkg/BILLS-117hconres3ih/xml/BILLS-117hconres3ih.xml</url>
</location>
<accessCondition type="GPO scope determination">fdlp</accessCondition>
<recordInfo>
 <recordContentSource authority="marcorg">DGPO</recordContentSource>
 <recordCreationDate encoding="w3cdtf">2021-01-12</recordCreationDate>
 <recordChangeDate encoding="w3cdtf">2021-01-12</recordChangeDate>
 <recordIdentifier source="DGPO">BILLS-117hconres3ih</recordIdentifier>
 <recordOrigin>machine generated</recordOrigin>
 <languageOfCataloging>
  <languageTerm type="code" authority="iso639-2b">eng</languageTerm>
</languageOfCataloging>
</recordInfo>
<name type="personal">
 <namePart>Eleanor Holmes Norton</namePart>
 <affiliation>United States House of Representatives</affiliation>
 <role>
  <roleTerm authority="marcrelator" type="text">sponsor</roleTerm>
  <roleTerm authority="marcrelator" type="code">spn</roleTerm>
</role>
 <description>United States Congress Member</description>
</name>
<name type="personal">
 <namePart>Peter A. DeFazio</namePart>
 <affiliation>United States House of Representatives</affiliation>
 <role>
  <roleTerm type="text">cosponsor</roleTerm>
</role>
 <description>United States Congress Member</description>
</name>
<name type="personal">
 <namePart>Nydia M. Velazquez</namePart>
 <affiliation>United States House of Representatives</affiliation>
 <role>
  <roleTerm type="text">cosponsor</roleTerm>
</role>
 <description>United States Congress Member</description>
</name>
<name type="personal">
 <namePart>Ann M. Kuster</namePart>
 <affiliation>United States House of Representatives</affiliation>
 <role>
  <roleTerm type="text">cosponsor</roleTerm>
</role>
 <description>United States Congress Member</description>
</name>
<name type="personal">
 <namePart>Andre Carson</namePart>
 <affiliation>United States House of Representatives</affiliation>
 <role>
  <roleTerm type="text">cosponsor</roleTerm>
</role>
 <description>United States Congress Member</description>
</name>
<name type="corporate">
 <namePart>United States</namePart>
 <namePart>Congress</namePart>
 <namePart>House of Representatives</namePart>
 <namePart>Committee on the Judiciary</namePart>
 <role>
  <roleTerm authority="marcrelator" type="text">associated name</roleTerm>
  <roleTerm authority="marcrelator" type="code">asn</roleTerm>
</role>
</name>
<extension>
 <docClass>hconres</docClass>
 <accessId>BILLS-117hconres3ih</accessId>
 <congress>117</congress>
 <session>1</session>
 <originChamber>HOUSE</originChamber>
 <currentChamber>HOUSE</currentChamber>
 <billNumber>3</billNumber>
 <billVersion reprint="false">ih</billVersion>
 <fileSuffix>ih</fileSuffix>
 <officialTitle>Censuring President Donald J. Trump for attempting to overturn the results of the 2020 Presidential election through unlawful means and for inciting insurrection.</officialTitle>
 <action date="2021-01-11">Ms. Norton (for herself, Mr. DeFazio, Ms. Velázquez, Ms. Kuster, and Mr. Carson) submitted the following concurrent resolution; which was referred to the Committee on the Judiciary</action>
 <congCommittee authorityId="hsju00" chamber="H" congress="117" type="S">
                      <name type="authority-standard">Committee on the Judiciary</name>
                      <name type="authority-short">Judiciary</name>
                </congCommittee>
 <congMember authorityId="868" bioGuideId="N000147" chamber="H" congress="117" gpoId="7871" party="D" role="SPONSOR" state="DC">
                      <name type="parsed">Ms. Norton</name>
                      <name type="authority-fnf">Eleanor Holmes Norton</name>
                      <name type="authority-lnf">Norton, Eleanor Holmes</name>
                      <name type="authority-other">Eleanor Norton</name>
                </congMember>
 <congMember authorityId="279" bioGuideId="D000191" chamber="H" congress="117" gpoId="8117" party="D" role="COSPONSOR" state="OR">
                      <name type="parsed">Mr. DeFazio</name>
                      <name type="authority-fnf">Peter A. DeFazio</name>
                      <name type="authority-lnf">DeFazio, Peter A.</name>
                      <name type="authority-other">Peter Defazio</name>
                </congMember>
 <congMember authorityId="1184" bioGuideId="V000081" chamber="H" congress="117" gpoId="8073" party="D" role="COSPONSOR" state="NY">
                      <name type="parsed">Ms. Velázquez</name>
                      <name type="authority-fnf">Nydia M. Velazquez</name>
                      <name type="authority-lnf">Velazquez, Nydia M.</name>
                      <name type="authority-other">Nydia Velazquez</name>
                </congMember>
 <congMember authorityId="2145" bioGuideId="K000382" chamber="H" congress="117" party="D" role="COSPONSOR" state="NH">
                      <name type="parsed">Ms. Kuster</name>
                      <name type="authority-fnf">Ann M. Kuster</name>
                      <name type="authority-lnf">Kuster, Ann M.</name>
                      <name type="authority-other">Ms. Ann Kuster</name>
                </congMember>
 <congMember authorityId="1889" bioGuideId="C001072" chamber="H" congress="117" gpoId="7946" party="D" role="COSPONSOR" state="IN">
                      <name type="parsed">Mr. Carson</name>
                      <name type="authority-fnf">Andre Carson</name>
                      <name type="authority-lnf">Carson, Andre</name>
                </congMember>
 <isPrivate>false</isPrivate>
 <isAppropriation>false</isAppropriation>
</extension>
</mods>