<mods xmlns:xlink="http://www.w3.org/1999/xlink" xmlns:xsi="http://www.w3.org/2001/XMLSchema-instance" xmlns="http://www.loc.gov/mods/v3" version="3.3" xsi:schemaLocation="http://www.loc.gov/mods/v3 http://www.loc.gov/standards/mods/v3/mods-3-3.xsd" ID="P0b002ee1aab3c668">
<name type="corporate">
 <namePart>United States Government Publishing Office</namePart>
 <role>
  <roleTerm authority="marcrelator" type="text">publisher</roleTerm>
  <roleTerm authority="marcrelator" type="code">pbl</roleTerm>
</role>
 <role>
  <roleTerm authority="marcrelator" type="text">distributor</roleTerm>
  <roleTerm authority="marcrelator" type="code">dst</roleTerm>
</role>
</name>
<name type="corporate">
 <namePart>United States</namePart>
 <namePart>Congress</namePart>
 <namePart>House of Representatives</namePart>
 <role>
  <roleTerm authority="marcrelator" type="text">author</roleTerm>
  <roleTerm authority="marcrelator" type="code">aut</roleTerm>
</role>
 <description>Government Organization</description>
</name>
<typeOfResource>text</typeOfResource>
<genre authority="marcgt">government publication</genre>
<language>
 <languageTerm type="code" authority="iso639-2b">eng</languageTerm>
</language>
<extension>
 <collectionCode>BILLS</collectionCode>
 <searchTitle>To require congressional notification for certain changes in status of inspectors general, and for other purposes.;Inspector General Protection Act;H.R. 23 (IH)
    </searchTitle>
 <category>Bills and Statutes</category>
 <waisDatabaseName>117_cong_bills</waisDatabaseName>
 <branch>legislative</branch>
 <dateIngested>2021-01-05</dateIngested>
</extension>
<titleInfo>
 <title>To require congressional notification for certain changes in status of inspectors general, and for other purposes.</title>
</titleInfo>
<titleInfo type="alternative">
 <title>Inspector General Protection Act</title>
</titleInfo>
<titleInfo type="alternative">
 <title>H.R. 23 (IH)
    </title>
</titleInfo>
<originInfo>
 <publisher>U.S. Government Publishing Office</publisher>
 <dateIssued encoding="w3cdtf">2021-01-04</dateIssued>
 <issuance>monographic</issuance>
</originInfo>
<physicalDescription>
 <note type="source content type">deposited</note>
 <digitalOrigin>born digital</digitalOrigin>
 <extent>4 p.</extent>
</physicalDescription>
<classification authority="sudocs">Y 1.6:</classification>
<classification authority="sudocs">Y 1.4/6:</classification>
<identifier type="local">P0b002ee1aab3c668</identifier>
<identifier type="uri">https://www.govinfo.gov/app/details/BILLS-117hr23ih</identifier>
<identifier type="preferred citation">H.R. 23</identifier>
<identifier type="stock number">021-610-00252-9</identifier>
<identifier type="Parent ILS system id">000501532</identifier>
<identifier type="Child ILS system id">000325573</identifier>
<identifier type="Parent ILS title">Congressional bills</identifier>
<identifier type="Child ILS title">House bills</identifier>
<identifier type="former package identifier">f:h23_ih.txt</identifier>
<location>
 <url displayLabel="Content Detail" access="object in context">https://www.govinfo.gov/app/details/BILLS-117hr23ih</url>
 <url displayLabel="HTML rendition" access="raw object">https://www.govinfo.gov/content/pkg/BILLS-117hr23ih/html/BILLS-117hr23ih.htm</url>
 <url displayLabel="PDF rendition" access="raw object">https://www.govinfo.gov/content/pkg/BILLS-117hr23ih/pdf/BILLS-117hr23ih.pdf</url>
 <url displayLabel="XML rendition" access="raw object">https://www.govinfo.gov/content/pkg/BILLS-117hr23ih/xml/BILLS-117hr23ih.xml</url>
</location>
<accessCondition type="GPO scope determination">fdlp</accessCondition>
<recordInfo>
 <recordContentSource authority="marcorg">DGPO</recordContentSource>
 <recordCreationDate encoding="w3cdtf">2021-01-05</recordCreationDate>
 <recordChangeDate encoding="w3cdtf">2021-01-05</recordChangeDate>
 <recordIdentifier source="DGPO">BILLS-117hr23ih</recordIdentifier>
 <recordOrigin>machine generated</recordOrigin>
 <languageOfCataloging>
  <languageTerm type="code" authority="iso639-2b">eng</languageTerm>
</languageOfCataloging>
</recordInfo>
<name type="personal">
 <namePart>Ted Lieu</namePart>
 <affiliation>United States House of Representatives</affiliation>
 <role>
  <roleTerm authority="marcrelator" type="text">sponsor</roleTerm>
  <roleTerm authority="marcrelator" type="code">spn</roleTerm>
</role>
 <description>United States Congress Member</description>
</name>
<name type="personal">
 <namePart>Jody B. Hice</namePart>
 <affiliation>United States House of Representatives</affiliation>
 <role>
  <roleTerm type="text">cosponsor</roleTerm>
</role>
 <description>United States Congress Member</description>
</name>
<name type="corporate">
 <namePart>United States</namePart>
 <namePart>Congress</namePart>
 <namePart>House of Representatives</namePart>
 <namePart>Committee on the Budget</namePart>
 <role>
  <roleTerm authority="marcrelator" type="text">associated name</roleTerm>
  <roleTerm authority="marcrelator" type="code">asn</roleTerm>
</role>
</name>
<name type="corporate">
 <namePart>United States</namePart>
 <namePart>Congress</namePart>
 <namePart>House of Representatives</namePart>
 <namePart>Committee on Oversight and Reform</namePart>
 <role>
  <roleTerm authority="marcrelator" type="text">associated name</roleTerm>
  <roleTerm authority="marcrelator" type="code">asn</roleTerm>
</role>
</name>
<relatedItem type="isReferencedBy">
 <titleInfo>
  <title>United States Code</title>
  <partNumber>Title 5 Chapter 33</partNumber>
</titleInfo>
 <identifier type="USC citation">5 U.S.C. Chapter 33</identifier>
</relatedItem>
<extension>
 <docClass>hr</docClass>
 <accessId>BILLS-117hr23ih</accessId>
 <congress>117</congress>
 <session>1</session>
 <originChamber>HOUSE</originChamber>
 <currentChamber>HOUSE</currentChamber>
 <billNumber>23</billNumber>
 <billVersion reprint="false">ih</billVersion>
 <fileSuffix>ih</fileSuffix>
 <shortTitle type="measure">Inspector General Protection Act</shortTitle>
 <officialTitle>To require congressional notification for certain changes in status of inspectors general, and for other purposes.</officialTitle>
 <action date="2021-01-04">Mr. Lieu (for himself and Mr. Hice of Georgia) introduced the following bill; which was referred to the Committee on Oversight and Reform, and in addition to the Committee on the Budget, for a period to be subsequently determined by the Speaker, in each case for consideration of such provisions as fall within the jurisdiction of the committee concerned</action>
 <congCommittee authorityId="hsbu00" chamber="H" congress="117" type="S">
                      <name type="authority-standard">Committee on the Budget</name>
                      <name type="authority-short">Budget</name>
                </congCommittee>
 <congCommittee authorityId="hsgo00" chamber="H" congress="117" type="S">
                      <name type="authority-standard">Committee on Oversight and Reform</name>
                      <name type="authority-short">Oversight and Reform</name>
                </congCommittee>
 <congMember authorityId="2230" bioGuideId="L000582" chamber="H" congress="117" party="D" role="SPONSOR" state="CA">
                      <name type="parsed">Mr. Lieu</name>
                      <name type="authority-fnf">Ted Lieu</name>
                      <name type="authority-lnf">Lieu, Ted</name>
                </congMember>
 <congMember authorityId="2237" bioGuideId="H001071" chamber="H" congress="117" party="R" role="COSPONSOR" state="GA">
                      <name type="parsed">Mr. Hice of Georgia</name>
                      <name type="authority-fnf">Jody B. Hice</name>
                      <name type="authority-lnf">Hice, Jody B.</name>
                      <name type="authority-other">Mr. Jody Hice</name>
                </congMember>
 <isPrivate>false</isPrivate>
 <isAppropriation>false</isAppropriation>
 <USCode title="5">
                      <chapter number="33"></chapter>
                </USCode>
</extension>
</mods>