<?xml version="1.0"?>
<?xml-stylesheet type="text/xsl" href="billres.xsl"?>
<!DOCTYPE bill PUBLIC "-//US Congress//DTDs/bill.dtd//EN" "bill.dtd">
<bill bill-stage="Introduced-in-House" dms-id="H55DC1E3ECE6C4E6CAE20BE2AE1D5F117" public-private="public" key="H" bill-type="olc"><metadata xmlns:dc="http://purl.org/dc/elements/1.1/">
<dublinCore>
<dc:title>117 HR 81 IH: Redistricting Transparency Act of 2021</dc:title>
<dc:publisher>U.S. House of Representatives</dc:publisher>
<dc:date>2021-01-04</dc:date>
<dc:format>text/xml</dc:format>
<dc:language>EN</dc:language>
<dc:rights>Pursuant to Title 17 Section 105 of the United States Code, this file is not subject to copyright protection and is in the public domain.</dc:rights>
</dublinCore>
</metadata>
<form>
<distribution-code display="yes">I</distribution-code><congress display="yes">117th CONGRESS</congress><session display="yes">1st Session</session><legis-num display="yes">H. R. 81</legis-num><current-chamber>IN THE HOUSE OF REPRESENTATIVES</current-chamber><action display="yes"><action-date date="20210104">January 4, 2021</action-date><action-desc><sponsor name-id="C000754">Mr. Cooper</sponsor> introduced the following bill; which was referred to the <committee-name committee-id="HJU00">Committee on the Judiciary</committee-name></action-desc></action><legis-type>A BILL</legis-type><official-title display="yes">To require States to carry out Congressional redistricting in accordance with a process under which members of the public are informed of redistricting proposals and have the opportunity to participate in the development of such proposals prior to their adoption, and for other purposes.</official-title></form><legis-body id="H543E56182D004A2B8A66E979E12623C3" style="OLC"><section id="HBD71844F4BC948FD81C194CC4726D882" section-type="section-one"><enum>1.</enum><header>Short Title; Finding of Constitutional Authority</header><subsection id="H19305C9A0A4D495C92DEA13D58E342A4"><enum>(a)</enum><header>Short Title</header><text display-inline="yes-display-inline">This Act may be cited as the <quote><short-title>Redistricting Transparency Act of 2021</short-title></quote>.</text></subsection><subsection id="H36D5B3CBA7FF4281B36E3227CC0AD2EC"><enum>(b)</enum><header>Finding</header><text display-inline="yes-display-inline">Congress finds that it has the authority to require States to follow certain procedures in carrying out Congressional redistricting after an apportionment of Members of the House of Representatives because—</text><paragraph id="H8D5A439AAF4648EE88AF80BA91A35C29"><enum>(1)</enum><text display-inline="yes-display-inline">the authority granted to Congress under article I, section 4 of the Constitution of the United States gives Congress the power to enact laws governing the time, place, and manner of elections for Members of the House of Representatives; and</text></paragraph><paragraph id="H4EE72E644DC84A8E82C460A5B2161B56"><enum>(2)</enum><text>the authority granted to Congress under section 5 of the fourteenth amendment to the Constitution gives Congress the power to enact laws to enforce section 2 of such amendment, which requires Representatives to be apportioned among the several States according to their number.</text></paragraph></subsection></section><section id="H5A746DBB040F41688385012A04EC13BC"><enum>2.</enum><header>Requiring Redistricting to be Conducted Under Procedures Providing Opportunity for Public Participation</header><subsection id="H2C591F7E0E564190AC19E46E98D407B3"><enum>(a)</enum><header>Requirement</header><paragraph id="HDF2F8AF65F9147E3AA0806F629E6EB3A"><enum>(1)</enum><header>In general</header><text>Notwithstanding any other provision of law, any Congressional redistricting conducted by a State shall be conducted in accordance with a process under which the entity responsible for developing Congressional redistricting plans in the State (hereafter in this Act referred to as the <quote>State redistricting entity</quote>)—</text><subparagraph id="H394DF9D1DE4E41DCB1FD78B1072581C7"><enum>(A)</enum><text>in accordance with section 3, establishes and operates an internet site;</text></subparagraph><subparagraph id="HBA7EDD7898CD49CDB9857CB42CEFB710"><enum>(B)</enum><text>in accordance with section 4, provides opportunities for participation by members of the public in the initial development of such plans;</text></subparagraph><subparagraph id="H80BD5E7E6559434EBF7BD2A009F30404"><enum>(C)</enum><text>in accordance with section 5, provides opportunities for members of the public to respond to the proposed final Congressional redistricting plan; and</text></subparagraph><subparagraph id="HB84C5F198A364004BA77B2FC8AF636A0"><enum>(D)</enum><text>in accordance with section 6, notifies members of the public regarding the final Congressional redistricting plan adopted for the State.</text></subparagraph></paragraph><paragraph id="H93728E7A5D264C25B1BFF580A01DC042"><enum>(2)</enum><header>Other procedures permitted</header><text display-inline="yes-display-inline">Nothing in this Act or the amendments made by this Act may be construed to prohibit a State from conducting Congressional redistricting in accordance with such procedures as the State considers appropriate, to the extent that such procedures are consistent with the applicable requirements of this Act and the amendments made by this Act.</text></paragraph><paragraph id="H3F9E6E9F2B2E4CE8872C99DB18339CEB"><enum>(3)</enum><header>No effect on redistricting for State or local elections</header><text>Nothing in this Act or the amendments made by this Act may be construed to affect any procedures a State or a unit of local government in a State may use to conduct redistricting with respect to elections for State or local offices.</text></paragraph></subsection><subsection id="HB5A92AEBE01949A4ABE829F448D99636"><enum>(b)</enum><header>Conforming Amendment</header><text display-inline="yes-display-inline">Section 22(c) of the Act entitled “An Act to provide for the fifteenth and subsequent decennial censuses and to provide for an apportionment of Representatives in Congress”, approved June 18, 1929 (<external-xref legal-doc="usc" parsable-cite="usc/2/2a">2 U.S.C. 2a(c)</external-xref>), is amended by striking “in the manner provided by the law thereof” and inserting: “in a manner consistent with the requirements of the Redistricting Transparency Act of 2019”.</text></subsection></section><section id="HD063312D17BB4B058D4549E815671B34"><enum>3.</enum><header>Public Internet Site for State Redistricting Entity</header><subsection id="HD6A0C0A7D7DE41D2A311504B87511016"><enum>(a)</enum><header>Establishment and Operation of Site</header><text display-inline="yes-display-inline">Each State redistricting entity shall establish and maintain a public internet site which meets the following requirements:</text><paragraph id="HB1B4BAFE10124C21A461D95300E012EA"><enum>(1)</enum><text>The site is updated continuously to provide advance notice of meetings held by the entity and to otherwise provide timely information on the entity’s activities.</text></paragraph><paragraph id="H0A8B218153AF4B92AAB5FD2236C23D84"><enum>(2)</enum><text>The site contains the most recent available information from the Bureau of the Census on voting-age population, voter registration, and voting results in the State, including precinct-level and census tract-level data with respect to such information, as well as detailed maps reflecting such information.</text></paragraph><paragraph id="HA9D080E28D8A4176B63C31F92F511A91"><enum>(3)</enum><text>The site permits any individual to submit comments on any plan proposed by the entity, and to submit questions, comments, and other information with respect to the entity’s activities.</text></paragraph><paragraph id="H7CE490B6CEFC4F1281DAFE166D144AC0"><enum>(4)</enum><text>The site includes any other information the entity is required to post under this Act.</text></paragraph></subsection><subsection id="HF6CE84AD813144BBB3D47318C55CDE83"><enum>(b)</enum><header>Deadline for Posting of Comments Submitted by Public</header><text>The State redistricting entity shall ensure that any comment submitted by a member of the public to the site established under this section, including a comment on any plan proposed by the entity or any other person, and any other comment relating to Congressional redistricting in the State, is posted on the site not later than 72 hours after submission.</text></subsection><subsection id="H3B5D611EDEE948858E23DE07D1C88367"><enum>(c)</enum><header>Updating of Information</header><text display-inline="yes-display-inline">The State redistricting entity shall take all actions necessary to ensure that the site established under this section is updated continuously to provide timely advance notice of the entity’s meetings and to otherwise provide timely information on the entity’s activities.</text></subsection><subsection id="HC07930D5139942B3AEFA316089988113"><enum>(d)</enum><header>Deadline</header><text>The State redistricting entity shall establish the site under this section as soon as practicable after the completion of the regular decennial census, but in no case later than the final deadline provided under section 22(b) of the Act entitled “An Act to provide for the fifteenth and subsequent decennial censuses and to provide for an apportionment of Representatives in Congress”, approved June 18, 1929 (<external-xref legal-doc="usc" parsable-cite="usc/2/2a">2 U.S.C. 2a</external-xref>), for the Clerk of the House of Representatives to transmit to the State the notice of the number of Representatives to which the State is entitled in the following Congress.</text></subsection></section><section id="HF19C3DDC3A244478AE86B399A01BE372"><enum>4.</enum><header>Opportunities for Participation in Initial Development of Congressional Redistricting Plans</header><text display-inline="no-display-inline">During the 60-day period which begins on the date the State receives the notice referred to in section 3(d), the State redistricting entity shall solicit the input of members of the public in its work to develop initial Congressional redistricting plans for the State by carrying out the following activities:</text><paragraph id="H59EB32E6C31A4AE3A4803D060BF47EF7"><enum>(1)</enum><text>Publishing and posting on the internet site established under section 3 the criteria which the entity will use to develop the Congressional redistricting plan for the State.</text></paragraph><paragraph id="HFF7B7AEBB22B45CD95BAEAC63C5F92D6"><enum>(2)</enum><text display-inline="yes-display-inline">Holding at least one hearing in the State at which members of the public may provide comments on such criteria and any other issues relating to Congressional redistricting in the State.</text></paragraph><paragraph id="H272C7E7484C2487DBE3EBB33C83C9EC3"><enum>(3)</enum><text>Publishing and posting the transcript of each such hearing, or posting a link to a video recording of each such hearing, on the internet site not later than 7 days after the conclusion of the hearing.</text></paragraph></section><section id="H34737D7DDF3E4C1A920EF14BE34D9535"><enum>5.</enum><header>Opportunities to Respond to Proposed Final Congressional Redistricting Plan Adopted by Redistricting Entity</header><subsection id="H9B87780F3B9A4C959BE102811A335599"><enum>(a)</enum><header>Notice of Final Plan</header><text display-inline="yes-display-inline">Not later than 10 days prior to adopting a final Congressional redistricting plan for the State, the State redistricting entity shall post on the internet site established under section 3 (and, if practicable, cause to have published in newspapers of general circulation throughout the State) the following information:</text><paragraph id="HA4393E2734994BB5A06D7A531583E5F4"><enum>(1)</enum><text>A detailed version of the proposed final plan, including—</text><subparagraph id="HB3F85FC1755D4D38A12097C13B4AD842"><enum>(A)</enum><text>a map showing each Congressional district established under the plan;</text></subparagraph><subparagraph id="H04F95B8133E5475A8BF9D902DC8E4763"><enum>(B)</enum><text display-inline="yes-display-inline">a statement of the voting age population by race and membership in a language minority group of each such district; and</text></subparagraph><subparagraph id="H3F84B4F47DEA4E58AEAAECF17AE8E735"><enum>(C)</enum><text>a statement of the number of registered voters in each such district, broken down by political party affiliation to the extent that such information is available under State law.</text></subparagraph></paragraph><paragraph id="H39F592BD4CBB4C7D9C630920AC982839"><enum>(2)</enum><text>A statement explaining the entity’s reasons for adopting the proposed final plan and the reasons why the adoption of the plan will best serve the public interest.</text></paragraph><paragraph id="H06F089A03BA546E1BC3872EBC1A30065"><enum>(3)</enum><text>Any dissenting statement of any member of the entity who did not approve the proposed final plan.</text></paragraph><paragraph id="H5B78BE85E45F45B986E619ACA9391AC8"><enum>(4)</enum><text>A statement that members of the public may submit comments regarding the proposed final plan through the internet site, together with information on how members of the public may submit such comments to the entity through other methods.</text></paragraph></subsection><subsection id="H1E8F46B4BB4145EB8E40623725774BF1"><enum>(b)</enum><header>Public Hearing Prior to Adoption of Final Plan</header><text display-inline="yes-display-inline">Not later than 7 days prior to adopting the final Congressional redistricting plan for the State, the State redistricting entity shall hold at least one hearing in the State at which members of the public may provide comments on the plan and members of the entity may explain the reasons why the adoption of the plan will best serve the public interest. The entity shall publish and post the transcript of each such hearing, or post a link to a video recording of each such hearing, on the internet site established under section 3.</text></subsection><subsection id="HBE060393586D478497991694E4DFD356"><enum>(c)</enum><header>Treatment of Amended and New Plans</header><text display-inline="yes-display-inline">If, in response to public comment or for any other reason, the State redistricting entity posts an amended version of the proposed final Congressional redistricting plan which is posted on the internet site under subsection (a) or posts a new proposed final Congressional redistricting plan, subsections (a) and (b) shall apply with respect to the amended version of the plan or the new plan in the same manner as such subsections apply with respect to the proposed final plan which is first posted under subsection (a), except to the extent that the application of such subsections would require the entity to violate a deadline established by State law for the submission of a final Congressional redistricting plan to the State legislature.</text></subsection></section><section id="HFCB76B4DE4A54709B95D2E3A15D7BA5A"><enum>6.</enum><header>Notice of Final Adopted Congressional Redistricting Plan</header><text display-inline="no-display-inline">Not later than 7 days after the State redistricting entity adopts the final Congressional redistricting plan for the State, the entity shall post on the internet site established under section 3 (and, if practicable, cause to have published in newspapers of general circulation throughout the State) the following information:</text><paragraph id="H73C35753A3AC4B7C9D64B99ABF0629EF"><enum>(1)</enum><text>A detailed version of the plan, including—</text><subparagraph id="H6BFF815017A94776A00B8306EDEC6332"><enum>(A)</enum><text>a map showing each Congressional district established under the plan;</text></subparagraph><subparagraph id="HE9958A6238C94B9DBAC21164D32505CB"><enum>(B)</enum><text>a statement for each such district of the total population and voting age population by race and membership in a language minority group; and</text></subparagraph><subparagraph id="H019607AA54B94A7DA67E7C0C71131CB0"><enum>(C)</enum><text>a statement of the number of registered voters in each such district, broken down by political party affiliation to the extent that such information is available under State law.</text></subparagraph></paragraph><paragraph id="H154B0B2AB0474659A056DE4578B5943C"><enum>(2)</enum><text>To the extent that the State maintains data on the number of registered voters by race and membership in a language minority group, a statement for each such district of the number of registered voters by race and membership in a language minority group.</text></paragraph><paragraph id="H676A094FFC8447908EADDA0C28DE21E2"><enum>(3)</enum><text>A statement explaining the entity’s reasons for adopting the plan and the reasons why the adoption of the plan will best serve the public interest.</text></paragraph><paragraph id="HC1FF8C3E474A4A13B70767CD714D8FB6"><enum>(4)</enum><text>Any dissenting statements of any members of the entity who did not approve the plan.</text></paragraph></section><section id="HCC01FC86153C43518A6E70799663CA32"><enum>7.</enum><header>Effective Date</header><text display-inline="no-display-inline">This Act and the amendments made by this Act shall apply with respect to any Congressional redistricting which occurs after the regular decennial census conducted during 2020.</text></section></legis-body></bill> 

