<?xml version="1.0"?>
<?xml-stylesheet type="text/xsl" href="billres.xsl"?>
<!DOCTYPE resolution PUBLIC "-//US Congress//DTDs/res.dtd//EN" "res.dtd">
<resolution resolution-stage="Introduced-in-House" dms-id="H5A63BB0E08404A55BB6BE0F5E12C4685" public-private="public" resolution-type="house-joint" star-print="no-star-print" key="H"><metadata xmlns:dc="http://purl.org/dc/elements/1.1/">
<dublinCore>
<dc:title>117 HJ 14 IH: Proposing an amendment to the Constitution of the United States to abolish the electoral college and to provide for the direct election of the President and Vice President of the United States.</dc:title>
<dc:publisher>U.S. House of Representatives</dc:publisher>
<dc:date>2021-01-11</dc:date>
<dc:format>text/xml</dc:format>
<dc:language>EN</dc:language>
<dc:rights>Pursuant to Title 17 Section 105 of the United States Code, this file is not subject to copyright protection and is in the public domain.</dc:rights>
</dublinCore>
</metadata>
<form>
<distribution-code display="yes">IA</distribution-code><congress display="yes">117th CONGRESS</congress><session display="yes">1st Session</session><legis-num display="yes">H. J. RES. 14</legis-num><current-chamber>IN THE HOUSE OF REPRESENTATIVES</current-chamber><action display="yes"><action-date date="20210111">January 11, 2021</action-date><action-desc><sponsor name-id="C001068">Mr. Cohen</sponsor> (for himself, <cosponsor name-id="L000397">Ms. Lofgren</cosponsor>, <cosponsor name-id="E000215">Ms. Eshoo</cosponsor>, <cosponsor name-id="S001145">Ms. Schakowsky</cosponsor>, <cosponsor name-id="B001285">Ms. Brownley</cosponsor>, <cosponsor name-id="D000191">Mr. DeFazio</cosponsor>, <cosponsor name-id="E000297">Mr. Espaillat</cosponsor>, <cosponsor name-id="G000559">Mr. Garamendi</cosponsor>, and <cosponsor name-id="C000754">Mr. Cooper</cosponsor>) submitted the following joint resolution; which was referred to the <committee-name committee-id="HJU00">Committee on the Judiciary</committee-name></action-desc></action><legis-type>JOINT RESOLUTION</legis-type><official-title display="yes">Proposing an amendment to the Constitution of the United States to abolish the electoral college and to provide for the direct election of the President and Vice President of the United States.</official-title></form><preamble><whereas><text>Whereas the Founders of the Nation established the electoral college in an era of limited nationwide communication and information sharing;</text></whereas><whereas><text>Whereas the electoral college is premised on an antiquated theory that citizens will have a better chance of knowing about electors from their home States than about Presidential candidates from out of State; </text></whereas><whereas><text>Whereas the development of mass media and the internet has made information about Presidential candidates easily accessible to United States citizens across the country and around the world;</text></whereas><whereas><text>Whereas citizens now have a far better chance of knowing about out-of-State Presidential candidates than about Presidential electors from their home State;</text></whereas><whereas><text>Whereas Thomas Jefferson wrote, “I am not an advocate for frequent changes in laws and constitutions, but laws and institutions must go hand in hand with the progress of the human mind. As that becomes more developed, more enlightened, as new discoveries are made, new truths discovered and manners and opinions change, with the change of circumstances, institutions must advance also to keep pace with the times. We might as well require a man to wear still the coat which fitted him when a boy as civilized society to remain ever under the regimen of their barbarous ancestors.”;</text></whereas><whereas><text>Whereas since the Nation’s founding, United States citizens have amended the Constitution to expand the opportunity for citizens to directly elect their elected leaders;</text></whereas><whereas><text>Whereas the 15th Amendment guarantees the right of all citizens to vote regardless of race;</text></whereas><whereas><text>Whereas the 19th Amendment guarantees the right of all citizens to vote regardless of gender;</text></whereas><whereas><text>Whereas the 26th Amendment guarantees the right of all citizens 18 years of age and older to vote regardless of age;</text></whereas><whereas><text>Whereas the 17th Amendment establishes both a precedent and a preference for the direct election of citizens’ elected representatives; and</text></whereas><whereas><text>Whereas the electoral college has become an anachronism: Now, therefore, be it</text></whereas></preamble><resolution-body style="constitutional-amendment" id="H88ECFD6BBE7548FF8370CF8DEFAE6E7E"><section display-inline="yes-display-inline" section-type="undesignated-section" id="HF6288AAEB41347388A1EDA44DBF19698"><text>That the following article is proposed as an amendment to the Constitution of the United States, which shall be valid to all intents and purposes as part of the Constitution when ratified by the legislatures of three-fourths of the several States within seven years after the date of its submission for ratification: </text><quoted-block style="traditional" id="H01E9BD0CC94049B8A9D5FE664394C61A" display-inline="no-display-inline"><constitution-article id="H8966EED2F4484D5691F68B8D5F1B2129"><enum> —</enum><section id="HE4BC40E6EBF1457B8A56F10D3172F566" section-type="section-one"><enum>1.</enum><text display-inline="no-display-inline">The President and Vice President shall be elected by the people of the several States and the district constituting the seat of government of the United States.</text></section><section id="HDE4A54B91FEA4443822C51489B58273D" display-inline="no-display-inline" section-type="section-one"><enum>2.</enum><text display-inline="no-display-inline">The electors in each State shall have the qualifications requisite for electors of the most populous branch of the legislature of the State; although Congress may establish uniform age qualifications.</text></section><section id="HDBAF444F430C41DFB05C5B8D88A08872" section-type="section-one"><enum>3.</enum><text display-inline="no-display-inline">Each elector shall cast a single vote for two persons who have consented to the joining of their names as candidates for President and Vice President. No elector shall be prohibited from casting a vote for a candidate for President or Vice President because either candidate, or both, are inhabitants of the same State as the elector.</text></section><section id="H3F4D7928475B447BA435129CB55D9331" section-type="section-one"><enum>4.</enum><text display-inline="no-display-inline">The pair of candidates having the greatest number of votes for President and Vice President shall be elected.</text></section><section id="HD9EEEB629F6A44398733701C01A40623" section-type="section-one"><enum>5.</enum><text display-inline="no-display-inline">The times, places, and manner of holding such elections and entitlement to inclusion on the ballot shall be determined by Congress.</text></section><section id="HA78E815A9DA44CD9B2320228C4A1C6EC" section-type="section-one"><enum>6.</enum><text display-inline="no-display-inline">The Congress may by law provide for the case of the death or any other disqualification of any candidate for President or Vice President before the day on which the President-elect or Vice President-elect has been chosen; and for the case of a tie in any election.</text></section><section id="H5B02474AD8A7460C99F21D6AC6210880" section-type="section-one"><enum>7.</enum><text display-inline="no-display-inline">This article shall take effect one year after the first day of January following ratification.</text></section></constitution-article><after-quoted-block>.</after-quoted-block></quoted-block></section></resolution-body></resolution> 

