<?xml version="1.0"?>
<?xml-stylesheet type="text/xsl" href="billres.xsl"?>
<!DOCTYPE resolution PUBLIC "-//US Congress//DTDs/res.dtd//EN" "res.dtd">
<resolution resolution-stage="Introduced-in-House" dms-id="H6B180523255645B993183FC51E7432D1" public-private="public" resolution-type="house-concurrent" star-print="no-star-print" key="H"><metadata xmlns:dc="http://purl.org/dc/elements/1.1/">
<dublinCore>
<dc:title>117 HCON 5 IH: Censuring and condemning President Donald J. Trump for trying to unlawfully overturn the 2020 Presidential election and violating his oath of office on January 6, 2021.</dc:title>
<dc:publisher>U.S. House of Representatives</dc:publisher>
<dc:date>2021-01-12</dc:date>
<dc:format>text/xml</dc:format>
<dc:language>EN</dc:language>
<dc:rights>Pursuant to Title 17 Section 105 of the United States Code, this file is not subject to copyright protection and is in the public domain.</dc:rights>
</dublinCore>
</metadata>
<form>
<distribution-code display="yes">IV</distribution-code><congress display="yes">117th CONGRESS</congress><session display="yes">1st Session</session><legis-num display="yes">H. CON. RES. 5</legis-num><current-chamber>IN THE HOUSE OF REPRESENTATIVES</current-chamber><action display="yes"><action-date date="20210112">January 12, 2021</action-date><action-desc><sponsor name-id="F000466">Mr. Fitzpatrick</sponsor> (for himself, <cosponsor name-id="R000585">Mr. Reed</cosponsor>, <cosponsor name-id="G000588">Mr. Gonzalez of Ohio</cosponsor>, <cosponsor name-id="K000397">Mrs. Kim of California</cosponsor>, <cosponsor name-id="U000031">Mr. Upton</cosponsor>, <cosponsor name-id="M001186">Mr. Meijer</cosponsor>, <cosponsor name-id="C001114">Mr. Curtis</cosponsor>, <cosponsor name-id="G000579">Mr. Gallagher</cosponsor>, <cosponsor name-id="M001213">Mr. Moore of Utah</cosponsor>, and <cosponsor name-id="B001298">Mr. Bacon</cosponsor>) submitted the following concurrent resolution; which was referred to the <committee-name committee-id="HJU00">Committee on the Judiciary</committee-name></action-desc></action><legis-type>CONCURRENT RESOLUTION</legis-type><official-title display="yes">Censuring and condemning President Donald J. Trump for trying to unlawfully overturn the 2020 Presidential election and violating his oath of office on January 6, 2021.</official-title></form><preamble><whereas><text>Whereas, on January 6, 2021, pursuant to the 12th Amendment of the Constitution of the United States, the Vice President of the United States, the House of Representatives, and the Senate met at the United States Capitol for a Joint Session of Congress to count the votes of the Electoral College;</text></whereas><whereas><text>Whereas in the months preceding the Joint Session, President Trump repeatedly issued false statements asserting that the Presidential election results were the product of widespread fraud and should not be accepted by the American people or certified by State or Federal officials;</text></whereas><whereas><text>Whereas shortly before the Joint Session commenced, President Trump addressed a crowd at the Ellipse in Washington, DC;</text></whereas><whereas><text>Whereas there, he reiterated false claims that <quote>we won this election, and we won it by a landslide</quote>;</text></whereas><whereas><text>Whereas he also made statements that, in context, encouraged—and foreseeably resulted in—lawless action at the Capitol, such as: <quote>if you don’t fight like hell you’re not going to have a country anymore</quote>;</text></whereas><whereas><text>Whereas members of the crowd he had addressed, in an attempt to, among other objectives, interfere with the Joint Session’s solemn constitutional duty to certify the results of the 2020 Presidential election, unlawfully breached and vandalized the Capitol, injured and killed law enforcement personnel, menaced Members of Congress, the Vice President, and Congressional personnel, and engaged in other violent, deadly, destructive, and seditious acts;</text></whereas><whereas><text>Whereas President Trump’s conduct on January 6, 2021, followed his prior efforts to subvert and obstruct the certification of the results of the 2020 Presidential election;</text></whereas><whereas><text>Whereas those prior efforts included a phone call on January 2, 2021, during which President Trump urged the Secretary of State of Georgia, Brad Raffensperger, to <quote>find</quote> enough votes to overturn the Georgia Presidential election results and threatened Secretary Raffensperger if he failed to do so;</text></whereas><whereas><text>Whereas in all of this, President Trump gravely endangered the security of the United States and its institutions of Government;</text></whereas><whereas><text>Whereas he threatened the integrity of the democratic system, interfered with the peaceful transition of power, and imperiled a coequal branch of Government; and</text></whereas><whereas><text>Whereas he thereby betrayed his trust as President, to the manifest injury of the people of the United States: Now, therefore, be it</text></whereas></preamble><resolution-body style="traditional" id="HA5690B19B19843E59D6BEF471C1B4881"><section display-inline="yes-display-inline" section-type="undesignated-section" id="H9122B095605A4A5B820BF782A5B6E5D0"><enum/><text>That Congress—</text><paragraph id="H489E057797D24B1595C2C10A8A5387ED"><enum>(1)</enum><text display-inline="yes-display-inline">publicly states that President Donald J. Trump has acted in a manner grossly incompatible with self-governance and the rule of law; </text></paragraph><paragraph id="H96BFC4EDD4BC4E499E6AF211D4F7B4D7"><enum>(2)</enum><text>censures and condemns President Donald J. Trump for trying to unlawfully overturn the 2020 Presidential election and violating his oath of office on January 6, 2021; and </text></paragraph><paragraph id="HADDDF6DA3E9C4672AB94249101E82212"><enum>(3)</enum><text display-inline="yes-display-inline">affirms that Joseph R. Biden, Jr.—</text><subparagraph id="H4D10604AF5504A518F1620194145AD24"><enum>(A)</enum><text>was duly elected as the 46th President of the United States on November 3, 2020;</text></subparagraph><subparagraph id="HF91189C246D146C5AAEB225AFBB1808D"><enum>(B)</enum><text>was certified as the winner of the 2020 Presidential election by a Joint Session of Congress on January 6, 2021; and </text></subparagraph><subparagraph id="H073CFED2AD314280B5DA329F87AA0F6E"><enum>(C)</enum><text>will be lawfully sworn in to office on January 20, 2021.</text></subparagraph></paragraph></section></resolution-body></resolution> 

