<mods xmlns:xlink="http://www.w3.org/1999/xlink" xmlns:xsi="http://www.w3.org/2001/XMLSchema-instance" xmlns="http://www.loc.gov/mods/v3" version="3.3" xsi:schemaLocation="http://www.loc.gov/mods/v3 http://www.loc.gov/standards/mods/v3/mods-3-3.xsd" ID="P0b002ee1aacf8d12">
<name type="corporate">
 <namePart>United States Government Publishing Office</namePart>
 <role>
  <roleTerm authority="marcrelator" type="text">publisher</roleTerm>
  <roleTerm authority="marcrelator" type="code">pbl</roleTerm>
</role>
 <role>
  <roleTerm authority="marcrelator" type="text">distributor</roleTerm>
  <roleTerm authority="marcrelator" type="code">dst</roleTerm>
</role>
</name>
<name type="corporate">
 <namePart>United States</namePart>
 <namePart>Congress</namePart>
 <namePart>House of Representatives</namePart>
 <role>
  <roleTerm authority="marcrelator" type="text">author</roleTerm>
  <roleTerm authority="marcrelator" type="code">aut</roleTerm>
</role>
 <description>Government Organization</description>
</name>
<typeOfResource>text</typeOfResource>
<genre authority="marcgt">government publication</genre>
<language>
 <languageTerm type="code" authority="iso639-2b">eng</languageTerm>
</language>
<extension>
 <collectionCode>BILLS</collectionCode>
 <searchTitle>To allow the Administrator of the National Aeronautics and Space Administration to establish a research center for deep space and interplanetary research, and for other purposes.;Space Research Innovation Act;H.R. 52 (IH)
    </searchTitle>
 <category>Bills and Statutes</category>
 <waisDatabaseName>117_cong_bills</waisDatabaseName>
 <branch>legislative</branch>
 <dateIngested>2021-01-13</dateIngested>
</extension>
<titleInfo>
 <title>To allow the Administrator of the National Aeronautics and Space Administration to establish a research center for deep space and interplanetary research, and for other purposes.</title>
</titleInfo>
<titleInfo type="alternative">
 <title>Space Research Innovation Act</title>
</titleInfo>
<titleInfo type="alternative">
 <title>H.R. 52 (IH)
    </title>
</titleInfo>
<originInfo>
 <publisher>U.S. Government Publishing Office</publisher>
 <dateIssued encoding="w3cdtf">2021-01-04</dateIssued>
 <issuance>monographic</issuance>
</originInfo>
<physicalDescription>
 <note type="source content type">deposited</note>
 <digitalOrigin>born digital</digitalOrigin>
 <extent>3 p.</extent>
</physicalDescription>
<classification authority="sudocs">Y 1.6:</classification>
<classification authority="sudocs">Y 1.4/6:</classification>
<identifier type="local">P0b002ee1aacf8d12</identifier>
<identifier type="uri">https://www.govinfo.gov/app/details/BILLS-117hr52ih</identifier>
<identifier type="preferred citation">H.R. 52</identifier>
<identifier type="stock number">021-610-00252-9</identifier>
<identifier type="Parent ILS system id">000501532</identifier>
<identifier type="Child ILS system id">000325573</identifier>
<identifier type="Parent ILS title">Congressional bills</identifier>
<identifier type="Child ILS title">House bills</identifier>
<identifier type="former package identifier">f:h52_ih.txt</identifier>
<location>
 <url displayLabel="Content Detail" access="object in context">https://www.govinfo.gov/app/details/BILLS-117hr52ih</url>
 <url displayLabel="HTML rendition" access="raw object">https://www.govinfo.gov/content/pkg/BILLS-117hr52ih/html/BILLS-117hr52ih.htm</url>
 <url displayLabel="PDF rendition" access="raw object">https://www.govinfo.gov/content/pkg/BILLS-117hr52ih/pdf/BILLS-117hr52ih.pdf</url>
 <url displayLabel="XML rendition" access="raw object">https://www.govinfo.gov/content/pkg/BILLS-117hr52ih/xml/BILLS-117hr52ih.xml</url>
</location>
<accessCondition type="GPO scope determination">fdlp</accessCondition>
<recordInfo>
 <recordContentSource authority="marcorg">DGPO</recordContentSource>
 <recordCreationDate encoding="w3cdtf">2021-01-13</recordCreationDate>
 <recordChangeDate encoding="w3cdtf">2021-01-14</recordChangeDate>
 <recordIdentifier source="DGPO">BILLS-117hr52ih</recordIdentifier>
 <recordOrigin>machine generated</recordOrigin>
 <languageOfCataloging>
  <languageTerm type="code" authority="iso639-2b">eng</languageTerm>
</languageOfCataloging>
</recordInfo>
<name type="personal">
 <namePart>Andy Biggs</namePart>
 <affiliation>United States House of Representatives</affiliation>
 <role>
  <roleTerm authority="marcrelator" type="text">sponsor</roleTerm>
  <roleTerm authority="marcrelator" type="code">spn</roleTerm>
</role>
 <description>United States Congress Member</description>
</name>
<name type="corporate">
 <namePart>United States</namePart>
 <namePart>Congress</namePart>
 <namePart>House of Representatives</namePart>
 <namePart>Committee on Science, Space, and Technology</namePart>
 <role>
  <roleTerm authority="marcrelator" type="text">associated name</roleTerm>
  <roleTerm authority="marcrelator" type="code">asn</roleTerm>
</role>
</name>
<relatedItem type="isReferencedBy">
 <titleInfo>
  <title>United States Code</title>
  <partNumber>Title 10 Section 2304(c)(3)(B)</partNumber>
</titleInfo>
 <identifier type="USC citation">10 U.S.C. 2304(c)(3)(B)</identifier>
</relatedItem>
<relatedItem type="isReferencedBy">
 <titleInfo>
  <title>United States Code</title>
  <partNumber>Title 20 Section 1002</partNumber>
</titleInfo>
 <identifier type="USC citation">20 U.S.C. 1002</identifier>
</relatedItem>
<extension>
 <docClass>hr</docClass>
 <accessId>BILLS-117hr52ih</accessId>
 <congress>117</congress>
 <session>1</session>
 <originChamber>HOUSE</originChamber>
 <currentChamber>HOUSE</currentChamber>
 <billNumber>52</billNumber>
 <billVersion reprint="false">ih</billVersion>
 <fileSuffix>ih</fileSuffix>
 <shortTitle type="measure">Space Research Innovation Act</shortTitle>
 <officialTitle>To allow the Administrator of the National Aeronautics and Space Administration to establish a research center for deep space and interplanetary research, and for other purposes.</officialTitle>
 <action date="2021-01-04">Mr. Biggs introduced the following bill; which was referred to the Committee on Science, Space, and Technology</action>
 <congCommittee authorityId="hssy00" chamber="H" congress="117" type="S">
                      <name type="authority-standard">Committee on Science, Space, and Technology</name>
                      <name type="authority-short">Science, Space, and Technology</name>
                </congCommittee>
 <congMember authorityId="2307" bioGuideId="B001302" chamber="H" congress="117" party="R" role="SPONSOR" state="AZ">
                      <name type="parsed">Mr. Biggs</name>
                      <name type="authority-fnf">Andy Biggs</name>
                      <name type="authority-lnf">Biggs, Andy</name>
                </congMember>
 <isPrivate>false</isPrivate>
 <isAppropriation>false</isAppropriation>
 <USCode title="10">
                      <section detail="(c)(3)(B)" number="2304"></section>
                </USCode>
 <USCode title="20">
                      <section number="1002"></section>
                </USCode>
</extension>
</mods>