<?xml version="1.0"?>
<?xml-stylesheet type="text/xsl" href="billres.xsl"?>
<!DOCTYPE resolution PUBLIC "-//US Congress//DTDs/res.dtd//EN" "res.dtd">
<resolution resolution-stage="Introduced-in-House" dms-id="HB50E00CE7C684183868E435BE6E19CAB" public-private="public" resolution-type="constitutional-amendment" star-print="no-star-print" key="H"><metadata xmlns:dc="http://purl.org/dc/elements/1.1/">
<dublinCore>
<dc:title>117 HJ 9 IH: Proposing an amendment to the Constitution of the United States to limit the number of terms that a Member of Congress may serve to four in the House of Representatives and two in the Senate.</dc:title>
<dc:publisher>U.S. House of Representatives</dc:publisher>
<dc:date>2021-01-04</dc:date>
<dc:format>text/xml</dc:format>
<dc:language>EN</dc:language>
<dc:rights>Pursuant to Title 17 Section 105 of the United States Code, this file is not subject to copyright protection and is in the public domain.</dc:rights>
</dublinCore>
</metadata>
<form>
<distribution-code display="yes">IA</distribution-code><congress display="yes">117th CONGRESS</congress><session display="yes">1st Session</session><legis-num display="yes">H. J. RES. 9</legis-num><current-chamber>IN THE HOUSE OF REPRESENTATIVES</current-chamber><action display="yes"><action-date date="20210104">January 4, 2021</action-date><action-desc><sponsor name-id="H001074">Mr. Hollingsworth</sponsor> submitted the following joint resolution; which was referred to the <committee-name committee-id="HJU00">Committee on the Judiciary</committee-name></action-desc></action><legis-type>JOINT RESOLUTION</legis-type><official-title display="yes">Proposing an amendment to the Constitution of the United States to limit the number of terms that a Member of Congress may serve to four in the House of Representatives and two in the Senate.</official-title></form><resolution-body style="constitutional-amendment" id="H699023BD1F5D416EAE55907684AEED08"><section display-inline="yes-display-inline" section-type="undesignated-section" id="H95D2E841FEF540379341EEA4E26A4C86"><text>That the following article is proposed as an amendment to the Constitution of the United States, which shall be valid to all intents and purposes as part of the Constitution when ratified by the legislatures of three-fourths of the several States within seven years after the date of its submission for ratification:</text><quoted-block display-inline="no-display-inline" id="H6DEEDA96559F414299CC8586ACD11B82" style="traditional"><constitution-article id="HF87D9071F417447FA1CAD72E9DDD97BF"><enum> —</enum><section id="H3C1A92687D104E4E864294450649478D" section-type="section-one"><enum>1.</enum><text display-inline="yes-display-inline">No person who has served four terms as a Representative shall be eligible for election to the House of Representatives. Any period during which a person serves as a Representative pursuant to an election to fill a vacancy shall not be included as a term served by the person for purposes of this section.</text></section><section display-inline="no-display-inline" id="H47D19AFB269F4D95ADAEC227269F0F24" section-type="section-one"><enum>2.</enum><text display-inline="yes-display-inline">No person who has served two terms as a Senator shall be eligible for election or appointment to the Senate. For purposes of this section, any period during which a person serves as a Senator pursuant to an election or appointment to fill a vacancy shall not be included as a term served by the person for purposes of this section.</text></section><section id="HA1A52C138B954B669F69523476A05DFE" section-type="section-one"><enum>3.</enum><text display-inline="yes-display-inline">No term beginning before the date of the ratification of this article shall be taken into account in determining eligibility for election or appointment under this article.</text></section></constitution-article><after-quoted-block>.</after-quoted-block></quoted-block></section></resolution-body></resolution> 

