<?xml version="1.0"?>
<?xml-stylesheet type="text/xsl" href="billres.xsl"?>
<!DOCTYPE resolution PUBLIC "-//US Congress//DTDs/res.dtd//EN" "res.dtd">
<resolution resolution-stage="Introduced-in-House" dms-id="H40513074688948BF9A1DE911308F1FF2" public-private="public" resolution-type="constitutional-amendment" star-print="no-star-print" key="H"><metadata xmlns:dc="http://purl.org/dc/elements/1.1/">
<dublinCore>
<dc:title>117 HJ 1 IH: Proposing an amendment to the Constitution of the United States relating to contributions and expenditures intended to affect elections.</dc:title>
<dc:publisher>U.S. House of Representatives</dc:publisher>
<dc:date>2021-01-04</dc:date>
<dc:format>text/xml</dc:format>
<dc:language>EN</dc:language>
<dc:rights>Pursuant to Title 17 Section 105 of the United States Code, this file is not subject to copyright protection and is in the public domain.</dc:rights>
</dublinCore>
</metadata>
<form>
<distribution-code display="yes">IA</distribution-code><congress display="yes">117th CONGRESS</congress><session display="yes">1st Session</session><legis-num display="yes">H. J. RES. 1</legis-num><current-chamber>IN THE HOUSE OF REPRESENTATIVES</current-chamber><action display="yes"><action-date date="20210104">January 4, 2021</action-date><action-desc><sponsor name-id="D000610">Mr. Deutch</sponsor> (for himself, <cosponsor name-id="M000312">Mr. McGovern</cosponsor>, <cosponsor name-id="R000606">Mr. Raskin</cosponsor>, and <cosponsor name-id="K000386">Mr. Katko</cosponsor>) submitted the following joint resolution; which was referred to the <committee-name committee-id="HJU00">Committee on the Judiciary</committee-name></action-desc></action><legis-type>JOINT RESOLUTION</legis-type><official-title display="yes">Proposing an amendment to the Constitution of the United States relating to contributions and expenditures intended to affect elections.</official-title></form><resolution-body style="constitutional-amendment" id="H01B314E843204D27A4BD91156EAEA6D9"><section display-inline="yes-display-inline" section-type="undesignated-section" id="HE34194B36E78424A9D5817D47134B5B6"><text>That the following article is proposed as an amendment to the Constitution of the United States, which shall be valid to all intents and purposes as part of the Constitution when ratified by the legislatures of three-fourths of the several States within seven years after the date of its submission for ratification:</text><quoted-block display-inline="no-display-inline" id="HED281C80F4BE46EBB4551A492C0EBDBC" style="traditional"><constitution-article id="HE249B61D774A4FD1A35A5D9FF9D1B27A"><enum> —</enum><section id="H9C66B207E17D47589E6BA721C1E86E97" section-type="section-one"><enum>1.</enum><text display-inline="yes-display-inline">To advance democratic self-government and political equality, and to protect the integrity of government and the electoral process, Congress and the States may regulate and set reasonable limits on the raising and spending of money by candidates and others to influence elections.</text></section><section display-inline="no-display-inline" id="HFDB2D1A50B5D4D04ABF359D7474DCF87" section-type="section-one"><enum>2.</enum><text display-inline="yes-display-inline">Congress and the States shall have power to implement and enforce this article by appropriate legislation, and may distinguish between natural persons and corporations or other artificial entities created by law, including by prohibiting such entities from spending money to influence elections.</text></section><section id="HB4900A3AD0B94D5A9BA7566ECE2C5A6D" section-type="section-one"><enum>3.</enum><text display-inline="yes-display-inline">Nothing in this article shall be construed to grant Congress or the States the power to abridge the freedom of the press.</text></section></constitution-article><after-quoted-block>.</after-quoted-block></quoted-block></section></resolution-body></resolution> 

