<mods xmlns:xlink="http://www.w3.org/1999/xlink" xmlns:xsi="http://www.w3.org/2001/XMLSchema-instance" xmlns="http://www.loc.gov/mods/v3" version="3.3" xsi:schemaLocation="http://www.loc.gov/mods/v3 http://www.loc.gov/standards/mods/v3/mods-3-3.xsd" ID="P0b002ee1aacd4487">
<name type="corporate">
 <namePart>United States Government Publishing Office</namePart>
 <role>
  <roleTerm authority="marcrelator" type="text">publisher</roleTerm>
  <roleTerm authority="marcrelator" type="code">pbl</roleTerm>
</role>
 <role>
  <roleTerm authority="marcrelator" type="text">distributor</roleTerm>
  <roleTerm authority="marcrelator" type="code">dst</roleTerm>
</role>
</name>
<name type="corporate">
 <namePart>United States</namePart>
 <namePart>Congress</namePart>
 <namePart>House of Representatives</namePart>
 <role>
  <roleTerm authority="marcrelator" type="text">author</roleTerm>
  <roleTerm authority="marcrelator" type="code">aut</roleTerm>
</role>
 <description>Government Organization</description>
</name>
<typeOfResource>text</typeOfResource>
<genre authority="marcgt">government publication</genre>
<language>
 <languageTerm type="code" authority="iso639-2b">eng</languageTerm>
</language>
<extension>
 <collectionCode>BILLS</collectionCode>
 <searchTitle>To prohibit the expenditure for an abortion of Federal funds authorized or appropriated for preventing, preparing for, or responding to the COVID–19 pandemic, and for other purposes.;Protecting Life in Crisis Act;H.R. 28 (IH)
    </searchTitle>
 <category>Bills and Statutes</category>
 <waisDatabaseName>117_cong_bills</waisDatabaseName>
 <branch>legislative</branch>
 <dateIngested>2021-01-13</dateIngested>
</extension>
<titleInfo>
 <title>To prohibit the expenditure for an abortion of Federal funds authorized or appropriated for preventing, preparing for, or responding to the COVID–19 pandemic, and for other purposes.</title>
</titleInfo>
<titleInfo type="alternative">
 <title>Protecting Life in Crisis Act</title>
</titleInfo>
<titleInfo type="alternative">
 <title>H.R. 28 (IH)
    </title>
</titleInfo>
<originInfo>
 <publisher>U.S. Government Publishing Office</publisher>
 <dateIssued encoding="w3cdtf">2021-01-04</dateIssued>
 <issuance>monographic</issuance>
</originInfo>
<physicalDescription>
 <note type="source content type">deposited</note>
 <digitalOrigin>born digital</digitalOrigin>
 <extent>4 p.</extent>
</physicalDescription>
<classification authority="sudocs">Y 1.6:</classification>
<classification authority="sudocs">Y 1.4/6:</classification>
<identifier type="local">P0b002ee1aacd4487</identifier>
<identifier type="uri">https://www.govinfo.gov/app/details/BILLS-117hr28ih</identifier>
<identifier type="preferred citation">H.R. 28</identifier>
<identifier type="stock number">021-610-00252-9</identifier>
<identifier type="Parent ILS system id">000501532</identifier>
<identifier type="Child ILS system id">000325573</identifier>
<identifier type="Parent ILS title">Congressional bills</identifier>
<identifier type="Child ILS title">House bills</identifier>
<identifier type="former package identifier">f:h28_ih.txt</identifier>
<location>
 <url displayLabel="Content Detail" access="object in context">https://www.govinfo.gov/app/details/BILLS-117hr28ih</url>
 <url displayLabel="HTML rendition" access="raw object">https://www.govinfo.gov/content/pkg/BILLS-117hr28ih/html/BILLS-117hr28ih.htm</url>
 <url displayLabel="PDF rendition" access="raw object">https://www.govinfo.gov/content/pkg/BILLS-117hr28ih/pdf/BILLS-117hr28ih.pdf</url>
 <url displayLabel="XML rendition" access="raw object">https://www.govinfo.gov/content/pkg/BILLS-117hr28ih/xml/BILLS-117hr28ih.xml</url>
</location>
<accessCondition type="GPO scope determination">fdlp</accessCondition>
<recordInfo>
 <recordContentSource authority="marcorg">DGPO</recordContentSource>
 <recordCreationDate encoding="w3cdtf">2021-01-13</recordCreationDate>
 <recordChangeDate encoding="w3cdtf">2021-01-13</recordChangeDate>
 <recordIdentifier source="DGPO">BILLS-117hr28ih</recordIdentifier>
 <recordOrigin>machine generated</recordOrigin>
 <languageOfCataloging>
  <languageTerm type="code" authority="iso639-2b">eng</languageTerm>
</languageOfCataloging>
</recordInfo>
<name type="personal">
 <namePart>Brian Babin</namePart>
 <affiliation>United States House of Representatives</affiliation>
 <role>
  <roleTerm authority="marcrelator" type="text">sponsor</roleTerm>
  <roleTerm authority="marcrelator" type="code">spn</roleTerm>
</role>
 <description>United States Congress Member</description>
</name>
<name type="personal">
 <namePart>Robert B. Aderholt</namePart>
 <affiliation>United States House of Representatives</affiliation>
 <role>
  <roleTerm type="text">cosponsor</roleTerm>
</role>
 <description>United States Congress Member</description>
</name>
<name type="personal">
 <namePart>Rick W. Allen</namePart>
 <affiliation>United States House of Representatives</affiliation>
 <role>
  <roleTerm type="text">cosponsor</roleTerm>
</role>
 <description>United States Congress Member</description>
</name>
<name type="personal">
 <namePart>James R. Baird</namePart>
 <affiliation>United States House of Representatives</affiliation>
 <role>
  <roleTerm type="text">cosponsor</roleTerm>
</role>
 <description>United States Congress Member</description>
</name>
<name type="personal">
 <namePart>Jack Bergman</namePart>
 <affiliation>United States House of Representatives</affiliation>
 <role>
  <roleTerm type="text">cosponsor</roleTerm>
</role>
 <description>United States Congress Member</description>
</name>
<name type="personal">
 <namePart>Dan Bishop</namePart>
 <affiliation>United States House of Representatives</affiliation>
 <role>
  <roleTerm type="text">cosponsor</roleTerm>
</role>
 <description>United States Congress Member</description>
</name>
<name type="personal">
 <namePart>Mike Bost</namePart>
 <affiliation>United States House of Representatives</affiliation>
 <role>
  <roleTerm type="text">cosponsor</roleTerm>
</role>
 <description>United States Congress Member</description>
</name>
<name type="personal">
 <namePart>Ted Budd</namePart>
 <affiliation>United States House of Representatives</affiliation>
 <role>
  <roleTerm type="text">cosponsor</roleTerm>
</role>
 <description>United States Congress Member</description>
</name>
<name type="personal">
 <namePart>Ken Calvert</namePart>
 <affiliation>United States House of Representatives</affiliation>
 <role>
  <roleTerm type="text">cosponsor</roleTerm>
</role>
 <description>United States Congress Member</description>
</name>
<name type="personal">
 <namePart>Ben Cline</namePart>
 <affiliation>United States House of Representatives</affiliation>
 <role>
  <roleTerm type="text">cosponsor</roleTerm>
</role>
 <description>United States Congress Member</description>
</name>
<name type="personal">
 <namePart>John R. Curtis</namePart>
 <affiliation>United States House of Representatives</affiliation>
 <role>
  <roleTerm type="text">cosponsor</roleTerm>
</role>
 <description>United States Congress Member</description>
</name>
<name type="personal">
 <namePart>Jeff Duncan</namePart>
 <affiliation>United States House of Representatives</affiliation>
 <role>
  <roleTerm type="text">cosponsor</roleTerm>
</role>
 <description>United States Congress Member</description>
</name>
<name type="personal">
 <namePart>Neal P. Dunn</namePart>
 <affiliation>United States House of Representatives</affiliation>
 <role>
  <roleTerm type="text">cosponsor</roleTerm>
</role>
 <description>United States Congress Member</description>
</name>
<name type="personal">
 <namePart>Russ Fulcher</namePart>
 <affiliation>United States House of Representatives</affiliation>
 <role>
  <roleTerm type="text">cosponsor</roleTerm>
</role>
 <description>United States Congress Member</description>
</name>
<name type="personal">
 <namePart>Matt Gaetz</namePart>
 <affiliation>United States House of Representatives</affiliation>
 <role>
  <roleTerm type="text">cosponsor</roleTerm>
</role>
 <description>United States Congress Member</description>
</name>
<name type="personal">
 <namePart>Mike Gallagher</namePart>
 <affiliation>United States House of Representatives</affiliation>
 <role>
  <roleTerm type="text">cosponsor</roleTerm>
</role>
 <description>United States Congress Member</description>
</name>
<name type="personal">
 <namePart>Mike Garcia</namePart>
 <affiliation>United States House of Representatives</affiliation>
 <role>
  <roleTerm type="text">cosponsor</roleTerm>
</role>
 <description>United States Congress Member</description>
</name>
<name type="personal">
 <namePart>Anthony Gonzalez</namePart>
 <affiliation>United States House of Representatives</affiliation>
 <role>
  <roleTerm type="text">cosponsor</roleTerm>
</role>
 <description>United States Congress Member</description>
</name>
<name type="personal">
 <namePart>Paul A. Gosar</namePart>
 <affiliation>United States House of Representatives</affiliation>
 <role>
  <roleTerm type="text">cosponsor</roleTerm>
</role>
 <description>United States Congress Member</description>
</name>
<name type="personal">
 <namePart>Garret Graves</namePart>
 <affiliation>United States House of Representatives</affiliation>
 <role>
  <roleTerm type="text">cosponsor</roleTerm>
</role>
 <description>United States Congress Member</description>
</name>
<name type="personal">
 <namePart>H. Morgan Griffith</namePart>
 <affiliation>United States House of Representatives</affiliation>
 <role>
  <roleTerm type="text">cosponsor</roleTerm>
</role>
 <description>United States Congress Member</description>
</name>
<name type="personal">
 <namePart>Michael Guest</namePart>
 <affiliation>United States House of Representatives</affiliation>
 <role>
  <roleTerm type="text">cosponsor</roleTerm>
</role>
 <description>United States Congress Member</description>
</name>
<name type="personal">
 <namePart>Kevin Hern</namePart>
 <affiliation>United States House of Representatives</affiliation>
 <role>
  <roleTerm type="text">cosponsor</roleTerm>
</role>
 <description>United States Congress Member</description>
</name>
<name type="personal">
 <namePart>J. French Hill</namePart>
 <affiliation>United States House of Representatives</affiliation>
 <role>
  <roleTerm type="text">cosponsor</roleTerm>
</role>
 <description>United States Congress Member</description>
</name>
<name type="personal">
 <namePart>Richard Hudson</namePart>
 <affiliation>United States House of Representatives</affiliation>
 <role>
  <roleTerm type="text">cosponsor</roleTerm>
</role>
 <description>United States Congress Member</description>
</name>
<name type="personal">
 <namePart>Bill Huizenga</namePart>
 <affiliation>United States House of Representatives</affiliation>
 <role>
  <roleTerm type="text">cosponsor</roleTerm>
</role>
 <description>United States Congress Member</description>
</name>
<name type="personal">
 <namePart>Bill Johnson</namePart>
 <affiliation>United States House of Representatives</affiliation>
 <role>
  <roleTerm type="text">cosponsor</roleTerm>
</role>
 <description>United States Congress Member</description>
</name>
<name type="personal">
 <namePart>Mike Kelly</namePart>
 <affiliation>United States House of Representatives</affiliation>
 <role>
  <roleTerm type="text">cosponsor</roleTerm>
</role>
 <description>United States Congress Member</description>
</name>
<name type="personal">
 <namePart>David Kustoff</namePart>
 <affiliation>United States House of Representatives</affiliation>
 <role>
  <roleTerm type="text">cosponsor</roleTerm>
</role>
 <description>United States Congress Member</description>
</name>
<name type="personal">
 <namePart>Doug Lamborn</namePart>
 <affiliation>United States House of Representatives</affiliation>
 <role>
  <roleTerm type="text">cosponsor</roleTerm>
</role>
 <description>United States Congress Member</description>
</name>
<name type="personal">
 <namePart>Billy Long</namePart>
 <affiliation>United States House of Representatives</affiliation>
 <role>
  <roleTerm type="text">cosponsor</roleTerm>
</role>
 <description>United States Congress Member</description>
</name>
<name type="personal">
 <namePart>Tom McClintock</namePart>
 <affiliation>United States House of Representatives</affiliation>
 <role>
  <roleTerm type="text">cosponsor</roleTerm>
</role>
 <description>United States Congress Member</description>
</name>
<name type="personal">
 <namePart>David B. McKinley</namePart>
 <affiliation>United States House of Representatives</affiliation>
 <role>
  <roleTerm type="text">cosponsor</roleTerm>
</role>
 <description>United States Congress Member</description>
</name>
<name type="personal">
 <namePart>Peter Meijer</namePart>
 <affiliation>United States House of Representatives</affiliation>
 <role>
  <roleTerm type="text">cosponsor</roleTerm>
</role>
 <description>United States Congress Member</description>
</name>
<name type="personal">
 <namePart>Alexander X. Mooney</namePart>
 <affiliation>United States House of Representatives</affiliation>
 <role>
  <roleTerm type="text">cosponsor</roleTerm>
</role>
 <description>United States Congress Member</description>
</name>
<name type="personal">
 <namePart>Ralph Norman</namePart>
 <affiliation>United States House of Representatives</affiliation>
 <role>
  <roleTerm type="text">cosponsor</roleTerm>
</role>
 <description>United States Congress Member</description>
</name>
<name type="personal">
 <namePart>Austin Scott</namePart>
 <affiliation>United States House of Representatives</affiliation>
 <role>
  <roleTerm type="text">cosponsor</roleTerm>
</role>
 <description>United States Congress Member</description>
</name>
<name type="personal">
 <namePart>Elise M. Stefanik</namePart>
 <affiliation>United States House of Representatives</affiliation>
 <role>
  <roleTerm type="text">cosponsor</roleTerm>
</role>
 <description>United States Congress Member</description>
</name>
<name type="personal">
 <namePart>Van Taylor</namePart>
 <affiliation>United States House of Representatives</affiliation>
 <role>
  <roleTerm type="text">cosponsor</roleTerm>
</role>
 <description>United States Congress Member</description>
</name>
<name type="personal">
 <namePart>William R. Timmons IV</namePart>
 <affiliation>United States House of Representatives</affiliation>
 <role>
  <roleTerm type="text">cosponsor</roleTerm>
</role>
 <description>United States Congress Member</description>
</name>
<name type="personal">
 <namePart>Jackie Walorski</namePart>
 <affiliation>United States House of Representatives</affiliation>
 <role>
  <roleTerm type="text">cosponsor</roleTerm>
</role>
 <description>United States Congress Member</description>
</name>
<name type="personal">
 <namePart>Randy K. Weber, Sr.</namePart>
 <affiliation>United States House of Representatives</affiliation>
 <role>
  <roleTerm type="text">cosponsor</roleTerm>
</role>
 <description>United States Congress Member</description>
</name>
<name type="personal">
 <namePart>Bruce Westerman</namePart>
 <affiliation>United States House of Representatives</affiliation>
 <role>
  <roleTerm type="text">cosponsor</roleTerm>
</role>
 <description>United States Congress Member</description>
</name>
<name type="personal">
 <namePart>Roger Williams</namePart>
 <affiliation>United States House of Representatives</affiliation>
 <role>
  <roleTerm type="text">cosponsor</roleTerm>
</role>
 <description>United States Congress Member</description>
</name>
<name type="personal">
 <namePart>Joe Wilson</namePart>
 <affiliation>United States House of Representatives</affiliation>
 <role>
  <roleTerm type="text">cosponsor</roleTerm>
</role>
 <description>United States Congress Member</description>
</name>
<name type="corporate">
 <namePart>United States</namePart>
 <namePart>Congress</namePart>
 <namePart>House of Representatives</namePart>
 <namePart>Committee on Education and Labor</namePart>
 <role>
  <roleTerm authority="marcrelator" type="text">associated name</roleTerm>
  <roleTerm authority="marcrelator" type="code">asn</roleTerm>
</role>
</name>
<name type="corporate">
 <namePart>United States</namePart>
 <namePart>Congress</namePart>
 <namePart>House of Representatives</namePart>
 <namePart>Committee on Energy and Commerce</namePart>
 <role>
  <roleTerm authority="marcrelator" type="text">associated name</roleTerm>
  <roleTerm authority="marcrelator" type="code">asn</roleTerm>
</role>
</name>
<name type="corporate">
 <namePart>United States</namePart>
 <namePart>Congress</namePart>
 <namePart>House of Representatives</namePart>
 <namePart>Committee on Ways and Means</namePart>
 <role>
  <roleTerm authority="marcrelator" type="text">associated name</roleTerm>
  <roleTerm authority="marcrelator" type="code">asn</roleTerm>
</role>
</name>
<relatedItem type="isReferencedBy">
 <titleInfo>
  <title>United States Code</title>
  <partNumber>Title 5 Section 8905a</partNumber>
</titleInfo>
 <identifier type="USC citation">5 U.S.C. 8905a</identifier>
</relatedItem>
<relatedItem type="isReferencedBy">
 <titleInfo>
  <title>United States Code</title>
  <partNumber>Title 29 Section 1161et seq.</partNumber>
</titleInfo>
 <identifier type="USC citation">29 U.S.C. 1161et seq.</identifier>
</relatedItem>
<relatedItem type="isReferencedBy">
 <titleInfo>
  <title>United States Code</title>
  <partNumber>Title 42 Section 300bb-1et seq.</partNumber>
</titleInfo>
 <identifier type="USC citation">42 U.S.C. 300bb-1et seq.</identifier>
</relatedItem>
<extension>
 <docClass>hr</docClass>
 <accessId>BILLS-117hr28ih</accessId>
 <congress>117</congress>
 <session>1</session>
 <originChamber>HOUSE</originChamber>
 <currentChamber>HOUSE</currentChamber>
 <billNumber>28</billNumber>
 <billVersion reprint="false">ih</billVersion>
 <fileSuffix>ih</fileSuffix>
 <shortTitle type="measure">Protecting Life in Crisis Act</shortTitle>
 <officialTitle>To prohibit the expenditure for an abortion of Federal funds authorized or appropriated for preventing, preparing for, or responding to the COVID–19 pandemic, and for other purposes.</officialTitle>
 <action date="2021-01-04">Mr. Babin (for himself, Mr. Aderholt, Mr. Allen, Mr. Baird, Mr. Bergman, Mr. Bishop of North Carolina, Mr. Bost, Mr. Budd, Mr. Calvert, Mr. Cline, Mr. Curtis, Mr. Duncan, Mr. Dunn, Mr. Fulcher, Mr. Gaetz, Mr. Gallagher, Mr. Garcia of California, Mr. Gonzalez of Ohio, Mr. Gosar, Mr. Graves of Louisiana, Mr. Griffith, Mr. Guest, Mr. Hern, Mr. Hill, Mr. Hudson, Mr. Huizenga, Mr. Johnson of Ohio, Mr. Kelly of Pennsylvania, Mr. Kustoff, Mr. Lamborn, Mr. Long, Mr. McClintock, Mr. McKinley, Mr. Meijer, Mr. Mooney, Mr. Norman, Mr. Austin Scott of Georgia, Ms. Stefanik, Mr. Taylor, Mr. Timmons, Mrs. Walorski, Mr. Weber of Texas, Mr. Westerman, Mr. Williams of Texas, and Mr. Wilson of South Carolina) introduced the following bill; which was referred to the Committee on Energy and Commerce, and in addition to the Committees on Ways and Means, and Education and Labor, for a period to be subsequently determined by the Speaker, in each case for consideration of such provisions as fall within the jurisdiction of the committee concerned</action>
 <congCommittee authorityId="hsed00" chamber="H" congress="117" type="S">
                      <name type="authority-standard">Committee on Education and Labor</name>
                      <name type="authority-short">Education and Labor</name>
                </congCommittee>
 <congCommittee authorityId="hsif00" chamber="H" congress="117" type="S">
                      <name type="authority-standard">Committee on Energy and Commerce</name>
                      <name type="authority-short">Energy and Commerce</name>
                </congCommittee>
 <congCommittee authorityId="hswm00" chamber="H" congress="117" type="S">
                      <name type="authority-standard">Committee on Ways and Means</name>
                      <name type="authority-short">Ways and Means</name>
                </congCommittee>
 <congMember authorityId="2270" bioGuideId="B001291" chamber="H" congress="117" party="R" role="SPONSOR" state="TX">
                      <name type="parsed">Mr. Babin</name>
                      <name type="authority-fnf">Brian Babin</name>
                      <name type="authority-lnf">Babin, Brian</name>
                </congMember>
 <congMember authorityId="1460" bioGuideId="A000055" chamber="H" congress="117" gpoId="7789" party="R" role="COSPONSOR" state="AL">
                      <name type="parsed">Mr. Aderholt</name>
                      <name type="authority-fnf">Robert B. Aderholt</name>
                      <name type="authority-lnf">Aderholt, Robert B.</name>
                      <name type="authority-other">Robert Aderholt</name>
                </congMember>
 <congMember authorityId="2239" bioGuideId="A000372" chamber="H" congress="117" party="R" role="COSPONSOR" state="GA">
                      <name type="parsed">Mr. Allen</name>
                      <name type="authority-fnf">Rick W. Allen</name>
                      <name type="authority-lnf">Allen, Rick W.</name>
                      <name type="authority-other">Mr. Rick Allen</name>
                </congMember>
 <congMember authorityId="2400" bioGuideId="B001307" chamber="H" congress="117" party="R" role="COSPONSOR" state="IN">
                      <name type="parsed">Mr. Baird</name>
                      <name type="authority-fnf">James R. Baird</name>
                      <name type="authority-lnf">Baird, James R.</name>
                      <name type="authority-other">Mr. James Baird</name>
                </congMember>
 <congMember authorityId="2333" bioGuideId="B001301" chamber="H" congress="117" party="R" role="COSPONSOR" state="MI">
                      <name type="parsed">Mr. Bergman</name>
                      <name type="authority-fnf">Jack Bergman</name>
                      <name type="authority-lnf">Bergman, Jack</name>
                </congMember>
 <congMember authorityId="2473" bioGuideId="B001311" chamber="H" congress="117" party="R" role="COSPONSOR" state="NC">
                      <name type="parsed">Mr. Bishop of North Carolina</name>
                      <name type="authority-fnf">Dan Bishop</name>
                      <name type="authority-lnf">Bishop, Dan</name>
                </congMember>
 <congMember authorityId="2243" bioGuideId="B001295" chamber="H" congress="117" party="R" role="COSPONSOR" state="IL">
                      <name type="parsed">Mr. Bost</name>
                      <name type="authority-fnf">Mike Bost</name>
                      <name type="authority-lnf">Bost, Mike</name>
                </congMember>
 <congMember authorityId="2336" bioGuideId="B001305" chamber="H" congress="117" party="R" role="COSPONSOR" state="NC">
                      <name type="parsed">Mr. Budd</name>
                      <name type="authority-fnf">Ted Budd</name>
                      <name type="authority-lnf">Budd, Ted</name>
                </congMember>
 <congMember authorityId="165" bioGuideId="C000059" chamber="H" congress="117" gpoId="7849" party="R" role="COSPONSOR" state="CA">
                      <name type="parsed">Mr. Calvert</name>
                      <name type="authority-fnf">Ken Calvert</name>
                      <name type="authority-lnf">Calvert, Ken</name>
                </congMember>
 <congMember authorityId="2455" bioGuideId="C001118" chamber="H" congress="117" party="R" role="COSPONSOR" state="VA">
                      <name type="parsed">Mr. Cline</name>
                      <name type="authority-fnf">Ben Cline</name>
                      <name type="authority-lnf">Cline, Ben</name>
                </congMember>
 <congMember authorityId="2363" bioGuideId="C001114" chamber="H" congress="117" party="R" role="COSPONSOR" state="UT">
                      <name type="parsed">Mr. Curtis</name>
                      <name type="authority-fnf">John R. Curtis</name>
                      <name type="authority-lnf">Curtis, John R.</name>
                      <name type="authority-other">Mr. John Curtis</name>
                </congMember>
 <congMember authorityId="2057" bioGuideId="D000615" chamber="H" congress="117" gpoId="8143" party="R" role="COSPONSOR" state="SC">
                      <name type="parsed">Mr. Duncan</name>
                      <name type="authority-fnf">Jeff Duncan</name>
                      <name type="authority-lnf">Duncan, Jeff</name>
                </congMember>
 <congMember authorityId="2315" bioGuideId="D000628" chamber="H" congress="117" party="R" role="COSPONSOR" state="FL">
                      <name type="parsed">Mr. Dunn</name>
                      <name type="authority-fnf">Neal P. Dunn</name>
                      <name type="authority-lnf">Dunn, Neal P.</name>
                      <name type="authority-other">Mr. Neal Dunn</name>
                </congMember>
 <congMember authorityId="2396" bioGuideId="F000469" chamber="H" congress="117" party="R" role="COSPONSOR" state="ID">
                      <name type="parsed">Mr. Fulcher</name>
                      <name type="authority-fnf">Russ Fulcher</name>
                      <name type="authority-lnf">Fulcher, Russ</name>
                </congMember>
 <congMember authorityId="2314" bioGuideId="G000578" chamber="H" congress="117" party="R" role="COSPONSOR" state="FL">
                      <name type="parsed">Mr. Gaetz</name>
                      <name type="authority-fnf">Matt Gaetz</name>
                      <name type="authority-lnf">Gaetz, Matt</name>
                </congMember>
 <congMember authorityId="2355" bioGuideId="G000579" chamber="H" congress="117" party="R" role="COSPONSOR" state="WI">
                      <name type="parsed">Mr. Gallagher</name>
                      <name type="authority-fnf">Mike Gallagher</name>
                      <name type="authority-lnf">Gallagher, Mike</name>
                </congMember>
 <congMember authorityId="2479" bioGuideId="G000061" chamber="H" congress="117" party="R" role="COSPONSOR" state="CA">
                      <name type="parsed">Mr. Garcia of California</name>
                      <name type="authority-fnf">Mike Garcia</name>
                      <name type="authority-lnf">Garcia, Mike</name>
                </congMember>
 <congMember authorityId="2430" bioGuideId="G000588" chamber="H" congress="117" party="R" role="COSPONSOR" state="OH">
                      <name type="parsed">Mr. Gonzalez of Ohio</name>
                      <name type="authority-fnf">Anthony Gonzalez</name>
                      <name type="authority-lnf">Gonzalez, Anthony</name>
                </congMember>
 <congMember authorityId="1992" bioGuideId="G000565" chamber="H" congress="117" gpoId="7798" party="R" role="COSPONSOR" state="AZ">
                      <name type="parsed">Mr. Gosar</name>
                      <name type="authority-fnf">Paul A. Gosar</name>
                      <name type="authority-lnf">Gosar, Paul A.</name>
                      <name type="authority-other">Mr. Paul Gosar</name>
                </congMember>
 <congMember authorityId="2245" bioGuideId="G000577" chamber="H" congress="117" party="R" role="COSPONSOR" state="LA">
                      <name type="parsed">Mr. Graves of Louisiana</name>
                      <name type="authority-fnf">Garret Graves</name>
                      <name type="authority-lnf">Graves, Garret</name>
                </congMember>
 <congMember authorityId="2070" bioGuideId="G000568" chamber="H" congress="117" gpoId="8200" party="R" role="COSPONSOR" state="VA">
                      <name type="parsed">Mr. Griffith</name>
                      <name type="authority-fnf">H. Morgan Griffith</name>
                      <name type="authority-lnf">Griffith, H. Morgan</name>
                </congMember>
 <congMember authorityId="2416" bioGuideId="G000591" chamber="H" congress="117" party="R" role="COSPONSOR" state="MS">
                      <name type="parsed">Mr. Guest</name>
                      <name type="authority-fnf">Michael Guest</name>
                      <name type="authority-lnf">Guest, Michael</name>
                </congMember>
 <congMember authorityId="2372" bioGuideId="H001082" chamber="H" congress="117" party="R" role="COSPONSOR" state="OK">
                      <name type="parsed">Mr. Hern</name>
                      <name type="authority-fnf">Kevin Hern</name>
                      <name type="authority-lnf">Hern, Kevin</name>
                </congMember>
 <congMember authorityId="2223" bioGuideId="H001072" chamber="H" congress="117" party="R" role="COSPONSOR" state="AR">
                      <name type="parsed">Mr. Hill</name>
                      <name type="authority-fnf">J. French Hill</name>
                      <name type="authority-lnf">Hill, J. French</name>
                </congMember>
 <congMember authorityId="2140" bioGuideId="H001067" chamber="H" congress="117" party="R" role="COSPONSOR" state="NC">
                      <name type="parsed">Mr. Hudson</name>
                      <name type="authority-fnf">Richard Hudson</name>
                      <name type="authority-lnf">Hudson, Richard</name>
                </congMember>
 <congMember authorityId="2028" bioGuideId="H001058" chamber="H" congress="117" gpoId="7987" party="R" role="COSPONSOR" state="MI">
                      <name type="parsed">Mr. Huizenga</name>
                      <name type="authority-fnf">Bill Huizenga</name>
                      <name type="authority-lnf">Huizenga, Bill</name>
                </congMember>
 <congMember authorityId="2046" bioGuideId="J000292" chamber="H" congress="117" gpoId="8096" party="R" role="COSPONSOR" state="OH">
                      <name type="parsed">Mr. Johnson of Ohio</name>
                      <name type="authority-fnf">Bill Johnson</name>
                      <name type="authority-lnf">Johnson, Bill</name>
                </congMember>
 <congMember authorityId="2051" bioGuideId="K000376" chamber="H" congress="117" gpoId="8708" party="R" role="COSPONSOR" state="PA">
                      <name type="parsed">Mr. Kelly of Pennsylvania</name>
                      <name type="authority-fnf">Mike Kelly</name>
                      <name type="authority-lnf">Kelly, Mike</name>
                </congMember>
 <congMember authorityId="2348" bioGuideId="K000392" chamber="H" congress="117" party="R" role="COSPONSOR" state="TN">
                      <name type="parsed">Mr. Kustoff</name>
                      <name type="authority-fnf">David Kustoff</name>
                      <name type="authority-lnf">Kustoff, David</name>
                </congMember>
 <congMember authorityId="1834" bioGuideId="L000564" chamber="H" congress="117" gpoId="7863" party="R" role="COSPONSOR" state="CO">
                      <name type="parsed">Mr. Lamborn</name>
                      <name type="authority-fnf">Doug Lamborn</name>
                      <name type="authority-lnf">Lamborn, Doug</name>
                </congMember>
 <congMember authorityId="2033" bioGuideId="L000576" chamber="H" congress="117" gpoId="8015" party="R" role="COSPONSOR" state="MO">
                      <name type="parsed">Mr. Long</name>
                      <name type="authority-fnf">Billy Long</name>
                      <name type="authority-lnf">Long, Billy</name>
                </congMember>
 <congMember authorityId="1908" bioGuideId="M001177" chamber="H" congress="117" gpoId="7809" party="R" role="COSPONSOR" state="CA">
                      <name type="parsed">Mr. McClintock</name>
                      <name type="authority-fnf">Tom McClintock</name>
                      <name type="authority-lnf">McClintock, Tom</name>
                </congMember>
 <congMember authorityId="2074" bioGuideId="M001180" chamber="H" congress="117" gpoId="8222" party="R" role="COSPONSOR" state="WV">
                      <name type="parsed">Mr. McKinley</name>
                      <name type="authority-fnf">David B. McKinley</name>
                      <name type="authority-lnf">McKinley, David B.</name>
                      <name type="authority-other">Mr. David Mckinley</name>
                </congMember>
 <congMember authorityId="2511" bioGuideId="M001186" chamber="H" congress="117" party="R" role="COSPONSOR" state="MI">
                      <name type="parsed">Mr. Meijer</name>
                      <name type="authority-fnf">Peter Meijer</name>
                      <name type="authority-lnf">Meijer, Peter</name>
                </congMember>
 <congMember authorityId="2277" bioGuideId="M001195" chamber="H" congress="117" party="R" role="COSPONSOR" state="WV">
                      <name type="parsed">Mr. Mooney</name>
                      <name type="authority-fnf">Alexander X. Mooney</name>
                      <name type="authority-lnf">Mooney, Alexander X.</name>
                      <name type="authority-other">Mr. Alexander Mooney</name>
                </congMember>
 <congMember authorityId="2361" bioGuideId="N000190" chamber="H" congress="117" party="R" role="COSPONSOR" state="SC">
                      <name type="parsed">Mr. Norman</name>
                      <name type="authority-fnf">Ralph Norman</name>
                      <name type="authority-lnf">Norman, Ralph</name>
                </congMember>
 <congMember authorityId="2009" bioGuideId="S001189" chamber="H" congress="117" gpoId="7905" party="R" role="COSPONSOR" state="GA">
                      <name type="parsed">Mr. Austin Scott of Georgia</name>
                      <name type="authority-fnf">Austin Scott</name>
                      <name type="authority-lnf">Scott, Austin</name>
                </congMember>
 <congMember authorityId="2263" bioGuideId="S001196" chamber="H" congress="117" party="R" role="COSPONSOR" state="NY">
                      <name type="parsed">Ms. Stefanik</name>
                      <name type="authority-fnf">Elise M. Stefanik</name>
                      <name type="authority-lnf">Stefanik, Elise M.</name>
                      <name type="authority-other">Ms. Elise Stefanik</name>
                </congMember>
 <congMember authorityId="2444" bioGuideId="T000479" chamber="H" congress="117" party="R" role="COSPONSOR" state="TX">
                      <name type="parsed">Mr. Taylor</name>
                      <name type="authority-fnf">Van Taylor</name>
                      <name type="authority-lnf">Taylor, Van</name>
                </congMember>
 <congMember authorityId="2438" bioGuideId="T000480" chamber="H" congress="117" party="R" role="COSPONSOR" state="SC">
                      <name type="parsed">Mr. Timmons</name>
                      <name type="authority-fnf">William R. Timmons IV</name>
                      <name type="authority-lnf">Timmons, William R. IV</name>
                      <name type="authority-other">Mr. William Timmons IV</name>
                </congMember>
 <congMember authorityId="2128" bioGuideId="W000813" chamber="H" congress="117" party="R" role="COSPONSOR" state="IN">
                      <name type="parsed">Mrs. Walorski</name>
                      <name type="authority-fnf">Jackie Walorski</name>
                      <name type="authority-lnf">Walorski, Jackie</name>
                </congMember>
 <congMember authorityId="2161" bioGuideId="W000814" chamber="H" congress="117" party="R" role="COSPONSOR" state="TX">
                      <name type="parsed">Mr. Weber of Texas</name>
                      <name type="authority-fnf">Randy K. Weber, Sr.</name>
                      <name type="authority-lnf">Weber, Randy K., Sr.</name>
                      <name type="authority-other">Mr. Randy Weber Sr.</name>
                </congMember>
 <congMember authorityId="2224" bioGuideId="W000821" chamber="H" congress="117" party="R" role="COSPONSOR" state="AR">
                      <name type="parsed">Mr. Westerman</name>
                      <name type="authority-fnf">Bruce Westerman</name>
                      <name type="authority-lnf">Westerman, Bruce</name>
                </congMember>
 <congMember authorityId="2165" bioGuideId="W000816" chamber="H" congress="117" party="R" role="COSPONSOR" state="TX">
                      <name type="parsed">Mr. Williams of Texas</name>
                      <name type="authority-fnf">Roger Williams</name>
                      <name type="authority-lnf">Williams, Roger</name>
                </congMember>
 <congMember authorityId="1688" bioGuideId="W000795" chamber="H" congress="117" gpoId="8142" party="R" role="COSPONSOR" state="SC">
                      <name type="parsed">Mr. Wilson of South Carolina</name>
                      <name type="authority-fnf">Joe Wilson</name>
                      <name type="authority-lnf">Wilson, Joe</name>
                </congMember>
 <isPrivate>false</isPrivate>
 <isAppropriation>false</isAppropriation>
 <USCode title="5">
                      <section number="8905a"></section>
                </USCode>
 <USCode title="29">
                      <section detail="et seq." number="1161"></section>
                </USCode>
 <USCode title="42">
                      <section detail="et seq." number="300bb-1"></section>
                </USCode>
</extension>
</mods>