<?xml version="1.0"?>
<?xml-stylesheet type="text/xsl" href="billres.xsl"?>
<!DOCTYPE bill PUBLIC "-//US Congress//DTDs/bill.dtd//EN" "bill.dtd">
<bill bill-stage="Introduced-in-House" dms-id="HAFE6D8B8FAA34636A597E26DB3E8C0D5" public-private="public" key="H" bill-type="olc"><metadata xmlns:dc="http://purl.org/dc/elements/1.1/">
<dublinCore>
<dc:title>117 HR 60 IH: Knife Owners’ Protection Act of 2021</dc:title>
<dc:publisher>U.S. House of Representatives</dc:publisher>
<dc:date>2021-01-04</dc:date>
<dc:format>text/xml</dc:format>
<dc:language>EN</dc:language>
<dc:rights>Pursuant to Title 17 Section 105 of the United States Code, this file is not subject to copyright protection and is in the public domain.</dc:rights>
</dublinCore>
</metadata>
<form>
<distribution-code display="yes">I</distribution-code><congress display="yes">117th CONGRESS</congress><session display="yes">1st Session</session><legis-num display="yes">H. R. 60</legis-num><current-chamber>IN THE HOUSE OF REPRESENTATIVES</current-chamber><action display="yes"><action-date date="20210104">January 4, 2021</action-date><action-desc><sponsor name-id="B001302">Mr. Biggs</sponsor> introduced the following bill; which was referred to the <committee-name committee-id="HJU00">Committee on the Judiciary</committee-name>, and in addition to the Committee on <committee-name committee-id="HIF00">Energy and Commerce</committee-name>, for a period to be subsequently determined by the Speaker, in each case for consideration of such provisions as fall within the jurisdiction of the committee concerned</action-desc></action><legis-type>A BILL</legis-type><official-title display="yes">To protect the right of law-abiding citizens to transport knives interstate, notwithstanding a patchwork of local and State prohibitions, and to repeal Federal provisions related to switchblade knives which burden citizens.</official-title></form><legis-body id="H8B0D1A74D46A4627B8F215B94BF0B27F" style="OLC"><section id="HBB700445A46142A692F60A6FD25DDE04" section-type="section-one"><enum>1.</enum><header>Short title</header><text display-inline="no-display-inline">This Act may be cited as the <quote><short-title>Knife Owners’ Protection Act of 2021</short-title></quote>.</text></section><section id="H7DAD6F2A0D1E419380A839EFF97BA0B2"><enum>2.</enum><header>Interstate transportation of knives</header><subsection id="HAD9AFF3BEECE42F6917E3664C0FD96D4"><enum>(a)</enum><header>In general</header><text>Notwithstanding any provision of any law or any rule or regulation of the United States, or of a State or any political subdivision of a State, any person who is not otherwise prohibited by Federal law from possessing, transporting, shipping, or receiving a knife or knives shall be entitled to transport a knife or knives from any place where such person may lawfully possess, carry or transport such a knife or knives to any other place where such person may lawfully possess, carry or transport such a knife or knives if—</text><paragraph id="HDA9861BA3D3048FA8D61228AC008AAA2"><enum>(1)</enum><text>in the case of transportation by motor vehicle, the knife or knives are not directly accessible from the passenger compartment of such transporting vehicle, or, in the case of a motor vehicle without a compartment separate from the passenger compartment, the knife or knives shall be contained in a locked container, glove compartment, or console; or</text></paragraph><paragraph id="HBDADA8E5A4194A168D54CE18671763F4"><enum>(2)</enum><text>in the case of transportation by other means (including any conveyance over land, on or through water, or through the air), the knife or knives are contained in a locked container.</text></paragraph></subsection><subsection id="H4833DA6F96624FA5A9329C90EFE3769E"><enum>(b)</enum><header>Emergency knives</header><text>Any knife or tool designed for enabling escape in an emergency incorporating a blunt tipped safety blade, a guarded blade, or both, for cutting safety belts may be carried in the passenger compartment and need not be secured in a locked container, glove compartment, or console. This subsection shall not apply to the transport of any such knife or tool in the passenger cabin of aircraft whose passengers are subject to airport screening procedures of the Transportation Security Administration.</text></subsection><subsection id="HB5190D6023384F188560C25083B7C332"><enum>(c)</enum><header>No arrest or detention</header><text>A person who is transporting a knife or knives in compliance with this section may not be arrested or otherwise detained for violation of any law or any rule or regulation of a State or any political subdivision of a State related to the possession, transportation, or carrying of knives, unless there is probable cause to believe that the person is not in compliance with at least one of the requirements of subsection (a).</text></subsection><subsection id="H6F0579DC3E1E4337961643391C53F8B3"><enum>(d)</enum><header>Claim or defense</header><text>A person may assert this section as a claim or defense in any action or proceeding, civil or criminal. When a person asserts this section as a claim or defense in a criminal proceeding, the State or political subdivision shall bear the burden of proving, beyond a reasonable doubt, that the person was not in compliance with subsection (a).</text></subsection><subsection id="H88C7DEE8F3114A85AC6B3EA7F500BDA6"><enum>(e)</enum><header>Right of action</header><text>Any person who, under color of any statute, ordinance, regulation, custom, or usage, of any State or political subdivision of a State, subjects, or causes to be subjected, any person to the deprivation of the rights, privileges, or immunities set forth in this section, shall be liable to the person so deprived in an action at law, suit in equity, or other proper proceeding for redress. When a person asserts this section as a claim or defense, the court shall award the prevailing party (including any party who receives a favorable resolution through a decision by a court, settlement of a claim, withdrawal of criminal charges, or change of a statute or regulation), other than a State or any political subdivision of a State or its employees or representatives, a reasonable attorney’s fee.</text></subsection><subsection id="H794B83EB6D8B427CB1CAF792CE84394D"><enum>(f)</enum><header>Definition</header><text>As used in this section, the term <term>transport</term> includes staying in temporary lodging overnight, common carrier misrouting or delays, stops for food, fuel, vehicle maintenance, emergencies, medical treatment, and all other activity related to the person’s overall journey. The term shall not include any transportation of a knife or knives with the intent to commit any offense punishable by imprisonment for a term exceeding one year involving the use or threatened use of force against another, or with knowledge, or reasonable cause to believe, that such an offense is to be committed in the course of, or arising from, such journey. Within any form of temporary lodging, a knife or knives may be accessible.</text></subsection><subsection id="H4183343C33BB4B2EAC43EB0D0663B378"><enum>(g)</enum><header>Rule of construction</header><text>Nothing in this section shall be construed in any way to limit any right to possess, carry, or transport a knife or knives under applicable State law.</text></subsection></section><section id="H08C266E604BF4026AC5777AD017951E7"><enum>3.</enum><header>Repeal of Federal provisions related to switchblade knives</header><subsection id="H8AA3F5D3CA1547BCB475A9994A09D137"><enum>(a)</enum><header>Repeals</header><paragraph id="HEA1A9C63F7754AD9992049982C09448E"><enum>(1)</enum><text><external-xref legal-doc="usc-chapter" parsable-cite="usc-chapter/15/29">Chapter 29</external-xref> of title 15, United States Code, is repealed.</text></paragraph><paragraph id="HB4C1726C06F745D6949536A5CF8A7D94"><enum>(2)</enum><text>Subsections (g) and (i) of section 1716, title 18, United States Code, are repealed.</text></paragraph></subsection><subsection id="HF1168C01BF7F4F869F335EFF227BE081"><enum>(b)</enum><header>Conforming Amendments</header><paragraph id="H5C5639ACB8FB4286AB12DF2ABA72E5F8"><enum>(1)</enum><text>The table of chapters at the beginning of title 15, United States Code, is amended by striking the item relating to chapter 29, and inserting in lieu thereof, <quote>[Chapter 29. Repealed]</quote>.</text></paragraph><paragraph id="H3AC1C3112BDC48C8BE7F5654128FECE7"><enum>(2)</enum><text>Section 1716 of title 18, United States Code, is amended by redesignating—</text><subparagraph id="H3290C1540F184E7081ACD9CE577FCEFC"><enum>(A)</enum><text>subsection (h) as subsection (g);</text></subparagraph><subparagraph id="H94F1F4BBF9DF44E7A21AE2D292510667"><enum>(B)</enum><text>subsection (j) as subsection (h); and</text></subparagraph><subparagraph id="H4B05374923204CABA018492E6200EF14"><enum>(C)</enum><text>subsection (k) as subsection (i).</text></subparagraph></paragraph></subsection><subsection id="H10CDAB5B52E34F5FA58EE7350649E212"><enum>(c)</enum><header>Effective Date</header><text>The repeals made by subsection (a)—</text><paragraph id="HE717D3CA01164D57A30B0CF5BAEAD729"><enum>(1)</enum><text>shall take effect on the date of enactment of this Act; and</text></paragraph><paragraph id="HD39685FDC73845BA8AE4D0966D663160"><enum>(2)</enum><text>do not apply with respect to any indictment, convictions, sentencing, appeals, civil or criminal fines or penalties obtained, forfeitures obtained, terms of imprisonment or any other enforcement actions or proceedings occurring or commenced, on or before the date of enactment of this Act.</text></paragraph></subsection></section></legis-body></bill> 

