<mods xmlns:xlink="http://www.w3.org/1999/xlink" xmlns:xsi="http://www.w3.org/2001/XMLSchema-instance" xmlns="http://www.loc.gov/mods/v3" version="3.3" xsi:schemaLocation="http://www.loc.gov/mods/v3 http://www.loc.gov/standards/mods/v3/mods-3-3.xsd" ID="P0b002ee1aac9d327">
<name type="corporate">
 <namePart>United States Government Publishing Office</namePart>
 <role>
  <roleTerm authority="marcrelator" type="text">publisher</roleTerm>
  <roleTerm authority="marcrelator" type="code">pbl</roleTerm>
</role>
 <role>
  <roleTerm authority="marcrelator" type="text">distributor</roleTerm>
  <roleTerm authority="marcrelator" type="code">dst</roleTerm>
</role>
</name>
<name type="corporate">
 <namePart>United States</namePart>
 <namePart>Congress</namePart>
 <namePart>House of Representatives</namePart>
 <role>
  <roleTerm authority="marcrelator" type="text">author</roleTerm>
  <roleTerm authority="marcrelator" type="code">aut</roleTerm>
</role>
 <description>Government Organization</description>
</name>
<typeOfResource>text</typeOfResource>
<genre authority="marcgt">government publication</genre>
<language>
 <languageTerm type="code" authority="iso639-2b">eng</languageTerm>
</language>
<extension>
 <collectionCode>BILLS</collectionCode>
 <searchTitle>Impeaching Donald John Trump, President of the United States, for high crimes and misdemeanors.;H. Res. 34 (IH)
    </searchTitle>
 <category>Bills and Statutes</category>
 <waisDatabaseName>117_cong_bills</waisDatabaseName>
 <branch>legislative</branch>
 <dateIngested>2021-01-12</dateIngested>
</extension>
<titleInfo>
 <title>Impeaching Donald John Trump, President of the United States, for high crimes and misdemeanors.</title>
</titleInfo>
<titleInfo type="alternative">
 <title>H. Res. 34 (IH)
    </title>
</titleInfo>
<originInfo>
 <publisher>U.S. Government Publishing Office</publisher>
 <dateIssued encoding="w3cdtf">2021-01-11</dateIssued>
 <issuance>monographic</issuance>
</originInfo>
<physicalDescription>
 <note type="source content type">deposited</note>
 <digitalOrigin>born digital</digitalOrigin>
 <extent>10 p.</extent>
</physicalDescription>
<classification authority="sudocs">Y 1.6:</classification>
<classification authority="sudocs">Y 1.4/7:</classification>
<identifier type="local">P0b002ee1aac9d327</identifier>
<identifier type="uri">https://www.govinfo.gov/app/details/BILLS-117hres34ih</identifier>
<identifier type="preferred citation">H. Res. 34</identifier>
<identifier type="stock number">021-610-00252-9</identifier>
<identifier type="Parent ILS system id">000501532</identifier>
<identifier type="Child ILS system id">000325574</identifier>
<identifier type="Parent ILS title">Congressional bills</identifier>
<identifier type="Child ILS title">House resolutions</identifier>
<identifier type="former package identifier">f:hr34_ih.txt</identifier>
<location>
 <url displayLabel="Content Detail" access="object in context">https://www.govinfo.gov/app/details/BILLS-117hres34ih</url>
 <url displayLabel="HTML rendition" access="raw object">https://www.govinfo.gov/content/pkg/BILLS-117hres34ih/html/BILLS-117hres34ih.htm</url>
 <url displayLabel="PDF rendition" access="raw object">https://www.govinfo.gov/content/pkg/BILLS-117hres34ih/pdf/BILLS-117hres34ih.pdf</url>
 <url displayLabel="XML rendition" access="raw object">https://www.govinfo.gov/content/pkg/BILLS-117hres34ih/xml/BILLS-117hres34ih.xml</url>
</location>
<accessCondition type="GPO scope determination">fdlp</accessCondition>
<recordInfo>
 <recordContentSource authority="marcorg">DGPO</recordContentSource>
 <recordCreationDate encoding="w3cdtf">2021-01-12</recordCreationDate>
 <recordChangeDate encoding="w3cdtf">2021-01-12</recordChangeDate>
 <recordIdentifier source="DGPO">BILLS-117hres34ih</recordIdentifier>
 <recordOrigin>machine generated</recordOrigin>
 <languageOfCataloging>
  <languageTerm type="code" authority="iso639-2b">eng</languageTerm>
</languageOfCataloging>
</recordInfo>
<name type="personal">
 <namePart>Maxine Waters</namePart>
 <affiliation>United States House of Representatives</affiliation>
 <role>
  <roleTerm authority="marcrelator" type="text">sponsor</roleTerm>
  <roleTerm authority="marcrelator" type="code">spn</roleTerm>
</role>
 <description>United States Congress Member</description>
</name>
<name type="personal">
 <namePart>Ilhan Omar</namePart>
 <affiliation>United States House of Representatives</affiliation>
 <role>
  <roleTerm type="text">cosponsor</roleTerm>
</role>
 <description>United States Congress Member</description>
</name>
<name type="personal">
 <namePart>Ted Lieu</namePart>
 <affiliation>United States House of Representatives</affiliation>
 <role>
  <roleTerm type="text">cosponsor</roleTerm>
</role>
 <description>United States Congress Member</description>
</name>
<name type="personal">
 <namePart>Sheila Jackson Lee</namePart>
 <affiliation>United States House of Representatives</affiliation>
 <role>
  <roleTerm type="text">cosponsor</roleTerm>
</role>
 <description>United States Congress Member</description>
</name>
<name type="personal">
 <namePart>Donald M. Payne, Jr.</namePart>
 <affiliation>United States House of Representatives</affiliation>
 <role>
  <roleTerm type="text">cosponsor</roleTerm>
</role>
 <description>United States Congress Member</description>
</name>
<name type="personal">
 <namePart>Al Lawson, Jr.</namePart>
 <affiliation>United States House of Representatives</affiliation>
 <role>
  <roleTerm type="text">cosponsor</roleTerm>
</role>
 <description>United States Congress Member</description>
</name>
<name type="personal">
 <namePart>Yvette D. Clarke</namePart>
 <affiliation>United States House of Representatives</affiliation>
 <role>
  <roleTerm type="text">cosponsor</roleTerm>
</role>
 <description>United States Congress Member</description>
</name>
<name type="personal">
 <namePart>Al Green</namePart>
 <affiliation>United States House of Representatives</affiliation>
 <role>
  <roleTerm type="text">cosponsor</roleTerm>
</role>
 <description>United States Congress Member</description>
</name>
<name type="personal">
 <namePart>Jamaal Bowman</namePart>
 <affiliation>United States House of Representatives</affiliation>
 <role>
  <roleTerm type="text">cosponsor</roleTerm>
</role>
 <description>United States Congress Member</description>
</name>
<name type="corporate">
 <namePart>United States</namePart>
 <namePart>Congress</namePart>
 <namePart>House of Representatives</namePart>
 <namePart>Committee on the Judiciary</namePart>
 <role>
  <roleTerm authority="marcrelator" type="text">associated name</roleTerm>
  <roleTerm authority="marcrelator" type="code">asn</roleTerm>
</role>
</name>
<extension>
 <docClass>hres</docClass>
 <accessId>BILLS-117hres34ih</accessId>
 <congress>117</congress>
 <session>1</session>
 <originChamber>HOUSE</originChamber>
 <currentChamber>HOUSE</currentChamber>
 <billNumber>34</billNumber>
 <billVersion reprint="false">ih</billVersion>
 <fileSuffix>ih</fileSuffix>
 <officialTitle>Impeaching Donald John Trump, President of the United States, for high crimes and misdemeanors.</officialTitle>
 <action date="2021-01-11">Ms. Waters (for herself, Ms. Omar, Mr. Lieu, Ms. Jackson Lee, Mr. Payne, Mr. Lawson of Florida, Ms. Clarke of New York, Mr. Green of Texas, and Mr. Bowman) submitted the following resolution; which was referred to the Committee on the Judiciary</action>
 <congCommittee authorityId="hsju00" chamber="H" congress="117" type="S">
                      <name type="authority-standard">Committee on the Judiciary</name>
                      <name type="authority-short">Judiciary</name>
                </congCommittee>
 <congMember authorityId="1205" bioGuideId="W000187" chamber="H" congress="117" gpoId="7840" party="D" role="SPONSOR" state="CA">
                      <name type="parsed">Ms. Waters</name>
                      <name type="authority-fnf">Maxine Waters</name>
                      <name type="authority-lnf">Waters, Maxine</name>
                </congMember>
 <congMember authorityId="2414" bioGuideId="O000173" chamber="H" congress="117" party="D" role="COSPONSOR" state="MN">
                      <name type="parsed">Ms. Omar</name>
                      <name type="authority-fnf">Ilhan Omar</name>
                      <name type="authority-lnf">Omar, Ilhan</name>
                </congMember>
 <congMember authorityId="2230" bioGuideId="L000582" chamber="H" congress="117" party="D" role="COSPONSOR" state="CA">
                      <name type="parsed">Mr. Lieu</name>
                      <name type="authority-fnf">Ted Lieu</name>
                      <name type="authority-lnf">Lieu, Ted</name>
                </congMember>
 <congMember authorityId="588" bioGuideId="J000032" chamber="H" congress="117" gpoId="8174" party="D" role="COSPONSOR" state="TX">
                      <name type="parsed">Ms. Jackson Lee</name>
                      <name type="authority-fnf">Sheila Jackson Lee</name>
                      <name type="authority-lnf">Jackson Lee, Sheila</name>
                </congMember>
 <congMember authorityId="2097" bioGuideId="P000604" chamber="H" congress="117" gpoId="8373" party="D" role="COSPONSOR" state="NJ">
                      <name type="parsed">Mr. Payne</name>
                      <name type="authority-fnf">Donald M. Payne, Jr.</name>
                      <name type="authority-lnf">Payne, Donald M., Jr.</name>
                      <name type="authority-other">Mr. Donald Payne Jr.</name>
                </congMember>
 <congMember authorityId="2317" bioGuideId="L000586" chamber="H" congress="117" party="D" role="COSPONSOR" state="FL">
                      <name type="parsed">Mr. Lawson of Florida</name>
                      <name type="authority-fnf">Al Lawson, Jr.</name>
                      <name type="authority-lnf">Lawson, Al, Jr.</name>
                      <name type="authority-other">Mr. Al Lawson Jr.</name>
                </congMember>
 <congMember authorityId="1864" bioGuideId="C001067" chamber="H" congress="117" gpoId="8072" party="D" role="COSPONSOR" state="NY">
                      <name type="parsed">Ms. Clarke of New York</name>
                      <name type="authority-fnf">Yvette D. Clarke</name>
                      <name type="authority-lnf">Clarke, Yvette D.</name>
                      <name type="authority-other">Ms. Yvette Clarke</name>
                </congMember>
 <congMember authorityId="1803" bioGuideId="G000553" chamber="H" congress="117" gpoId="8165" party="D" role="COSPONSOR" state="TX">
                      <name type="parsed">Mr. Green of Texas</name>
                      <name type="authority-fnf">Al Green</name>
                      <name type="authority-lnf">Green, Al</name>
                </congMember>
 <congMember authorityId="2524" bioGuideId="B001223" chamber="H" congress="117" party="D" role="COSPONSOR" state="NY">
                      <name type="parsed">Mr. Bowman</name>
                      <name type="authority-fnf">Jamaal Bowman</name>
                      <name type="authority-lnf">Bowman, Jamaal</name>
                </congMember>
 <isPrivate>false</isPrivate>
 <isAppropriation>false</isAppropriation>
</extension>
</mods>