<?xml version="1.0"?>
<?xml-stylesheet type="text/xsl" href="billres.xsl"?>
<!DOCTYPE bill PUBLIC "-//US Congress//DTDs/bill.dtd//EN" "bill.dtd">
<bill bill-stage="Introduced-in-House" dms-id="H6C732D3085184F7E9D612504DF69F81C" public-private="public" key="H" bill-type="olc"><metadata xmlns:dc="http://purl.org/dc/elements/1.1/">
<dublinCore>
<dc:title>117 HR 52 IH: Space Research Innovation Act</dc:title>
<dc:publisher>U.S. House of Representatives</dc:publisher>
<dc:date>2021-01-04</dc:date>
<dc:format>text/xml</dc:format>
<dc:language>EN</dc:language>
<dc:rights>Pursuant to Title 17 Section 105 of the United States Code, this file is not subject to copyright protection and is in the public domain.</dc:rights>
</dublinCore>
</metadata>
<form>
<distribution-code display="yes">I</distribution-code><congress display="yes">117th CONGRESS</congress><session display="yes">1st Session</session><legis-num display="yes">H. R. 52</legis-num><current-chamber>IN THE HOUSE OF REPRESENTATIVES</current-chamber><action display="yes"><action-date date="20210104">January 4, 2021</action-date><action-desc><sponsor name-id="B001302">Mr. Biggs</sponsor> introduced the following bill; which was referred to the <committee-name committee-id="HSY00">Committee on Science, Space, and Technology</committee-name></action-desc></action><legis-type>A BILL</legis-type><official-title display="yes">To allow the Administrator of the National Aeronautics and Space Administration to establish a research center for deep space and interplanetary research, and for other purposes.</official-title></form><legis-body id="H56DB5749818641BB9479148CE19F8D89" style="OLC"><section id="H4E7F9F8657144C56A0A8FDBCD618DE30" section-type="section-one"><enum>1.</enum><header>Short title</header><text display-inline="no-display-inline">This Act may be cited as the <quote><short-title>Space Research Innovation Act</short-title></quote>. </text></section><section id="HFBA2AAC377DD40EFA83A7A6473DCA85A" section-type="subsequent-section"><enum>2.</enum><header>Research Center for Deep-Space and Interplanetary Research</header><subsection id="H8D735B41110F45BEB2AAE653094AD0DF"><enum>(a)</enum><header>In general</header><text display-inline="yes-display-inline">The Administrator of the National Aeronautics and Space Administration, using the authority under section 2304(c)(3)(B) of title 10, United States Code, shall—</text><paragraph id="H901445ECB7334D8F9D2B4A5DD27026AF"><enum>(1)</enum><text>establish a university-affiliated research center to facilitate capabilities in support of the National Aeronautics and Space Administration;</text></paragraph><paragraph id="H76CBE5B4C54E4BDD8004B124346B6AD0"><enum>(2)</enum><text>use such a university-affiliated research center to fund analyses and engineering support related to cis-lunar and deep-space missions and interplanetary research; and</text></paragraph><paragraph id="H8258442E13EC4B9FA90C28AD112794E0"><enum>(3)</enum><text>ensure such a university-affiliated research center—</text><subparagraph id="HF9F678C6B5DF4EA78B8CC69DB31AFB7A"><enum>(A)</enum><text>is held accountable for the technical quality of the work product developed under this section; and</text></subparagraph><subparagraph id="H78F9BF320D8B4275905B396864EE2077"><enum>(B)</enum><text display-inline="yes-display-inline">has established expertise in convening academic and private sector groups to facilitate research and private-public partnerships. </text></subparagraph></paragraph></subsection><subsection id="H5A345B4A5300434D9F525E54F8B96916"><enum>(b)</enum><header>Policies and procedures</header><text display-inline="yes-display-inline">The Administrator shall develop and implement policies and procedures to govern, with respect to the establishment of the university-affiliated research center under subsection (a)—</text><paragraph id="H0C3DCF2F7034465CA7DCF227964268A0"><enum>(1)</enum><text>the selection of participants;</text></paragraph><paragraph id="HA2DBCD6726274C549328E74C536EC9A1"><enum>(2)</enum><text>the award of cooperative agreements or other contracts;</text></paragraph><paragraph id="H919CA150E6B34343BB78E21115CA19E6"><enum>(3)</enum><text>the appropriate use of competitive awards and sole source awards; and</text></paragraph><paragraph id="H35B7F44A572A47F782B46AD72513F508"><enum>(4)</enum><text>the technical capabilities required.</text></paragraph></subsection><subsection id="HABC0F0AF14404015964E648186539E61"><enum>(c)</enum><header>Eligibility</header><text>The following entities shall be eligible to participate in a university-affiliated research center established under subsection (a)—</text><paragraph id="H3BD0DD96415A465794A41FCDD14FD863"><enum>(1)</enum><text>an institution of higher education (as defined in section 102 of the Higher Education Act of 1965 (<external-xref legal-doc="usc" parsable-cite="usc/20/1002">20 U.S.C. 1002</external-xref>));</text></paragraph><paragraph id="H2570207C39F647CEBE96C3B051952BDC"><enum>(2)</enum><text>an operator of a federally funded research and development center; and</text></paragraph><paragraph id="HE218CA05282A40988EA1B67F84D07C70"><enum>(3)</enum><text>a nonprofit or not-for-profit research institution.</text></paragraph></subsection></section></legis-body></bill> 

