<?xml version="1.0"?>
<?xml-stylesheet type="text/xsl" href="billres.xsl"?>
<!DOCTYPE resolution PUBLIC "-//US Congress//DTDs/res.dtd//EN" "res.dtd">
<resolution resolution-stage="Introduced-in-House" dms-id="HB2B64EEB7A934879B41CF1DD18E11D6E" public-private="public" resolution-type="constitutional-amendment" star-print="no-star-print" key="H"><metadata xmlns:dc="http://purl.org/dc/elements/1.1/">
<dublinCore>
<dc:title>117 HJ 7 IH: Proposing an amendment to the Constitution of the United States to prohibit Members of Congress from receiving compensation during a fiscal year unless both Houses of Congress have agreed to a concurrent resolution on the budget for that fiscal year prior to the beginning of that fiscal year.</dc:title>
<dc:publisher>U.S. House of Representatives</dc:publisher>
<dc:date>2021-01-04</dc:date>
<dc:format>text/xml</dc:format>
<dc:language>EN</dc:language>
<dc:rights>Pursuant to Title 17 Section 105 of the United States Code, this file is not subject to copyright protection and is in the public domain.</dc:rights>
</dublinCore>
</metadata>
<form>
<distribution-code display="yes">IA</distribution-code><congress display="yes">117th CONGRESS</congress><session display="yes">1st Session</session><legis-num display="yes">H. J. RES. 7</legis-num><current-chamber>IN THE HOUSE OF REPRESENTATIVES</current-chamber><action display="yes"><action-date date="20210104">January 4, 2021</action-date><action-desc><sponsor name-id="F000466">Mr. Fitzpatrick</sponsor> (for himself and <cosponsor name-id="G000579">Mr. Gallagher</cosponsor>) submitted the following joint resolution; which was referred to the <committee-name committee-id="HJU00">Committee on the Judiciary</committee-name></action-desc></action><legis-type>JOINT RESOLUTION</legis-type><official-title display="yes">Proposing an amendment to the Constitution of the United States to prohibit Members of Congress from receiving compensation during a fiscal year unless both Houses of Congress have agreed to a concurrent resolution on the budget for that fiscal year prior to the beginning of that fiscal year.</official-title></form><resolution-body style="constitutional-amendment" id="H854DF108822F442D9A77BCD99A401C46"><section display-inline="yes-display-inline" section-type="undesignated-section" id="H60FCE7EC475C450F90C24937DCF1B483"><text>That the following article is proposed as an amendment to the Constitution of the United States, which shall be valid to all intents and purposes as part of the Constitution when ratified by the legislatures of three-fourths of the several States within seven years after the date of its submission for ratification:</text><quoted-block display-inline="no-display-inline" id="H7DDFE14860CB4C928DC9FAD8166C23CC" style="traditional"><constitution-article id="HE0215E4B80474F77820751B2692E3B27"><enum> —</enum><section id="H2022819B0382495F8937DC9AB6E7491B" section-type="section-one"><enum>1.</enum><text display-inline="yes-display-inline">A Member of Congress may not receive a compensation for service as a Member of Congress during a fiscal year unless both Houses of Congress have agreed to an identical concurrent resolution on the budget for that fiscal year prior to the beginning of that fiscal year.</text></section><section display-inline="no-display-inline" id="H8275673A508142D4B4165E449967D44D" section-type="section-one"><enum>2.</enum><text display-inline="yes-display-inline">This article shall apply with respect to fiscal years which begin after this article becomes a valid part of the Constitution.</text></section></constitution-article><after-quoted-block>.</after-quoted-block></quoted-block></section></resolution-body></resolution> 

