<?xml version="1.0"?>
<?xml-stylesheet type="text/xsl" href="billres.xsl"?>
<!DOCTYPE resolution PUBLIC "-//US Congress//DTDs/res.dtd//EN" "res.dtd">
<resolution resolution-stage="Introduced-in-House" dms-id="H0DB0C9904BCF41498A484732B4652D30" public-private="public" resolution-type="house-resolution" star-print="no-star-print" key="H"><metadata xmlns:dc="http://purl.org/dc/elements/1.1/">
<dublinCore>
<dc:title>117 HRES 13 IH: Commemorating the life and legacy of Sojourner Truth.</dc:title>
<dc:publisher>U.S. House of Representatives</dc:publisher>
<dc:date>2021-01-04</dc:date>
<dc:format>text/xml</dc:format>
<dc:language>EN</dc:language>
<dc:rights>Pursuant to Title 17 Section 105 of the United States Code, this file is not subject to copyright protection and is in the public domain.</dc:rights>
</dublinCore>
</metadata>
<form>
<distribution-code display="yes">IV</distribution-code><congress display="yes">117th CONGRESS</congress><session display="yes">1st Session</session><legis-num display="yes">H. RES. 13</legis-num><current-chamber>IN THE HOUSE OF REPRESENTATIVES</current-chamber><action display="yes"><action-date date="20210104">January 4, 2021</action-date><action-desc><sponsor name-id="J000032">Ms. Jackson Lee</sponsor> submitted the following resolution; which was referred to the <committee-name committee-id="HJU00">Committee on the Judiciary</committee-name></action-desc></action><legis-type>RESOLUTION</legis-type><official-title display="yes">Commemorating the life and legacy of Sojourner Truth.</official-title></form><preamble><whereas><text>Whereas Sojourner Truth was born Isabella Baumfree to her slave parents James and Elizabeth Baumfree, in 1897 in Dutch-speaking Swartekill, Ulster County, New York;</text></whereas><whereas><text>Whereas Sojourner Truth was born two years before <quote>An Act for the Gradual Elimination of Slavery</quote> became law in Pennsylvania, which consigned her to the status of slave for the rest of her life;</text></whereas><whereas><text>Whereas Sojourner Truth, starting at the age of 9 and continuing into adolescence, was bought and sold 4 times and bore at least 5 children, but lived to overcome her hardscrabble beginning to become one of the most famous and influential women of the 19th century;</text></whereas><whereas><text>Whereas, in 1827, the year before a New York law freeing slaves took effect, Sojourner Truth escaped from bondage with her infant daughter Sophia and sought refuge with staunch abolitionists Maria Van Wagener and her husband Dr. Isaac Van Wagener;</text></whereas><whereas><text>Whereas for twenty dollars the Van Wageners bought Sojourner Truth’s freedom and helped her successfully sue for the return of her 5-year-old son Peter, who had been illegally sold into slavery in Alabama;</text></whereas><whereas><text>Whereas, in 1828, Sojourner Truth moved to New York City to work for a local minister and, by the early 1830s, her reputation of being a charismatic speaker was becoming well known;</text></whereas><whereas><text>Whereas, in 1843, Sojourner Truth declared that the Holy Spirit called on her to preach the truth, renaming herself Sojourner Truth;</text></whereas><whereas><text>Whereas Sojourner Truth used her divinely inspired gift of speech to advocate for equal treatment of all persons, including the right of all women to enjoy the same privileges and immunities the Constitution bestowed upon men;</text></whereas><whereas><text>Whereas the most famous expression of Sojourner Truth’s deeply held conviction that all women were entitled to equal treatment under the law came in her address at the Women’s Convention in Akron, Ohio on May 29, 1851, in which she declared, <quote>That man over there says that women need to be helped into carriages, and lifted over ditches, and to have the best place everywhere. Nobody ever helps me into carriages, or over mud-puddles, or gives me any best place! And ain't I a woman? Look at me! Look at my arm! I have ploughed and planted, and gathered into barns, and no man could head me! And ain't I a woman? I could work as much and eat as much as a man—when I could get it—and bear the lash as well! And ain’t I a woman? I have borne thirteen children, and seen most all sold off to slavery, and when I cried out with my mother's grief, none but Jesus heard me! And ain't I a woman?</quote> and <quote>If the first woman God ever made was strong enough to turn the world upside down all alone, these women together ought to be able to turn it back, and get it right side up again! And now they is asking to do it, the men better let them.</quote>;</text></whereas><whereas><text>Whereas the enduring legacy of Sojourner Truth is her steadfast belief that all men and women are created equal—a refrain that is echoed in the <quote>I Have a Dream</quote> speech given on the steps of the Lincoln Memorial on August 28, 1963, by the Reverend Dr. Martin Luther King, Jr.;</text></whereas><whereas><text>Whereas, in the 1850s, Sojourner Truth settled in Battle Creek, Michigan, where 3 of her daughters lived and continued to speak nationally and help to resettle slaves who had escaped to freedom;</text></whereas><whereas><text>Whereas at the onset of the Civil War, Sojourner Truth urged free Black men to join the Union Army cause and worked to organize supplies for Black troops;</text></whereas><whereas><text>Whereas after the Civil War, Sojourner Truth was honored with an invitation to the White House and became involved with the Freedmen’s Bureau, helping freed slaves find jobs and build new and better lives;</text></whereas><whereas><text>Whereas Sojourner Truth continued her advocacy for human and civil rights for former slaves as she fought against de jure segregation; and</text></whereas><whereas><text>Whereas, at 63 years of age, Sojourner Truth stood up to a streetcar conductor who tried to violently block her from riding, predating and modeling the courage of Rosa Parks, who less than 100 years later stood up for justice by sitting down: Now, therefore, be it</text></whereas></preamble><resolution-body style="traditional" id="HA9199125CBE14376BFF55E886D29791D"><section display-inline="yes-display-inline" section-type="undesignated-section" id="H466D0786D8754CA082C7BE43500A709F"><enum/><text>That it is the sense of the House of Representatives that—</text><paragraph id="HEEAC81A6A9EA45A2B97B33DAEAD37CCD"><enum>(1)</enum><text>the life of Sojourner Truth reflects the experience of millions of women of African descent brought to the Americas in violence and in violation of their human rights to be the progenitors of slaves, but who not only survived that existence but thrived to shape new paths to an awakening of how people view race and gender;</text></paragraph><paragraph id="H4D021F55F34D464F9F53AF218830FB5F"><enum>(2)</enum><text>Sojourner Truth demonstrates the indomitable will of people everywhere who yearn to be free and overcome impossible odds to win freedom for themselves and others; and</text></paragraph><paragraph id="HDE2B33B344C1468191571B890C5CD163"><enum>(3)</enum><text>Sojourner Truth reflects the best American tradition of using one’s courage and intellect to transcend societal limits to reinvent and renew the American Dream and pass it on to succeeding generations endowing them with the freedom to unleash their imagination and pursue their dreams.</text></paragraph></section></resolution-body></resolution> 

