<?xml version="1.0"?>
<?xml-stylesheet type="text/xsl" href="billres.xsl"?>
<!DOCTYPE bill PUBLIC "-//US Congress//DTDs/bill.dtd//EN" "bill.dtd">
<bill bill-stage="Referred-in-Senate" dms-id="H2F08AA65B7EE47BA907D097C356DC026" public-private="public" key="G" bill-type="olc" stage-count="1"><metadata xmlns:dc="http://purl.org/dc/elements/1.1/">
<dublinCore>
<dc:title>117 HR 27 : Settlement Agreement Information Database Act of 2021</dc:title>
<dc:publisher>U.S. House of Representatives</dc:publisher>
<dc:date>2021-01-06</dc:date>
<dc:format>text/xml</dc:format>
<dc:language>EN</dc:language>
<dc:rights>Pursuant to Title 17 Section 105 of the United States Code, this file is not subject to copyright protection and is in the public domain.</dc:rights>
</dublinCore>
</metadata>
<form>
<distribution-code display="yes">IIB</distribution-code><congress display="yes">117th CONGRESS</congress><session display="yes">1st Session</session><legis-num display="yes">H. R. 27</legis-num><current-chamber display="yes">IN THE SENATE OF THE UNITED STATES</current-chamber><action><action-date date="20210106">January 6, 2021</action-date><action-desc>Received; read twice and referred to the <committee-name committee-id="SSGA00">Committee on Homeland Security and Governmental Affairs</committee-name></action-desc></action><legis-type>AN ACT</legis-type><official-title display="yes">To amend <external-xref legal-doc="usc-chapter" parsable-cite="usc-chapter/5/3">chapter 3</external-xref> of title 5, United States Code, to require the publication of settlement agreements, and for other purposes.</official-title></form><legis-body id="H86F1844E02E64AA1A953346F9F47417E" style="OLC"><section id="HA47D58027AA8469D9106A8BD37715275" section-type="section-one"><enum>1.</enum><header>Short title</header><text display-inline="no-display-inline">This Act may be cited as the <quote><short-title>Settlement Agreement Information Database Act of 2021</short-title></quote>.</text></section><section id="H5E4F2EDC9F434EF19010FD1B0622D88D"><enum>2.</enum><header>Information regarding settlement agreements entered into by Federal agencies</header><subsection id="HFAAAD1886FFC4D609001B95D9F5E8ABB"><enum>(a)</enum><header>Requirements for settlement agreements</header><text><external-xref legal-doc="usc-chapter" parsable-cite="usc-chapter/5/3">Chapter 3</external-xref> of title 5, United States Code, is amended by adding at the end the following new section:</text><quoted-block id="H83EA1A9C6B7947989F0F242949F35344" style="USC"><section id="HEBA8059905C744F5AC4DE6148FD1253E"><enum>307.</enum><header>Information regarding settlement agreements</header><subsection id="H8402F4AA0FB84572962BAFC1EDB8079E"><enum>(a)</enum><header>Definitions</header><text>In this section:</text><paragraph id="HFA4415537B774DA198783C4CA93F1719"><enum>(1)</enum><header>Local government</header><text display-inline="yes-display-inline">The term <term>local government</term> has the meaning given that term in section 6501 of title 31.</text></paragraph><paragraph commented="no" id="HF6FD11A22F3E492C89BC636BE45C8F00"><enum>(2)</enum><header>Order type</header><text>The term <term>order type</term> means the type of action or instrument used to settle a civil or criminal judicial action.</text></paragraph><paragraph id="HEF77082A7F344B5D98D72EF525551162"><enum>(3)</enum><header>Settlement agreement</header><text>The term <term>settlement agreement</term> means a settlement agreement (including a consent decree) that—</text><subparagraph id="H69F7BC9D5E454370B67F196CDA43025A"><enum>(A)</enum><text>is entered into by an Executive agency; and</text></subparagraph><subparagraph id="H55516CE876044A338B60D5EEF9E9948E"><enum>(B)</enum><text>relates to an alleged violation of Federal civil or criminal law.</text></subparagraph></paragraph><paragraph id="HAC436506FF3945F5897BE0A39F59A333"><enum>(4)</enum><header>State</header><text display-inline="yes-display-inline">The term <term>State</term> means each of the several States, the District of Columbia, each territory or possession of the United States, and each federally recognized Indian Tribe.</text></paragraph></subsection><subsection id="HD0903612205749928C5D70AFEEDD8B7B"><enum>(b)</enum><header>Settlement Agreement Information Database</header><paragraph id="HCECA2A534FBE436E8CAA1E9535192EDD"><enum>(1)</enum><header>Executive agency requirement</header><subparagraph id="HC7705C22A9AE470B927BEBAA36389486"><enum>(A)</enum><header>In general</header><text display-inline="yes-display-inline">Subject to subparagraph (B), the head of each Executive agency shall, in accordance with guidance issued pursuant to paragraph (2), submit the following information to the database established under paragraph (3):</text><clause id="HA028E53B86B948ADB9BA79A165774408"><enum>(i)</enum><text display-inline="yes-display-inline">A list of each settlement agreement, in a categorized and searchable format, entered into by the Executive agency, as a party to a lawsuit, which shall include, for each settlement agreement—</text><subclause id="H07A48A61917D439D9D50CD352218DBDC"><enum>(I)</enum><text>the order type of the settlement agreement;</text></subclause><subclause id="HDF31F66466774A67BD5620B79B43E535"><enum>(II)</enum><text>the date on which the parties entered into the settlement agreement;</text></subclause><subclause id="H97506B6DEED64539BB1A146AEC0713FD"><enum>(III)</enum><text>a list of specific violations that specify the basis for the action taken, with a description of the claims each party settled under the settlement agreement;</text></subclause><subclause id="H02A7AE8F1DE94409B1ECB6F3EB4990AC"><enum>(IV)</enum><text display-inline="yes-display-inline">the amount of attorneys’ fees and other litigation costs awarded, if any, including a description of the statutory basis for such an award;</text></subclause><subclause id="H4055AC1C8C47408DB710FC8DFF92B8F0"><enum>(V)</enum><text>the amount each party settling a claim under the settlement agreement is obligated to pay under the settlement agreement;</text></subclause><subclause id="HCD20D3BC4C3E4DF5823F6A32C61F8C55"><enum>(VI)</enum><text>the total amount the settling parties are obligated to pay under the settlement agreement;</text></subclause><subclause id="H0D2523718F5C443FB7088546DEA531E4"><enum>(VII)</enum><text>the amount, if any, the settling party is obligated to pay that is expressly specified under the settlement agreement as a civil or criminal penalty or fine;</text></subclause><subclause commented="no" id="HEBAFDAA0549745A3B7E2BA5F8BA5F964"><enum>(VIII)</enum><text display-inline="yes-display-inline">any payment made under the settlement agreement, including a description of any payment made to the Federal Government;</text></subclause><subclause id="H1AE283DC6542412D911EB01663404E29"><enum>(IX)</enum><text>the projected duration of the settlement agreement, if available;</text></subclause><subclause id="H0D630F8493E84BB8B428F4A8AA73A751"><enum>(X)</enum><text>a list of State or local governments that may be directly affected by the terms of the settlement agreement;</text></subclause><subclause id="H95780F1644574218B20EFF488F70400A"><enum>(XI)</enum><text>a brief description of any economic data and methodology used to justify the terms of the settlement agreement;</text></subclause><subclause id="H5333F9258E0D4184A8EE55D6F00195A1"><enum>(XII)</enum><text>any modifications to the settlement agreement, when applicable;</text></subclause><subclause id="H14D814BD55D54138A82752A6E96806C1"><enum>(XIII)</enum><text>notice and comments, when applicable; and</text></subclause><subclause commented="no" id="HFE01E4F6117347EBB94E38AD527F2439"><enum>(XIV)</enum><text>whether the settlement agreement is still under judicial enforcement and any period of time by which the parties agreed to have certain conditions met.</text></subclause></clause><clause id="H3E968C854B2B4EEFA9D60D824A36EAB6"><enum>(ii)</enum><text>A copy of each—</text><subclause id="HDB6BED9A07AB4DEF94D1C2279CB93CD8"><enum>(I)</enum><text>settlement agreement entered into by the Executive agency; and</text></subclause><subclause id="HF7178DC6BAD541668BA26AF918964655"><enum>(II)</enum><text>statement issued under paragraph (4).</text></subclause></clause></subparagraph><subparagraph id="H936385FF181C40BDAB388E196DE42205"><enum>(B)</enum><header>Nondisclosure</header><text display-inline="yes-display-inline">The requirement to submit information or a copy of a settlement agreement under subparagraph (A) shall not apply to the extent the information or copy (or portion thereof)—</text><clause id="H756D2CF853494DFC92B3DB024AADE45F"><enum>(i)</enum><text>is subject to a confidentiality provision that prohibits disclosure of the information or copy (or portion thereof); and</text></clause><clause id="H2752C69DC158409DBBAD29B8A6960EF3"><enum>(ii)</enum><text display-inline="yes-display-inline">would not be disclosed under section 552, if the Executive agency provides a citation to the applicable exemption.</text></clause></subparagraph><subparagraph commented="no" id="HFF37E4F04347427DBBDA35303E997632"><enum>(C)</enum><header>Clarification of responsible agency</header><text display-inline="yes-display-inline">In a case in which an Executive agency is acting at the request or on behalf of another Executive agency (referred to as the originating agency), the originating agency is responsible for submitting information under subparagraph (A).</text></subparagraph></paragraph><paragraph commented="no" id="HAB6C4A841BB14F3885F9B50D7CE060BD"><enum>(2)</enum><header>Guidance</header><text display-inline="yes-display-inline">The Director of the Office of Management and Budget shall issue guidance for Executive agencies to implement paragraph (1). Such guidance shall include the following:</text><subparagraph id="HFA25E6B410CA49D1B1C035E1083638E0"><enum>(A)</enum><text display-inline="yes-display-inline">Specific dates by which submissions must be made, not less than twice a year.</text></subparagraph><subparagraph id="H19FAA14140EF46CBA7664B3223A2FA77"><enum>(B)</enum><text>Data standards, including common data elements and a common, nonproprietary, searchable, machine-readable, platform independent format.</text></subparagraph><subparagraph id="HB970D9B4C72D4D6F8EFB0BC77AC003B4"><enum>(C)</enum><text display-inline="yes-display-inline">A requirement that the information and documents required under paragraph (1) are publicly available for a period starting on the date of the settlement through not less than 5 years after the termination of the settlement agreement.</text></subparagraph></paragraph><paragraph id="H0C0A6632A96143A99BA58DCF7B1E2599"><enum>(3)</enum><header>Establishment of database</header><text display-inline="yes-display-inline">The Director of the Office of Management and Budget, or the head of an Executive agency designated by the Director, shall establish and maintain a public, searchable, downloadable database for Executive agencies to directly upload and submit the information and documents required under paragraph (1) for immediate publication online.</text></paragraph><paragraph id="HE54E92894D224FBC89B42E649E49E043"><enum>(4)</enum><header>Statement of confidentiality</header><text>If the head of an Executive agency determines that a confidentiality provision in a settlement agreement, or the sealing of a settlement agreement, is required to protect the public interest of the United States, the head of the Executive agency may except the settlement agreement from the requirement in paragraph (1) and shall issue a written public statement stating why such action is required to protect the public interest of the United States, which shall explain—</text><subparagraph id="H4A0340F1FADC422EBBB27A480B315076"><enum>(A)</enum><text>what interests confidentiality protects; and</text></subparagraph><subparagraph id="H17AE6818A31040BEA750CB4370715466"><enum>(B)</enum><text>why the interests protected by confidentiality outweigh the public’s interest in knowing about the conduct of the Federal Government and the expenditure of Federal resources.</text></subparagraph></paragraph></subsection></section><after-quoted-block>.</after-quoted-block></quoted-block></subsection><subsection id="H3645C779215C469C81C783D27B6C76F4"><enum>(b)</enum><header>Technical and conforming amendment</header><text>The table of sections for <external-xref legal-doc="usc-chapter" parsable-cite="usc-chapter/5/3">chapter 3</external-xref> of title 5, United States Code, is amended by adding at the end the following new item:</text><quoted-block id="H31343392133943C0BC2E67CDBEAEE8FA" style="USC"><toc regeneration="no-regeneration"><toc-entry level="section">307. Information regarding settlement agreements.</toc-entry></toc><after-quoted-block>.</after-quoted-block></quoted-block></subsection><subsection id="HEA00B2EB9F484E9BA27AA2DA01F3DD1F"><enum>(c)</enum><header>Deadline To establish database</header><text display-inline="yes-display-inline">Not later than 1 year after the date of the enactment of this Act, the Director of the Office of Management and Budget shall issue guidance required by section 307(b)(2) of title 5, United States Code, as added by subsection (a), and establish the settlement agreement information database required by section 307(b)(3) of title 5, United States Code, as added by subsection (a).</text></subsection><subsection id="HAE722E3B08F641809B478656578C1FF4"><enum>(d)</enum><header>Deadline for first submission</header><text display-inline="yes-display-inline">Not later than 90 days after the Director issues guidance under section 307(b)(2) of title 5, United States Code, as added by subsection (a), the head of each Executive agency (as defined in section 105 of title 5, United States Code) shall begin submitting information to the database established under such section 307.</text></subsection></section><section id="H926FFB19661A4B858AAFDDF75E50F21A"><enum>3.</enum><header>Amendments to the Freedom of Information Act</header><text display-inline="no-display-inline">Section 552(a)(2) of title 5, United States Code, is amended—</text><paragraph id="H30551FE0B16741E7BBAB1D6ECB99E474"><enum>(1)</enum><text>by redesignating subparagraphs (B) through (E) as subparagraphs (C) through (F), respectively; and</text></paragraph><paragraph id="H8BFC1F2D92E543A0831C510C024785A7"><enum>(2)</enum><text>by inserting after subparagraph (A) the following new subparagraph:</text><quoted-block id="H21CF6A35D3DB4F1489B6B283CA8DB243" style="USC"><subparagraph commented="no" id="H94A6F25B072D45B59F2A851AD8560194" indent="up1"><enum>(B)</enum><text>each settlement agreement (as defined in section 307) entered into by an Executive agency, with redactions for information that the agency may withhold under paragraph (8) and subsections (b) and (c) of this section;</text></subparagraph><after-quoted-block>.</after-quoted-block></quoted-block></paragraph></section><section commented="no" id="H88D3DE4A960D48AF8816667157899FD5"><enum>4.</enum><header>Rule of construction</header><text display-inline="no-display-inline">Nothing in this Act, or the amendments made by this Act, shall be construed to require the disclosure of information or records that any agency may properly withhold from public disclosure under section 552 of title 5, United States Code (commonly known as the <quote>Freedom of Information Act</quote>).</text></section><section commented="no" id="H41966001FFE94C388337C3C89C7EBAA1"><enum>5.</enum><header>Effective date; applicability</header><text display-inline="no-display-inline">This Act shall be effective 180 days after the date of the enactment of this Act and shall apply—</text><paragraph commented="no" id="H327A41BF22AC428EA2ED875B67376B73"><enum>(1)</enum><text display-inline="yes-display-inline">with respect to any settlement agreement (as such term is defined in section 307 of title 5, United States Code, as added by section 2), entered into on or after the date of the enactment of this Act; and</text></paragraph><paragraph commented="no" id="H3B145F67BC9B46B6A4FF3D825CCF80CD"><enum>(2)</enum><text display-inline="yes-display-inline">to the extent practicable, any such settlement agreement (as such term is defined in section 307 of title 5, United States Code, as added by section 2) that remains in effect on or after the date of the enactment of this Act.</text></paragraph></section><section id="HC81DD2B887154332AAC6827A3DC65771"><enum>6.</enum><header>Determination of budgetary effects</header><text display-inline="no-display-inline">The budgetary effects of this Act, for the purpose of complying with the Statutory Pay-As-You-Go Act of 2010, shall be determined by reference to the latest statement titled <quote>Budgetary Effects of PAYGO Legislation</quote> for this Act, submitted for printing in the Congressional Record by the Chairman of the House Budget Committee, provided that such statement has been submitted prior to the vote on passage.</text></section></legis-body><attestation><attestation-group><attestation-date date="20210105" chamber="House">Passed the House of Representatives January 5, 2021.</attestation-date><attestor display="yes">Cheryl L. Johnson,</attestor><role>Clerk</role></attestation-group></attestation></bill> 

