<?xml version="1.0" encoding="utf-8" standalone="no"?>
<billStatus>
  <bill>
    <billNumber>189</billNumber>
    <createDate>2021-04-30T04:27:13Z</createDate>
    <updateDate>2022-03-04T01:26:41Z</updateDate>
    <originChamber>Senate</originChamber>
    <billType>SRES</billType>
    <introducedDate>2021-04-29</introducedDate>
    <congress>117</congress>
    <recordedVotes/>
    <committees>
      <billCommittees/>
    </committees>
    <committeeReports/>
    <relatedBills/>
    <actions>
      <item>
        <actionDate>2021-04-29</actionDate>
        <committees/>
        <links/>
        <sourceSystem>
          <code>0</code>
          <name>Senate</name>
        </sourceSystem>
        <text>Submitted in the Senate, considered, and agreed to without amendment and with a preamble by Unanimous Consent. (consideration: CR S2313-2314; text: CR S2365-2366)</text>
        <type>Floor</type>
      </item>
      <item>
        <actionDate>2021-04-29</actionDate>
        <links/>
        <text>Passed/agreed to in Senate: Submitted in the Senate, considered, and agreed to without amendment and with a preamble by Unanimous Consent.(consideration: CR S2313-2314; text: CR S2365-2366)</text>
        <type>Floor</type>
        <actionCode>17000</actionCode>
        <sourceSystem>
          <code>9</code>
          <name>Library of Congress</name>
        </sourceSystem>
        <committees/>
      </item>
      <item>
        <actionDate>2021-04-29</actionDate>
        <links/>
        <text>Introduced in Senate</text>
        <type>IntroReferral</type>
        <actionCode>10000</actionCode>
        <sourceSystem>
          <code>9</code>
          <name>Library of Congress</name>
        </sourceSystem>
        <committees/>
      </item>
      <actionTypeCounts>
        <passedOrAgreedToInSenateDayOf>1</passedOrAgreedToInSenateDayOf>
        <passedAgreedToInSenate>1</passedAgreedToInSenate>
        <introducedInSenate>1</introducedInSenate>
      </actionTypeCounts>
      <actionByCounts>
        <senate>3</senate>
      </actionByCounts>
    </actions>
    <sponsors>
      <item>
        <bioguideId>M000355</bioguideId>
        <fullName>Sen. McConnell, Mitch [R-KY]</fullName>
        <firstName>Mitch</firstName>
        <middleName/>
        <lastName>McConnell</lastName>
        <party>R</party>
        <state>KY</state>
        <identifiers>
          <lisID>1395</lisID>
          <bioguideId>M000355</bioguideId>
          <gpoId>8254</gpoId>
        </identifiers>
        <byRequestType/>
      </item>
    </sponsors>
    <cosponsors>
      <item>
        <bioguideId>P000603</bioguideId>
        <fullName>Sen. Paul, Rand [R-KY]</fullName>
        <firstName>Rand</firstName>
        <middleName/>
        <lastName>Paul</lastName>
        <party>R</party>
        <state>KY</state>
        <identifiers>
          <lisID>2082</lisID>
          <bioguideId>P000603</bioguideId>
          <gpoId>8308</gpoId>
        </identifiers>
        <sponsorshipDate>2021-04-29</sponsorshipDate>
        <isOriginalCosponsor>True</isOriginalCosponsor>
        <sponsorshipWithdrawnDate/>
      </item>
    </cosponsors>
    <cboCostEstimates/>
    <laws/>
    <notes/>
    <policyArea>
      <name>Sports and Recreation</name>
    </policyArea>
    <subjects>
      <billSubjects>
        <legislativeSubjects>
          <item>
            <name>Athletes</name>
          </item>
          <item>
            <name>Congressional tributes</name>
          </item>
          <item>
            <name>Higher education</name>
          </item>
          <item>
            <name>Kentucky</name>
          </item>
          <item>
            <name>School athletics</name>
          </item>
        </legislativeSubjects>
        <policyArea>
          <name>Sports and Recreation</name>
        </policyArea>
      </billSubjects>
    </subjects>
    <summaries>
      <billSummaries>
        <item>
          <versionCode>00</versionCode>
          <actionDate>2021-04-29</actionDate>
          <actionDesc>Introduced in Senate</actionDesc>
          <lastSummaryUpdateDate>2021-05-07T16:29:56Z</lastSummaryUpdateDate>
          <text>
            <![CDATA[ <p>This resolution congratulates the University of Kentucky Wildcats for winning the 2020 National Collegiate Athletic Association Division I Women's Volleyball Championship and completing a successful 2020-2021 season. </p> <ul> <ul> </ul> </ul>]]>
          </text>
          <updateDate>2021-04-29T04:00:00Z</updateDate>
          <name>Introduced in Senate</name>
        </item>
        <item>
          <versionCode>55</versionCode>
          <actionDate>2021-04-29</actionDate>
          <actionDesc>Passed Senate</actionDesc>
          <lastSummaryUpdateDate>2021-05-12T16:48:04Z</lastSummaryUpdateDate>
          <text>
            <![CDATA[ <p>This resolution congratulates the University of Kentucky Wildcats for winning the 2020 National Collegiate Athletic Association Division I Women's Volleyball Championship and completing a successful 2020-2021 season. </p> <ul> <ul> </ul> </ul>]]>
          </text>
          <updateDate>2021-04-29T12:50:13Z</updateDate>
          <name>Passed Senate</name>
        </item>
      </billSummaries>
    </summaries>
    <title>A resolution congratulating the University of Kentucky's Women's Volleyball Team for winning the 2020 National Collegiate Athletic Association Division I Women's Volleyball Championship.</title>
    <titles>
      <item>
        <titleType>Official Title as Introduced</titleType>
        <parentTitleType/>
        <title>A resolution congratulating the University of Kentucky's Women's Volleyball Team for winning the 2020 National Collegiate Athletic Association Division I Women's Volleyball Championship.</title>
        <chamberCode/>
        <chamberName/>
      </item>
      <item>
        <titleType>Display Title</titleType>
        <parentTitleType/>
        <title>A resolution congratulating the University of Kentucky's Women's Volleyball Team for winning the 2020 National Collegiate Athletic Association Division I Women's Volleyball Championship.</title>
        <chamberCode/>
        <chamberName/>
      </item>
    </titles>
    <amendments/>
    <textVersions>
      <item>
        <type>Agreed to Senate</type>
        <date>2021-04-29T04:00:00Z</date>
        <formats>
          <item>
            <url>https://www.govinfo.gov/content/pkg/BILLS-117sres189ats/xml/BILLS-117sres189ats.xml</url>
          </item>
        </formats>
      </item>
    </textVersions>
    <latestAction>
      <actionDate>2021-04-29</actionDate>
      <text>Submitted in the Senate, considered, and agreed to without amendment and with a preamble by Unanimous Consent. (consideration: CR S2313-2314; text: CR S2365-2366)</text>
      <links/>
    </latestAction>
    <calendarNumbers/>
    <version>1.0.0</version>
  </bill>
  <dublinCore xmlns:dc="http://purl.org/dc/elements/1.1/">
    <dc:format>text/xml</dc:format>
    <dc:language>EN</dc:language>
    <dc:rights>Pursuant to Title 17 Section 105 of the United States Code, this file is not subject to copyright protection and is in the public domain.</dc:rights>
    <dc:contributor>Congressional Research Service, Library of Congress</dc:contributor>
    <dc:description>This file contains bill summaries and statuses for federal legislation. A bill summary describes the most significant provisions of a piece of legislation and details the effects the legislative text may have on current law and federal programs. Bill summaries are authored by the Congressional Research Service (CRS) of the Library of Congress. As stated in Public Law 91-510 (2 USC 166 (d)(6)), one of the duties of CRS is "to prepare summaries and digests of bills and resolutions of a public general nature introduced in the Senate or House of Representatives". For more information, refer to the User Guide that accompanies this file.</dc:description>
  </dublinCore>
</billStatus>
