<mods xmlns:xlink="http://www.w3.org/1999/xlink" xmlns:xsi="http://www.w3.org/2001/XMLSchema-instance" xmlns="http://www.loc.gov/mods/v3" version="3.3" xsi:schemaLocation="http://www.loc.gov/mods/v3 http://www.loc.gov/standards/mods/v3/mods-3-3.xsd" ID="P0b002ee1aacdd855">
<name type="corporate">
 <namePart>United States Government Publishing Office</namePart>
 <role>
  <roleTerm authority="marcrelator" type="text">publisher</roleTerm>
  <roleTerm authority="marcrelator" type="code">pbl</roleTerm>
</role>
 <role>
  <roleTerm authority="marcrelator" type="text">distributor</roleTerm>
  <roleTerm authority="marcrelator" type="code">dst</roleTerm>
</role>
</name>
<name type="corporate">
 <namePart>United States</namePart>
 <namePart>Congress</namePart>
 <namePart>House of Representatives</namePart>
 <role>
  <roleTerm authority="marcrelator" type="text">author</roleTerm>
  <roleTerm authority="marcrelator" type="code">aut</roleTerm>
</role>
 <description>Government Organization</description>
</name>
<typeOfResource>text</typeOfResource>
<genre authority="marcgt">government publication</genre>
<language>
 <languageTerm type="code" authority="iso639-2b">eng</languageTerm>
</language>
<extension>
 <collectionCode>BILLS</collectionCode>
 <searchTitle>Providing for consideration of the resolution (H. Res. 24) impeaching Donald John Trump, President of the United States, for high crimes and misdemeanors.;H. Res. 41 (RH)
    </searchTitle>
 <category>Bills and Statutes</category>
 <waisDatabaseName>117_cong_bills</waisDatabaseName>
 <branch>legislative</branch>
 <dateIngested>2021-01-13</dateIngested>
</extension>
<titleInfo>
 <title>Providing for consideration of the resolution (H. Res. 24) impeaching Donald John Trump, President of the United States, for high crimes and misdemeanors.</title>
</titleInfo>
<titleInfo type="alternative">
 <title>H. Res. 41 (RH)
    </title>
</titleInfo>
<originInfo>
 <publisher>U.S. Government Publishing Office</publisher>
 <dateIssued encoding="w3cdtf">2021-01-12</dateIssued>
 <issuance>monographic</issuance>
</originInfo>
<physicalDescription>
 <note type="source content type">deposited</note>
 <digitalOrigin>born digital</digitalOrigin>
 <extent>4 p.</extent>
</physicalDescription>
<classification authority="sudocs">Y 1.6:</classification>
<classification authority="sudocs">Y 1.4/7:</classification>
<identifier type="local">P0b002ee1aacdd855</identifier>
<identifier type="uri">https://www.govinfo.gov/app/details/BILLS-117hres41rh</identifier>
<identifier type="preferred citation">H. Res. 41</identifier>
<identifier type="stock number">021-610-00252-9</identifier>
<identifier type="Parent ILS system id">000501532</identifier>
<identifier type="Child ILS system id">000325574</identifier>
<identifier type="Parent ILS title">Congressional bills</identifier>
<identifier type="Child ILS title">House resolutions</identifier>
<identifier type="former package identifier">f:hr41_rh.txt</identifier>
<location>
 <url displayLabel="Content Detail" access="object in context">https://www.govinfo.gov/app/details/BILLS-117hres41rh</url>
 <url displayLabel="HTML rendition" access="raw object">https://www.govinfo.gov/content/pkg/BILLS-117hres41rh/html/BILLS-117hres41rh.htm</url>
 <url displayLabel="PDF rendition" access="raw object">https://www.govinfo.gov/content/pkg/BILLS-117hres41rh/pdf/BILLS-117hres41rh.pdf</url>
 <url displayLabel="XML rendition" access="raw object">https://www.govinfo.gov/content/pkg/BILLS-117hres41rh/xml/BILLS-117hres41rh.xml</url>
</location>
<accessCondition type="GPO scope determination">fdlp</accessCondition>
<recordInfo>
 <recordContentSource authority="marcorg">DGPO</recordContentSource>
 <recordCreationDate encoding="w3cdtf">2021-01-13</recordCreationDate>
 <recordChangeDate encoding="w3cdtf">2021-01-13</recordChangeDate>
 <recordIdentifier source="DGPO">BILLS-117hres41rh</recordIdentifier>
 <recordOrigin>machine generated</recordOrigin>
 <languageOfCataloging>
  <languageTerm type="code" authority="iso639-2b">eng</languageTerm>
</languageOfCataloging>
</recordInfo>
<name type="personal">
 <namePart>James P. McGovern</namePart>
 <affiliation>United States House of Representatives</affiliation>
 <role>
  <roleTerm authority="marcrelator" type="text">sponsor</roleTerm>
  <roleTerm authority="marcrelator" type="code">spn</roleTerm>
</role>
 <description>United States Congress Member</description>
</name>
<relatedItem type="isReferencedBy">
 <titleInfo>
  <title>United States House Calendar No. 2</title>
</titleInfo>
 <identifier type="congressional calendar citation">House Calendar No. 2</identifier>
</relatedItem>
<extension>
 <docClass>hres</docClass>
 <accessId>BILLS-117hres41rh</accessId>
 <congress>117</congress>
 <session>1</session>
 <originChamber>HOUSE</originChamber>
 <currentChamber>HOUSE</currentChamber>
 <billNumber>41</billNumber>
 <billVersion reprint="false">rh</billVersion>
 <fileSuffix>rh</fileSuffix>
 <officialTitle>Providing for consideration of the resolution (H. Res. 24) impeaching Donald John Trump, President of the United States, for high crimes and misdemeanors.</officialTitle>
 <action date="2021-01-12">Mr. McGovern, from the Committee on Rules, reported the following resolution; which was referred to the House Calendar and ordered to be printed</action>
 <congMember authorityId="1504" bioGuideId="M000312" chamber="H" congress="117" gpoId="7968" party="D" role="SPONSOR" state="MA">
                      <name type="parsed">Mr. McGovern</name>
                      <name type="authority-fnf">James P. McGovern</name>
                      <name type="authority-lnf">McGovern, James P.</name>
                      <name type="authority-other">James Mcgovern</name>
                </congMember>
 <congCalendar congress="117" number="2" type="HOUSE"></congCalendar>
 <isPrivate>false</isPrivate>
 <isAppropriation>false</isAppropriation>
</extension>
</mods>