<mods xmlns:xlink="http://www.w3.org/1999/xlink" xmlns:xsi="http://www.w3.org/2001/XMLSchema-instance" xmlns="http://www.loc.gov/mods/v3" version="3.3" xsi:schemaLocation="http://www.loc.gov/mods/v3 http://www.loc.gov/standards/mods/v3/mods-3-3.xsd" ID="P0b002ee1aacd4456">
<name type="corporate">
 <namePart>United States Government Publishing Office</namePart>
 <role>
  <roleTerm authority="marcrelator" type="text">publisher</roleTerm>
  <roleTerm authority="marcrelator" type="code">pbl</roleTerm>
</role>
 <role>
  <roleTerm authority="marcrelator" type="text">distributor</roleTerm>
  <roleTerm authority="marcrelator" type="code">dst</roleTerm>
</role>
</name>
<name type="corporate">
 <namePart>United States</namePart>
 <namePart>Congress</namePart>
 <namePart>House of Representatives</namePart>
 <role>
  <roleTerm authority="marcrelator" type="text">author</roleTerm>
  <roleTerm authority="marcrelator" type="code">aut</roleTerm>
</role>
 <description>Government Organization</description>
</name>
<typeOfResource>text</typeOfResource>
<genre authority="marcgt">government publication</genre>
<language>
 <languageTerm type="code" authority="iso639-2b">eng</languageTerm>
</language>
<extension>
 <collectionCode>BILLS</collectionCode>
 <searchTitle>To require a full audit of the Board of Governors of the Federal Reserve System and the Federal reserve banks by the Comptroller General of the United States, and for other purposes.;Federal Reserve Transparency Act of 2021;H.R. 24 (IH)
    </searchTitle>
 <category>Bills and Statutes</category>
 <waisDatabaseName>117_cong_bills</waisDatabaseName>
 <branch>legislative</branch>
 <dateIngested>2021-01-13</dateIngested>
</extension>
<titleInfo>
 <title>To require a full audit of the Board of Governors of the Federal Reserve System and the Federal reserve banks by the Comptroller General of the United States, and for other purposes.</title>
</titleInfo>
<titleInfo type="alternative">
 <title>Federal Reserve Transparency Act of 2021</title>
</titleInfo>
<titleInfo type="alternative">
 <title>H.R. 24 (IH)
    </title>
</titleInfo>
<originInfo>
 <publisher>U.S. Government Publishing Office</publisher>
 <dateIssued encoding="w3cdtf">2021-01-04</dateIssued>
 <issuance>monographic</issuance>
</originInfo>
<physicalDescription>
 <note type="source content type">deposited</note>
 <digitalOrigin>born digital</digitalOrigin>
 <extent>4 p.</extent>
</physicalDescription>
<classification authority="sudocs">Y 1.6:</classification>
<classification authority="sudocs">Y 1.4/6:</classification>
<identifier type="local">P0b002ee1aacd4456</identifier>
<identifier type="uri">https://www.govinfo.gov/app/details/BILLS-117hr24ih</identifier>
<identifier type="preferred citation">H.R. 24</identifier>
<identifier type="stock number">021-610-00252-9</identifier>
<identifier type="Parent ILS system id">000501532</identifier>
<identifier type="Child ILS system id">000325573</identifier>
<identifier type="Parent ILS title">Congressional bills</identifier>
<identifier type="Child ILS title">House bills</identifier>
<identifier type="former package identifier">f:h24_ih.txt</identifier>
<location>
 <url displayLabel="Content Detail" access="object in context">https://www.govinfo.gov/app/details/BILLS-117hr24ih</url>
 <url displayLabel="HTML rendition" access="raw object">https://www.govinfo.gov/content/pkg/BILLS-117hr24ih/html/BILLS-117hr24ih.htm</url>
 <url displayLabel="PDF rendition" access="raw object">https://www.govinfo.gov/content/pkg/BILLS-117hr24ih/pdf/BILLS-117hr24ih.pdf</url>
 <url displayLabel="XML rendition" access="raw object">https://www.govinfo.gov/content/pkg/BILLS-117hr24ih/xml/BILLS-117hr24ih.xml</url>
</location>
<accessCondition type="GPO scope determination">fdlp</accessCondition>
<recordInfo>
 <recordContentSource authority="marcorg">DGPO</recordContentSource>
 <recordCreationDate encoding="w3cdtf">2021-01-13</recordCreationDate>
 <recordChangeDate encoding="w3cdtf">2021-01-13</recordChangeDate>
 <recordIdentifier source="DGPO">BILLS-117hr24ih</recordIdentifier>
 <recordOrigin>machine generated</recordOrigin>
 <languageOfCataloging>
  <languageTerm type="code" authority="iso639-2b">eng</languageTerm>
</languageOfCataloging>
</recordInfo>
<name type="personal">
 <namePart>Thomas Massie</namePart>
 <affiliation>United States House of Representatives</affiliation>
 <role>
  <roleTerm authority="marcrelator" type="text">sponsor</roleTerm>
  <roleTerm authority="marcrelator" type="code">spn</roleTerm>
</role>
 <description>United States Congress Member</description>
</name>
<name type="personal">
 <namePart>Matt Gaetz</namePart>
 <affiliation>United States House of Representatives</affiliation>
 <role>
  <roleTerm type="text">cosponsor</roleTerm>
</role>
 <description>United States Congress Member</description>
</name>
<name type="personal">
 <namePart>Jeff Duncan</namePart>
 <affiliation>United States House of Representatives</affiliation>
 <role>
  <roleTerm type="text">cosponsor</roleTerm>
</role>
 <description>United States Congress Member</description>
</name>
<name type="personal">
 <namePart>Robert J. Wittman</namePart>
 <affiliation>United States House of Representatives</affiliation>
 <role>
  <roleTerm type="text">cosponsor</roleTerm>
</role>
 <description>United States Congress Member</description>
</name>
<name type="personal">
 <namePart>Paul A. Gosar</namePart>
 <affiliation>United States House of Representatives</affiliation>
 <role>
  <roleTerm type="text">cosponsor</roleTerm>
</role>
 <description>United States Congress Member</description>
</name>
<name type="personal">
 <namePart>Brian K. Fitzpatrick</namePart>
 <affiliation>United States House of Representatives</affiliation>
 <role>
  <roleTerm type="text">cosponsor</roleTerm>
</role>
 <description>United States Congress Member</description>
</name>
<name type="personal">
 <namePart>Mo Brooks</namePart>
 <affiliation>United States House of Representatives</affiliation>
 <role>
  <roleTerm type="text">cosponsor</roleTerm>
</role>
 <description>United States Congress Member</description>
</name>
<name type="personal">
 <namePart>Jim Jordan</namePart>
 <affiliation>United States House of Representatives</affiliation>
 <role>
  <roleTerm type="text">cosponsor</roleTerm>
</role>
 <description>United States Congress Member</description>
</name>
<name type="personal">
 <namePart>Cathy McMorris Rodgers</namePart>
 <affiliation>United States House of Representatives</affiliation>
 <role>
  <roleTerm type="text">cosponsor</roleTerm>
</role>
 <description>United States Congress Member</description>
</name>
<name type="personal">
 <namePart>Brian J. Mast</namePart>
 <affiliation>United States House of Representatives</affiliation>
 <role>
  <roleTerm type="text">cosponsor</roleTerm>
</role>
 <description>United States Congress Member</description>
</name>
<name type="personal">
 <namePart>Rick W. Allen</namePart>
 <affiliation>United States House of Representatives</affiliation>
 <role>
  <roleTerm type="text">cosponsor</roleTerm>
</role>
 <description>United States Congress Member</description>
</name>
<name type="personal">
 <namePart>Gary J. Palmer</namePart>
 <affiliation>United States House of Representatives</affiliation>
 <role>
  <roleTerm type="text">cosponsor</roleTerm>
</role>
 <description>United States Congress Member</description>
</name>
<name type="personal">
 <namePart>Tom McClintock</namePart>
 <affiliation>United States House of Representatives</affiliation>
 <role>
  <roleTerm type="text">cosponsor</roleTerm>
</role>
 <description>United States Congress Member</description>
</name>
<name type="personal">
 <namePart>Scott Perry</namePart>
 <affiliation>United States House of Representatives</affiliation>
 <role>
  <roleTerm type="text">cosponsor</roleTerm>
</role>
 <description>United States Congress Member</description>
</name>
<name type="personal">
 <namePart>Scott DesJarlais</namePart>
 <affiliation>United States House of Representatives</affiliation>
 <role>
  <roleTerm type="text">cosponsor</roleTerm>
</role>
 <description>United States Congress Member</description>
</name>
<name type="personal">
 <namePart>Tim Burchett</namePart>
 <affiliation>United States House of Representatives</affiliation>
 <role>
  <roleTerm type="text">cosponsor</roleTerm>
</role>
 <description>United States Congress Member</description>
</name>
<name type="personal">
 <namePart>Doug Lamborn</namePart>
 <affiliation>United States House of Representatives</affiliation>
 <role>
  <roleTerm type="text">cosponsor</roleTerm>
</role>
 <description>United States Congress Member</description>
</name>
<name type="personal">
 <namePart>Warren Davidson</namePart>
 <affiliation>United States House of Representatives</affiliation>
 <role>
  <roleTerm type="text">cosponsor</roleTerm>
</role>
 <description>United States Congress Member</description>
</name>
<name type="personal">
 <namePart>Ralph Norman</namePart>
 <affiliation>United States House of Representatives</affiliation>
 <role>
  <roleTerm type="text">cosponsor</roleTerm>
</role>
 <description>United States Congress Member</description>
</name>
<name type="personal">
 <namePart>Brett Guthrie</namePart>
 <affiliation>United States House of Representatives</affiliation>
 <role>
  <roleTerm type="text">cosponsor</roleTerm>
</role>
 <description>United States Congress Member</description>
</name>
<name type="personal">
 <namePart>Ron Wright</namePart>
 <affiliation>United States House of Representatives</affiliation>
 <role>
  <roleTerm type="text">cosponsor</roleTerm>
</role>
 <description>United States Congress Member</description>
</name>
<name type="personal">
 <namePart>Ken Calvert</namePart>
 <affiliation>United States House of Representatives</affiliation>
 <role>
  <roleTerm type="text">cosponsor</roleTerm>
</role>
 <description>United States Congress Member</description>
</name>
<name type="personal">
 <namePart>William R. Timmons IV</namePart>
 <affiliation>United States House of Representatives</affiliation>
 <role>
  <roleTerm type="text">cosponsor</roleTerm>
</role>
 <description>United States Congress Member</description>
</name>
<name type="personal">
 <namePart>Adrian Smith</namePart>
 <affiliation>United States House of Representatives</affiliation>
 <role>
  <roleTerm type="text">cosponsor</roleTerm>
</role>
 <description>United States Congress Member</description>
</name>
<name type="personal">
 <namePart>Andy Biggs</namePart>
 <affiliation>United States House of Representatives</affiliation>
 <role>
  <roleTerm type="text">cosponsor</roleTerm>
</role>
 <description>United States Congress Member</description>
</name>
<name type="personal">
 <namePart>Jaime Herrera Beutler</namePart>
 <affiliation>United States House of Representatives</affiliation>
 <role>
  <roleTerm type="text">cosponsor</roleTerm>
</role>
 <description>United States Congress Member</description>
</name>
<name type="personal">
 <namePart>Eric A. &quot;Rick&quot; Crawford</namePart>
 <affiliation>United States House of Representatives</affiliation>
 <role>
  <roleTerm type="text">cosponsor</roleTerm>
</role>
 <description>United States Congress Member</description>
</name>
<name type="personal">
 <namePart>Earl L. &quot;Buddy&quot; Carter</namePart>
 <affiliation>United States House of Representatives</affiliation>
 <role>
  <roleTerm type="text">cosponsor</roleTerm>
</role>
 <description>United States Congress Member</description>
</name>
<name type="personal">
 <namePart>Marjorie Taylor Greene</namePart>
 <affiliation>United States House of Representatives</affiliation>
 <role>
  <roleTerm type="text">cosponsor</roleTerm>
</role>
 <description>United States Congress Member</description>
</name>
<name type="personal">
 <namePart>Steve Chabot</namePart>
 <affiliation>United States House of Representatives</affiliation>
 <role>
  <roleTerm type="text">cosponsor</roleTerm>
</role>
 <description>United States Congress Member</description>
</name>
<name type="personal">
 <namePart>H. Morgan Griffith</namePart>
 <affiliation>United States House of Representatives</affiliation>
 <role>
  <roleTerm type="text">cosponsor</roleTerm>
</role>
 <description>United States Congress Member</description>
</name>
<name type="personal">
 <namePart>Yvette Herrell</namePart>
 <affiliation>United States House of Representatives</affiliation>
 <role>
  <roleTerm type="text">cosponsor</roleTerm>
</role>
 <description>United States Congress Member</description>
</name>
<name type="personal">
 <namePart>Alexander X. Mooney</namePart>
 <affiliation>United States House of Representatives</affiliation>
 <role>
  <roleTerm type="text">cosponsor</roleTerm>
</role>
 <description>United States Congress Member</description>
</name>
<name type="personal">
 <namePart>Roger Williams</namePart>
 <affiliation>United States House of Representatives</affiliation>
 <role>
  <roleTerm type="text">cosponsor</roleTerm>
</role>
 <description>United States Congress Member</description>
</name>
<name type="personal">
 <namePart>Markwayne Mullin</namePart>
 <affiliation>United States House of Representatives</affiliation>
 <role>
  <roleTerm type="text">cosponsor</roleTerm>
</role>
 <description>United States Congress Member</description>
</name>
<name type="personal">
 <namePart>Daniel Webster</namePart>
 <affiliation>United States House of Representatives</affiliation>
 <role>
  <roleTerm type="text">cosponsor</roleTerm>
</role>
 <description>United States Congress Member</description>
</name>
<name type="personal">
 <namePart>Jackie Walorski</namePart>
 <affiliation>United States House of Representatives</affiliation>
 <role>
  <roleTerm type="text">cosponsor</roleTerm>
</role>
 <description>United States Congress Member</description>
</name>
<name type="personal">
 <namePart>Bill Posey</namePart>
 <affiliation>United States House of Representatives</affiliation>
 <role>
  <roleTerm type="text">cosponsor</roleTerm>
</role>
 <description>United States Congress Member</description>
</name>
<name type="personal">
 <namePart>Louie Gohmert</namePart>
 <affiliation>United States House of Representatives</affiliation>
 <role>
  <roleTerm type="text">cosponsor</roleTerm>
</role>
 <description>United States Congress Member</description>
</name>
<name type="personal">
 <namePart>Van Taylor</namePart>
 <affiliation>United States House of Representatives</affiliation>
 <role>
  <roleTerm type="text">cosponsor</roleTerm>
</role>
 <description>United States Congress Member</description>
</name>
<name type="personal">
 <namePart>Ben Cline</namePart>
 <affiliation>United States House of Representatives</affiliation>
 <role>
  <roleTerm type="text">cosponsor</roleTerm>
</role>
 <description>United States Congress Member</description>
</name>
<name type="personal">
 <namePart>Lauren Boebert</namePart>
 <affiliation>United States House of Representatives</affiliation>
 <role>
  <roleTerm type="text">cosponsor</roleTerm>
</role>
 <description>United States Congress Member</description>
</name>
<name type="personal">
 <namePart>Ken Buck</namePart>
 <affiliation>United States House of Representatives</affiliation>
 <role>
  <roleTerm type="text">cosponsor</roleTerm>
</role>
 <description>United States Congress Member</description>
</name>
<name type="personal">
 <namePart>Don Bacon</namePart>
 <affiliation>United States House of Representatives</affiliation>
 <role>
  <roleTerm type="text">cosponsor</roleTerm>
</role>
 <description>United States Congress Member</description>
</name>
<name type="personal">
 <namePart>Glenn Grothman</namePart>
 <affiliation>United States House of Representatives</affiliation>
 <role>
  <roleTerm type="text">cosponsor</roleTerm>
</role>
 <description>United States Congress Member</description>
</name>
<name type="corporate">
 <namePart>United States</namePart>
 <namePart>Congress</namePart>
 <namePart>House of Representatives</namePart>
 <namePart>Committee on Oversight and Reform</namePart>
 <role>
  <roleTerm authority="marcrelator" type="text">associated name</roleTerm>
  <roleTerm authority="marcrelator" type="code">asn</roleTerm>
</role>
</name>
<relatedItem type="isReferencedBy">
 <titleInfo>
  <title>United States Code</title>
  <partNumber>Title 12 Section 248</partNumber>
</titleInfo>
 <identifier type="USC citation">12 U.S.C. 248</identifier>
</relatedItem>
<relatedItem type="isReferencedBy">
 <titleInfo>
  <title>United States Code</title>
  <partNumber>Title 31 Section 714</partNumber>
  <partNumber>Title 31 Section 714(e)</partNumber>
  <partNumber>Title 31 Section 714(f)(1)(A)</partNumber>
  <partNumber>Title 31 Section 714(f)(3)(C)</partNumber>
</titleInfo>
 <identifier type="USC citation">31 U.S.C. 714</identifier>
 <identifier type="USC citation">31 U.S.C. 714(e)</identifier>
 <identifier type="USC citation">31 U.S.C. 714(f)(1)(A)</identifier>
 <identifier type="USC citation">31 U.S.C. 714(f)(3)(C)</identifier>
</relatedItem>
<extension>
 <docClass>hr</docClass>
 <accessId>BILLS-117hr24ih</accessId>
 <congress>117</congress>
 <session>1</session>
 <originChamber>HOUSE</originChamber>
 <currentChamber>HOUSE</currentChamber>
 <billNumber>24</billNumber>
 <billVersion reprint="false">ih</billVersion>
 <fileSuffix>ih</fileSuffix>
 <shortTitle type="measure">Federal Reserve Transparency Act of 2021</shortTitle>
 <officialTitle>To require a full audit of the Board of Governors of the Federal Reserve System and the Federal reserve banks by the Comptroller General of the United States, and for other purposes.</officialTitle>
 <action date="2021-01-04">Mr. Massie (for himself, Mr. Gaetz, Mr. Duncan, Mr. Wittman, Mr. Gosar, Mr. Fitzpatrick, Mr. Brooks, Mr. Jordan, Mrs. Rodgers of Washington, Mr. Mast, Mr. Allen, Mr. Palmer, Mr. McClintock, Mr. Perry, Mr. DesJarlais, Mr. Burchett, Mr. Lamborn, Mr. Davidson, Mr. Norman, Mr. Guthrie, Mr. Wright, Mr. Calvert, Mr. Timmons, Mr. Smith of Nebraska, Mr. Biggs, Ms. Herrera Beutler, Mr. Crawford, Mr. Carter of Georgia, Mrs. Greene of Georgia, Mr. Chabot, Mr. Griffith, Ms. Herrell, Mr. Mooney, Mr. Williams of Texas, Mr. Mullin, Mr. Webster of Florida, Mrs. Walorski, Mr. Posey, Mr. Gohmert, Mr. Taylor, Mr. Cline, Mrs. Boebert, Mr. Buck, Mr. Bacon, and Mr. Grothman) introduced the following bill; which was referred to the Committee on Oversight and Reform</action>
 <congCommittee authorityId="hsgo00" chamber="H" congress="117" type="S">
                      <name type="authority-standard">Committee on Oversight and Reform</name>
                      <name type="authority-short">Oversight and Reform</name>
                </congCommittee>
 <congMember authorityId="2094" bioGuideId="M001184" chamber="H" congress="117" gpoId="8371" party="R" role="SPONSOR" state="KY">
                      <name type="parsed">Mr. Massie</name>
                      <name type="authority-fnf">Thomas Massie</name>
                      <name type="authority-lnf">Massie, Thomas</name>
                </congMember>
 <congMember authorityId="2314" bioGuideId="G000578" chamber="H" congress="117" party="R" role="COSPONSOR" state="FL">
                      <name type="parsed">Mr. Gaetz</name>
                      <name type="authority-fnf">Matt Gaetz</name>
                      <name type="authority-lnf">Gaetz, Matt</name>
                </congMember>
 <congMember authorityId="2057" bioGuideId="D000615" chamber="H" congress="117" gpoId="8143" party="R" role="COSPONSOR" state="SC">
                      <name type="parsed">Mr. Duncan</name>
                      <name type="authority-fnf">Jeff Duncan</name>
                      <name type="authority-lnf">Duncan, Jeff</name>
                </congMember>
 <congMember authorityId="1886" bioGuideId="W000804" chamber="H" congress="117" gpoId="8192" party="R" role="COSPONSOR" state="VA">
                      <name type="parsed">Mr. Wittman</name>
                      <name type="authority-fnf">Robert J. Wittman</name>
                      <name type="authority-lnf">Wittman, Robert J.</name>
                      <name type="authority-other">Mr. Robert Wittman</name>
                </congMember>
 <congMember authorityId="1992" bioGuideId="G000565" chamber="H" congress="117" gpoId="7798" party="R" role="COSPONSOR" state="AZ">
                      <name type="parsed">Mr. Gosar</name>
                      <name type="authority-fnf">Paul A. Gosar</name>
                      <name type="authority-lnf">Gosar, Paul A.</name>
                      <name type="authority-other">Mr. Paul Gosar</name>
                </congMember>
 <congMember authorityId="2345" bioGuideId="F000466" chamber="H" congress="117" party="R" role="COSPONSOR" state="PA">
                      <name type="parsed">Mr. Fitzpatrick</name>
                      <name type="authority-fnf">Brian K. Fitzpatrick</name>
                      <name type="authority-lnf">Fitzpatrick, Brian K.</name>
                      <name type="authority-other">Mr. Brian Fitzpatrick</name>
                </congMember>
 <congMember authorityId="1987" bioGuideId="B001274" chamber="H" congress="117" gpoId="7790" party="R" role="COSPONSOR" state="AL">
                      <name type="parsed">Mr. Brooks</name>
                      <name type="authority-fnf">Mo Brooks</name>
                      <name type="authority-lnf">Brooks, Mo</name>
                </congMember>
 <congMember authorityId="1868" bioGuideId="J000289" chamber="H" congress="117" gpoId="8094" party="R" role="COSPONSOR" state="OH">
                      <name type="parsed">Mr. Jordan</name>
                      <name type="authority-fnf">Jim Jordan</name>
                      <name type="authority-lnf">Jordan, Jim</name>
                </congMember>
 <congMember authorityId="1809" bioGuideId="M001159" chamber="H" congress="117" gpoId="8209" party="R" role="COSPONSOR" state="WA">
                      <name type="parsed">Mrs. Rodgers of Washington</name>
                      <name type="authority-fnf">Cathy McMorris Rodgers</name>
                      <name type="authority-lnf">McMorris Rodgers, Cathy</name>
                      <name type="authority-other">Mrs. Cathy Rodgers</name>
                </congMember>
 <congMember authorityId="2322" bioGuideId="M001199" chamber="H" congress="117" party="R" role="COSPONSOR" state="FL">
                      <name type="parsed">Mr. Mast</name>
                      <name type="authority-fnf">Brian J. Mast</name>
                      <name type="authority-lnf">Mast, Brian J.</name>
                      <name type="authority-other">Mr. Brian Mast</name>
                </congMember>
 <congMember authorityId="2239" bioGuideId="A000372" chamber="H" congress="117" party="R" role="COSPONSOR" state="GA">
                      <name type="parsed">Mr. Allen</name>
                      <name type="authority-fnf">Rick W. Allen</name>
                      <name type="authority-lnf">Allen, Rick W.</name>
                      <name type="authority-other">Mr. Rick Allen</name>
                </congMember>
 <congMember authorityId="2221" bioGuideId="P000609" chamber="H" congress="117" party="R" role="COSPONSOR" state="AL">
                      <name type="parsed">Mr. Palmer</name>
                      <name type="authority-fnf">Gary J. Palmer</name>
                      <name type="authority-lnf">Palmer, Gary J.</name>
                      <name type="authority-other">Mr. Gary Palmer</name>
                </congMember>
 <congMember authorityId="1908" bioGuideId="M001177" chamber="H" congress="117" gpoId="7809" party="R" role="COSPONSOR" state="CA">
                      <name type="parsed">Mr. McClintock</name>
                      <name type="authority-fnf">Tom McClintock</name>
                      <name type="authority-lnf">McClintock, Tom</name>
                </congMember>
 <congMember authorityId="2157" bioGuideId="P000605" chamber="H" congress="117" party="R" role="COSPONSOR" state="PA">
                      <name type="parsed">Mr. Perry</name>
                      <name type="authority-fnf">Scott Perry</name>
                      <name type="authority-lnf">Perry, Scott</name>
                </congMember>
 <congMember authorityId="2062" bioGuideId="D000616" chamber="H" congress="117" gpoId="8151" party="R" role="COSPONSOR" state="TN">
                      <name type="parsed">Mr. DesJarlais</name>
                      <name type="authority-fnf">Scott DesJarlais</name>
                      <name type="authority-lnf">DesJarlais, Scott</name>
                </congMember>
 <congMember authorityId="2440" bioGuideId="B001309" chamber="H" congress="117" party="R" role="COSPONSOR" state="TN">
                      <name type="parsed">Mr. Burchett</name>
                      <name type="authority-fnf">Tim Burchett</name>
                      <name type="authority-lnf">Burchett, Tim</name>
                </congMember>
 <congMember authorityId="1834" bioGuideId="L000564" chamber="H" congress="117" gpoId="7863" party="R" role="COSPONSOR" state="CO">
                      <name type="parsed">Mr. Lamborn</name>
                      <name type="authority-fnf">Doug Lamborn</name>
                      <name type="authority-lnf">Lamborn, Doug</name>
                </congMember>
 <congMember authorityId="2296" bioGuideId="D000626" chamber="H" congress="117" party="R" role="COSPONSOR" state="OH">
                      <name type="parsed">Mr. Davidson</name>
                      <name type="authority-fnf">Warren Davidson</name>
                      <name type="authority-lnf">Davidson, Warren</name>
                </congMember>
 <congMember authorityId="2361" bioGuideId="N000190" chamber="H" congress="117" party="R" role="COSPONSOR" state="SC">
                      <name type="parsed">Mr. Norman</name>
                      <name type="authority-fnf">Ralph Norman</name>
                      <name type="authority-lnf">Norman, Ralph</name>
                </congMember>
 <congMember authorityId="1922" bioGuideId="G000558" chamber="H" congress="117" gpoId="7954" party="R" role="COSPONSOR" state="KY">
                      <name type="parsed">Mr. Guthrie</name>
                      <name type="authority-fnf">Brett Guthrie</name>
                      <name type="authority-lnf">Guthrie, Brett</name>
                </congMember>
 <congMember authorityId="2446" bioGuideId="W000827" chamber="H" congress="117" party="R" role="COSPONSOR" state="TX">
                      <name type="parsed">Mr. Wright</name>
                      <name type="authority-fnf">Ron Wright</name>
                      <name type="authority-lnf">Wright, Ron</name>
                </congMember>
 <congMember authorityId="165" bioGuideId="C000059" chamber="H" congress="117" gpoId="7849" party="R" role="COSPONSOR" state="CA">
                      <name type="parsed">Mr. Calvert</name>
                      <name type="authority-fnf">Ken Calvert</name>
                      <name type="authority-lnf">Calvert, Ken</name>
                </congMember>
 <congMember authorityId="2438" bioGuideId="T000480" chamber="H" congress="117" party="R" role="COSPONSOR" state="SC">
                      <name type="parsed">Mr. Timmons</name>
                      <name type="authority-fnf">William R. Timmons IV</name>
                      <name type="authority-lnf">Timmons, William R. IV</name>
                      <name type="authority-other">Mr. William Timmons IV</name>
                </congMember>
 <congMember authorityId="1860" bioGuideId="S001172" chamber="H" congress="117" gpoId="8040" party="R" role="COSPONSOR" state="NE">
                      <name type="parsed">Mr. Smith of Nebraska</name>
                      <name type="authority-fnf">Adrian Smith</name>
                      <name type="authority-lnf">Smith, Adrian</name>
                </congMember>
 <congMember authorityId="2307" bioGuideId="B001302" chamber="H" congress="117" party="R" role="COSPONSOR" state="AZ">
                      <name type="parsed">Mr. Biggs</name>
                      <name type="authority-fnf">Andy Biggs</name>
                      <name type="authority-lnf">Biggs, Andy</name>
                </congMember>
 <congMember authorityId="2071" bioGuideId="H001056" chamber="H" congress="117" gpoId="8207" party="R" role="COSPONSOR" state="WA">
                      <name type="parsed">Ms. Herrera Beutler</name>
                      <name type="authority-fnf">Jaime Herrera Beutler</name>
                      <name type="authority-lnf">Herrera Beutler, Jaime</name>
                </congMember>
 <congMember authorityId="1989" bioGuideId="C001087" chamber="H" congress="117" gpoId="7793" party="R" role="COSPONSOR" state="AR">
                      <name type="parsed">Mr. Crawford</name>
                      <name type="authority-fnf">Eric A. &quot;Rick&quot; Crawford</name>
                      <name type="authority-lnf">Crawford, Eric A. &quot;Rick&quot;</name>
                      <name type="authority-other">Mr. Eric Crawford</name>
                </congMember>
 <congMember authorityId="2236" bioGuideId="C001103" chamber="H" congress="117" party="R" role="COSPONSOR" state="GA">
                      <name type="parsed">Mr. Carter of Georgia</name>
                      <name type="authority-fnf">Earl L. &quot;Buddy&quot; Carter</name>
                      <name type="authority-lnf">Carter, Earl L. &quot;Buddy&quot;</name>
                      <name type="authority-other">Mr. Earl Carter</name>
                </congMember>
 <congMember authorityId="2499" bioGuideId="G000596" chamber="H" congress="117" party="R" role="COSPONSOR" state="GA">
                      <name type="parsed">Mrs. Greene of Georgia</name>
                      <name type="authority-fnf">Marjorie Taylor Greene</name>
                      <name type="authority-lnf">Greene, Marjorie Taylor</name>
                      <name type="authority-other">Mrs. Marjorie Greene</name>
                </congMember>
 <congMember authorityId="186" bioGuideId="C000266" chamber="H" congress="117" gpoId="8091" party="R" role="COSPONSOR" state="OH">
                      <name type="parsed">Mr. Chabot</name>
                      <name type="authority-fnf">Steve Chabot</name>
                      <name type="authority-lnf">Chabot, Steve</name>
                </congMember>
 <congMember authorityId="2070" bioGuideId="G000568" chamber="H" congress="117" gpoId="8200" party="R" role="COSPONSOR" state="VA">
                      <name type="parsed">Mr. Griffith</name>
                      <name type="authority-fnf">H. Morgan Griffith</name>
                      <name type="authority-lnf">Griffith, H. Morgan</name>
                </congMember>
 <congMember authorityId="2519" bioGuideId="H001084" chamber="H" congress="117" party="R" role="COSPONSOR" state="NM">
                      <name type="parsed">Ms. Herrell</name>
                      <name type="authority-fnf">Yvette Herrell</name>
                      <name type="authority-lnf">Herrell, Yvette</name>
                </congMember>
 <congMember authorityId="2277" bioGuideId="M001195" chamber="H" congress="117" party="R" role="COSPONSOR" state="WV">
                      <name type="parsed">Mr. Mooney</name>
                      <name type="authority-fnf">Alexander X. Mooney</name>
                      <name type="authority-lnf">Mooney, Alexander X.</name>
                      <name type="authority-other">Mr. Alexander Mooney</name>
                </congMember>
 <congMember authorityId="2165" bioGuideId="W000816" chamber="H" congress="117" party="R" role="COSPONSOR" state="TX">
                      <name type="parsed">Mr. Williams of Texas</name>
                      <name type="authority-fnf">Roger Williams</name>
                      <name type="authority-lnf">Williams, Roger</name>
                </congMember>
 <congMember authorityId="2156" bioGuideId="M001190" chamber="H" congress="117" party="R" role="COSPONSOR" state="OK">
                      <name type="parsed">Mr. Mullin</name>
                      <name type="authority-fnf">Markwayne Mullin</name>
                      <name type="authority-lnf">Mullin, Markwayne</name>
                </congMember>
 <congMember authorityId="2002" bioGuideId="W000806" chamber="H" congress="117" gpoId="7880" party="R" role="COSPONSOR" state="FL">
                      <name type="parsed">Mr. Webster of Florida</name>
                      <name type="authority-fnf">Daniel Webster</name>
                      <name type="authority-lnf">Webster, Daniel</name>
                </congMember>
 <congMember authorityId="2128" bioGuideId="W000813" chamber="H" congress="117" party="R" role="COSPONSOR" state="IN">
                      <name type="parsed">Mrs. Walorski</name>
                      <name type="authority-fnf">Jackie Walorski</name>
                      <name type="authority-lnf">Walorski, Jackie</name>
                </congMember>
 <congMember authorityId="1915" bioGuideId="P000599" chamber="H" congress="117" gpoId="7887" party="R" role="COSPONSOR" state="FL">
                      <name type="parsed">Mr. Posey</name>
                      <name type="authority-fnf">Bill Posey</name>
                      <name type="authority-lnf">Posey, Bill</name>
                </congMember>
 <congMember authorityId="1801" bioGuideId="G000552" chamber="H" congress="117" gpoId="8157" party="R" role="COSPONSOR" state="TX">
                      <name type="parsed">Mr. Gohmert</name>
                      <name type="authority-fnf">Louie Gohmert</name>
                      <name type="authority-lnf">Gohmert, Louie</name>
                </congMember>
 <congMember authorityId="2444" bioGuideId="T000479" chamber="H" congress="117" party="R" role="COSPONSOR" state="TX">
                      <name type="parsed">Mr. Taylor</name>
                      <name type="authority-fnf">Van Taylor</name>
                      <name type="authority-lnf">Taylor, Van</name>
                </congMember>
 <congMember authorityId="2455" bioGuideId="C001118" chamber="H" congress="117" party="R" role="COSPONSOR" state="VA">
                      <name type="parsed">Mr. Cline</name>
                      <name type="authority-fnf">Ben Cline</name>
                      <name type="authority-lnf">Cline, Ben</name>
                </congMember>
 <congMember authorityId="2490" bioGuideId="B000825" chamber="H" congress="117" party="R" role="COSPONSOR" state="CO">
                      <name type="parsed">Mrs. Boebert</name>
                      <name type="authority-fnf">Lauren Boebert</name>
                      <name type="authority-lnf">Boebert, Lauren</name>
                </congMember>
 <congMember authorityId="2233" bioGuideId="B001297" chamber="H" congress="117" party="R" role="COSPONSOR" state="CO">
                      <name type="parsed">Mr. Buck</name>
                      <name type="authority-fnf">Ken Buck</name>
                      <name type="authority-lnf">Buck, Ken</name>
                </congMember>
 <congMember authorityId="2337" bioGuideId="B001298" chamber="H" congress="117" party="R" role="COSPONSOR" state="NE">
                      <name type="parsed">Mr. Bacon</name>
                      <name type="authority-fnf">Don Bacon</name>
                      <name type="authority-lnf">Bacon, Don</name>
                </congMember>
 <congMember authorityId="2276" bioGuideId="G000576" chamber="H" congress="117" party="R" role="COSPONSOR" state="WI">
                      <name type="parsed">Mr. Grothman</name>
                      <name type="authority-fnf">Glenn Grothman</name>
                      <name type="authority-lnf">Grothman, Glenn</name>
                </congMember>
 <isPrivate>false</isPrivate>
 <isAppropriation>false</isAppropriation>
 <USCode title="12">
                      <section number="248"></section>
                </USCode>
 <USCode title="31">
                      <section number="714"></section>
                      <section detail="(e)" number="714"></section>
                      <section detail="(f)(1)(A)" number="714"></section>
                      <section detail="(f)(3)(C)" number="714"></section>
                </USCode>
</extension>
</mods>