<?xml version="1.0"?>
<?xml-stylesheet type="text/xsl" href="billres.xsl"?>
<!DOCTYPE bill PUBLIC "-//US Congress//DTDs/bill.dtd//EN" "bill.dtd">
<bill bill-stage="Introduced-in-House" dms-id="HCDCAE91DBC3244FB83220F5B9CD4A89B" public-private="public" key="H" bill-type="olc"><metadata xmlns:dc="http://purl.org/dc/elements/1.1/">
<dublinCore>
<dc:title>117 HR 24 IH: Federal Reserve Transparency Act of 2021</dc:title>
<dc:publisher>U.S. House of Representatives</dc:publisher>
<dc:date>2021-01-04</dc:date>
<dc:format>text/xml</dc:format>
<dc:language>EN</dc:language>
<dc:rights>Pursuant to Title 17 Section 105 of the United States Code, this file is not subject to copyright protection and is in the public domain.</dc:rights>
</dublinCore>
</metadata>
<form>
<distribution-code display="yes">I</distribution-code><congress display="yes">117th CONGRESS</congress><session display="yes">1st Session</session><legis-num display="yes">H. R. 24</legis-num><current-chamber>IN THE HOUSE OF REPRESENTATIVES</current-chamber><action display="yes"><action-date date="20210104">January 4, 2021</action-date><action-desc><sponsor name-id="M001184">Mr. Massie</sponsor> (for himself, <cosponsor name-id="G000578">Mr. Gaetz</cosponsor>, <cosponsor name-id="D000615">Mr. Duncan</cosponsor>, <cosponsor name-id="W000804">Mr. Wittman</cosponsor>, <cosponsor name-id="G000565">Mr. Gosar</cosponsor>, <cosponsor name-id="F000466">Mr. Fitzpatrick</cosponsor>, <cosponsor name-id="B001274">Mr. Brooks</cosponsor>, <cosponsor name-id="J000289">Mr. Jordan</cosponsor>, <cosponsor name-id="M001159">Mrs. Rodgers of Washington</cosponsor>, <cosponsor name-id="M001199">Mr. Mast</cosponsor>, <cosponsor name-id="A000372">Mr. Allen</cosponsor>, <cosponsor name-id="P000609">Mr. Palmer</cosponsor>, <cosponsor name-id="M001177">Mr. McClintock</cosponsor>, <cosponsor name-id="P000605">Mr. Perry</cosponsor>, <cosponsor name-id="D000616">Mr. DesJarlais</cosponsor>, <cosponsor name-id="B001309">Mr. Burchett</cosponsor>, <cosponsor name-id="L000564">Mr. Lamborn</cosponsor>, <cosponsor name-id="D000626">Mr. Davidson</cosponsor>, <cosponsor name-id="N000190">Mr. Norman</cosponsor>, <cosponsor name-id="G000558">Mr. Guthrie</cosponsor>, <cosponsor name-id="W000827">Mr. Wright</cosponsor>, <cosponsor name-id="C000059">Mr. Calvert</cosponsor>, <cosponsor name-id="T000480">Mr. Timmons</cosponsor>, <cosponsor name-id="S001172">Mr. Smith of Nebraska</cosponsor>, <cosponsor name-id="B001302">Mr. Biggs</cosponsor>, <cosponsor name-id="H001056">Ms. Herrera Beutler</cosponsor>, <cosponsor name-id="C001087">Mr. Crawford</cosponsor>, <cosponsor name-id="C001103">Mr. Carter of Georgia</cosponsor>, <cosponsor name-id="G000596">Mrs. Greene of Georgia</cosponsor>, <cosponsor name-id="C000266">Mr. Chabot</cosponsor>, <cosponsor name-id="G000568">Mr. Griffith</cosponsor>, <cosponsor name-id="H001084">Ms. Herrell</cosponsor>, <cosponsor name-id="M001195">Mr. Mooney</cosponsor>, <cosponsor name-id="W000816">Mr. Williams of Texas</cosponsor>, <cosponsor name-id="M001190">Mr. Mullin</cosponsor>, <cosponsor name-id="W000806">Mr. Webster of Florida</cosponsor>, <cosponsor name-id="W000813">Mrs. Walorski</cosponsor>, <cosponsor name-id="P000599">Mr. Posey</cosponsor>, <cosponsor name-id="G000552">Mr. Gohmert</cosponsor>, <cosponsor name-id="T000479">Mr. Taylor</cosponsor>, <cosponsor name-id="C001118">Mr. Cline</cosponsor>, <cosponsor name-id="B000825">Mrs. Boebert</cosponsor>, <cosponsor name-id="B001297">Mr. Buck</cosponsor>, <cosponsor name-id="B001298">Mr. Bacon</cosponsor>, and <cosponsor name-id="G000576">Mr. Grothman</cosponsor>) introduced the following bill; which was referred to the <committee-name committee-id="HGO00">Committee on Oversight and Reform</committee-name></action-desc></action><legis-type>A BILL</legis-type><official-title display="yes">To require a full audit of the Board of Governors of the Federal Reserve System and the Federal reserve banks by the Comptroller General of the United States, and for other purposes.</official-title></form><legis-body id="HDCDDB3D988A548CB9E8FA7E88B24FAB9" style="OLC"><section id="H46DE53F9761143E3895E58DF7D105A46" section-type="section-one"><enum>1.</enum><header>Short title</header><text display-inline="no-display-inline">This Act may be cited as the <quote><short-title>Federal Reserve Transparency Act of 2021</short-title></quote>.</text></section><section id="H93E2195EAE554A25BC060E1681A4EE1E"><enum>2.</enum><header>Audit reform and transparency for the board of governors of the Federal Reserve System</header><subsection id="H6248A079041F495F8CA8D1D7BC5EFFE1"><enum>(a)</enum><header>In general</header><text>Notwithstanding section 714 of title 31, United States Code, or any other provision of law, the Comptroller General of the United States shall complete an audit of the Board of Governors of the Federal Reserve System and the Federal reserve banks under subsection (b) of such section 714 within 12 months after the date of the enactment of this Act.</text></subsection><subsection id="HF0FA9621C5944A94B82C49546DD29209"><enum>(b)</enum><header>Report</header><paragraph id="HCC8E557D235842DDBEE9E647EEA94E3E"><enum>(1)</enum><header>In general</header><text>Not later than 90 days after the audit required pursuant to subsection (a) is completed, the Comptroller General—</text><subparagraph id="H667D0A0E2A884C37B52573178C193D82"><enum>(A)</enum><text>shall submit to Congress a report on such audit; and</text></subparagraph><subparagraph id="HC4B7395270484E01B840B48408DD4229"><enum>(B)</enum><text>shall make such report available to the Speaker of the House, the majority and minority leaders of the House of Representatives, the majority and minority leaders of the Senate, the Chairman and Ranking Member of the committee and each subcommittee of jurisdiction in the House of Representatives and the Senate, and any other Member of Congress who requests the report.</text></subparagraph></paragraph><paragraph id="HF6C8A3DECCA54E3C9835854FED5B6A03"><enum>(2)</enum><header>Contents</header><text>The report under paragraph (1) shall include a detailed description of the findings and conclusion of the Comptroller General with respect to the audit that is the subject of the report, together with such recommendations for legislative or administrative action as the Comptroller General may determine to be appropriate.</text></paragraph></subsection><subsection id="HD377F010D0564BB390015EFAFB7011DC"><enum>(c)</enum><header>Repeal of certain limitations</header><text>Subsection (b) of section 714 of title 31, United States Code, is amended by striking the second sentence.</text></subsection><subsection id="HE4BC57BD584B4E2AB01E67DF115E28F7"><enum>(d)</enum><header>Technical and conforming amendments</header><paragraph id="H20CE8FF1B3DC463A937F628D8673ED45"><enum>(1)</enum><header>In general</header><text>Section 714 of title 31, United States Code, is amended—</text><subparagraph id="HF1A4AA2CA92D4AFAAC500AEB668126AA"><enum>(A)</enum><text>in subsection (d)(3), by striking <quote>or (f)</quote> each place such term appears;</text></subparagraph><subparagraph id="H8B49C7E34C6E4BD0B8702866ACDBE769"><enum>(B)</enum><text>in subsection (e), by striking <quote>the third undesignated paragraph of section 13</quote> and inserting <quote>section 13(3)</quote>; and</text></subparagraph><subparagraph id="H414B0FA4014E4BDBA88BAFA48D9B8F67"><enum>(C)</enum><text>by striking subsection (f).</text></subparagraph></paragraph><paragraph id="H9E37575E69214BEA8E75D287F31B535B"><enum>(2)</enum><header>Federal Reserve Act</header><text>Subsection (s) (relating to <quote>Federal Reserve Transparency and Release of Information</quote>) of section 11 of the Federal Reserve Act (<external-xref legal-doc="usc" parsable-cite="usc/12/248">12 U.S.C. 248</external-xref>) is amended—</text><subparagraph id="H2150776DB6FD444CA7F2719B11FC732F"><enum>(A)</enum><text>in paragraph (4)(A), by striking <quote>has the same meaning as in section 714(f)(1)(A) of title 31, United States Code</quote> and inserting <quote>means a program or facility, including any special purpose vehicle or other entity established by or on behalf of the Board of Governors of the Federal Reserve System or a Federal reserve bank, authorized by the Board of Governors under section 13(3), that is not subject to audit under section 714(e) of title 31, United States Code</quote>;</text></subparagraph><subparagraph id="HC4E8F63C34AE495FA88A213B8B94E089"><enum>(B)</enum><text>in paragraph (6), by striking <quote>or in section 714(f)(3)(C) of title 31, United States Code, the information described in paragraph (1) and information concerning the transactions described in section 714(f) of such title,</quote> and inserting <quote>the information described in paragraph (1)</quote>; and</text></subparagraph><subparagraph id="H97C8326FD20146019FF4E61A6EF3356D"><enum>(C)</enum><text>in paragraph (7), by striking <quote>and section 13(3)(C), section 714(f)(3)(C) of title 31, United States Code, and</quote> and inserting <quote>, section 13(3)(C), and</quote>.</text></subparagraph></paragraph></subsection></section></legis-body></bill> 

