<mods xmlns:xlink="http://www.w3.org/1999/xlink" xmlns:xsi="http://www.w3.org/2001/XMLSchema-instance" xmlns="http://www.loc.gov/mods/v3" version="3.3" xsi:schemaLocation="http://www.loc.gov/mods/v3 http://www.loc.gov/standards/mods/v3/mods-3-3.xsd" ID="P0b002ee1aab59ab3">
<name type="corporate">
 <namePart>United States Government Publishing Office</namePart>
 <role>
  <roleTerm authority="marcrelator" type="text">publisher</roleTerm>
  <roleTerm authority="marcrelator" type="code">pbl</roleTerm>
</role>
 <role>
  <roleTerm authority="marcrelator" type="text">distributor</roleTerm>
  <roleTerm authority="marcrelator" type="code">dst</roleTerm>
</role>
</name>
<name type="corporate">
 <namePart>United States</namePart>
 <namePart>Congress</namePart>
 <namePart>House of Representatives</namePart>
 <role>
  <roleTerm authority="marcrelator" type="text">author</roleTerm>
  <roleTerm authority="marcrelator" type="code">aut</roleTerm>
</role>
 <description>Government Organization</description>
</name>
<typeOfResource>text</typeOfResource>
<genre authority="marcgt">government publication</genre>
<language>
 <languageTerm type="code" authority="iso639-2b">eng</languageTerm>
</language>
<extension>
 <collectionCode>BILLS</collectionCode>
 <searchTitle>Proposing a balanced budget amendment to the Constitution of the United States.;H.J. Res. 3 (IH)
    </searchTitle>
 <category>Bills and Statutes</category>
 <waisDatabaseName>117_cong_bills</waisDatabaseName>
 <branch>legislative</branch>
 <dateIngested>2021-01-05</dateIngested>
</extension>
<titleInfo>
 <title>Proposing a balanced budget amendment to the Constitution of the United States.</title>
</titleInfo>
<titleInfo type="alternative">
 <title>H.J. Res. 3 (IH)
    </title>
</titleInfo>
<originInfo>
 <publisher>U.S. Government Publishing Office</publisher>
 <dateIssued encoding="w3cdtf">2021-01-04</dateIssued>
 <issuance>monographic</issuance>
</originInfo>
<physicalDescription>
 <note type="source content type">deposited</note>
 <digitalOrigin>born digital</digitalOrigin>
 <extent>3 p.</extent>
</physicalDescription>
<classification authority="sudocs">Y 1.6:</classification>
<classification authority="sudocs">Y 1.4/8:</classification>
<identifier type="local">P0b002ee1aab59ab3</identifier>
<identifier type="uri">https://www.govinfo.gov/app/details/BILLS-117hjres3ih</identifier>
<identifier type="preferred citation">H.J. Res. 3</identifier>
<identifier type="stock number">021-610-00252-9</identifier>
<identifier type="Parent ILS system id">000501532</identifier>
<identifier type="Child ILS system id">000325570</identifier>
<identifier type="Parent ILS title">Congressional bills</identifier>
<identifier type="Child ILS title">House joint resolutions</identifier>
<identifier type="former package identifier">f:hj3_ih.txt</identifier>
<location>
 <url displayLabel="Content Detail" access="object in context">https://www.govinfo.gov/app/details/BILLS-117hjres3ih</url>
 <url displayLabel="HTML rendition" access="raw object">https://www.govinfo.gov/content/pkg/BILLS-117hjres3ih/html/BILLS-117hjres3ih.htm</url>
 <url displayLabel="PDF rendition" access="raw object">https://www.govinfo.gov/content/pkg/BILLS-117hjres3ih/pdf/BILLS-117hjres3ih.pdf</url>
 <url displayLabel="XML rendition" access="raw object">https://www.govinfo.gov/content/pkg/BILLS-117hjres3ih/xml/BILLS-117hjres3ih.xml</url>
</location>
<accessCondition type="GPO scope determination">fdlp</accessCondition>
<recordInfo>
 <recordContentSource authority="marcorg">DGPO</recordContentSource>
 <recordCreationDate encoding="w3cdtf">2021-01-05</recordCreationDate>
 <recordChangeDate encoding="w3cdtf">2021-01-06</recordChangeDate>
 <recordIdentifier source="DGPO">BILLS-117hjres3ih</recordIdentifier>
 <recordOrigin>machine generated</recordOrigin>
 <languageOfCataloging>
  <languageTerm type="code" authority="iso639-2b">eng</languageTerm>
</languageOfCataloging>
</recordInfo>
<name type="personal">
 <namePart>Steve Chabot</namePart>
 <affiliation>United States House of Representatives</affiliation>
 <role>
  <roleTerm authority="marcrelator" type="text">sponsor</roleTerm>
  <roleTerm authority="marcrelator" type="code">spn</roleTerm>
</role>
 <description>United States Congress Member</description>
</name>
<name type="personal">
 <namePart>Mark E. Amodei</namePart>
 <affiliation>United States House of Representatives</affiliation>
 <role>
  <roleTerm type="text">cosponsor</roleTerm>
</role>
 <description>United States Congress Member</description>
</name>
<name type="personal">
 <namePart>Clay Higgins</namePart>
 <affiliation>United States House of Representatives</affiliation>
 <role>
  <roleTerm type="text">cosponsor</roleTerm>
</role>
 <description>United States Congress Member</description>
</name>
<name type="personal">
 <namePart>Ken Calvert</namePart>
 <affiliation>United States House of Representatives</affiliation>
 <role>
  <roleTerm type="text">cosponsor</roleTerm>
</role>
 <description>United States Congress Member</description>
</name>
<name type="personal">
 <namePart>William R. Timmons IV</namePart>
 <affiliation>United States House of Representatives</affiliation>
 <role>
  <roleTerm type="text">cosponsor</roleTerm>
</role>
 <description>United States Congress Member</description>
</name>
<name type="personal">
 <namePart>W. Gregory Steube</namePart>
 <affiliation>United States House of Representatives</affiliation>
 <role>
  <roleTerm type="text">cosponsor</roleTerm>
</role>
 <description>United States Congress Member</description>
</name>
<name type="personal">
 <namePart>John Joyce</namePart>
 <affiliation>United States House of Representatives</affiliation>
 <role>
  <roleTerm type="text">cosponsor</roleTerm>
</role>
 <description>United States Congress Member</description>
</name>
<name type="personal">
 <namePart>Tom Rice</namePart>
 <affiliation>United States House of Representatives</affiliation>
 <role>
  <roleTerm type="text">cosponsor</roleTerm>
</role>
 <description>United States Congress Member</description>
</name>
<name type="personal">
 <namePart>Jeff Duncan</namePart>
 <affiliation>United States House of Representatives</affiliation>
 <role>
  <roleTerm type="text">cosponsor</roleTerm>
</role>
 <description>United States Congress Member</description>
</name>
<name type="personal">
 <namePart>J. French Hill</namePart>
 <affiliation>United States House of Representatives</affiliation>
 <role>
  <roleTerm type="text">cosponsor</roleTerm>
</role>
 <description>United States Congress Member</description>
</name>
<name type="personal">
 <namePart>Randy K. Weber, Sr.</namePart>
 <affiliation>United States House of Representatives</affiliation>
 <role>
  <roleTerm type="text">cosponsor</roleTerm>
</role>
 <description>United States Congress Member</description>
</name>
<name type="personal">
 <namePart>Neal P. Dunn</namePart>
 <affiliation>United States House of Representatives</affiliation>
 <role>
  <roleTerm type="text">cosponsor</roleTerm>
</role>
 <description>United States Congress Member</description>
</name>
<name type="personal">
 <namePart>Mike Garcia</namePart>
 <affiliation>United States House of Representatives</affiliation>
 <role>
  <roleTerm type="text">cosponsor</roleTerm>
</role>
 <description>United States Congress Member</description>
</name>
<name type="personal">
 <namePart>Van Taylor</namePart>
 <affiliation>United States House of Representatives</affiliation>
 <role>
  <roleTerm type="text">cosponsor</roleTerm>
</role>
 <description>United States Congress Member</description>
</name>
<name type="personal">
 <namePart>Tom Emmer</namePart>
 <affiliation>United States House of Representatives</affiliation>
 <role>
  <roleTerm type="text">cosponsor</roleTerm>
</role>
 <description>United States Congress Member</description>
</name>
<name type="personal">
 <namePart>Rick W. Allen</namePart>
 <affiliation>United States House of Representatives</affiliation>
 <role>
  <roleTerm type="text">cosponsor</roleTerm>
</role>
 <description>United States Congress Member</description>
</name>
<name type="personal">
 <namePart>Bill Johnson</namePart>
 <affiliation>United States House of Representatives</affiliation>
 <role>
  <roleTerm type="text">cosponsor</roleTerm>
</role>
 <description>United States Congress Member</description>
</name>
<name type="personal">
 <namePart>Debbie Lesko</namePart>
 <affiliation>United States House of Representatives</affiliation>
 <role>
  <roleTerm type="text">cosponsor</roleTerm>
</role>
 <description>United States Congress Member</description>
</name>
<name type="personal">
 <namePart>Adrian Smith</namePart>
 <affiliation>United States House of Representatives</affiliation>
 <role>
  <roleTerm type="text">cosponsor</roleTerm>
</role>
 <description>United States Congress Member</description>
</name>
<name type="personal">
 <namePart>James R. Baird</namePart>
 <affiliation>United States House of Representatives</affiliation>
 <role>
  <roleTerm type="text">cosponsor</roleTerm>
</role>
 <description>United States Congress Member</description>
</name>
<name type="corporate">
 <namePart>United States</namePart>
 <namePart>Congress</namePart>
 <namePart>House of Representatives</namePart>
 <namePart>Committee on the Judiciary</namePart>
 <role>
  <roleTerm authority="marcrelator" type="text">associated name</roleTerm>
  <roleTerm authority="marcrelator" type="code">asn</roleTerm>
</role>
</name>
<extension>
 <docClass>hjres</docClass>
 <accessId>BILLS-117hjres3ih</accessId>
 <congress>117</congress>
 <session>1</session>
 <originChamber>HOUSE</originChamber>
 <currentChamber>HOUSE</currentChamber>
 <billNumber>3</billNumber>
 <billVersion reprint="false">ih</billVersion>
 <fileSuffix>ih</fileSuffix>
 <officialTitle>Proposing a balanced budget amendment to the Constitution of the United States.</officialTitle>
 <action date="2021-01-04">Mr. Chabot (for himself, Mr. Amodei, Mr. Higgins of Louisiana, Mr. Calvert, Mr. Timmons, Mr. Steube, Mr. Joyce of Pennsylvania, Mr. Rice of South Carolina, Mr. Duncan, Mr. Hill, Mr. Weber of Texas, Mr. Dunn, Mr. Garcia of California, Mr. Taylor, Mr. Emmer, Mr. Allen, Mr. Johnson of Ohio, Mrs. Lesko, Mr. Smith of Nebraska, and Mr. Baird) submitted the following joint resolution; which was referred to the Committee on the Judiciary</action>
 <congCommittee authorityId="hsju00" chamber="H" congress="117" type="S">
                      <name type="authority-standard">Committee on the Judiciary</name>
                      <name type="authority-short">Judiciary</name>
                </congCommittee>
 <congMember authorityId="186" bioGuideId="C000266" chamber="H" congress="117" gpoId="8091" party="R" role="SPONSOR" state="OH">
                      <name type="parsed">Mr. Chabot</name>
                      <name type="authority-fnf">Steve Chabot</name>
                      <name type="authority-lnf">Chabot, Steve</name>
                </congMember>
 <congMember authorityId="2090" bioGuideId="A000369" chamber="H" congress="117" gpoId="8366" party="R" role="COSPONSOR" state="NV">
                      <name type="parsed">Mr. Amodei</name>
                      <name type="authority-fnf">Mark E. Amodei</name>
                      <name type="authority-lnf">Amodei, Mark E.</name>
                      <name type="authority-other">Mr. Mark Amodei</name>
                </congMember>
 <congMember authorityId="2329" bioGuideId="H001077" chamber="H" congress="117" party="R" role="COSPONSOR" state="LA">
                      <name type="parsed">Mr. Higgins of Louisiana</name>
                      <name type="authority-fnf">Clay Higgins</name>
                      <name type="authority-lnf">Higgins, Clay</name>
                </congMember>
 <congMember authorityId="165" bioGuideId="C000059" chamber="H" congress="117" gpoId="7849" party="R" role="COSPONSOR" state="CA">
                      <name type="parsed">Mr. Calvert</name>
                      <name type="authority-fnf">Ken Calvert</name>
                      <name type="authority-lnf">Calvert, Ken</name>
                </congMember>
 <congMember authorityId="2438" bioGuideId="T000480" chamber="H" congress="117" party="R" role="COSPONSOR" state="SC">
                      <name type="parsed">Mr. Timmons</name>
                      <name type="authority-fnf">William R. Timmons IV</name>
                      <name type="authority-lnf">Timmons, William R. IV</name>
                      <name type="authority-other">Mr. William Timmons IV</name>
                </congMember>
 <congMember authorityId="2389" bioGuideId="S001214" chamber="H" congress="117" party="R" role="COSPONSOR" state="FL">
                      <name type="parsed">Mr. Steube</name>
                      <name type="authority-fnf">W. Gregory Steube</name>
                      <name type="authority-lnf">Steube, W. Gregory</name>
                </congMember>
 <congMember authorityId="2435" bioGuideId="J000302" chamber="H" congress="117" party="R" role="COSPONSOR" state="PA">
                      <name type="parsed">Mr. Joyce of Pennsylvania</name>
                      <name type="authority-fnf">John Joyce</name>
                      <name type="authority-lnf">Joyce, John</name>
                </congMember>
 <congMember authorityId="2160" bioGuideId="R000597" chamber="H" congress="117" party="R" role="COSPONSOR" state="SC">
                      <name type="parsed">Mr. Rice of South Carolina</name>
                      <name type="authority-fnf">Tom Rice</name>
                      <name type="authority-lnf">Rice, Tom</name>
                </congMember>
 <congMember authorityId="2057" bioGuideId="D000615" chamber="H" congress="117" gpoId="8143" party="R" role="COSPONSOR" state="SC">
                      <name type="parsed">Mr. Duncan</name>
                      <name type="authority-fnf">Jeff Duncan</name>
                      <name type="authority-lnf">Duncan, Jeff</name>
                </congMember>
 <congMember authorityId="2223" bioGuideId="H001072" chamber="H" congress="117" party="R" role="COSPONSOR" state="AR">
                      <name type="parsed">Mr. Hill</name>
                      <name type="authority-fnf">J. French Hill</name>
                      <name type="authority-lnf">Hill, J. French</name>
                </congMember>
 <congMember authorityId="2161" bioGuideId="W000814" chamber="H" congress="117" party="R" role="COSPONSOR" state="TX">
                      <name type="parsed">Mr. Weber of Texas</name>
                      <name type="authority-fnf">Randy K. Weber, Sr.</name>
                      <name type="authority-lnf">Weber, Randy K., Sr.</name>
                      <name type="authority-other">Mr. Randy Weber Sr.</name>
                </congMember>
 <congMember authorityId="2315" bioGuideId="D000628" chamber="H" congress="117" party="R" role="COSPONSOR" state="FL">
                      <name type="parsed">Mr. Dunn</name>
                      <name type="authority-fnf">Neal P. Dunn</name>
                      <name type="authority-lnf">Dunn, Neal P.</name>
                      <name type="authority-other">Mr. Neal Dunn</name>
                </congMember>
 <congMember authorityId="2479" bioGuideId="G000061" chamber="H" congress="117" party="R" role="COSPONSOR" state="CA">
                      <name type="parsed">Mr. Garcia of California</name>
                      <name type="authority-fnf">Mike Garcia</name>
                      <name type="authority-lnf">Garcia, Mike</name>
                </congMember>
 <congMember authorityId="2444" bioGuideId="T000479" chamber="H" congress="117" party="R" role="COSPONSOR" state="TX">
                      <name type="parsed">Mr. Taylor</name>
                      <name type="authority-fnf">Van Taylor</name>
                      <name type="authority-lnf">Taylor, Van</name>
                </congMember>
 <congMember authorityId="2253" bioGuideId="E000294" chamber="H" congress="117" party="R" role="COSPONSOR" state="MN">
                      <name type="parsed">Mr. Emmer</name>
                      <name type="authority-fnf">Tom Emmer</name>
                      <name type="authority-lnf">Emmer, Tom</name>
                </congMember>
 <congMember authorityId="2239" bioGuideId="A000372" chamber="H" congress="117" party="R" role="COSPONSOR" state="GA">
                      <name type="parsed">Mr. Allen</name>
                      <name type="authority-fnf">Rick W. Allen</name>
                      <name type="authority-lnf">Allen, Rick W.</name>
                      <name type="authority-other">Mr. Rick Allen</name>
                </congMember>
 <congMember authorityId="2046" bioGuideId="J000292" chamber="H" congress="117" gpoId="8096" party="R" role="COSPONSOR" state="OH">
                      <name type="parsed">Mr. Johnson of Ohio</name>
                      <name type="authority-fnf">Bill Johnson</name>
                      <name type="authority-lnf">Johnson, Bill</name>
                </congMember>
 <congMember authorityId="2368" bioGuideId="L000589" chamber="H" congress="117" party="R" role="COSPONSOR" state="AZ">
                      <name type="parsed">Mrs. Lesko</name>
                      <name type="authority-fnf">Debbie Lesko</name>
                      <name type="authority-lnf">Lesko, Debbie</name>
                </congMember>
 <congMember authorityId="1860" bioGuideId="S001172" chamber="H" congress="117" gpoId="8040" party="R" role="COSPONSOR" state="NE">
                      <name type="parsed">Mr. Smith of Nebraska</name>
                      <name type="authority-fnf">Adrian Smith</name>
                      <name type="authority-lnf">Smith, Adrian</name>
                </congMember>
 <congMember authorityId="2400" bioGuideId="B001307" chamber="H" congress="117" party="R" role="COSPONSOR" state="IN">
                      <name type="parsed">Mr. Baird</name>
                      <name type="authority-fnf">James R. Baird</name>
                      <name type="authority-lnf">Baird, James R.</name>
                      <name type="authority-other">Mr. James Baird</name>
                </congMember>
 <isPrivate>false</isPrivate>
 <isAppropriation>false</isAppropriation>
</extension>
</mods>