<mods xmlns:xlink="http://www.w3.org/1999/xlink" xmlns:xsi="http://www.w3.org/2001/XMLSchema-instance" xmlns="http://www.loc.gov/mods/v3" version="3.3" xsi:schemaLocation="http://www.loc.gov/mods/v3 http://www.loc.gov/standards/mods/v3/mods-3-3.xsd" ID="P0b002ee1aac2a362">
<name type="corporate">
 <namePart>United States Government Publishing Office</namePart>
 <role>
  <roleTerm authority="marcrelator" type="text">publisher</roleTerm>
  <roleTerm authority="marcrelator" type="code">pbl</roleTerm>
</role>
 <role>
  <roleTerm authority="marcrelator" type="text">distributor</roleTerm>
  <roleTerm authority="marcrelator" type="code">dst</roleTerm>
</role>
</name>
<name type="corporate">
 <namePart>United States</namePart>
 <namePart>Congress</namePart>
 <namePart>Senate</namePart>
 <role>
  <roleTerm authority="marcrelator" type="text">author</roleTerm>
  <roleTerm authority="marcrelator" type="code">aut</roleTerm>
</role>
 <description>Government Organization</description>
</name>
<name type="corporate">
 <namePart>United States</namePart>
 <namePart>Congress</namePart>
 <namePart>House of Representatives</namePart>
 <role>
  <roleTerm authority="marcrelator" type="text">author</roleTerm>
  <roleTerm authority="marcrelator" type="code">aut</roleTerm>
</role>
 <description>Government Organization</description>
</name>
<typeOfResource>text</typeOfResource>
<genre authority="marcgt">government publication</genre>
<language>
 <languageTerm type="code" authority="iso639-2b">eng</languageTerm>
</language>
<extension>
 <collectionCode>BILLS</collectionCode>
 <searchTitle>An Act To amend the Federal Funding Accountability and Transparency Act of 2006, to require the budget justifications and appropriation requests of agencies be made publicly available.;Congressional Budget Justification Transparency Act of 2021;H.R. 22 (RFS)
    </searchTitle>
 <category>Bills and Statutes</category>
 <waisDatabaseName>117_cong_bills</waisDatabaseName>
 <branch>legislative</branch>
 <dateIngested>2021-01-08</dateIngested>
</extension>
<titleInfo>
 <title>An Act To amend the Federal Funding Accountability and Transparency Act of 2006, to require the budget justifications and appropriation requests of agencies be made publicly available.</title>
</titleInfo>
<titleInfo type="alternative">
 <title>Congressional Budget Justification Transparency Act of 2021</title>
</titleInfo>
<titleInfo type="alternative">
 <title>H.R. 22 (RFS)
    </title>
</titleInfo>
<originInfo>
 <publisher>U.S. Government Publishing Office</publisher>
 <dateIssued encoding="w3cdtf">2021-01-06</dateIssued>
 <issuance>monographic</issuance>
</originInfo>
<physicalDescription>
 <note type="source content type">deposited</note>
 <digitalOrigin>born digital</digitalOrigin>
 <extent>8 p.</extent>
</physicalDescription>
<classification authority="sudocs">Y 1.6:</classification>
<classification authority="sudocs">Y 1.4/6:</classification>
<identifier type="local">P0b002ee1aac2a362</identifier>
<identifier type="uri">https://www.govinfo.gov/app/details/BILLS-117hr22rfs</identifier>
<identifier type="preferred citation">H.R. 22</identifier>
<identifier type="stock number">021-610-00252-9</identifier>
<identifier type="Parent ILS system id">000501532</identifier>
<identifier type="Child ILS system id">000325573</identifier>
<identifier type="Parent ILS title">Congressional bills</identifier>
<identifier type="Child ILS title">House bills</identifier>
<identifier type="former package identifier">f:h22_rfs.txt</identifier>
<location>
 <url displayLabel="Content Detail" access="object in context">https://www.govinfo.gov/app/details/BILLS-117hr22rfs</url>
 <url displayLabel="HTML rendition" access="raw object">https://www.govinfo.gov/content/pkg/BILLS-117hr22rfs/html/BILLS-117hr22rfs.htm</url>
 <url displayLabel="PDF rendition" access="raw object">https://www.govinfo.gov/content/pkg/BILLS-117hr22rfs/pdf/BILLS-117hr22rfs.pdf</url>
 <url displayLabel="XML rendition" access="raw object">https://www.govinfo.gov/content/pkg/BILLS-117hr22rfs/xml/BILLS-117hr22rfs.xml</url>
</location>
<accessCondition type="GPO scope determination">fdlp</accessCondition>
<recordInfo>
 <recordContentSource authority="marcorg">DGPO</recordContentSource>
 <recordCreationDate encoding="w3cdtf">2021-01-08</recordCreationDate>
 <recordChangeDate encoding="w3cdtf">2021-01-09</recordChangeDate>
 <recordIdentifier source="DGPO">BILLS-117hr22rfs</recordIdentifier>
 <recordOrigin>machine generated</recordOrigin>
 <languageOfCataloging>
  <languageTerm type="code" authority="iso639-2b">eng</languageTerm>
</languageOfCataloging>
</recordInfo>
<name type="corporate">
 <namePart>United States</namePart>
 <namePart>Congress</namePart>
 <namePart>Senate</namePart>
 <namePart>Committee on Homeland Security and Governmental Affairs</namePart>
 <role>
  <roleTerm authority="marcrelator" type="text">associated name</roleTerm>
  <roleTerm authority="marcrelator" type="code">asn</roleTerm>
</role>
</name>
<relatedItem type="isReferencedBy">
 <titleInfo>
  <title>United States Code</title>
  <partNumber>Title 31 Section 1105</partNumber>
  <partNumber>Title 31 Section 1105(a)</partNumber>
  <partNumber>Title 31 Section 6101note</partNumber>
</titleInfo>
 <identifier type="USC citation">31 U.S.C. 1105</identifier>
 <identifier type="USC citation">31 U.S.C. 1105(a)</identifier>
 <identifier type="USC citation">31 U.S.C. 6101note</identifier>
</relatedItem>
<relatedItem type="isReferencedBy">
 <titleInfo>
  <title>United States Code</title>
  <partNumber>Title 44 Section 3502</partNumber>
</titleInfo>
 <identifier type="USC citation">44 U.S.C. 3502</identifier>
</relatedItem>
<relatedItem type="isReferencedBy">
 <titleInfo>
  <title>United States Public Law 282 (109th Congress)</title>
</titleInfo>
 <identifier type="public law citation">Public Law 109-282</identifier>
</relatedItem>
<extension>
 <docClass>hr</docClass>
 <accessId>BILLS-117hr22rfs</accessId>
 <congress>117</congress>
 <session>1</session>
 <originChamber>HOUSE</originChamber>
 <currentChamber>SENATE</currentChamber>
 <billNumber>22</billNumber>
 <billVersion reprint="false">rfs</billVersion>
 <fileSuffix>rfs</fileSuffix>
 <shortTitle type="measure">Congressional Budget Justification Transparency Act of 2021</shortTitle>
 <officialTitle>To amend the Federal Funding Accountability and Transparency Act of 2006, to require the budget justifications and appropriation requests of agencies be made publicly available.</officialTitle>
 <action date="2021-01-06">Received; read twice and referred to the Committee on Homeland Security and Governmental Affairs</action>
 <congCommittee authorityId="ssga00" chamber="S" congress="117" type="S">
                      <name type="authority-standard">Committee on Homeland Security and Governmental Affairs</name>
                      <name type="authority-short">Homeland Security and Governmental Affairs</name>
                </congCommittee>
 <law congress="109" isPrivate="false" number="282"></law>
 <isPrivate>false</isPrivate>
 <isAppropriation>false</isAppropriation>
 <USCode title="31">
                      <section number="1105"></section>
                      <section detail="(a)" number="1105"></section>
                      <section detail="note" number="6101"></section>
                </USCode>
 <USCode title="44">
                      <section number="3502"></section>
                </USCode>
</extension>
</mods>