<?xml version="1.0"?>
<?xml-stylesheet type="text/xsl" href="billres.xsl"?>
<!DOCTYPE resolution PUBLIC "-//US Congress//DTDs/res.dtd//EN" "res.dtd">
<resolution resolution-stage="Introduced-in-House" dms-id="H1EA1252723054A0D89FAC58170B4607C" public-private="public" resolution-type="house-resolution" star-print="no-star-print" key="H"><metadata xmlns:dc="http://purl.org/dc/elements/1.1/">
<dublinCore>
<dc:title>117 HRES 44 IH: Directing the Department of Justice to open a criminal investigation into President Donald J. Trump for his involvement in and incitement of the violent attacks at the United States Capitol on January 6, 2021.</dc:title>
<dc:publisher>U.S. House of Representatives</dc:publisher>
<dc:date>2021-01-13</dc:date>
<dc:format>text/xml</dc:format>
<dc:language>EN</dc:language>
<dc:rights>Pursuant to Title 17 Section 105 of the United States Code, this file is not subject to copyright protection and is in the public domain.</dc:rights>
</dublinCore>
</metadata>
<form>
<distribution-code display="yes">IV</distribution-code><congress display="yes">117th CONGRESS</congress><session display="yes">1st Session</session><legis-num display="yes">H. RES. 44</legis-num><current-chamber>IN THE HOUSE OF REPRESENTATIVES</current-chamber><action display="yes"><action-date date="20210113">January 13, 2021</action-date><action-desc><sponsor name-id="B001296">Mr. Brendan F. Boyle of Pennsylvania</sponsor> submitted the following resolution; which was referred to the <committee-name committee-id="HJU00">Committee on the Judiciary</committee-name></action-desc></action><legis-type>RESOLUTION</legis-type><official-title display="yes">Directing the Department of Justice to open a criminal investigation into President Donald J. Trump for his involvement in and incitement of the violent attacks at the United States Capitol on January 6, 2021.</official-title></form><preamble><whereas><text>Whereas President Trump held a rally on January 6, 2021, during which he encouraged the crowd to storm the United States Capitol, resulting in a violent uprising against the authority of the United States;</text></whereas><whereas><text>Whereas in his address to the crowd that led to the attack on the United States Capitol on January 6, 2021, President Trump stated, <quote>We’re gathered together in the heart of our Nation’s Capital for very, very basic and simple reason: to save our democracy … you have to get your people to fight … if you don’t fight like hell, you’re not going to have a country anymore … so we’re going to walk down Pennsylvania Avenue and we’re going to the Capitol.</quote>;</text></whereas><whereas><text>Whereas under section 373 of title 18, United States Code, the Federal crime of solicitation to commit a crime of violence applies to <quote>Whoever, with intent that another person engage in conduct constituting a felony that has as an element the use, attempted use, or threatened use of physical force against property or against the person of another in violation of the laws of the United States, and under circumstances strongly corroborative of that intent, solicits, commands, induces, or otherwise endeavors to persuade such other person to engage in such conduct …</quote>;</text></whereas><whereas><text>Whereas the attack on the United States Capitol on January 6, 2021, conducted by the crowd President Trump addressed, constitutes a rebellion or insurrection against the authority of the United States;</text></whereas><whereas><text>Whereas the attack on the United States Capitol on January 6, 2021, conducted by the crowd President Trump addressed, constitutes seditious conspiracy under section 2384 of title 18, United States Code, according to the Department of Justice memorandum on September 17, 2020, which states, <quote>Section 2384 does not require proof of a plot to overthrow the U.S. Government … it also applies to conspiracies with any of the following objects: to oppose by force the authority [of the Government of the United States]; by force to prevent, hinder, or delay the execution of any law of the United States; or by force to seize, take, or possess any property of the United States contrary to the authority thereof.</quote>;</text></whereas><whereas><text>Whereas no citizen of the United States is above the law, even the President of the United States or a former President of the United States; and</text></whereas><whereas><text>Whereas, as of January 20, 2021, at 12:01 p.m., the Department of Justice memorandum issued in 1973 that prevents Federal prosecutors from charging a sitting President with a crime no longer applies to Donald J. Trump: Now, therefore, be it</text></whereas></preamble><resolution-body style="OLC" id="H8D324FD6603D448A91DBE2FD0BF24AD0"><section id="H83DBC7AF375949D2A99700169DE47F8B" display-inline="yes-display-inline" section-type="undesignated-section"><text display-inline="yes-display-inline">That the House of Representatives directs the Department of Justice to open a criminal investigation into Donald J. Trump for his actions related to the attack on the United States Capitol on January 6, 2021. </text></section></resolution-body></resolution> 

