<mods xmlns:xlink="http://www.w3.org/1999/xlink" xmlns:xsi="http://www.w3.org/2001/XMLSchema-instance" xmlns="http://www.loc.gov/mods/v3" version="3.3" xsi:schemaLocation="http://www.loc.gov/mods/v3 http://www.loc.gov/standards/mods/v3/mods-3-3.xsd" ID="P0b002ee1aacfa5eb">
<name type="corporate">
 <namePart>United States Government Publishing Office</namePart>
 <role>
  <roleTerm authority="marcrelator" type="text">publisher</roleTerm>
  <roleTerm authority="marcrelator" type="code">pbl</roleTerm>
</role>
 <role>
  <roleTerm authority="marcrelator" type="text">distributor</roleTerm>
  <roleTerm authority="marcrelator" type="code">dst</roleTerm>
</role>
</name>
<name type="corporate">
 <namePart>United States</namePart>
 <namePart>Congress</namePart>
 <namePart>House of Representatives</namePart>
 <role>
  <roleTerm authority="marcrelator" type="text">author</roleTerm>
  <roleTerm authority="marcrelator" type="code">aut</roleTerm>
</role>
 <description>Government Organization</description>
</name>
<typeOfResource>text</typeOfResource>
<genre authority="marcgt">government publication</genre>
<language>
 <languageTerm type="code" authority="iso639-2b">eng</languageTerm>
</language>
<extension>
 <collectionCode>BILLS</collectionCode>
 <searchTitle>Supporting the goals and ideals of Korean American Day.;H. Res. 45 (IH)
    </searchTitle>
 <category>Bills and Statutes</category>
 <waisDatabaseName>117_cong_bills</waisDatabaseName>
 <branch>legislative</branch>
 <dateIngested>2021-01-14</dateIngested>
</extension>
<titleInfo>
 <title>Supporting the goals and ideals of Korean American Day.</title>
</titleInfo>
<titleInfo type="alternative">
 <title>H. Res. 45 (IH)
    </title>
</titleInfo>
<originInfo>
 <publisher>U.S. Government Publishing Office</publisher>
 <dateIssued encoding="w3cdtf">2021-01-13</dateIssued>
 <issuance>monographic</issuance>
</originInfo>
<physicalDescription>
 <note type="source content type">deposited</note>
 <digitalOrigin>born digital</digitalOrigin>
 <extent>4 p.</extent>
</physicalDescription>
<classification authority="sudocs">Y 1.6:</classification>
<classification authority="sudocs">Y 1.4/7:</classification>
<identifier type="local">P0b002ee1aacfa5eb</identifier>
<identifier type="uri">https://www.govinfo.gov/app/details/BILLS-117hres45ih</identifier>
<identifier type="preferred citation">H. Res. 45</identifier>
<identifier type="stock number">021-610-00252-9</identifier>
<identifier type="Parent ILS system id">000501532</identifier>
<identifier type="Child ILS system id">000325574</identifier>
<identifier type="Parent ILS title">Congressional bills</identifier>
<identifier type="Child ILS title">House resolutions</identifier>
<identifier type="former package identifier">f:hr45_ih.txt</identifier>
<location>
 <url displayLabel="Content Detail" access="object in context">https://www.govinfo.gov/app/details/BILLS-117hres45ih</url>
 <url displayLabel="HTML rendition" access="raw object">https://www.govinfo.gov/content/pkg/BILLS-117hres45ih/html/BILLS-117hres45ih.htm</url>
 <url displayLabel="PDF rendition" access="raw object">https://www.govinfo.gov/content/pkg/BILLS-117hres45ih/pdf/BILLS-117hres45ih.pdf</url>
 <url displayLabel="XML rendition" access="raw object">https://www.govinfo.gov/content/pkg/BILLS-117hres45ih/xml/BILLS-117hres45ih.xml</url>
</location>
<accessCondition type="GPO scope determination">fdlp</accessCondition>
<recordInfo>
 <recordContentSource authority="marcorg">DGPO</recordContentSource>
 <recordCreationDate encoding="w3cdtf">2021-01-14</recordCreationDate>
 <recordChangeDate encoding="w3cdtf">2021-01-14</recordChangeDate>
 <recordIdentifier source="DGPO">BILLS-117hres45ih</recordIdentifier>
 <recordOrigin>machine generated</recordOrigin>
 <languageOfCataloging>
  <languageTerm type="code" authority="iso639-2b">eng</languageTerm>
</languageOfCataloging>
</recordInfo>
<name type="personal">
 <namePart>Jimmy Gomez</namePart>
 <affiliation>United States House of Representatives</affiliation>
 <role>
  <roleTerm authority="marcrelator" type="text">sponsor</roleTerm>
  <roleTerm authority="marcrelator" type="code">spn</roleTerm>
</role>
 <description>United States Congress Member</description>
</name>
<name type="personal">
 <namePart>Young Kim</namePart>
 <affiliation>United States House of Representatives</affiliation>
 <role>
  <roleTerm type="text">cosponsor</roleTerm>
</role>
 <description>United States Congress Member</description>
</name>
<name type="personal">
 <namePart>Judy Chu</namePart>
 <affiliation>United States House of Representatives</affiliation>
 <role>
  <roleTerm type="text">cosponsor</roleTerm>
</role>
 <description>United States Congress Member</description>
</name>
<name type="personal">
 <namePart>Alan S. Lowenthal</namePart>
 <affiliation>United States House of Representatives</affiliation>
 <role>
  <roleTerm type="text">cosponsor</roleTerm>
</role>
 <description>United States Congress Member</description>
</name>
<name type="personal">
 <namePart>Gerald E. Connolly</namePart>
 <affiliation>United States House of Representatives</affiliation>
 <role>
  <roleTerm type="text">cosponsor</roleTerm>
</role>
 <description>United States Congress Member</description>
</name>
<name type="personal">
 <namePart>Ro Khanna</namePart>
 <affiliation>United States House of Representatives</affiliation>
 <role>
  <roleTerm type="text">cosponsor</roleTerm>
</role>
 <description>United States Congress Member</description>
</name>
<name type="personal">
 <namePart>Grace Meng</namePart>
 <affiliation>United States House of Representatives</affiliation>
 <role>
  <roleTerm type="text">cosponsor</roleTerm>
</role>
 <description>United States Congress Member</description>
</name>
<name type="personal">
 <namePart>Scott H. Peters</namePart>
 <affiliation>United States House of Representatives</affiliation>
 <role>
  <roleTerm type="text">cosponsor</roleTerm>
</role>
 <description>United States Congress Member</description>
</name>
<name type="personal">
 <namePart>Eleanor Holmes Norton</namePart>
 <affiliation>United States House of Representatives</affiliation>
 <role>
  <roleTerm type="text">cosponsor</roleTerm>
</role>
 <description>United States Congress Member</description>
</name>
<name type="personal">
 <namePart>Bill Pascrell, Jr.</namePart>
 <affiliation>United States House of Representatives</affiliation>
 <role>
  <roleTerm type="text">cosponsor</roleTerm>
</role>
 <description>United States Congress Member</description>
</name>
<name type="personal">
 <namePart>Ted Lieu</namePart>
 <affiliation>United States House of Representatives</affiliation>
 <role>
  <roleTerm type="text">cosponsor</roleTerm>
</role>
 <description>United States Congress Member</description>
</name>
<name type="personal">
 <namePart>Raul M. Grijalva</namePart>
 <affiliation>United States House of Representatives</affiliation>
 <role>
  <roleTerm type="text">cosponsor</roleTerm>
</role>
 <description>United States Congress Member</description>
</name>
<name type="personal">
 <namePart>Grace F. Napolitano</namePart>
 <affiliation>United States House of Representatives</affiliation>
 <role>
  <roleTerm type="text">cosponsor</roleTerm>
</role>
 <description>United States Congress Member</description>
</name>
<name type="personal">
 <namePart>Barbara Lee</namePart>
 <affiliation>United States House of Representatives</affiliation>
 <role>
  <roleTerm type="text">cosponsor</roleTerm>
</role>
 <description>United States Congress Member</description>
</name>
<name type="personal">
 <namePart>Janice D. Schakowsky</namePart>
 <affiliation>United States House of Representatives</affiliation>
 <role>
  <roleTerm type="text">cosponsor</roleTerm>
</role>
 <description>United States Congress Member</description>
</name>
<name type="personal">
 <namePart>Linda T. Sanchez</namePart>
 <affiliation>United States House of Representatives</affiliation>
 <role>
  <roleTerm type="text">cosponsor</roleTerm>
</role>
 <description>United States Congress Member</description>
</name>
<name type="personal">
 <namePart>Mark Takano</namePart>
 <affiliation>United States House of Representatives</affiliation>
 <role>
  <roleTerm type="text">cosponsor</roleTerm>
</role>
 <description>United States Congress Member</description>
</name>
<name type="personal">
 <namePart>Katie Porter</namePart>
 <affiliation>United States House of Representatives</affiliation>
 <role>
  <roleTerm type="text">cosponsor</roleTerm>
</role>
 <description>United States Congress Member</description>
</name>
<name type="personal">
 <namePart>Michael F. Q. San Nicolas</namePart>
 <affiliation>United States House of Representatives</affiliation>
 <role>
  <roleTerm type="text">cosponsor</roleTerm>
</role>
 <description>United States Congress Member</description>
</name>
<name type="personal">
 <namePart>Ed Case</namePart>
 <affiliation>United States House of Representatives</affiliation>
 <role>
  <roleTerm type="text">cosponsor</roleTerm>
</role>
 <description>United States Congress Member</description>
</name>
<name type="personal">
 <namePart>Andy Kim</namePart>
 <affiliation>United States House of Representatives</affiliation>
 <role>
  <roleTerm type="text">cosponsor</roleTerm>
</role>
 <description>United States Congress Member</description>
</name>
<name type="personal">
 <namePart>Susie Lee</namePart>
 <affiliation>United States House of Representatives</affiliation>
 <role>
  <roleTerm type="text">cosponsor</roleTerm>
</role>
 <description>United States Congress Member</description>
</name>
<name type="personal">
 <namePart>Pramila Jayapal</namePart>
 <affiliation>United States House of Representatives</affiliation>
 <role>
  <roleTerm type="text">cosponsor</roleTerm>
</role>
 <description>United States Congress Member</description>
</name>
<name type="personal">
 <namePart>Gregorio Kilili Camacho Sablan</namePart>
 <affiliation>United States House of Representatives</affiliation>
 <role>
  <roleTerm type="text">cosponsor</roleTerm>
</role>
 <description>United States Congress Member</description>
</name>
<name type="personal">
 <namePart>Norma J. Torres</namePart>
 <affiliation>United States House of Representatives</affiliation>
 <role>
  <roleTerm type="text">cosponsor</roleTerm>
</role>
 <description>United States Congress Member</description>
</name>
<name type="personal">
 <namePart>Donald S. Beyer, Jr.</namePart>
 <affiliation>United States House of Representatives</affiliation>
 <role>
  <roleTerm type="text">cosponsor</roleTerm>
</role>
 <description>United States Congress Member</description>
</name>
<name type="personal">
 <namePart>Gregory W. Meeks</namePart>
 <affiliation>United States House of Representatives</affiliation>
 <role>
  <roleTerm type="text">cosponsor</roleTerm>
</role>
 <description>United States Congress Member</description>
</name>
<name type="personal">
 <namePart>Ruben Gallego</namePart>
 <affiliation>United States House of Representatives</affiliation>
 <role>
  <roleTerm type="text">cosponsor</roleTerm>
</role>
 <description>United States Congress Member</description>
</name>
<name type="personal">
 <namePart>Adam Smith</namePart>
 <affiliation>United States House of Representatives</affiliation>
 <role>
  <roleTerm type="text">cosponsor</roleTerm>
</role>
 <description>United States Congress Member</description>
</name>
<name type="personal">
 <namePart>Sylvia R. Garcia</namePart>
 <affiliation>United States House of Representatives</affiliation>
 <role>
  <roleTerm type="text">cosponsor</roleTerm>
</role>
 <description>United States Congress Member</description>
</name>
<name type="personal">
 <namePart>Jim Costa</namePart>
 <affiliation>United States House of Representatives</affiliation>
 <role>
  <roleTerm type="text">cosponsor</roleTerm>
</role>
 <description>United States Congress Member</description>
</name>
<name type="personal">
 <namePart>Raja Krishnamoorthi</namePart>
 <affiliation>United States House of Representatives</affiliation>
 <role>
  <roleTerm type="text">cosponsor</roleTerm>
</role>
 <description>United States Congress Member</description>
</name>
<name type="personal">
 <namePart>Donald M. Payne, Jr.</namePart>
 <affiliation>United States House of Representatives</affiliation>
 <role>
  <roleTerm type="text">cosponsor</roleTerm>
</role>
 <description>United States Congress Member</description>
</name>
<name type="personal">
 <namePart>Eddie Bernice Johnson</namePart>
 <affiliation>United States House of Representatives</affiliation>
 <role>
  <roleTerm type="text">cosponsor</roleTerm>
</role>
 <description>United States Congress Member</description>
</name>
<name type="personal">
 <namePart>Lloyd Doggett</namePart>
 <affiliation>United States House of Representatives</affiliation>
 <role>
  <roleTerm type="text">cosponsor</roleTerm>
</role>
 <description>United States Congress Member</description>
</name>
<name type="personal">
 <namePart>Ami Bera</namePart>
 <affiliation>United States House of Representatives</affiliation>
 <role>
  <roleTerm type="text">cosponsor</roleTerm>
</role>
 <description>United States Congress Member</description>
</name>
<name type="personal">
 <namePart>Andre Carson</namePart>
 <affiliation>United States House of Representatives</affiliation>
 <role>
  <roleTerm type="text">cosponsor</roleTerm>
</role>
 <description>United States Congress Member</description>
</name>
<name type="personal">
 <namePart>Lucille Roybal-Allard</namePart>
 <affiliation>United States House of Representatives</affiliation>
 <role>
  <roleTerm type="text">cosponsor</roleTerm>
</role>
 <description>United States Congress Member</description>
</name>
<name type="personal">
 <namePart>Maxine Waters</namePart>
 <affiliation>United States House of Representatives</affiliation>
 <role>
  <roleTerm type="text">cosponsor</roleTerm>
</role>
 <description>United States Congress Member</description>
</name>
<name type="personal">
 <namePart>Jamie Raskin</namePart>
 <affiliation>United States House of Representatives</affiliation>
 <role>
  <roleTerm type="text">cosponsor</roleTerm>
</role>
 <description>United States Congress Member</description>
</name>
<name type="personal">
 <namePart>Michelle Steel</namePart>
 <affiliation>United States House of Representatives</affiliation>
 <role>
  <roleTerm type="text">cosponsor</roleTerm>
</role>
 <description>United States Congress Member</description>
</name>
<name type="personal">
 <namePart>Carolyn Bourdeaux</namePart>
 <affiliation>United States House of Representatives</affiliation>
 <role>
  <roleTerm type="text">cosponsor</roleTerm>
</role>
 <description>United States Congress Member</description>
</name>
<name type="personal">
 <namePart>Brendan F. Boyle</namePart>
 <affiliation>United States House of Representatives</affiliation>
 <role>
  <roleTerm type="text">cosponsor</roleTerm>
</role>
 <description>United States Congress Member</description>
</name>
<name type="personal">
 <namePart>Marilyn Strickland</namePart>
 <affiliation>United States House of Representatives</affiliation>
 <role>
  <roleTerm type="text">cosponsor</roleTerm>
</role>
 <description>United States Congress Member</description>
</name>
<name type="personal">
 <namePart>Karen Bass</namePart>
 <affiliation>United States House of Representatives</affiliation>
 <role>
  <roleTerm type="text">cosponsor</roleTerm>
</role>
 <description>United States Congress Member</description>
</name>
<name type="personal">
 <namePart>Terri A. Sewell</namePart>
 <affiliation>United States House of Representatives</affiliation>
 <role>
  <roleTerm type="text">cosponsor</roleTerm>
</role>
 <description>United States Congress Member</description>
</name>
<name type="personal">
 <namePart>Kweisi Mfume</namePart>
 <affiliation>United States House of Representatives</affiliation>
 <role>
  <roleTerm type="text">cosponsor</roleTerm>
</role>
 <description>United States Congress Member</description>
</name>
<name type="personal">
 <namePart>Darren Soto</namePart>
 <affiliation>United States House of Representatives</affiliation>
 <role>
  <roleTerm type="text">cosponsor</roleTerm>
</role>
 <description>United States Congress Member</description>
</name>
<name type="personal">
 <namePart>Al Green</namePart>
 <affiliation>United States House of Representatives</affiliation>
 <role>
  <roleTerm type="text">cosponsor</roleTerm>
</role>
 <description>United States Congress Member</description>
</name>
<name type="personal">
 <namePart>Brad Sherman</namePart>
 <affiliation>United States House of Representatives</affiliation>
 <role>
  <roleTerm type="text">cosponsor</roleTerm>
</role>
 <description>United States Congress Member</description>
</name>
<name type="personal">
 <namePart>Rick Larsen</namePart>
 <affiliation>United States House of Representatives</affiliation>
 <role>
  <roleTerm type="text">cosponsor</roleTerm>
</role>
 <description>United States Congress Member</description>
</name>
<name type="personal">
 <namePart>Anthony G. Brown</namePart>
 <affiliation>United States House of Representatives</affiliation>
 <role>
  <roleTerm type="text">cosponsor</roleTerm>
</role>
 <description>United States Congress Member</description>
</name>
<name type="personal">
 <namePart>Brian K. Fitzpatrick</namePart>
 <affiliation>United States House of Representatives</affiliation>
 <role>
  <roleTerm type="text">cosponsor</roleTerm>
</role>
 <description>United States Congress Member</description>
</name>
<name type="personal">
 <namePart>Juan Vargas</namePart>
 <affiliation>United States House of Representatives</affiliation>
 <role>
  <roleTerm type="text">cosponsor</roleTerm>
</role>
 <description>United States Congress Member</description>
</name>
<name type="personal">
 <namePart>Jimmy Panetta</namePart>
 <affiliation>United States House of Representatives</affiliation>
 <role>
  <roleTerm type="text">cosponsor</roleTerm>
</role>
 <description>United States Congress Member</description>
</name>
<name type="personal">
 <namePart>Theodore E. Deutch</namePart>
 <affiliation>United States House of Representatives</affiliation>
 <role>
  <roleTerm type="text">cosponsor</roleTerm>
</role>
 <description>United States Congress Member</description>
</name>
<name type="personal">
 <namePart>Thomas R. Suozzi</namePart>
 <affiliation>United States House of Representatives</affiliation>
 <role>
  <roleTerm type="text">cosponsor</roleTerm>
</role>
 <description>United States Congress Member</description>
</name>
<name type="corporate">
 <namePart>United States</namePart>
 <namePart>Congress</namePart>
 <namePart>House of Representatives</namePart>
 <namePart>Committee on Oversight and Reform</namePart>
 <role>
  <roleTerm authority="marcrelator" type="text">associated name</roleTerm>
  <roleTerm authority="marcrelator" type="code">asn</roleTerm>
</role>
</name>
<extension>
 <docClass>hres</docClass>
 <accessId>BILLS-117hres45ih</accessId>
 <congress>117</congress>
 <session>1</session>
 <originChamber>HOUSE</originChamber>
 <currentChamber>HOUSE</currentChamber>
 <billNumber>45</billNumber>
 <billVersion reprint="false">ih</billVersion>
 <fileSuffix>ih</fileSuffix>
 <officialTitle>Supporting the goals and ideals of Korean American Day.</officialTitle>
 <action date="2021-01-13">Mr. Gomez (for himself, Mrs. Kim of California, Ms. Chu, Mr. Lowenthal, Mr. Connolly, Mr. Khanna, Ms. Meng, Mr. Peters, Ms. Norton, Mr. Pascrell, Mr. Lieu, Mr. Grijalva, Mrs. Napolitano, Ms. Lee of California, Ms. Schakowsky, Ms. Sánchez, Mr. Takano, Ms. Porter, Mr. San Nicolas, Mr. Case, Mr. Kim of New Jersey, Mrs. Lee of Nevada, Ms. Jayapal, Mr. Sablan, Mrs. Torres of California, Mr. Beyer, Mr. Meeks, Mr. Gallego, Mr. Smith of Washington, Ms. Garcia of Texas, Mr. Costa, Mr. Krishnamoorthi, Mr. Payne, Ms. Johnson of Texas, Mr. Doggett, Mr. Bera, Mr. Carson, Ms. Roybal-Allard, Ms. Waters, Mr. Raskin, Mrs. Steel, Ms. Bourdeaux, Mr. Brendan F. Boyle of Pennsylvania, Ms. Strickland, Ms. Bass, Ms. Sewell, Mr. Mfume, Mr. Soto, Mr. Green of Texas, Mr. Sherman, Mr. Larsen of Washington, Mr. Brown, Mr. Fitzpatrick, Mr. Vargas, Mr. Panetta, Mr. Deutch, and Mr. Suozzi) submitted the following resolution; which was referred to the Committee on Oversight and Reform</action>
 <congCommittee authorityId="hsgo00" chamber="H" congress="117" type="S">
                      <name type="authority-standard">Committee on Oversight and Reform</name>
                      <name type="authority-short">Oversight and Reform</name>
                </congCommittee>
 <congMember authorityId="2362" bioGuideId="G000585" chamber="H" congress="117" party="D" role="SPONSOR" state="CA">
                      <name type="parsed">Mr. Gomez</name>
                      <name type="authority-fnf">Jimmy Gomez</name>
                      <name type="authority-lnf">Gomez, Jimmy</name>
                </congMember>
 <congMember authorityId="2543" bioGuideId="K000397" chamber="H" congress="117" party="R" role="COSPONSOR" state="CA">
                      <name type="parsed">Mrs. Kim of California</name>
                      <name type="authority-fnf">Young Kim</name>
                      <name type="authority-lnf">Kim, Young</name>
                </congMember>
 <congMember authorityId="1970" bioGuideId="C001080" chamber="H" congress="117" gpoId="7837" party="D" role="COSPONSOR" state="CA">
                      <name type="parsed">Ms. Chu</name>
                      <name type="authority-fnf">Judy Chu</name>
                      <name type="authority-lnf">Chu, Judy</name>
                </congMember>
 <congMember authorityId="2111" bioGuideId="L000579" chamber="H" congress="117" party="D" role="COSPONSOR" state="CA">
                      <name type="parsed">Mr. Lowenthal</name>
                      <name type="authority-fnf">Alan S. Lowenthal</name>
                      <name type="authority-lnf">Lowenthal, Alan S.</name>
                      <name type="authority-other">Mr. Alan Lowenthal</name>
                </congMember>
 <congMember authorityId="1959" bioGuideId="C001078" chamber="H" congress="117" gpoId="8202" party="D" role="COSPONSOR" state="VA">
                      <name type="parsed">Mr. Connolly</name>
                      <name type="authority-fnf">Gerald E. Connolly</name>
                      <name type="authority-lnf">Connolly, Gerald E.</name>
                      <name type="authority-other">Mr. Gerald Connolly</name>
                </congMember>
 <congMember authorityId="2308" bioGuideId="K000389" chamber="H" congress="117" party="D" role="COSPONSOR" state="CA">
                      <name type="parsed">Mr. Khanna</name>
                      <name type="authority-fnf">Ro Khanna</name>
                      <name type="authority-lnf">Khanna, Ro</name>
                </congMember>
 <congMember authorityId="2148" bioGuideId="M001188" chamber="H" congress="117" party="D" role="COSPONSOR" state="NY">
                      <name type="parsed">Ms. Meng</name>
                      <name type="authority-fnf">Grace Meng</name>
                      <name type="authority-lnf">Meng, Grace</name>
                </congMember>
 <congMember authorityId="2113" bioGuideId="P000608" chamber="H" congress="117" party="D" role="COSPONSOR" state="CA">
                      <name type="parsed">Mr. Peters</name>
                      <name type="authority-fnf">Scott H. Peters</name>
                      <name type="authority-lnf">Peters, Scott H.</name>
                      <name type="authority-other">Mr. Scott Peters</name>
                </congMember>
 <congMember authorityId="868" bioGuideId="N000147" chamber="H" congress="117" gpoId="7871" party="D" role="COSPONSOR" state="DC">
                      <name type="parsed">Ms. Norton</name>
                      <name type="authority-fnf">Eleanor Holmes Norton</name>
                      <name type="authority-lnf">Norton, Eleanor Holmes</name>
                      <name type="authority-other">Eleanor Norton</name>
                </congMember>
 <congMember authorityId="1510" bioGuideId="P000096" chamber="H" congress="117" gpoId="8050" party="D" role="COSPONSOR" state="NJ">
                      <name type="parsed">Mr. Pascrell</name>
                      <name type="authority-fnf">Bill Pascrell, Jr.</name>
                      <name type="authority-lnf">Pascrell, Bill, Jr.</name>
                      <name type="authority-other">William Pascrell Jr.</name>
                </congMember>
 <congMember authorityId="2230" bioGuideId="L000582" chamber="H" congress="117" party="D" role="COSPONSOR" state="CA">
                      <name type="parsed">Mr. Lieu</name>
                      <name type="authority-fnf">Ted Lieu</name>
                      <name type="authority-lnf">Lieu, Ted</name>
                </congMember>
 <congMember authorityId="1708" bioGuideId="G000551" chamber="H" congress="117" gpoId="7804" party="D" role="COSPONSOR" state="AZ">
                      <name type="parsed">Mr. Grijalva</name>
                      <name type="authority-fnf">Raul M. Grijalva</name>
                      <name type="authority-lnf">Grijalva, Raul M.</name>
                      <name type="authority-other">Mr. Raul Grijalva</name>
                </congMember>
 <congMember authorityId="1602" bioGuideId="N000179" chamber="H" congress="117" gpoId="7843" party="D" role="COSPONSOR" state="CA">
                      <name type="parsed">Mrs. Napolitano</name>
                      <name type="authority-fnf">Grace F. Napolitano</name>
                      <name type="authority-lnf">Napolitano, Grace F.</name>
                      <name type="authority-other">Grace Napolitano</name>
                </congMember>
 <congMember authorityId="1501" bioGuideId="L000551" chamber="H" congress="117" gpoId="7814" party="D" role="COSPONSOR" state="CA">
                      <name type="parsed">Ms. Lee of California</name>
                      <name type="authority-fnf">Barbara Lee</name>
                      <name type="authority-lnf">Lee, Barbara</name>
                </congMember>
 <congMember authorityId="1588" bioGuideId="S001145" chamber="H" congress="117" gpoId="7929" party="D" role="COSPONSOR" state="IL">
                      <name type="parsed">Ms. Schakowsky</name>
                      <name type="authority-fnf">Janice D. Schakowsky</name>
                      <name type="authority-lnf">Schakowsky, Janice D.</name>
                      <name type="authority-other">Janice Schakowsky</name>
                </congMember>
 <congMember authorityId="1757" bioGuideId="S001156" chamber="H" congress="117" gpoId="7844" party="D" role="COSPONSOR" state="CA">
                      <name type="parsed">Ms. Sánchez</name>
                      <name type="authority-fnf">Linda T. Sanchez</name>
                      <name type="authority-lnf">Sanchez, Linda T.</name>
                      <name type="authority-other">Linda Sanchez</name>
                </congMember>
 <congMember authorityId="2110" bioGuideId="T000472" chamber="H" congress="117" party="D" role="COSPONSOR" state="CA">
                      <name type="parsed">Mr. Takano</name>
                      <name type="authority-fnf">Mark Takano</name>
                      <name type="authority-lnf">Takano, Mark</name>
                </congMember>
 <congMember authorityId="2381" bioGuideId="P000618" chamber="H" congress="117" party="D" role="COSPONSOR" state="CA">
                      <name type="parsed">Ms. Porter</name>
                      <name type="authority-fnf">Katie Porter</name>
                      <name type="authority-lnf">Porter, Katie</name>
                </congMember>
 <congMember authorityId="2393" bioGuideId="S001204" chamber="H" congress="117" party="D" role="COSPONSOR" state="GU">
                      <name type="parsed">Mr. San Nicolas</name>
                      <name type="authority-fnf">Michael F. Q. San Nicolas</name>
                      <name type="authority-lnf">San Nicolas, Michael F. Q.</name>
                      <name type="authority-other">Mr. Michael San Nicolas</name>
                </congMember>
 <congMember authorityId="1693" bioGuideId="C001055" chamber="H" congress="117" party="D" role="COSPONSOR" state="HI">
                      <name type="parsed">Mr. Case</name>
                      <name type="authority-fnf">Ed Case</name>
                      <name type="authority-lnf">Case, Ed</name>
                </congMember>
 <congMember authorityId="2420" bioGuideId="K000394" chamber="H" congress="117" party="D" role="COSPONSOR" state="NJ">
                      <name type="parsed">Mr. Kim of New Jersey</name>
                      <name type="authority-fnf">Andy Kim</name>
                      <name type="authority-lnf">Kim, Andy</name>
                </congMember>
 <congMember authorityId="2425" bioGuideId="L000590" chamber="H" congress="117" party="D" role="COSPONSOR" state="NV">
                      <name type="parsed">Mrs. Lee of Nevada</name>
                      <name type="authority-fnf">Susie Lee</name>
                      <name type="authority-lnf">Lee, Susie</name>
                </congMember>
 <congMember authorityId="2354" bioGuideId="J000298" chamber="H" congress="117" party="D" role="COSPONSOR" state="WA">
                      <name type="parsed">Ms. Jayapal</name>
                      <name type="authority-fnf">Pramila Jayapal</name>
                      <name type="authority-lnf">Jayapal, Pramila</name>
                </congMember>
 <congMember authorityId="1962" bioGuideId="S001177" chamber="H" congress="117" gpoId="8018" party="D" role="COSPONSOR" state="MP">
                      <name type="parsed">Mr. Sablan</name>
                      <name type="authority-fnf">Gregorio Kilili Camacho Sablan</name>
                      <name type="authority-lnf">Sablan, Gregorio Kilili Camacho</name>
                      <name type="authority-other">Gregorio Sablan</name>
                </congMember>
 <congMember authorityId="2231" bioGuideId="T000474" chamber="H" congress="117" party="D" role="COSPONSOR" state="CA">
                      <name type="parsed">Mrs. Torres of California</name>
                      <name type="authority-fnf">Norma J. Torres</name>
                      <name type="authority-lnf">Torres, Norma J.</name>
                      <name type="authority-other">Mrs. Norma Torres</name>
                </congMember>
 <congMember authorityId="2272" bioGuideId="B001292" chamber="H" congress="117" party="D" role="COSPONSOR" state="VA">
                      <name type="parsed">Mr. Beyer</name>
                      <name type="authority-fnf">Donald S. Beyer, Jr.</name>
                      <name type="authority-lnf">Beyer, Donald S., Jr.</name>
                      <name type="authority-other">Mr. Donald Beyer Jr.</name>
                </congMember>
 <congMember authorityId="1506" bioGuideId="M001137" chamber="H" congress="117" gpoId="8067" party="D" role="COSPONSOR" state="NY">
                      <name type="parsed">Mr. Meeks</name>
                      <name type="authority-fnf">Gregory W. Meeks</name>
                      <name type="authority-lnf">Meeks, Gregory W.</name>
                      <name type="authority-other">Gregory Meeks</name>
                </congMember>
 <congMember authorityId="2226" bioGuideId="G000574" chamber="H" congress="117" party="D" role="COSPONSOR" state="AZ">
                      <name type="parsed">Mr. Gallego</name>
                      <name type="authority-fnf">Ruben Gallego</name>
                      <name type="authority-lnf">Gallego, Ruben</name>
                </congMember>
 <congMember authorityId="1528" bioGuideId="S000510" chamber="H" congress="117" gpoId="8213" party="D" role="COSPONSOR" state="WA">
                      <name type="parsed">Mr. Smith of Washington</name>
                      <name type="authority-fnf">Adam Smith</name>
                      <name type="authority-lnf">Smith, Adam</name>
                </congMember>
 <congMember authorityId="2450" bioGuideId="G000587" chamber="H" congress="117" party="D" role="COSPONSOR" state="TX">
                      <name type="parsed">Ms. Garcia of Texas</name>
                      <name type="authority-fnf">Sylvia R. Garcia</name>
                      <name type="authority-lnf">Garcia, Sylvia R.</name>
                      <name type="authority-other">Ms. Sylvia Garcia</name>
                </congMember>
 <congMember authorityId="1774" bioGuideId="C001059" chamber="H" congress="117" gpoId="7825" party="D" role="COSPONSOR" state="CA">
                      <name type="parsed">Mr. Costa</name>
                      <name type="authority-fnf">Jim Costa</name>
                      <name type="authority-lnf">Costa, Jim</name>
                </congMember>
 <congMember authorityId="2325" bioGuideId="K000391" chamber="H" congress="117" party="D" role="COSPONSOR" state="IL">
                      <name type="parsed">Mr. Krishnamoorthi</name>
                      <name type="authority-fnf">Raja Krishnamoorthi</name>
                      <name type="authority-lnf">Krishnamoorthi, Raja</name>
                </congMember>
 <congMember authorityId="2097" bioGuideId="P000604" chamber="H" congress="117" gpoId="8373" party="D" role="COSPONSOR" state="NJ">
                      <name type="parsed">Mr. Payne</name>
                      <name type="authority-fnf">Donald M. Payne, Jr.</name>
                      <name type="authority-lnf">Payne, Donald M., Jr.</name>
                      <name type="authority-other">Mr. Donald Payne Jr.</name>
                </congMember>
 <congMember authorityId="599" bioGuideId="J000126" chamber="H" congress="117" gpoId="8186" party="D" role="COSPONSOR" state="TX">
                      <name type="parsed">Ms. Johnson of Texas</name>
                      <name type="authority-fnf">Eddie Bernice Johnson</name>
                      <name type="authority-lnf">Johnson, Eddie Bernice</name>
                      <name type="authority-other">Eddie Johnson</name>
                </congMember>
 <congMember authorityId="303" bioGuideId="D000399" chamber="H" congress="117" gpoId="8181" party="D" role="COSPONSOR" state="TX">
                      <name type="parsed">Mr. Doggett</name>
                      <name type="authority-fnf">Lloyd Doggett</name>
                      <name type="authority-lnf">Doggett, Lloyd</name>
                </congMember>
 <congMember authorityId="2102" bioGuideId="B001287" chamber="H" congress="117" party="D" role="COSPONSOR" state="CA">
                      <name type="parsed">Mr. Bera</name>
                      <name type="authority-fnf">Ami Bera</name>
                      <name type="authority-lnf">Bera, Ami</name>
                </congMember>
 <congMember authorityId="1889" bioGuideId="C001072" chamber="H" congress="117" gpoId="7946" party="D" role="COSPONSOR" state="IN">
                      <name type="parsed">Mr. Carson</name>
                      <name type="authority-fnf">Andre Carson</name>
                      <name type="authority-lnf">Carson, Andre</name>
                </congMember>
 <congMember authorityId="997" bioGuideId="R000486" chamber="H" congress="117" gpoId="7839" party="D" role="COSPONSOR" state="CA">
                      <name type="parsed">Ms. Roybal-Allard</name>
                      <name type="authority-fnf">Lucille Roybal-Allard</name>
                      <name type="authority-lnf">Roybal-Allard, Lucille</name>
                </congMember>
 <congMember authorityId="1205" bioGuideId="W000187" chamber="H" congress="117" gpoId="7840" party="D" role="COSPONSOR" state="CA">
                      <name type="parsed">Ms. Waters</name>
                      <name type="authority-fnf">Maxine Waters</name>
                      <name type="authority-lnf">Waters, Maxine</name>
                </congMember>
 <congMember authorityId="2332" bioGuideId="R000606" chamber="H" congress="117" party="D" role="COSPONSOR" state="MD">
                      <name type="parsed">Mr. Raskin</name>
                      <name type="authority-fnf">Jamie Raskin</name>
                      <name type="authority-lnf">Raskin, Jamie</name>
                </congMember>
 <congMember authorityId="2488" bioGuideId="S001135" chamber="H" congress="117" party="R" role="COSPONSOR" state="CA">
                      <name type="parsed">Mrs. Steel</name>
                      <name type="authority-fnf">Michelle Steel</name>
                      <name type="authority-lnf">Steel, Michelle</name>
                </congMember>
 <congMember authorityId="2497" bioGuideId="B001312" chamber="H" congress="117" party="D" role="COSPONSOR" state="GA">
                      <name type="parsed">Ms. Bourdeaux</name>
                      <name type="authority-fnf">Carolyn Bourdeaux</name>
                      <name type="authority-lnf">Bourdeaux, Carolyn</name>
                </congMember>
 <congMember authorityId="2267" bioGuideId="B001296" chamber="H" congress="117" party="D" role="COSPONSOR" state="PA">
                      <name type="parsed">Mr. Brendan F. Boyle of Pennsylvania</name>
                      <name type="authority-fnf">Brendan F. Boyle</name>
                      <name type="authority-lnf">Boyle, Brendan F.</name>
                      <name type="authority-other">Mr. Brendan Boyle</name>
                </congMember>
 <congMember authorityId="2539" bioGuideId="S001159" chamber="H" congress="117" party="D" role="COSPONSOR" state="WA">
                      <name type="parsed">Ms. Strickland</name>
                      <name type="authority-fnf">Marilyn Strickland</name>
                      <name type="authority-lnf">Strickland, Marilyn</name>
                </congMember>
 <congMember authorityId="1996" bioGuideId="B001270" chamber="H" congress="117" gpoId="7838" party="D" role="COSPONSOR" state="CA">
                      <name type="parsed">Ms. Bass</name>
                      <name type="authority-fnf">Karen Bass</name>
                      <name type="authority-lnf">Bass, Karen</name>
                </congMember>
 <congMember authorityId="1988" bioGuideId="S001185" chamber="H" congress="117" gpoId="7792" party="D" role="COSPONSOR" state="AL">
                      <name type="parsed">Ms. Sewell</name>
                      <name type="authority-fnf">Terri A. Sewell</name>
                      <name type="authority-lnf">Sewell, Terri A.</name>
                      <name type="authority-other">Ms. Terri Sewell</name>
                </congMember>
 <congMember authorityId="798" bioGuideId="M000687" chamber="H" congress="117" party="D" role="COSPONSOR" state="MD">
                      <name type="parsed">Mr. Mfume</name>
                      <name type="authority-fnf">Kweisi Mfume</name>
                      <name type="authority-lnf">Mfume, Kweisi</name>
                </congMember>
 <congMember authorityId="2319" bioGuideId="S001200" chamber="H" congress="117" party="D" role="COSPONSOR" state="FL">
                      <name type="parsed">Mr. Soto</name>
                      <name type="authority-fnf">Darren Soto</name>
                      <name type="authority-lnf">Soto, Darren</name>
                </congMember>
 <congMember authorityId="1803" bioGuideId="G000553" chamber="H" congress="117" gpoId="8165" party="D" role="COSPONSOR" state="TX">
                      <name type="parsed">Mr. Green of Texas</name>
                      <name type="authority-fnf">Al Green</name>
                      <name type="authority-lnf">Green, Al</name>
                </congMember>
 <congMember authorityId="1526" bioGuideId="S000344" chamber="H" congress="117" gpoId="7832" party="D" role="COSPONSOR" state="CA">
                      <name type="parsed">Mr. Sherman</name>
                      <name type="authority-fnf">Brad Sherman</name>
                      <name type="authority-lnf">Sherman, Brad</name>
                </congMember>
 <congMember authorityId="1675" bioGuideId="L000560" chamber="H" congress="117" gpoId="8206" party="D" role="COSPONSOR" state="WA">
                      <name type="parsed">Mr. Larsen of Washington</name>
                      <name type="authority-fnf">Rick Larsen</name>
                      <name type="authority-lnf">Larsen, Rick</name>
                </congMember>
 <congMember authorityId="2331" bioGuideId="B001304" chamber="H" congress="117" party="D" role="COSPONSOR" state="MD">
                      <name type="parsed">Mr. Brown</name>
                      <name type="authority-fnf">Anthony G. Brown</name>
                      <name type="authority-lnf">Brown, Anthony G.</name>
                      <name type="authority-other">Mr. Anthony Brown</name>
                </congMember>
 <congMember authorityId="2345" bioGuideId="F000466" chamber="H" congress="117" party="R" role="COSPONSOR" state="PA">
                      <name type="parsed">Mr. Fitzpatrick</name>
                      <name type="authority-fnf">Brian K. Fitzpatrick</name>
                      <name type="authority-lnf">Fitzpatrick, Brian K.</name>
                      <name type="authority-other">Mr. Brian Fitzpatrick</name>
                </congMember>
 <congMember authorityId="2112" bioGuideId="V000130" chamber="H" congress="117" party="D" role="COSPONSOR" state="CA">
                      <name type="parsed">Mr. Vargas</name>
                      <name type="authority-fnf">Juan Vargas</name>
                      <name type="authority-lnf">Vargas, Juan</name>
                </congMember>
 <congMember authorityId="2309" bioGuideId="P000613" chamber="H" congress="117" party="D" role="COSPONSOR" state="CA">
                      <name type="parsed">Mr. Panetta</name>
                      <name type="authority-fnf">Jimmy Panetta</name>
                      <name type="authority-lnf">Panetta, Jimmy</name>
                </congMember>
 <congMember authorityId="1976" bioGuideId="D000610" chamber="H" congress="117" gpoId="7891" party="D" role="COSPONSOR" state="FL">
                      <name type="parsed">Mr. Deutch</name>
                      <name type="authority-fnf">Theodore E. Deutch</name>
                      <name type="authority-lnf">Deutch, Theodore E.</name>
                      <name type="authority-other">Mr. Theodore Deutch</name>
                </congMember>
 <congMember authorityId="2341" bioGuideId="S001201" chamber="H" congress="117" party="D" role="COSPONSOR" state="NY">
                      <name type="parsed">Mr. Suozzi</name>
                      <name type="authority-fnf">Thomas R. Suozzi</name>
                      <name type="authority-lnf">Suozzi, Thomas R.</name>
                      <name type="authority-other">Mr. Thomas Suozzi</name>
                </congMember>
 <isPrivate>false</isPrivate>
 <isAppropriation>false</isAppropriation>
</extension>
</mods>