<?xml version="1.0"?>
<?xml-stylesheet type="text/xsl" href="billres.xsl"?>
<!DOCTYPE resolution PUBLIC "-//US Congress//DTDs/res.dtd//EN" "res.dtd">
<resolution resolution-stage="Introduced-in-House" dms-id="HB7B35AFB3A8741088A678C7215118A88" public-private="public" resolution-type="house-resolution" star-print="no-star-print" key="H"><metadata xmlns:dc="http://purl.org/dc/elements/1.1/">
<dublinCore>
<dc:title>117 HRES 15 IH: Affirming that Members of Congress who were elected for the 117th Congress from Arizona, Georgia, Michigan, Nevada, Pennsylvania, and Wisconsin were freely and fairly elected under lawful, constitutional procedures.</dc:title>
<dc:publisher>U.S. House of Representatives</dc:publisher>
<dc:date>2021-01-04</dc:date>
<dc:format>text/xml</dc:format>
<dc:language>EN</dc:language>
<dc:rights>Pursuant to Title 17 Section 105 of the United States Code, this file is not subject to copyright protection and is in the public domain.</dc:rights>
</dublinCore>
</metadata>
<form>
<distribution-code display="yes">IV</distribution-code><congress display="yes">117th CONGRESS</congress><session display="yes">1st Session</session><legis-num display="yes">H. RES. 15</legis-num><current-chamber>IN THE HOUSE OF REPRESENTATIVES</current-chamber><action display="yes"><action-date date="20210104">January 4, 2021</action-date><action-desc><sponsor name-id="M001203">Mr. Malinowski</sponsor> (for himself, <cosponsor name-id="P000616">Mr. Phillips</cosponsor>, <cosponsor name-id="S001209">Ms. Spanberger</cosponsor>, <cosponsor name-id="S001207">Ms. Sherrill</cosponsor>, <cosponsor name-id="G000587">Ms. Garcia of Texas</cosponsor>, <cosponsor name-id="W000826">Ms. Wild</cosponsor>, and <cosponsor name-id="C001119">Ms. Craig</cosponsor>) submitted the following resolution; which was referred to the <committee-name committee-id="HHA00">Committee on House Administration</committee-name></action-desc></action><legis-type>RESOLUTION</legis-type><official-title display="yes">Affirming that Members of Congress who were elected for the 117th Congress from Arizona, Georgia, Michigan, Nevada, Pennsylvania, and Wisconsin were freely and fairly elected under lawful, constitutional procedures.</official-title></form><preamble><whereas><text>Whereas Members of Congress who were elected for the 117th Congress from all 50 States, including Arizona, Georgia, Michigan, Nevada, Pennsylvania, and Wisconsin, were elected on November 3, 2020, on the same ballots as those used to elect the 46th President of the United States, and votes for these Members were cast in the same manner and counted by the same election workers employing the same mechanisms, and following the same rules and procedures, as votes cast for candidates for President;</text></whereas><whereas><text>Whereas any legal or practical deficiencies in the conduct of the election in Arizona, Georgia, Michigan, Nevada, Pennsylvania, and Wisconsin that enabled fraud or corruption in the Presidential election would have enabled similar fraud or corruption in the election of Members of Congress representing these States; and</text></whereas><whereas><text>Whereas no evidence of fraud or corruption has been presented to the House that might have prevented the seating of Members from Arizona, Georgia, Michigan, Nevada, Pennsylvania, and Wisconsin, and these Members took their oaths of office on January 3, 2020: Now therefore be it</text></whereas></preamble><resolution-body style="traditional" id="H35B0BAAC368B4B8BA9A00C8670DEB45E"><section id="H38F09E61282445389C47EF554D99D382" section-type="undesignated-section" display-inline="yes-display-inline"><enum/><text display-inline="yes-display-inline">That the House of Representatives affirms that Members of Congress who were elected for the 117th Congress from Arizona, Georgia, Michigan, Nevada, Pennsylvania, and Wisconsin were freely and fairly elected under lawful, constitutional procedures established by their respective States that should inspire confidence among the American people.</text></section></resolution-body></resolution> 

