<?xml version="1.0" encoding="UTF-8"?><mets xmlns="http://www.loc.gov/METS/" xmlns:utils="xalan://gov.gpo.fdsys.utils" xmlns:datetime="http://exslt.org/dates-and-times" xmlns:xalan="http://xml.apache.org/xalan" xmlns:xsi="http://www.w3.org/2001/XMLSchema-instance" xmlns:xlink="http://www.w3.org/1999/xlink" xsi:schemaLocation="http://www.loc.gov/METS/ http://www.loc.gov/standards/mets/mets.xsd" ID="P0b002ee1aacf8d94" LABEL="Providing for consideration of the resolution (H. Res. 21) calling on Vice President Michael R. Pence to convene and mobilize the principal officers of the executive departments of the Cabinet to activate section 4 of the 25th Amendment to declare President Donald J. Trump incapable of executing the duties of his office and to immediately exercise powers as acting President; and for other purposes." OBJID="BILLS-117hres38eh">
<metsHdr CREATEDATE="2022-03-10T21:20:18Z" LASTMODDATE="2022-03-10T21:20:18Z">
<agent ROLE="CREATOR" TYPE="ORGANIZATION">
<name>United States Government Publishing Office</name>
</agent>
</metsHdr>
<dmdSec ID="descriptive-metadata">
<mdRef ID="descriptive-metadata-mods" MIMETYPE="text/xml" LOCTYPE="URL" xlink:href="file://mods.xml" MDTYPE="MODS"/>
</dmdSec>
<amdSec>
<digiprovMD ID="provenance-metadata-premis">
<mdRef MIMETYPE="text/xml" LOCTYPE="URL" xlink:href="file://premis.xml" MDTYPE="PREMIS"/>
</digiprovMD>
</amdSec>
<fileSec><fileGrp USE="text/html"><file ID="FID1" MIMETYPE="text/html" SIZE="3046">
<FLocat LOCTYPE="URL" xlink:href="file://html/BILLS-117hres38eh.htm"/>
<FLocat LOCTYPE="URL" xlink:href="https://www.govinfo.gov/content/pkg/BILLS-117hres38eh/html/BILLS-117hres38eh.htm"/>
</file></fileGrp><fileGrp USE="text/xml"><file ID="FID2" MIMETYPE="text/xml" SIZE="6165">
<FLocat LOCTYPE="URL" xlink:href="file://xml/BILLS-117hres38eh.xml"/>
<FLocat LOCTYPE="URL" xlink:href="https://www.govinfo.gov/content/pkg/BILLS-117hres38eh/xml/BILLS-117hres38eh.xml"/>
</file></fileGrp><fileGrp USE="application/pdf"><file ID="FID3" MIMETYPE="application/pdf" SIZE="151200">
<FLocat LOCTYPE="URL" xlink:href="file://pdf/BILLS-117hres38eh.pdf"/>
<FLocat LOCTYPE="URL" xlink:href="https://www.govinfo.gov/content/pkg/BILLS-117hres38eh/pdf/BILLS-117hres38eh.pdf"/>
</file></fileGrp></fileSec>
<structMap>
<div>
<div ADMID="provenance-metadata-premis">
<fptr FILEID="FID1"/>
</div>
<div ADMID="provenance-metadata-premis">
<fptr FILEID="FID2"/>
</div>
<div ADMID="provenance-metadata-premis">
<fptr FILEID="FID3"/>
</div>
</div>
</structMap>
</mets>
