<mods xmlns:xlink="http://www.w3.org/1999/xlink" xmlns:xsi="http://www.w3.org/2001/XMLSchema-instance" xmlns="http://www.loc.gov/mods/v3" version="3.3" xsi:schemaLocation="http://www.loc.gov/mods/v3 http://www.loc.gov/standards/mods/v3/mods-3-3.xsd" ID="P0b002ee1aab59b7a">
<name type="corporate">
 <namePart>United States Government Publishing Office</namePart>
 <role>
  <roleTerm authority="marcrelator" type="text">publisher</roleTerm>
  <roleTerm authority="marcrelator" type="code">pbl</roleTerm>
</role>
 <role>
  <roleTerm authority="marcrelator" type="text">distributor</roleTerm>
  <roleTerm authority="marcrelator" type="code">dst</roleTerm>
</role>
</name>
<name type="corporate">
 <namePart>United States</namePart>
 <namePart>Congress</namePart>
 <namePart>House of Representatives</namePart>
 <role>
  <roleTerm authority="marcrelator" type="text">author</roleTerm>
  <roleTerm authority="marcrelator" type="code">aut</roleTerm>
</role>
 <description>Government Organization</description>
</name>
<typeOfResource>text</typeOfResource>
<genre authority="marcgt">government publication</genre>
<language>
 <languageTerm type="code" authority="iso639-2b">eng</languageTerm>
</language>
<extension>
 <collectionCode>BILLS</collectionCode>
 <searchTitle>Affirming that Members of Congress who were elected for the 117th Congress from Arizona, Georgia, Michigan, Nevada, Pennsylvania, and Wisconsin were freely and fairly elected under lawful, constitutional procedures.;H. Res. 15 (IH)
    </searchTitle>
 <category>Bills and Statutes</category>
 <waisDatabaseName>117_cong_bills</waisDatabaseName>
 <branch>legislative</branch>
 <dateIngested>2021-01-05</dateIngested>
</extension>
<titleInfo>
 <title>Affirming that Members of Congress who were elected for the 117th Congress from Arizona, Georgia, Michigan, Nevada, Pennsylvania, and Wisconsin were freely and fairly elected under lawful, constitutional procedures.</title>
</titleInfo>
<titleInfo type="alternative">
 <title>H. Res. 15 (IH)
    </title>
</titleInfo>
<originInfo>
 <publisher>U.S. Government Publishing Office</publisher>
 <dateIssued encoding="w3cdtf">2021-01-04</dateIssued>
 <issuance>monographic</issuance>
</originInfo>
<physicalDescription>
 <note type="source content type">deposited</note>
 <digitalOrigin>born digital</digitalOrigin>
 <extent>2 p.</extent>
</physicalDescription>
<classification authority="sudocs">Y 1.6:</classification>
<classification authority="sudocs">Y 1.4/7:</classification>
<identifier type="local">P0b002ee1aab59b7a</identifier>
<identifier type="uri">https://www.govinfo.gov/app/details/BILLS-117hres15ih</identifier>
<identifier type="preferred citation">H. Res. 15</identifier>
<identifier type="stock number">021-610-00252-9</identifier>
<identifier type="Parent ILS system id">000501532</identifier>
<identifier type="Child ILS system id">000325574</identifier>
<identifier type="Parent ILS title">Congressional bills</identifier>
<identifier type="Child ILS title">House resolutions</identifier>
<identifier type="former package identifier">f:hr15_ih.txt</identifier>
<location>
 <url displayLabel="Content Detail" access="object in context">https://www.govinfo.gov/app/details/BILLS-117hres15ih</url>
 <url displayLabel="HTML rendition" access="raw object">https://www.govinfo.gov/content/pkg/BILLS-117hres15ih/html/BILLS-117hres15ih.htm</url>
 <url displayLabel="PDF rendition" access="raw object">https://www.govinfo.gov/content/pkg/BILLS-117hres15ih/pdf/BILLS-117hres15ih.pdf</url>
 <url displayLabel="XML rendition" access="raw object">https://www.govinfo.gov/content/pkg/BILLS-117hres15ih/xml/BILLS-117hres15ih.xml</url>
</location>
<accessCondition type="GPO scope determination">fdlp</accessCondition>
<recordInfo>
 <recordContentSource authority="marcorg">DGPO</recordContentSource>
 <recordCreationDate encoding="w3cdtf">2021-01-05</recordCreationDate>
 <recordChangeDate encoding="w3cdtf">2021-01-06</recordChangeDate>
 <recordIdentifier source="DGPO">BILLS-117hres15ih</recordIdentifier>
 <recordOrigin>machine generated</recordOrigin>
 <languageOfCataloging>
  <languageTerm type="code" authority="iso639-2b">eng</languageTerm>
</languageOfCataloging>
</recordInfo>
<name type="personal">
 <namePart>Tom Malinowski</namePart>
 <affiliation>United States House of Representatives</affiliation>
 <role>
  <roleTerm authority="marcrelator" type="text">sponsor</roleTerm>
  <roleTerm authority="marcrelator" type="code">spn</roleTerm>
</role>
 <description>United States Congress Member</description>
</name>
<name type="personal">
 <namePart>Dean Phillips</namePart>
 <affiliation>United States House of Representatives</affiliation>
 <role>
  <roleTerm type="text">cosponsor</roleTerm>
</role>
 <description>United States Congress Member</description>
</name>
<name type="personal">
 <namePart>Abigail Davis Spanberger</namePart>
 <affiliation>United States House of Representatives</affiliation>
 <role>
  <roleTerm type="text">cosponsor</roleTerm>
</role>
 <description>United States Congress Member</description>
</name>
<name type="personal">
 <namePart>Mikie Sherrill</namePart>
 <affiliation>United States House of Representatives</affiliation>
 <role>
  <roleTerm type="text">cosponsor</roleTerm>
</role>
 <description>United States Congress Member</description>
</name>
<name type="personal">
 <namePart>Sylvia R. Garcia</namePart>
 <affiliation>United States House of Representatives</affiliation>
 <role>
  <roleTerm type="text">cosponsor</roleTerm>
</role>
 <description>United States Congress Member</description>
</name>
<name type="personal">
 <namePart>Susan Wild</namePart>
 <affiliation>United States House of Representatives</affiliation>
 <role>
  <roleTerm type="text">cosponsor</roleTerm>
</role>
 <description>United States Congress Member</description>
</name>
<name type="personal">
 <namePart>Angie Craig</namePart>
 <affiliation>United States House of Representatives</affiliation>
 <role>
  <roleTerm type="text">cosponsor</roleTerm>
</role>
 <description>United States Congress Member</description>
</name>
<name type="corporate">
 <namePart>United States</namePart>
 <namePart>Congress</namePart>
 <namePart>House of Representatives</namePart>
 <namePart>Committee on House Administration</namePart>
 <role>
  <roleTerm authority="marcrelator" type="text">associated name</roleTerm>
  <roleTerm authority="marcrelator" type="code">asn</roleTerm>
</role>
</name>
<extension>
 <docClass>hres</docClass>
 <accessId>BILLS-117hres15ih</accessId>
 <congress>117</congress>
 <session>1</session>
 <originChamber>HOUSE</originChamber>
 <currentChamber>HOUSE</currentChamber>
 <billNumber>15</billNumber>
 <billVersion reprint="false">ih</billVersion>
 <fileSuffix>ih</fileSuffix>
 <officialTitle>Affirming that Members of Congress who were elected for the 117th Congress from Arizona, Georgia, Michigan, Nevada, Pennsylvania, and Wisconsin were freely and fairly elected under lawful, constitutional procedures.</officialTitle>
 <action date="2021-01-04">Mr. Malinowski (for himself, Mr. Phillips, Ms. Spanberger, Ms. Sherrill, Ms. Garcia of Texas, Ms. Wild, and Ms. Craig) submitted the following resolution; which was referred to the Committee on House Administration</action>
 <congCommittee authorityId="hsha00" chamber="H" congress="117" type="S">
                      <name type="authority-standard">Committee on House Administration</name>
                      <name type="authority-short">House Administration</name>
                </congCommittee>
 <congMember authorityId="2421" bioGuideId="M001203" chamber="H" congress="117" party="D" role="SPONSOR" state="NJ">
                      <name type="parsed">Mr. Malinowski</name>
                      <name type="authority-fnf">Tom Malinowski</name>
                      <name type="authority-lnf">Malinowski, Tom</name>
                </congMember>
 <congMember authorityId="2413" bioGuideId="P000616" chamber="H" congress="117" party="D" role="COSPONSOR" state="MN">
                      <name type="parsed">Mr. Phillips</name>
                      <name type="authority-fnf">Dean Phillips</name>
                      <name type="authority-lnf">Phillips, Dean</name>
                </congMember>
 <congMember authorityId="2456" bioGuideId="S001209" chamber="H" congress="117" party="D" role="COSPONSOR" state="VA">
                      <name type="parsed">Ms. Spanberger</name>
                      <name type="authority-fnf">Abigail Davis Spanberger</name>
                      <name type="authority-lnf">Spanberger, Abigail Davis</name>
                      <name type="authority-other">Ms. Abigail Spanberger</name>
                </congMember>
 <congMember authorityId="2422" bioGuideId="S001207" chamber="H" congress="117" party="D" role="COSPONSOR" state="NJ">
                      <name type="parsed">Ms. Sherrill</name>
                      <name type="authority-fnf">Mikie Sherrill</name>
                      <name type="authority-lnf">Sherrill, Mikie</name>
                </congMember>
 <congMember authorityId="2450" bioGuideId="G000587" chamber="H" congress="117" party="D" role="COSPONSOR" state="TX">
                      <name type="parsed">Ms. Garcia of Texas</name>
                      <name type="authority-fnf">Sylvia R. Garcia</name>
                      <name type="authority-lnf">Garcia, Sylvia R.</name>
                      <name type="authority-other">Ms. Sylvia Garcia</name>
                </congMember>
 <congMember authorityId="2374" bioGuideId="W000826" chamber="H" congress="117" party="D" role="COSPONSOR" state="PA">
                      <name type="parsed">Ms. Wild</name>
                      <name type="authority-fnf">Susan Wild</name>
                      <name type="authority-lnf">Wild, Susan</name>
                </congMember>
 <congMember authorityId="2412" bioGuideId="C001119" chamber="H" congress="117" party="D" role="COSPONSOR" state="MN">
                      <name type="parsed">Ms. Craig</name>
                      <name type="authority-fnf">Angie Craig</name>
                      <name type="authority-lnf">Craig, Angie</name>
                </congMember>
 <isPrivate>false</isPrivate>
 <isAppropriation>false</isAppropriation>
</extension>
</mods>