<?xml version="1.0"?>
<?xml-stylesheet type="text/xsl" href="billres.xsl"?>
<!DOCTYPE resolution PUBLIC "-//US Congress//DTDs/res.dtd//EN" "res.dtd">
<resolution resolution-stage="Introduced-in-House" dms-id="H6896E093199D419D9139DD6CA894867D" public-private="public" resolution-type="constitutional-amendment" star-print="no-star-print" key="H"><metadata xmlns:dc="http://purl.org/dc/elements/1.1/">
<dublinCore>
<dc:title>117 HJ 8 IH: Proposing an amendment to the Constitution of the United States to provide for balanced budgets for the Government.</dc:title>
<dc:publisher>U.S. House of Representatives</dc:publisher>
<dc:date>2021-01-04</dc:date>
<dc:format>text/xml</dc:format>
<dc:language>EN</dc:language>
<dc:rights>Pursuant to Title 17 Section 105 of the United States Code, this file is not subject to copyright protection and is in the public domain.</dc:rights>
</dublinCore>
</metadata>
<form>
<distribution-code display="yes">IA</distribution-code><congress display="yes">117th CONGRESS</congress><session display="yes">1st Session</session><legis-num display="yes">H. J. RES. 8</legis-num><current-chamber>IN THE HOUSE OF REPRESENTATIVES</current-chamber><action display="yes"><action-date date="20210104">January 4, 2021</action-date><action-desc><sponsor name-id="F000466">Mr. Fitzpatrick</sponsor> (for himself and <cosponsor name-id="G000579">Mr. Gallagher</cosponsor>) submitted the following joint resolution; which was referred to the <committee-name committee-id="HJU00">Committee on the Judiciary</committee-name></action-desc></action><legis-type>JOINT RESOLUTION</legis-type><official-title display="yes">Proposing an amendment to the Constitution of the United States to provide for balanced budgets for the Government.</official-title></form><resolution-body style="constitutional-amendment" id="H9B261250FE15492997511E704547D7B9"><section display-inline="yes-display-inline" section-type="undesignated-section" id="HFB20DFCE5314466DA8DAA10C7B12F5B8"><text display-inline="yes-display-inline">That the following article is proposed as an amendment to the Constitution of the United States, which shall be valid to all intents and purposes as part of the Constitution when ratified by the legislatures of three-fourths of the several States:</text><quoted-block style="traditional" id="HA2C78904BBBA42D2858841AA4FE53EBA" display-inline="no-display-inline"><constitution-article id="H1234"><enum> —</enum><section id="H61C0C5C70F4F4B128D8E3E88030E0F2A" section-type="section-one"><enum>1.</enum><text display-inline="yes-display-inline">Total outlays for any fiscal year shall not exceed total receipts for that fiscal year, unless two-thirds of the whole number of each House of Congress shall provide by law for a specific excess of outlays over receipts by a rollcall vote.</text></section><section id="H62CD3B9DC413478CBC35A444CB6046B4" display-inline="no-display-inline" section-type="section-one"><enum>2.</enum><text display-inline="yes-display-inline">Prior to each fiscal year, the President shall transmit to the Congress a proposed budget for the United States Government for that fiscal year in which total outlays do not exceed total receipts.</text></section><section id="HB6E175EF08DA4D35856AB71173A3CF30" section-type="section-one"><enum>3.</enum><text display-inline="yes-display-inline">The Congress may waive the provisions of this article for any fiscal year in which a declaration of war is in effect by a rollcall vote.</text></section><section id="H798D864F302546BDB2ED3171382277AE" section-type="section-one"><enum>4.</enum><text display-inline="yes-display-inline">The Congress may waive the provisions of this article for any fiscal year in which a declaration of national emergency is in effect, as so declared by a joint resolution, adopted by a majority of the whole number of each House, which becomes law.</text></section><section id="HF4A0E44CD4784B36B914AE84A77C29C1" section-type="section-one"><enum>5.</enum><text display-inline="yes-display-inline">The Congress may waive the provisions of this article for any fiscal year in which a declaration of a natural disaster is in effect, as so declared by a joint resolution, adopted by a majority of the whole number of each House, which becomes law.</text></section><section id="HF75D2D6A9CC14ACCBF9B0DD2F19D67F8" section-type="section-one"><enum>6.</enum><text display-inline="yes-display-inline">The Congress shall enforce and implement this article by appropriate legislation, which may rely on estimates of outlays and receipts.</text></section><section id="H42348FCA66E741509F1FFCEA1696E25B" section-type="section-one"><enum>7.</enum><text display-inline="yes-display-inline">This article shall take effect beginning with the fifth fiscal year beginning after its ratification.</text></section></constitution-article><after-quoted-block>.</after-quoted-block></quoted-block></section></resolution-body></resolution> 

