<mods xmlns:xlink="http://www.w3.org/1999/xlink" xmlns:xsi="http://www.w3.org/2001/XMLSchema-instance" xmlns="http://www.loc.gov/mods/v3" version="3.3" xsi:schemaLocation="http://www.loc.gov/mods/v3 http://www.loc.gov/standards/mods/v3/mods-3-3.xsd" ID="P0b002ee1aab59a90">
<name type="corporate">
 <namePart>United States Government Publishing Office</namePart>
 <role>
  <roleTerm authority="marcrelator" type="text">publisher</roleTerm>
  <roleTerm authority="marcrelator" type="code">pbl</roleTerm>
</role>
 <role>
  <roleTerm authority="marcrelator" type="text">distributor</roleTerm>
  <roleTerm authority="marcrelator" type="code">dst</roleTerm>
</role>
</name>
<name type="corporate">
 <namePart>United States</namePart>
 <namePart>Congress</namePart>
 <namePart>House of Representatives</namePart>
 <role>
  <roleTerm authority="marcrelator" type="text">author</roleTerm>
  <roleTerm authority="marcrelator" type="code">aut</roleTerm>
</role>
 <description>Government Organization</description>
</name>
<typeOfResource>text</typeOfResource>
<genre authority="marcgt">government publication</genre>
<language>
 <languageTerm type="code" authority="iso639-2b">eng</languageTerm>
</language>
<extension>
 <collectionCode>BILLS</collectionCode>
 <searchTitle>Proposing an amendment to the Constitution of the United States to require that the Supreme Court of the United States be composed of nine justices.;H.J. Res. 11 (IH)
    </searchTitle>
 <category>Bills and Statutes</category>
 <waisDatabaseName>117_cong_bills</waisDatabaseName>
 <branch>legislative</branch>
 <dateIngested>2021-01-05</dateIngested>
</extension>
<titleInfo>
 <title>Proposing an amendment to the Constitution of the United States to require that the Supreme Court of the United States be composed of nine justices.</title>
</titleInfo>
<titleInfo type="alternative">
 <title>H.J. Res. 11 (IH)
    </title>
</titleInfo>
<originInfo>
 <publisher>U.S. Government Publishing Office</publisher>
 <dateIssued encoding="w3cdtf">2021-01-04</dateIssued>
 <issuance>monographic</issuance>
</originInfo>
<physicalDescription>
 <note type="source content type">deposited</note>
 <digitalOrigin>born digital</digitalOrigin>
 <extent>2 p.</extent>
</physicalDescription>
<classification authority="sudocs">Y 1.6:</classification>
<classification authority="sudocs">Y 1.4/8:</classification>
<identifier type="local">P0b002ee1aab59a90</identifier>
<identifier type="uri">https://www.govinfo.gov/app/details/BILLS-117hjres11ih</identifier>
<identifier type="preferred citation">H.J. Res. 11</identifier>
<identifier type="stock number">021-610-00252-9</identifier>
<identifier type="Parent ILS system id">000501532</identifier>
<identifier type="Child ILS system id">000325570</identifier>
<identifier type="Parent ILS title">Congressional bills</identifier>
<identifier type="Child ILS title">House joint resolutions</identifier>
<identifier type="former package identifier">f:hj11_ih.txt</identifier>
<location>
 <url displayLabel="Content Detail" access="object in context">https://www.govinfo.gov/app/details/BILLS-117hjres11ih</url>
 <url displayLabel="HTML rendition" access="raw object">https://www.govinfo.gov/content/pkg/BILLS-117hjres11ih/html/BILLS-117hjres11ih.htm</url>
 <url displayLabel="PDF rendition" access="raw object">https://www.govinfo.gov/content/pkg/BILLS-117hjres11ih/pdf/BILLS-117hjres11ih.pdf</url>
 <url displayLabel="XML rendition" access="raw object">https://www.govinfo.gov/content/pkg/BILLS-117hjres11ih/xml/BILLS-117hjres11ih.xml</url>
</location>
<accessCondition type="GPO scope determination">fdlp</accessCondition>
<recordInfo>
 <recordContentSource authority="marcorg">DGPO</recordContentSource>
 <recordCreationDate encoding="w3cdtf">2021-01-05</recordCreationDate>
 <recordChangeDate encoding="w3cdtf">2021-01-06</recordChangeDate>
 <recordIdentifier source="DGPO">BILLS-117hjres11ih</recordIdentifier>
 <recordOrigin>machine generated</recordOrigin>
 <languageOfCataloging>
  <languageTerm type="code" authority="iso639-2b">eng</languageTerm>
</languageOfCataloging>
</recordInfo>
<name type="personal">
 <namePart>Dusty Johnson</namePart>
 <affiliation>United States House of Representatives</affiliation>
 <role>
  <roleTerm authority="marcrelator" type="text">sponsor</roleTerm>
  <roleTerm authority="marcrelator" type="code">spn</roleTerm>
</role>
 <description>United States Congress Member</description>
</name>
<name type="personal">
 <namePart>Mike Kelly</namePart>
 <affiliation>United States House of Representatives</affiliation>
 <role>
  <roleTerm type="text">cosponsor</roleTerm>
</role>
 <description>United States Congress Member</description>
</name>
<name type="personal">
 <namePart>Jeff Duncan</namePart>
 <affiliation>United States House of Representatives</affiliation>
 <role>
  <roleTerm type="text">cosponsor</roleTerm>
</role>
 <description>United States Congress Member</description>
</name>
<name type="personal">
 <namePart>Debbie Lesko</namePart>
 <affiliation>United States House of Representatives</affiliation>
 <role>
  <roleTerm type="text">cosponsor</roleTerm>
</role>
 <description>United States Congress Member</description>
</name>
<name type="personal">
 <namePart>Daniel Meuser</namePart>
 <affiliation>United States House of Representatives</affiliation>
 <role>
  <roleTerm type="text">cosponsor</roleTerm>
</role>
 <description>United States Congress Member</description>
</name>
<name type="personal">
 <namePart>Kelly Armstrong</namePart>
 <affiliation>United States House of Representatives</affiliation>
 <role>
  <roleTerm type="text">cosponsor</roleTerm>
</role>
 <description>United States Congress Member</description>
</name>
<name type="personal">
 <namePart>Troy Balderson</namePart>
 <affiliation>United States House of Representatives</affiliation>
 <role>
  <roleTerm type="text">cosponsor</roleTerm>
</role>
 <description>United States Congress Member</description>
</name>
<name type="personal">
 <namePart>Randy K. Weber, Sr.</namePart>
 <affiliation>United States House of Representatives</affiliation>
 <role>
  <roleTerm type="text">cosponsor</roleTerm>
</role>
 <description>United States Congress Member</description>
</name>
<name type="personal">
 <namePart>Fred Keller</namePart>
 <affiliation>United States House of Representatives</affiliation>
 <role>
  <roleTerm type="text">cosponsor</roleTerm>
</role>
 <description>United States Congress Member</description>
</name>
<name type="personal">
 <namePart>David P. Joyce</namePart>
 <affiliation>United States House of Representatives</affiliation>
 <role>
  <roleTerm type="text">cosponsor</roleTerm>
</role>
 <description>United States Congress Member</description>
</name>
<name type="personal">
 <namePart>Brian Babin</namePart>
 <affiliation>United States House of Representatives</affiliation>
 <role>
  <roleTerm type="text">cosponsor</roleTerm>
</role>
 <description>United States Congress Member</description>
</name>
<name type="personal">
 <namePart>John Katko</namePart>
 <affiliation>United States House of Representatives</affiliation>
 <role>
  <roleTerm type="text">cosponsor</roleTerm>
</role>
 <description>United States Congress Member</description>
</name>
<name type="personal">
 <namePart>August Pfluger</namePart>
 <affiliation>United States House of Representatives</affiliation>
 <role>
  <roleTerm type="text">cosponsor</roleTerm>
</role>
 <description>United States Congress Member</description>
</name>
<name type="personal">
 <namePart>Randy Feenstra</namePart>
 <affiliation>United States House of Representatives</affiliation>
 <role>
  <roleTerm type="text">cosponsor</roleTerm>
</role>
 <description>United States Congress Member</description>
</name>
<name type="corporate">
 <namePart>United States</namePart>
 <namePart>Congress</namePart>
 <namePart>House of Representatives</namePart>
 <namePart>Committee on the Judiciary</namePart>
 <role>
  <roleTerm authority="marcrelator" type="text">associated name</roleTerm>
  <roleTerm authority="marcrelator" type="code">asn</roleTerm>
</role>
</name>
<extension>
 <docClass>hjres</docClass>
 <accessId>BILLS-117hjres11ih</accessId>
 <congress>117</congress>
 <session>1</session>
 <originChamber>HOUSE</originChamber>
 <currentChamber>HOUSE</currentChamber>
 <billNumber>11</billNumber>
 <billVersion reprint="false">ih</billVersion>
 <fileSuffix>ih</fileSuffix>
 <officialTitle>Proposing an amendment to the Constitution of the United States to require that the Supreme Court of the United States be composed of nine justices.</officialTitle>
 <action date="2021-01-04">Mr. Johnson of South Dakota (for himself, Mr. Kelly of Pennsylvania, Mr. Duncan, Mrs. Lesko, Mr. Meuser, Mr. Armstrong, Mr. Balderson, Mr. Weber of Texas, Mr. Keller, Mr. Joyce of Ohio, Mr. Babin, Mr. Katko, Mr. Pfluger, Mr. Feenstra, and Mr. Carl) submitted the following joint resolution; which was referred to the Committee on the Judiciary</action>
 <congCommittee authorityId="hsju00" chamber="H" congress="117" type="S">
                      <name type="authority-standard">Committee on the Judiciary</name>
                      <name type="authority-short">Judiciary</name>
                </congCommittee>
 <congMember authorityId="2439" bioGuideId="J000301" chamber="H" congress="117" party="R" role="SPONSOR" state="SD">
                      <name type="parsed">Mr. Johnson of South Dakota</name>
                      <name type="authority-fnf">Dusty Johnson</name>
                      <name type="authority-lnf">Johnson, Dusty</name>
                </congMember>
 <congMember authorityId="2051" bioGuideId="K000376" chamber="H" congress="117" gpoId="8708" party="R" role="COSPONSOR" state="PA">
                      <name type="parsed">Mr. Kelly of Pennsylvania</name>
                      <name type="authority-fnf">Mike Kelly</name>
                      <name type="authority-lnf">Kelly, Mike</name>
                </congMember>
 <congMember authorityId="2057" bioGuideId="D000615" chamber="H" congress="117" gpoId="8143" party="R" role="COSPONSOR" state="SC">
                      <name type="parsed">Mr. Duncan</name>
                      <name type="authority-fnf">Jeff Duncan</name>
                      <name type="authority-lnf">Duncan, Jeff</name>
                </congMember>
 <congMember authorityId="2368" bioGuideId="L000589" chamber="H" congress="117" party="R" role="COSPONSOR" state="AZ">
                      <name type="parsed">Mrs. Lesko</name>
                      <name type="authority-fnf">Debbie Lesko</name>
                      <name type="authority-lnf">Lesko, Debbie</name>
                </congMember>
 <congMember authorityId="2434" bioGuideId="M001204" chamber="H" congress="117" party="R" role="COSPONSOR" state="PA">
                      <name type="parsed">Mr. Meuser</name>
                      <name type="authority-fnf">Daniel Meuser</name>
                      <name type="authority-lnf">Meuser, Daniel</name>
                </congMember>
 <congMember authorityId="2417" bioGuideId="A000377" chamber="H" congress="117" party="R" role="COSPONSOR" state="ND">
                      <name type="parsed">Mr. Armstrong</name>
                      <name type="authority-fnf">Kelly Armstrong</name>
                      <name type="authority-lnf">Armstrong, Kelly</name>
                </congMember>
 <congMember authorityId="2370" bioGuideId="B001306" chamber="H" congress="117" party="R" role="COSPONSOR" state="OH">
                      <name type="parsed">Mr. Balderson</name>
                      <name type="authority-fnf">Troy Balderson</name>
                      <name type="authority-lnf">Balderson, Troy</name>
                </congMember>
 <congMember authorityId="2161" bioGuideId="W000814" chamber="H" congress="117" party="R" role="COSPONSOR" state="TX">
                      <name type="parsed">Mr. Weber of Texas</name>
                      <name type="authority-fnf">Randy K. Weber, Sr.</name>
                      <name type="authority-lnf">Weber, Randy K., Sr.</name>
                      <name type="authority-other">Mr. Randy Weber Sr.</name>
                </congMember>
 <congMember authorityId="2471" bioGuideId="K000395" chamber="H" congress="117" party="R" role="COSPONSOR" state="PA">
                      <name type="parsed">Mr. Keller</name>
                      <name type="authority-fnf">Fred Keller</name>
                      <name type="authority-lnf">Keller, Fred</name>
                </congMember>
 <congMember authorityId="2154" bioGuideId="J000295" chamber="H" congress="117" party="R" role="COSPONSOR" state="OH">
                      <name type="parsed">Mr. Joyce of Ohio</name>
                      <name type="authority-fnf">David P. Joyce</name>
                      <name type="authority-lnf">Joyce, David P.</name>
                      <name type="authority-other">Mr. David Joyce</name>
                </congMember>
 <congMember authorityId="2270" bioGuideId="B001291" chamber="H" congress="117" party="R" role="COSPONSOR" state="TX">
                      <name type="parsed">Mr. Babin</name>
                      <name type="authority-fnf">Brian Babin</name>
                      <name type="authority-lnf">Babin, Brian</name>
                </congMember>
 <congMember authorityId="2264" bioGuideId="K000386" chamber="H" congress="117" party="R" role="COSPONSOR" state="NY">
                      <name type="parsed">Mr. Katko</name>
                      <name type="authority-fnf">John Katko</name>
                      <name type="authority-lnf">Katko, John</name>
                </congMember>
 <congMember authorityId="2531" bioGuideId="P000048" chamber="H" congress="117" party="R" role="COSPONSOR" state="TX">
                      <name type="parsed">Mr. Pfluger</name>
                      <name type="authority-fnf">August Pfluger</name>
                      <name type="authority-lnf">Pfluger, August</name>
                </congMember>
 <congMember authorityId="2503" bioGuideId="F000446" chamber="H" congress="117" party="R" role="COSPONSOR" state="IA">
                      <name type="parsed">Mr. Feenstra</name>
                      <name type="authority-fnf">Randy Feenstra</name>
                      <name type="authority-lnf">Feenstra, Randy</name>
                </congMember>
 <isPrivate>false</isPrivate>
 <isAppropriation>false</isAppropriation>
</extension>
</mods>