<mods xmlns:xlink="http://www.w3.org/1999/xlink" xmlns:xsi="http://www.w3.org/2001/XMLSchema-instance" xmlns="http://www.loc.gov/mods/v3" version="3.3" xsi:schemaLocation="http://www.loc.gov/mods/v3 http://www.loc.gov/standards/mods/v3/mods-3-3.xsd" ID="P0b002ee1aacf88f2">
<name type="corporate">
 <namePart>United States Government Publishing Office</namePart>
 <role>
  <roleTerm authority="marcrelator" type="text">publisher</roleTerm>
  <roleTerm authority="marcrelator" type="code">pbl</roleTerm>
</role>
 <role>
  <roleTerm authority="marcrelator" type="text">distributor</roleTerm>
  <roleTerm authority="marcrelator" type="code">dst</roleTerm>
</role>
</name>
<name type="corporate">
 <namePart>United States</namePart>
 <namePart>Congress</namePart>
 <namePart>House of Representatives</namePart>
 <role>
  <roleTerm authority="marcrelator" type="text">author</roleTerm>
  <roleTerm authority="marcrelator" type="code">aut</roleTerm>
</role>
 <description>Government Organization</description>
</name>
<typeOfResource>text</typeOfResource>
<genre authority="marcgt">government publication</genre>
<language>
 <languageTerm type="code" authority="iso639-2b">eng</languageTerm>
</language>
<extension>
 <collectionCode>BILLS</collectionCode>
 <searchTitle>Amending the Rules of the House of Representatives to fine Members, Delegates, and the Resident Commissioner who do not wear masks in the Capitol complex.;H. Res. 42 (IH)
    </searchTitle>
 <category>Bills and Statutes</category>
 <waisDatabaseName>117_cong_bills</waisDatabaseName>
 <branch>legislative</branch>
 <dateIngested>2021-01-13</dateIngested>
</extension>
<titleInfo>
 <title>Amending the Rules of the House of Representatives to fine Members, Delegates, and the Resident Commissioner who do not wear masks in the Capitol complex.</title>
</titleInfo>
<titleInfo type="alternative">
 <title>H. Res. 42 (IH)
    </title>
</titleInfo>
<originInfo>
 <publisher>U.S. Government Publishing Office</publisher>
 <dateIssued encoding="w3cdtf">2021-01-12</dateIssued>
 <issuance>monographic</issuance>
</originInfo>
<physicalDescription>
 <note type="source content type">deposited</note>
 <digitalOrigin>born digital</digitalOrigin>
 <extent>2 p.</extent>
</physicalDescription>
<classification authority="sudocs">Y 1.6:</classification>
<classification authority="sudocs">Y 1.4/7:</classification>
<identifier type="local">P0b002ee1aacf88f2</identifier>
<identifier type="uri">https://www.govinfo.gov/app/details/BILLS-117hres42ih</identifier>
<identifier type="preferred citation">H. Res. 42</identifier>
<identifier type="stock number">021-610-00252-9</identifier>
<identifier type="Parent ILS system id">000501532</identifier>
<identifier type="Child ILS system id">000325574</identifier>
<identifier type="Parent ILS title">Congressional bills</identifier>
<identifier type="Child ILS title">House resolutions</identifier>
<identifier type="former package identifier">f:hr42_ih.txt</identifier>
<location>
 <url displayLabel="Content Detail" access="object in context">https://www.govinfo.gov/app/details/BILLS-117hres42ih</url>
 <url displayLabel="HTML rendition" access="raw object">https://www.govinfo.gov/content/pkg/BILLS-117hres42ih/html/BILLS-117hres42ih.htm</url>
 <url displayLabel="PDF rendition" access="raw object">https://www.govinfo.gov/content/pkg/BILLS-117hres42ih/pdf/BILLS-117hres42ih.pdf</url>
 <url displayLabel="XML rendition" access="raw object">https://www.govinfo.gov/content/pkg/BILLS-117hres42ih/xml/BILLS-117hres42ih.xml</url>
</location>
<accessCondition type="GPO scope determination">fdlp</accessCondition>
<recordInfo>
 <recordContentSource authority="marcorg">DGPO</recordContentSource>
 <recordCreationDate encoding="w3cdtf">2021-01-13</recordCreationDate>
 <recordChangeDate encoding="w3cdtf">2021-01-14</recordChangeDate>
 <recordIdentifier source="DGPO">BILLS-117hres42ih</recordIdentifier>
 <recordOrigin>machine generated</recordOrigin>
 <languageOfCataloging>
  <languageTerm type="code" authority="iso639-2b">eng</languageTerm>
</languageOfCataloging>
</recordInfo>
<name type="personal">
 <namePart>Debbie Dingell</namePart>
 <affiliation>United States House of Representatives</affiliation>
 <role>
  <roleTerm authority="marcrelator" type="text">sponsor</roleTerm>
  <roleTerm authority="marcrelator" type="code">spn</roleTerm>
</role>
 <description>United States Congress Member</description>
</name>
<name type="personal">
 <namePart>Nikema Williams</namePart>
 <affiliation>United States House of Representatives</affiliation>
 <role>
  <roleTerm type="text">cosponsor</roleTerm>
</role>
 <description>United States Congress Member</description>
</name>
<name type="personal">
 <namePart>Mondaire Jones</namePart>
 <affiliation>United States House of Representatives</affiliation>
 <role>
  <roleTerm type="text">cosponsor</roleTerm>
</role>
 <description>United States Congress Member</description>
</name>
<name type="personal">
 <namePart>Alcee L. Hastings</namePart>
 <affiliation>United States House of Representatives</affiliation>
 <role>
  <roleTerm type="text">cosponsor</roleTerm>
</role>
 <description>United States Congress Member</description>
</name>
<name type="personal">
 <namePart>Donald M. Payne, Jr.</namePart>
 <affiliation>United States House of Representatives</affiliation>
 <role>
  <roleTerm type="text">cosponsor</roleTerm>
</role>
 <description>United States Congress Member</description>
</name>
<name type="personal">
 <namePart>Tom Malinowski</namePart>
 <affiliation>United States House of Representatives</affiliation>
 <role>
  <roleTerm type="text">cosponsor</roleTerm>
</role>
 <description>United States Congress Member</description>
</name>
<name type="personal">
 <namePart>Jerry McNerney</namePart>
 <affiliation>United States House of Representatives</affiliation>
 <role>
  <roleTerm type="text">cosponsor</roleTerm>
</role>
 <description>United States Congress Member</description>
</name>
<name type="personal">
 <namePart>Hakeem S. Jeffries</namePart>
 <affiliation>United States House of Representatives</affiliation>
 <role>
  <roleTerm type="text">cosponsor</roleTerm>
</role>
 <description>United States Congress Member</description>
</name>
<name type="personal">
 <namePart>Mark Pocan</namePart>
 <affiliation>United States House of Representatives</affiliation>
 <role>
  <roleTerm type="text">cosponsor</roleTerm>
</role>
 <description>United States Congress Member</description>
</name>
<name type="personal">
 <namePart>David N. Cicilline</namePart>
 <affiliation>United States House of Representatives</affiliation>
 <role>
  <roleTerm type="text">cosponsor</roleTerm>
</role>
 <description>United States Congress Member</description>
</name>
<name type="personal">
 <namePart>John Garamendi</namePart>
 <affiliation>United States House of Representatives</affiliation>
 <role>
  <roleTerm type="text">cosponsor</roleTerm>
</role>
 <description>United States Congress Member</description>
</name>
<name type="personal">
 <namePart>Grace Meng</namePart>
 <affiliation>United States House of Representatives</affiliation>
 <role>
  <roleTerm type="text">cosponsor</roleTerm>
</role>
 <description>United States Congress Member</description>
</name>
<name type="personal">
 <namePart>Yvette D. Clarke</namePart>
 <affiliation>United States House of Representatives</affiliation>
 <role>
  <roleTerm type="text">cosponsor</roleTerm>
</role>
 <description>United States Congress Member</description>
</name>
<name type="personal">
 <namePart>Mike Levin</namePart>
 <affiliation>United States House of Representatives</affiliation>
 <role>
  <roleTerm type="text">cosponsor</roleTerm>
</role>
 <description>United States Congress Member</description>
</name>
<name type="personal">
 <namePart>Adriano Espaillat</namePart>
 <affiliation>United States House of Representatives</affiliation>
 <role>
  <roleTerm type="text">cosponsor</roleTerm>
</role>
 <description>United States Congress Member</description>
</name>
<name type="personal">
 <namePart>Mark DeSaulnier</namePart>
 <affiliation>United States House of Representatives</affiliation>
 <role>
  <roleTerm type="text">cosponsor</roleTerm>
</role>
 <description>United States Congress Member</description>
</name>
<name type="personal">
 <namePart>Raul M. Grijalva</namePart>
 <affiliation>United States House of Representatives</affiliation>
 <role>
  <roleTerm type="text">cosponsor</roleTerm>
</role>
 <description>United States Congress Member</description>
</name>
<name type="personal">
 <namePart>Chellie Pingree</namePart>
 <affiliation>United States House of Representatives</affiliation>
 <role>
  <roleTerm type="text">cosponsor</roleTerm>
</role>
 <description>United States Congress Member</description>
</name>
<name type="personal">
 <namePart>Jim Cooper</namePart>
 <affiliation>United States House of Representatives</affiliation>
 <role>
  <roleTerm type="text">cosponsor</roleTerm>
</role>
 <description>United States Congress Member</description>
</name>
<name type="personal">
 <namePart>Andre Carson</namePart>
 <affiliation>United States House of Representatives</affiliation>
 <role>
  <roleTerm type="text">cosponsor</roleTerm>
</role>
 <description>United States Congress Member</description>
</name>
<name type="personal">
 <namePart>Kathy Castor</namePart>
 <affiliation>United States House of Representatives</affiliation>
 <role>
  <roleTerm type="text">cosponsor</roleTerm>
</role>
 <description>United States Congress Member</description>
</name>
<name type="personal">
 <namePart>Kathleen M. Rice</namePart>
 <affiliation>United States House of Representatives</affiliation>
 <role>
  <roleTerm type="text">cosponsor</roleTerm>
</role>
 <description>United States Congress Member</description>
</name>
<name type="personal">
 <namePart>Sean Casten</namePart>
 <affiliation>United States House of Representatives</affiliation>
 <role>
  <roleTerm type="text">cosponsor</roleTerm>
</role>
 <description>United States Congress Member</description>
</name>
<name type="personal">
 <namePart>Cynthia Axne</namePart>
 <affiliation>United States House of Representatives</affiliation>
 <role>
  <roleTerm type="text">cosponsor</roleTerm>
</role>
 <description>United States Congress Member</description>
</name>
<name type="personal">
 <namePart>Suzanne Bonamici</namePart>
 <affiliation>United States House of Representatives</affiliation>
 <role>
  <roleTerm type="text">cosponsor</roleTerm>
</role>
 <description>United States Congress Member</description>
</name>
<name type="personal">
 <namePart>Nydia M. Velazquez</namePart>
 <affiliation>United States House of Representatives</affiliation>
 <role>
  <roleTerm type="text">cosponsor</roleTerm>
</role>
 <description>United States Congress Member</description>
</name>
<name type="personal">
 <namePart>Pramila Jayapal</namePart>
 <affiliation>United States House of Representatives</affiliation>
 <role>
  <roleTerm type="text">cosponsor</roleTerm>
</role>
 <description>United States Congress Member</description>
</name>
<name type="personal">
 <namePart>Frederica S. Wilson</namePart>
 <affiliation>United States House of Representatives</affiliation>
 <role>
  <roleTerm type="text">cosponsor</roleTerm>
</role>
 <description>United States Congress Member</description>
</name>
<name type="personal">
 <namePart>Darren Soto</namePart>
 <affiliation>United States House of Representatives</affiliation>
 <role>
  <roleTerm type="text">cosponsor</roleTerm>
</role>
 <description>United States Congress Member</description>
</name>
<name type="personal">
 <namePart>Jackie Speier</namePart>
 <affiliation>United States House of Representatives</affiliation>
 <role>
  <roleTerm type="text">cosponsor</roleTerm>
</role>
 <description>United States Congress Member</description>
</name>
<name type="personal">
 <namePart>Henry C. &quot;Hank&quot; Johnson, Jr.</namePart>
 <affiliation>United States House of Representatives</affiliation>
 <role>
  <roleTerm type="text">cosponsor</roleTerm>
</role>
 <description>United States Congress Member</description>
</name>
<name type="personal">
 <namePart>Ritchie Torres</namePart>
 <affiliation>United States House of Representatives</affiliation>
 <role>
  <roleTerm type="text">cosponsor</roleTerm>
</role>
 <description>United States Congress Member</description>
</name>
<name type="personal">
 <namePart>Barbara Lee</namePart>
 <affiliation>United States House of Representatives</affiliation>
 <role>
  <roleTerm type="text">cosponsor</roleTerm>
</role>
 <description>United States Congress Member</description>
</name>
<name type="personal">
 <namePart>Terri A. Sewell</namePart>
 <affiliation>United States House of Representatives</affiliation>
 <role>
  <roleTerm type="text">cosponsor</roleTerm>
</role>
 <description>United States Congress Member</description>
</name>
<name type="personal">
 <namePart>Bennie G. Thompson</namePart>
 <affiliation>United States House of Representatives</affiliation>
 <role>
  <roleTerm type="text">cosponsor</roleTerm>
</role>
 <description>United States Congress Member</description>
</name>
<name type="personal">
 <namePart>Suzan K. DelBene</namePart>
 <affiliation>United States House of Representatives</affiliation>
 <role>
  <roleTerm type="text">cosponsor</roleTerm>
</role>
 <description>United States Congress Member</description>
</name>
<name type="personal">
 <namePart>Sanford D. Bishop, Jr.</namePart>
 <affiliation>United States House of Representatives</affiliation>
 <role>
  <roleTerm type="text">cosponsor</roleTerm>
</role>
 <description>United States Congress Member</description>
</name>
<name type="personal">
 <namePart>Jahana Hayes</namePart>
 <affiliation>United States House of Representatives</affiliation>
 <role>
  <roleTerm type="text">cosponsor</roleTerm>
</role>
 <description>United States Congress Member</description>
</name>
<name type="personal">
 <namePart>Anthony G. Brown</namePart>
 <affiliation>United States House of Representatives</affiliation>
 <role>
  <roleTerm type="text">cosponsor</roleTerm>
</role>
 <description>United States Congress Member</description>
</name>
<name type="personal">
 <namePart>Eric Swalwell</namePart>
 <affiliation>United States House of Representatives</affiliation>
 <role>
  <roleTerm type="text">cosponsor</roleTerm>
</role>
 <description>United States Congress Member</description>
</name>
<name type="personal">
 <namePart>Doris O. Matsui</namePart>
 <affiliation>United States House of Representatives</affiliation>
 <role>
  <roleTerm type="text">cosponsor</roleTerm>
</role>
 <description>United States Congress Member</description>
</name>
<name type="personal">
 <namePart>Dean Phillips</namePart>
 <affiliation>United States House of Representatives</affiliation>
 <role>
  <roleTerm type="text">cosponsor</roleTerm>
</role>
 <description>United States Congress Member</description>
</name>
<name type="personal">
 <namePart>Kweisi Mfume</namePart>
 <affiliation>United States House of Representatives</affiliation>
 <role>
  <roleTerm type="text">cosponsor</roleTerm>
</role>
 <description>United States Congress Member</description>
</name>
<name type="personal">
 <namePart>Bobby L. Rush</namePart>
 <affiliation>United States House of Representatives</affiliation>
 <role>
  <roleTerm type="text">cosponsor</roleTerm>
</role>
 <description>United States Congress Member</description>
</name>
<name type="corporate">
 <namePart>United States</namePart>
 <namePart>Congress</namePart>
 <namePart>House of Representatives</namePart>
 <namePart>Committee on Rules</namePart>
 <role>
  <roleTerm authority="marcrelator" type="text">associated name</roleTerm>
  <roleTerm authority="marcrelator" type="code">asn</roleTerm>
</role>
</name>
<name type="corporate">
 <namePart>United States</namePart>
 <namePart>Congress</namePart>
 <namePart>House of Representatives</namePart>
 <namePart>Committee on Ethics</namePart>
 <role>
  <roleTerm authority="marcrelator" type="text">associated name</roleTerm>
  <roleTerm authority="marcrelator" type="code">asn</roleTerm>
</role>
</name>
<extension>
 <docClass>hres</docClass>
 <accessId>BILLS-117hres42ih</accessId>
 <congress>117</congress>
 <session>1</session>
 <originChamber>HOUSE</originChamber>
 <currentChamber>HOUSE</currentChamber>
 <billNumber>42</billNumber>
 <billVersion reprint="false">ih</billVersion>
 <fileSuffix>ih</fileSuffix>
 <officialTitle>Amending the Rules of the House of Representatives to fine Members, Delegates, and the Resident Commissioner who do not wear masks in the Capitol complex.</officialTitle>
 <action date="2021-01-12">Mrs. Dingell (for herself, Ms. Williams of Georgia, Mr. Jones, Mr. Hastings, Mr. Payne, Mr. Malinowski, Mr. McNerney, Mr. Jeffries, Mr. Pocan, Mr. Cicilline, Mr. Garamendi, Ms. Meng, Ms. Clarke of New York, Mr. Levin of California, Mr. Espaillat, Mr. DeSaulnier, Mr. Grijalva, Ms. Pingree, Mr. Cooper, Mr. Carson, Ms. Castor of Florida, Miss Rice of New York, Mr. Casten, Mrs. Axne, Ms. Bonamici, Ms. Velázquez, Ms. Jayapal, Ms. Wilson of Florida, Mr. Soto, Ms. Speier, Mr. Johnson of Georgia, Mr. Torres of New York, Ms. Lee of California, Ms. Sewell, Mr. Thompson of Mississippi, Ms. DelBene, Mr. Bishop of Georgia, Mrs. Hayes, Mr. Brown, Mr. Swalwell, Ms. Matsui, Mr. Phillips, Mr. Mfume, and Mr. Rush) submitted the following resolution; which was referred to the Committee on Rules, and in addition to the Committee on Ethics, for a period to be subsequently determined by the Speaker, in each case for consideration of such provisions as fall within the jurisdiction of the committee concerned</action>
 <congCommittee authorityId="hsru00" chamber="H" congress="117" type="S">
                      <name type="authority-standard">Committee on Rules</name>
                      <name type="authority-short">Rules</name>
                </congCommittee>
 <congCommittee authorityId="hsso00" chamber="H" congress="117" type="S">
                      <name type="authority-standard">Committee on Ethics</name>
                      <name type="authority-short">Ethics</name>
                </congCommittee>
 <congMember authorityId="2251" bioGuideId="D000624" chamber="H" congress="117" party="D" role="SPONSOR" state="MI">
                      <name type="parsed">Mrs. Dingell</name>
                      <name type="authority-fnf">Debbie Dingell</name>
                      <name type="authority-lnf">Dingell, Debbie</name>
                </congMember>
 <congMember authorityId="2496" bioGuideId="W000788" chamber="H" congress="117" party="D" role="COSPONSOR" state="GA">
                      <name type="parsed">Ms. Williams of Georgia</name>
                      <name type="authority-fnf">Nikema Williams</name>
                      <name type="authority-lnf">Williams, Nikema</name>
                </congMember>
 <congMember authorityId="2525" bioGuideId="J000306" chamber="H" congress="117" party="D" role="COSPONSOR" state="NY">
                      <name type="parsed">Mr. Jones</name>
                      <name type="authority-fnf">Mondaire Jones</name>
                      <name type="authority-lnf">Jones, Mondaire</name>
                </congMember>
 <congMember authorityId="511" bioGuideId="H000324" chamber="H" congress="117" gpoId="7895" party="D" role="COSPONSOR" state="FL">
                      <name type="parsed">Mr. Hastings</name>
                      <name type="authority-fnf">Alcee L. Hastings</name>
                      <name type="authority-lnf">Hastings, Alcee L.</name>
                      <name type="authority-other">Alcee Hastings</name>
                </congMember>
 <congMember authorityId="2097" bioGuideId="P000604" chamber="H" congress="117" gpoId="8373" party="D" role="COSPONSOR" state="NJ">
                      <name type="parsed">Mr. Payne</name>
                      <name type="authority-fnf">Donald M. Payne, Jr.</name>
                      <name type="authority-lnf">Payne, Donald M., Jr.</name>
                      <name type="authority-other">Mr. Donald Payne Jr.</name>
                </congMember>
 <congMember authorityId="2421" bioGuideId="M001203" chamber="H" congress="117" party="D" role="COSPONSOR" state="NJ">
                      <name type="parsed">Mr. Malinowski</name>
                      <name type="authority-fnf">Tom Malinowski</name>
                      <name type="authority-lnf">Malinowski, Tom</name>
                </congMember>
 <congMember authorityId="1832" bioGuideId="M001166" chamber="H" congress="117" gpoId="7816" party="D" role="COSPONSOR" state="CA">
                      <name type="parsed">Mr. McNerney</name>
                      <name type="authority-fnf">Jerry McNerney</name>
                      <name type="authority-lnf">McNerney, Jerry</name>
                </congMember>
 <congMember authorityId="2149" bioGuideId="J000294" chamber="H" congress="117" party="D" role="COSPONSOR" state="NY">
                      <name type="parsed">Mr. Jeffries</name>
                      <name type="authority-fnf">Hakeem S. Jeffries</name>
                      <name type="authority-lnf">Jeffries, Hakeem S.</name>
                      <name type="authority-other">Mr. Hakeem Jeffries</name>
                </congMember>
 <congMember authorityId="2171" bioGuideId="P000607" chamber="H" congress="117" party="D" role="COSPONSOR" state="WI">
                      <name type="parsed">Mr. Pocan</name>
                      <name type="authority-fnf">Mark Pocan</name>
                      <name type="authority-lnf">Pocan, Mark</name>
                </congMember>
 <congMember authorityId="2055" bioGuideId="C001084" chamber="H" congress="117" gpoId="8139" party="D" role="COSPONSOR" state="RI">
                      <name type="parsed">Mr. Cicilline</name>
                      <name type="authority-fnf">David N. Cicilline</name>
                      <name type="authority-lnf">Cicilline, David N.</name>
                      <name type="authority-other">Mr. David Cicilline</name>
                </congMember>
 <congMember authorityId="1973" bioGuideId="G000559" chamber="H" congress="117" gpoId="7815" party="D" role="COSPONSOR" state="CA">
                      <name type="parsed">Mr. Garamendi</name>
                      <name type="authority-fnf">John Garamendi</name>
                      <name type="authority-lnf">Garamendi, John</name>
                </congMember>
 <congMember authorityId="2148" bioGuideId="M001188" chamber="H" congress="117" party="D" role="COSPONSOR" state="NY">
                      <name type="parsed">Ms. Meng</name>
                      <name type="authority-fnf">Grace Meng</name>
                      <name type="authority-lnf">Meng, Grace</name>
                </congMember>
 <congMember authorityId="1864" bioGuideId="C001067" chamber="H" congress="117" gpoId="8072" party="D" role="COSPONSOR" state="NY">
                      <name type="parsed">Ms. Clarke of New York</name>
                      <name type="authority-fnf">Yvette D. Clarke</name>
                      <name type="authority-lnf">Clarke, Yvette D.</name>
                      <name type="authority-other">Ms. Yvette Clarke</name>
                </congMember>
 <congMember authorityId="2383" bioGuideId="L000593" chamber="H" congress="117" party="D" role="COSPONSOR" state="CA">
                      <name type="parsed">Mr. Levin of California</name>
                      <name type="authority-fnf">Mike Levin</name>
                      <name type="authority-lnf">Levin, Mike</name>
                </congMember>
 <congMember authorityId="2342" bioGuideId="E000297" chamber="H" congress="117" party="D" role="COSPONSOR" state="NY">
                      <name type="parsed">Mr. Espaillat</name>
                      <name type="authority-fnf">Adriano Espaillat</name>
                      <name type="authority-lnf">Espaillat, Adriano</name>
                </congMember>
 <congMember authorityId="2227" bioGuideId="D000623" chamber="H" congress="117" party="D" role="COSPONSOR" state="CA">
                      <name type="parsed">Mr. DeSaulnier</name>
                      <name type="authority-fnf">Mark DeSaulnier</name>
                      <name type="authority-lnf">DeSaulnier, Mark</name>
                </congMember>
 <congMember authorityId="1708" bioGuideId="G000551" chamber="H" congress="117" gpoId="7804" party="D" role="COSPONSOR" state="AZ">
                      <name type="parsed">Mr. Grijalva</name>
                      <name type="authority-fnf">Raul M. Grijalva</name>
                      <name type="authority-lnf">Grijalva, Raul M.</name>
                      <name type="authority-other">Mr. Raul Grijalva</name>
                </congMember>
 <congMember authorityId="1927" bioGuideId="P000597" chamber="H" congress="117" gpoId="7984" party="D" role="COSPONSOR" state="ME">
                      <name type="parsed">Ms. Pingree</name>
                      <name type="authority-fnf">Chellie Pingree</name>
                      <name type="authority-lnf">Pingree, Chellie</name>
                </congMember>
 <congMember authorityId="231" bioGuideId="C000754" chamber="H" congress="117" gpoId="8152" party="D" role="COSPONSOR" state="TN">
                      <name type="parsed">Mr. Cooper</name>
                      <name type="authority-fnf">Jim Cooper</name>
                      <name type="authority-lnf">Cooper, Jim</name>
                      <name type="authority-other">James Cooper</name>
                </congMember>
 <congMember authorityId="1889" bioGuideId="C001072" chamber="H" congress="117" gpoId="7946" party="D" role="COSPONSOR" state="IN">
                      <name type="parsed">Mr. Carson</name>
                      <name type="authority-fnf">Andre Carson</name>
                      <name type="authority-lnf">Carson, Andre</name>
                </congMember>
 <congMember authorityId="1839" bioGuideId="C001066" chamber="H" congress="117" gpoId="7883" party="D" role="COSPONSOR" state="FL">
                      <name type="parsed">Ms. Castor of Florida</name>
                      <name type="authority-fnf">Kathy Castor</name>
                      <name type="authority-lnf">Castor, Kathy</name>
                </congMember>
 <congMember authorityId="2262" bioGuideId="R000602" chamber="H" congress="117" party="D" role="COSPONSOR" state="NY">
                      <name type="parsed">Miss Rice of New York</name>
                      <name type="authority-fnf">Kathleen M. Rice</name>
                      <name type="authority-lnf">Rice, Kathleen M.</name>
                      <name type="authority-other">Miss Kathleen Rice</name>
                </congMember>
 <congMember authorityId="2398" bioGuideId="C001117" chamber="H" congress="117" party="D" role="COSPONSOR" state="IL">
                      <name type="parsed">Mr. Casten</name>
                      <name type="authority-fnf">Sean Casten</name>
                      <name type="authority-lnf">Casten, Sean</name>
                </congMember>
 <congMember authorityId="2395" bioGuideId="A000378" chamber="H" congress="117" party="D" role="COSPONSOR" state="IA">
                      <name type="parsed">Mrs. Axne</name>
                      <name type="authority-fnf">Cynthia Axne</name>
                      <name type="authority-lnf">Axne, Cynthia</name>
                </congMember>
 <congMember authorityId="2092" bioGuideId="B001278" chamber="H" congress="117" gpoId="8367" party="D" role="COSPONSOR" state="OR">
                      <name type="parsed">Ms. Bonamici</name>
                      <name type="authority-fnf">Suzanne Bonamici</name>
                      <name type="authority-lnf">Bonamici, Suzanne</name>
                </congMember>
 <congMember authorityId="1184" bioGuideId="V000081" chamber="H" congress="117" gpoId="8073" party="D" role="COSPONSOR" state="NY">
                      <name type="parsed">Ms. Velázquez</name>
                      <name type="authority-fnf">Nydia M. Velazquez</name>
                      <name type="authority-lnf">Velazquez, Nydia M.</name>
                      <name type="authority-other">Nydia Velazquez</name>
                </congMember>
 <congMember authorityId="2354" bioGuideId="J000298" chamber="H" congress="117" party="D" role="COSPONSOR" state="WA">
                      <name type="parsed">Ms. Jayapal</name>
                      <name type="authority-fnf">Pramila Jayapal</name>
                      <name type="authority-lnf">Jayapal, Pramila</name>
                </congMember>
 <congMember authorityId="2004" bioGuideId="W000808" chamber="H" congress="117" gpoId="7889" party="D" role="COSPONSOR" state="FL">
                      <name type="parsed">Ms. Wilson of Florida</name>
                      <name type="authority-fnf">Frederica S. Wilson</name>
                      <name type="authority-lnf">Wilson, Frederica S.</name>
                      <name type="authority-other">Frederica Wilson</name>
                </congMember>
 <congMember authorityId="2319" bioGuideId="S001200" chamber="H" congress="117" party="D" role="COSPONSOR" state="FL">
                      <name type="parsed">Mr. Soto</name>
                      <name type="authority-fnf">Darren Soto</name>
                      <name type="authority-lnf">Soto, Darren</name>
                </congMember>
 <congMember authorityId="1890" bioGuideId="S001175" chamber="H" congress="117" gpoId="7817" party="D" role="COSPONSOR" state="CA">
                      <name type="parsed">Ms. Speier</name>
                      <name type="authority-fnf">Jackie Speier</name>
                      <name type="authority-lnf">Speier, Jackie</name>
                </congMember>
 <congMember authorityId="1843" bioGuideId="J000288" chamber="H" congress="117" gpoId="7901" party="D" role="COSPONSOR" state="GA">
                      <name type="parsed">Mr. Johnson of Georgia</name>
                      <name type="authority-fnf">Henry C. &quot;Hank&quot; Johnson, Jr.</name>
                      <name type="authority-lnf">Johnson, Henry C. &quot;Hank,&quot; Jr.</name>
                      <name type="authority-other">Mr. Henry Johnson Jr.</name>
                </congMember>
 <congMember authorityId="2523" bioGuideId="T000486" chamber="H" congress="117" party="D" role="COSPONSOR" state="NY">
                      <name type="parsed">Mr. Torres of New York</name>
                      <name type="authority-fnf">Ritchie Torres</name>
                      <name type="authority-lnf">Torres, Ritchie</name>
                </congMember>
 <congMember authorityId="1501" bioGuideId="L000551" chamber="H" congress="117" gpoId="7814" party="D" role="COSPONSOR" state="CA">
                      <name type="parsed">Ms. Lee of California</name>
                      <name type="authority-fnf">Barbara Lee</name>
                      <name type="authority-lnf">Lee, Barbara</name>
                </congMember>
 <congMember authorityId="1988" bioGuideId="S001185" chamber="H" congress="117" gpoId="7792" party="D" role="COSPONSOR" state="AL">
                      <name type="parsed">Ms. Sewell</name>
                      <name type="authority-fnf">Terri A. Sewell</name>
                      <name type="authority-lnf">Sewell, Terri A.</name>
                      <name type="authority-other">Ms. Terri Sewell</name>
                </congMember>
 <congMember authorityId="1151" bioGuideId="T000193" chamber="H" congress="117" gpoId="8020" party="D" role="COSPONSOR" state="MS">
                      <name type="parsed">Mr. Thompson of Mississippi</name>
                      <name type="authority-fnf">Bennie G. Thompson</name>
                      <name type="authority-lnf">Thompson, Bennie G.</name>
                      <name type="authority-other">Bennie Thompson</name>
                </congMember>
 <congMember authorityId="2096" bioGuideId="D000617" chamber="H" congress="117" gpoId="8374" party="D" role="COSPONSOR" state="WA">
                      <name type="parsed">Ms. DelBene</name>
                      <name type="authority-fnf">Suzan K. DelBene</name>
                      <name type="authority-lnf">DelBene, Suzan K.</name>
                      <name type="authority-other">Ms. Suzan Delbene</name>
                </congMember>
 <congMember authorityId="91" bioGuideId="B000490" chamber="H" congress="117" gpoId="7899" party="D" role="COSPONSOR" state="GA">
                      <name type="parsed">Mr. Bishop of Georgia</name>
                      <name type="authority-fnf">Sanford D. Bishop, Jr.</name>
                      <name type="authority-lnf">Bishop, Sanford D., Jr.</name>
                      <name type="authority-other">Sanford Bishop Jr.</name>
                </congMember>
 <congMember authorityId="2386" bioGuideId="H001081" chamber="H" congress="117" party="D" role="COSPONSOR" state="CT">
                      <name type="parsed">Mrs. Hayes</name>
                      <name type="authority-fnf">Jahana Hayes</name>
                      <name type="authority-lnf">Hayes, Jahana</name>
                </congMember>
 <congMember authorityId="2331" bioGuideId="B001304" chamber="H" congress="117" party="D" role="COSPONSOR" state="MD">
                      <name type="parsed">Mr. Brown</name>
                      <name type="authority-fnf">Anthony G. Brown</name>
                      <name type="authority-lnf">Brown, Anthony G.</name>
                      <name type="authority-other">Mr. Anthony Brown</name>
                </congMember>
 <congMember authorityId="2104" bioGuideId="S001193" chamber="H" congress="117" party="D" role="COSPONSOR" state="CA">
                      <name type="parsed">Mr. Swalwell</name>
                      <name type="authority-fnf">Eric Swalwell</name>
                      <name type="authority-lnf">Swalwell, Eric</name>
                </congMember>
 <congMember authorityId="1814" bioGuideId="M001163" chamber="H" congress="117" gpoId="7810" party="D" role="COSPONSOR" state="CA">
                      <name type="parsed">Ms. Matsui</name>
                      <name type="authority-fnf">Doris O. Matsui</name>
                      <name type="authority-lnf">Matsui, Doris O.</name>
                      <name type="authority-other">Ms. Doris Matsui</name>
                </congMember>
 <congMember authorityId="2413" bioGuideId="P000616" chamber="H" congress="117" party="D" role="COSPONSOR" state="MN">
                      <name type="parsed">Mr. Phillips</name>
                      <name type="authority-fnf">Dean Phillips</name>
                      <name type="authority-lnf">Phillips, Dean</name>
                </congMember>
 <congMember authorityId="798" bioGuideId="M000687" chamber="H" congress="117" party="D" role="COSPONSOR" state="MD">
                      <name type="parsed">Mr. Mfume</name>
                      <name type="authority-fnf">Kweisi Mfume</name>
                      <name type="authority-lnf">Mfume, Kweisi</name>
                </congMember>
 <congMember authorityId="1003" bioGuideId="R000515" chamber="H" congress="117" gpoId="7921" party="D" role="COSPONSOR" state="IL">
                      <name type="parsed">Mr. Rush</name>
                      <name type="authority-fnf">Bobby L. Rush</name>
                      <name type="authority-lnf">Rush, Bobby L.</name>
                      <name type="authority-other">Bobby Rush</name>
                </congMember>
 <isPrivate>false</isPrivate>
 <isAppropriation>false</isAppropriation>
</extension>
</mods>