<?xml version="1.0"?>
<?xml-stylesheet type="text/xsl" href="billres.xsl"?>
<!DOCTYPE resolution PUBLIC "-//US Congress//DTDs/res.dtd//EN" "res.dtd">
<resolution dms-id="H44FB62ACDA584EF7B2EEA6CFEBBC4398" public-private="public" resolution-stage="Engrossed-in-House" resolution-type="house-resolution" star-print="no-star-print" key="H" stage-count="1"> 
<metadata xmlns:dc="http://purl.org/dc/elements/1.1/">
<dublinCore>
<dc:title>117 HRES 11 EH: </dc:title>
<dc:publisher>U.S. House of Representatives</dc:publisher>
<dc:date>2021-01-04</dc:date>
<dc:format>text/xml</dc:format>
<dc:language>EN</dc:language>
<dc:rights>Pursuant to Title 17 Section 105 of the United States Code, this file is not subject to copyright protection and is in the public domain.</dc:rights>
</dublinCore>
</metadata>
<form>
<distribution-code display="no">IV</distribution-code> 
<congress display="no">117th CONGRESS</congress> 
<session display="no">1st Session</session> 
<legis-num>H. RES. 11</legis-num> 
<current-chamber display="yes">In the House of Representatives, U. S.,</current-chamber> 
<action> 
<action-date date="20210104">January 4, 2021</action-date> 
</action> 
<legis-type display="yes">RESOLUTION</legis-type> 
<official-title display="no"><?xm-replace_text {official-title}?></official-title> 
</form> 
<resolution-body style="traditional" id="H739ED2482FBD42BC96E6C575106FDB2A"> 
<section display-inline="yes-display-inline" section-type="undesignated-section" id="H3CA9EB95E152454DA94E6AF8FA8C568D"><text display-inline="yes-display-inline">That unless otherwise ordered, the hour of daily meeting of the House shall be 2 p.m. on Mondays; noon on Tuesdays (or 2 p.m. if no legislative business was conducted on the preceding Monday); noon on Wednesdays and Thursdays; and 9 a.m. on all other days of the week. </text></section> </resolution-body> <attestation><attestation-group><attestor display="no">Cheryl L. Johnson,</attestor><role>Clerk.</role></attestation-group></attestation> </resolution> 

