<mods xmlns:xlink="http://www.w3.org/1999/xlink" xmlns:xsi="http://www.w3.org/2001/XMLSchema-instance" xmlns="http://www.loc.gov/mods/v3" version="3.3" xsi:schemaLocation="http://www.loc.gov/mods/v3 http://www.loc.gov/standards/mods/v3/mods-3-3.xsd" ID="P0b002ee1aac9b86f">
<name type="corporate">
 <namePart>United States Government Publishing Office</namePart>
 <role>
  <roleTerm authority="marcrelator" type="text">publisher</roleTerm>
  <roleTerm authority="marcrelator" type="code">pbl</roleTerm>
</role>
 <role>
  <roleTerm authority="marcrelator" type="text">distributor</roleTerm>
  <roleTerm authority="marcrelator" type="code">dst</roleTerm>
</role>
</name>
<name type="corporate">
 <namePart>United States</namePart>
 <namePart>Congress</namePart>
 <namePart>House of Representatives</namePart>
 <role>
  <roleTerm authority="marcrelator" type="text">author</roleTerm>
  <roleTerm authority="marcrelator" type="code">aut</roleTerm>
</role>
 <description>Government Organization</description>
</name>
<typeOfResource>text</typeOfResource>
<genre authority="marcgt">government publication</genre>
<language>
 <languageTerm type="code" authority="iso639-2b">eng</languageTerm>
</language>
<extension>
 <collectionCode>BILLS</collectionCode>
 <searchTitle>Supporting the teaching of climate change in schools.;H. Res. 29 (IH)
    </searchTitle>
 <category>Bills and Statutes</category>
 <waisDatabaseName>117_cong_bills</waisDatabaseName>
 <branch>legislative</branch>
 <dateIngested>2021-01-12</dateIngested>
</extension>
<titleInfo>
 <title>Supporting the teaching of climate change in schools.</title>
</titleInfo>
<titleInfo type="alternative">
 <title>H. Res. 29 (IH)
    </title>
</titleInfo>
<originInfo>
 <publisher>U.S. Government Publishing Office</publisher>
 <dateIssued encoding="w3cdtf">2021-01-11</dateIssued>
 <issuance>monographic</issuance>
</originInfo>
<physicalDescription>
 <note type="source content type">deposited</note>
 <digitalOrigin>born digital</digitalOrigin>
 <extent>4 p.</extent>
</physicalDescription>
<classification authority="sudocs">Y 1.6:</classification>
<classification authority="sudocs">Y 1.4/7:</classification>
<identifier type="local">P0b002ee1aac9b86f</identifier>
<identifier type="uri">https://www.govinfo.gov/app/details/BILLS-117hres29ih</identifier>
<identifier type="preferred citation">H. Res. 29</identifier>
<identifier type="stock number">021-610-00252-9</identifier>
<identifier type="Parent ILS system id">000501532</identifier>
<identifier type="Child ILS system id">000325574</identifier>
<identifier type="Parent ILS title">Congressional bills</identifier>
<identifier type="Child ILS title">House resolutions</identifier>
<identifier type="former package identifier">f:hr29_ih.txt</identifier>
<location>
 <url displayLabel="Content Detail" access="object in context">https://www.govinfo.gov/app/details/BILLS-117hres29ih</url>
 <url displayLabel="HTML rendition" access="raw object">https://www.govinfo.gov/content/pkg/BILLS-117hres29ih/html/BILLS-117hres29ih.htm</url>
 <url displayLabel="PDF rendition" access="raw object">https://www.govinfo.gov/content/pkg/BILLS-117hres29ih/pdf/BILLS-117hres29ih.pdf</url>
 <url displayLabel="XML rendition" access="raw object">https://www.govinfo.gov/content/pkg/BILLS-117hres29ih/xml/BILLS-117hres29ih.xml</url>
</location>
<accessCondition type="GPO scope determination">fdlp</accessCondition>
<recordInfo>
 <recordContentSource authority="marcorg">DGPO</recordContentSource>
 <recordCreationDate encoding="w3cdtf">2021-01-12</recordCreationDate>
 <recordChangeDate encoding="w3cdtf">2021-01-12</recordChangeDate>
 <recordIdentifier source="DGPO">BILLS-117hres29ih</recordIdentifier>
 <recordOrigin>machine generated</recordOrigin>
 <languageOfCataloging>
  <languageTerm type="code" authority="iso639-2b">eng</languageTerm>
</languageOfCataloging>
</recordInfo>
<name type="personal">
 <namePart>Barbara Lee</namePart>
 <affiliation>United States House of Representatives</affiliation>
 <role>
  <roleTerm authority="marcrelator" type="text">sponsor</roleTerm>
  <roleTerm authority="marcrelator" type="code">spn</roleTerm>
</role>
 <description>United States Congress Member</description>
</name>
<name type="personal">
 <namePart>Gwen Moore</namePart>
 <affiliation>United States House of Representatives</affiliation>
 <role>
  <roleTerm type="text">cosponsor</roleTerm>
</role>
 <description>United States Congress Member</description>
</name>
<name type="personal">
 <namePart>Gerald E. Connolly</namePart>
 <affiliation>United States House of Representatives</affiliation>
 <role>
  <roleTerm type="text">cosponsor</roleTerm>
</role>
 <description>United States Congress Member</description>
</name>
<name type="personal">
 <namePart>Andy Levin</namePart>
 <affiliation>United States House of Representatives</affiliation>
 <role>
  <roleTerm type="text">cosponsor</roleTerm>
</role>
 <description>United States Congress Member</description>
</name>
<name type="personal">
 <namePart>Janice D. Schakowsky</namePart>
 <affiliation>United States House of Representatives</affiliation>
 <role>
  <roleTerm type="text">cosponsor</roleTerm>
</role>
 <description>United States Congress Member</description>
</name>
<name type="personal">
 <namePart>Ro Khanna</namePart>
 <affiliation>United States House of Representatives</affiliation>
 <role>
  <roleTerm type="text">cosponsor</roleTerm>
</role>
 <description>United States Congress Member</description>
</name>
<name type="personal">
 <namePart>Jimmy Panetta</namePart>
 <affiliation>United States House of Representatives</affiliation>
 <role>
  <roleTerm type="text">cosponsor</roleTerm>
</role>
 <description>United States Congress Member</description>
</name>
<name type="personal">
 <namePart>Bennie G. Thompson</namePart>
 <affiliation>United States House of Representatives</affiliation>
 <role>
  <roleTerm type="text">cosponsor</roleTerm>
</role>
 <description>United States Congress Member</description>
</name>
<name type="personal">
 <namePart>Pramila Jayapal</namePart>
 <affiliation>United States House of Representatives</affiliation>
 <role>
  <roleTerm type="text">cosponsor</roleTerm>
</role>
 <description>United States Congress Member</description>
</name>
<name type="personal">
 <namePart>Adriano Espaillat</namePart>
 <affiliation>United States House of Representatives</affiliation>
 <role>
  <roleTerm type="text">cosponsor</roleTerm>
</role>
 <description>United States Congress Member</description>
</name>
<name type="personal">
 <namePart>Eleanor Holmes Norton</namePart>
 <affiliation>United States House of Representatives</affiliation>
 <role>
  <roleTerm type="text">cosponsor</roleTerm>
</role>
 <description>United States Congress Member</description>
</name>
<name type="personal">
 <namePart>Paul Tonko</namePart>
 <affiliation>United States House of Representatives</affiliation>
 <role>
  <roleTerm type="text">cosponsor</roleTerm>
</role>
 <description>United States Congress Member</description>
</name>
<name type="personal">
 <namePart>Kathy Castor</namePart>
 <affiliation>United States House of Representatives</affiliation>
 <role>
  <roleTerm type="text">cosponsor</roleTerm>
</role>
 <description>United States Congress Member</description>
</name>
<name type="personal">
 <namePart>Jahana Hayes</namePart>
 <affiliation>United States House of Representatives</affiliation>
 <role>
  <roleTerm type="text">cosponsor</roleTerm>
</role>
 <description>United States Congress Member</description>
</name>
<name type="personal">
 <namePart>Debbie Dingell</namePart>
 <affiliation>United States House of Representatives</affiliation>
 <role>
  <roleTerm type="text">cosponsor</roleTerm>
</role>
 <description>United States Congress Member</description>
</name>
<name type="personal">
 <namePart>Alan S. Lowenthal</namePart>
 <affiliation>United States House of Representatives</affiliation>
 <role>
  <roleTerm type="text">cosponsor</roleTerm>
</role>
 <description>United States Congress Member</description>
</name>
<name type="personal">
 <namePart>Lucille Roybal-Allard</namePart>
 <affiliation>United States House of Representatives</affiliation>
 <role>
  <roleTerm type="text">cosponsor</roleTerm>
</role>
 <description>United States Congress Member</description>
</name>
<name type="personal">
 <namePart>Grace Meng</namePart>
 <affiliation>United States House of Representatives</affiliation>
 <role>
  <roleTerm type="text">cosponsor</roleTerm>
</role>
 <description>United States Congress Member</description>
</name>
<name type="personal">
 <namePart>Joseph D. Morelle</namePart>
 <affiliation>United States House of Representatives</affiliation>
 <role>
  <roleTerm type="text">cosponsor</roleTerm>
</role>
 <description>United States Congress Member</description>
</name>
<name type="personal">
 <namePart>Nydia M. Velazquez</namePart>
 <affiliation>United States House of Representatives</affiliation>
 <role>
  <roleTerm type="text">cosponsor</roleTerm>
</role>
 <description>United States Congress Member</description>
</name>
<name type="personal">
 <namePart>Emanuel Cleaver</namePart>
 <affiliation>United States House of Representatives</affiliation>
 <role>
  <roleTerm type="text">cosponsor</roleTerm>
</role>
 <description>United States Congress Member</description>
</name>
<name type="personal">
 <namePart>Earl Blumenauer</namePart>
 <affiliation>United States House of Representatives</affiliation>
 <role>
  <roleTerm type="text">cosponsor</roleTerm>
</role>
 <description>United States Congress Member</description>
</name>
<name type="personal">
 <namePart>Bonnie Watson Coleman</namePart>
 <affiliation>United States House of Representatives</affiliation>
 <role>
  <roleTerm type="text">cosponsor</roleTerm>
</role>
 <description>United States Congress Member</description>
</name>
<name type="personal">
 <namePart>Yvette D. Clarke</namePart>
 <affiliation>United States House of Representatives</affiliation>
 <role>
  <roleTerm type="text">cosponsor</roleTerm>
</role>
 <description>United States Congress Member</description>
</name>
<name type="personal">
 <namePart>Alcee L. Hastings</namePart>
 <affiliation>United States House of Representatives</affiliation>
 <role>
  <roleTerm type="text">cosponsor</roleTerm>
</role>
 <description>United States Congress Member</description>
</name>
<name type="personal">
 <namePart>Albio Sires</namePart>
 <affiliation>United States House of Representatives</affiliation>
 <role>
  <roleTerm type="text">cosponsor</roleTerm>
</role>
 <description>United States Congress Member</description>
</name>
<name type="personal">
 <namePart>Brian Higgins</namePart>
 <affiliation>United States House of Representatives</affiliation>
 <role>
  <roleTerm type="text">cosponsor</roleTerm>
</role>
 <description>United States Congress Member</description>
</name>
<name type="corporate">
 <namePart>United States</namePart>
 <namePart>Congress</namePart>
 <namePart>House of Representatives</namePart>
 <namePart>Committee on Education and Labor</namePart>
 <role>
  <roleTerm authority="marcrelator" type="text">associated name</roleTerm>
  <roleTerm authority="marcrelator" type="code">asn</roleTerm>
</role>
</name>
<extension>
 <docClass>hres</docClass>
 <accessId>BILLS-117hres29ih</accessId>
 <congress>117</congress>
 <session>1</session>
 <originChamber>HOUSE</originChamber>
 <currentChamber>HOUSE</currentChamber>
 <billNumber>29</billNumber>
 <billVersion reprint="false">ih</billVersion>
 <fileSuffix>ih</fileSuffix>
 <officialTitle>Supporting the teaching of climate change in schools.</officialTitle>
 <action date="2021-01-11">Ms. Lee of California (for herself, Ms. Moore of Wisconsin, Mr. Connolly, Mr. Levin of Michigan, Ms. Schakowsky, Mr. Khanna, Mr. Panetta, Mr. Thompson of Mississippi, Ms. Jayapal, Mr. Espaillat, Ms. Norton, Mr. Tonko, Ms. Castor of Florida, Mrs. Hayes, Mrs. Dingell, Mr. Lowenthal, Ms. Roybal-Allard, Ms. Meng, Mr. Morelle, Ms. Velázquez, Mr. Cleaver, Mr. Blumenauer, Mrs. Watson Coleman, Ms. Clarke of New York, Mr. Hastings, Mr. Sires, and Mr. Higgins of New York) submitted the following resolution; which was referred to the Committee on Education and Labor</action>
 <congCommittee authorityId="hsed00" chamber="H" congress="117" type="S">
                      <name type="authority-standard">Committee on Education and Labor</name>
                      <name type="authority-short">Education and Labor</name>
                </congCommittee>
 <congMember authorityId="1501" bioGuideId="L000551" chamber="H" congress="117" gpoId="7814" party="D" role="SPONSOR" state="CA">
                      <name type="parsed">Ms. Lee of California</name>
                      <name type="authority-fnf">Barbara Lee</name>
                      <name type="authority-lnf">Lee, Barbara</name>
                </congMember>
 <congMember authorityId="1811" bioGuideId="M001160" chamber="H" congress="117" gpoId="8217" party="D" role="COSPONSOR" state="WI">
                      <name type="parsed">Ms. Moore of Wisconsin</name>
                      <name type="authority-fnf">Gwen Moore</name>
                      <name type="authority-lnf">Moore, Gwen</name>
                </congMember>
 <congMember authorityId="1959" bioGuideId="C001078" chamber="H" congress="117" gpoId="8202" party="D" role="COSPONSOR" state="VA">
                      <name type="parsed">Mr. Connolly</name>
                      <name type="authority-fnf">Gerald E. Connolly</name>
                      <name type="authority-lnf">Connolly, Gerald E.</name>
                      <name type="authority-other">Mr. Gerald Connolly</name>
                </congMember>
 <congMember authorityId="2408" bioGuideId="L000592" chamber="H" congress="117" party="D" role="COSPONSOR" state="MI">
                      <name type="parsed">Mr. Levin of Michigan</name>
                      <name type="authority-fnf">Andy Levin</name>
                      <name type="authority-lnf">Levin, Andy</name>
                </congMember>
 <congMember authorityId="1588" bioGuideId="S001145" chamber="H" congress="117" gpoId="7929" party="D" role="COSPONSOR" state="IL">
                      <name type="parsed">Ms. Schakowsky</name>
                      <name type="authority-fnf">Janice D. Schakowsky</name>
                      <name type="authority-lnf">Schakowsky, Janice D.</name>
                      <name type="authority-other">Janice Schakowsky</name>
                </congMember>
 <congMember authorityId="2308" bioGuideId="K000389" chamber="H" congress="117" party="D" role="COSPONSOR" state="CA">
                      <name type="parsed">Mr. Khanna</name>
                      <name type="authority-fnf">Ro Khanna</name>
                      <name type="authority-lnf">Khanna, Ro</name>
                </congMember>
 <congMember authorityId="2309" bioGuideId="P000613" chamber="H" congress="117" party="D" role="COSPONSOR" state="CA">
                      <name type="parsed">Mr. Panetta</name>
                      <name type="authority-fnf">Jimmy Panetta</name>
                      <name type="authority-lnf">Panetta, Jimmy</name>
                </congMember>
 <congMember authorityId="1151" bioGuideId="T000193" chamber="H" congress="117" gpoId="8020" party="D" role="COSPONSOR" state="MS">
                      <name type="parsed">Mr. Thompson of Mississippi</name>
                      <name type="authority-fnf">Bennie G. Thompson</name>
                      <name type="authority-lnf">Thompson, Bennie G.</name>
                      <name type="authority-other">Bennie Thompson</name>
                </congMember>
 <congMember authorityId="2354" bioGuideId="J000298" chamber="H" congress="117" party="D" role="COSPONSOR" state="WA">
                      <name type="parsed">Ms. Jayapal</name>
                      <name type="authority-fnf">Pramila Jayapal</name>
                      <name type="authority-lnf">Jayapal, Pramila</name>
                </congMember>
 <congMember authorityId="2342" bioGuideId="E000297" chamber="H" congress="117" party="D" role="COSPONSOR" state="NY">
                      <name type="parsed">Mr. Espaillat</name>
                      <name type="authority-fnf">Adriano Espaillat</name>
                      <name type="authority-lnf">Espaillat, Adriano</name>
                </congMember>
 <congMember authorityId="868" bioGuideId="N000147" chamber="H" congress="117" gpoId="7871" party="D" role="COSPONSOR" state="DC">
                      <name type="parsed">Ms. Norton</name>
                      <name type="authority-fnf">Eleanor Holmes Norton</name>
                      <name type="authority-lnf">Norton, Eleanor Holmes</name>
                      <name type="authority-other">Eleanor Norton</name>
                </congMember>
 <congMember authorityId="1942" bioGuideId="T000469" chamber="H" congress="117" gpoId="8082" party="D" role="COSPONSOR" state="NY">
                      <name type="parsed">Mr. Tonko</name>
                      <name type="authority-fnf">Paul Tonko</name>
                      <name type="authority-lnf">Tonko, Paul</name>
                </congMember>
 <congMember authorityId="1839" bioGuideId="C001066" chamber="H" congress="117" gpoId="7883" party="D" role="COSPONSOR" state="FL">
                      <name type="parsed">Ms. Castor of Florida</name>
                      <name type="authority-fnf">Kathy Castor</name>
                      <name type="authority-lnf">Castor, Kathy</name>
                </congMember>
 <congMember authorityId="2386" bioGuideId="H001081" chamber="H" congress="117" party="D" role="COSPONSOR" state="CT">
                      <name type="parsed">Mrs. Hayes</name>
                      <name type="authority-fnf">Jahana Hayes</name>
                      <name type="authority-lnf">Hayes, Jahana</name>
                </congMember>
 <congMember authorityId="2251" bioGuideId="D000624" chamber="H" congress="117" party="D" role="COSPONSOR" state="MI">
                      <name type="parsed">Mrs. Dingell</name>
                      <name type="authority-fnf">Debbie Dingell</name>
                      <name type="authority-lnf">Dingell, Debbie</name>
                </congMember>
 <congMember authorityId="2111" bioGuideId="L000579" chamber="H" congress="117" party="D" role="COSPONSOR" state="CA">
                      <name type="parsed">Mr. Lowenthal</name>
                      <name type="authority-fnf">Alan S. Lowenthal</name>
                      <name type="authority-lnf">Lowenthal, Alan S.</name>
                      <name type="authority-other">Mr. Alan Lowenthal</name>
                </congMember>
 <congMember authorityId="997" bioGuideId="R000486" chamber="H" congress="117" gpoId="7839" party="D" role="COSPONSOR" state="CA">
                      <name type="parsed">Ms. Roybal-Allard</name>
                      <name type="authority-fnf">Lucille Roybal-Allard</name>
                      <name type="authority-lnf">Roybal-Allard, Lucille</name>
                </congMember>
 <congMember authorityId="2148" bioGuideId="M001188" chamber="H" congress="117" party="D" role="COSPONSOR" state="NY">
                      <name type="parsed">Ms. Meng</name>
                      <name type="authority-fnf">Grace Meng</name>
                      <name type="authority-lnf">Meng, Grace</name>
                </congMember>
 <congMember authorityId="2371" bioGuideId="M001206" chamber="H" congress="117" party="D" role="COSPONSOR" state="NY">
                      <name type="parsed">Mr. Morelle</name>
                      <name type="authority-fnf">Joseph D. Morelle</name>
                      <name type="authority-lnf">Morelle, Joseph D.</name>
                      <name type="authority-other">Mr. Joseph Morelle</name>
                </congMember>
 <congMember authorityId="1184" bioGuideId="V000081" chamber="H" congress="117" gpoId="8073" party="D" role="COSPONSOR" state="NY">
                      <name type="parsed">Ms. Velázquez</name>
                      <name type="authority-fnf">Nydia M. Velazquez</name>
                      <name type="authority-lnf">Velazquez, Nydia M.</name>
                      <name type="authority-other">Nydia Velazquez</name>
                </congMember>
 <congMember authorityId="1790" bioGuideId="C001061" chamber="H" congress="117" gpoId="8013" party="D" role="COSPONSOR" state="MO">
                      <name type="parsed">Mr. Cleaver</name>
                      <name type="authority-fnf">Emanuel Cleaver</name>
                      <name type="authority-lnf">Cleaver, Emanuel</name>
                </congMember>
 <congMember authorityId="99" bioGuideId="B000574" chamber="H" congress="117" gpoId="8116" party="D" role="COSPONSOR" state="OR">
                      <name type="parsed">Mr. Blumenauer</name>
                      <name type="authority-fnf">Earl Blumenauer</name>
                      <name type="authority-lnf">Blumenauer, Earl</name>
                </congMember>
 <congMember authorityId="2259" bioGuideId="W000822" chamber="H" congress="117" party="D" role="COSPONSOR" state="NJ">
                      <name type="parsed">Mrs. Watson Coleman</name>
                      <name type="authority-fnf">Bonnie Watson Coleman</name>
                      <name type="authority-lnf">Watson Coleman, Bonnie</name>
                </congMember>
 <congMember authorityId="1864" bioGuideId="C001067" chamber="H" congress="117" gpoId="8072" party="D" role="COSPONSOR" state="NY">
                      <name type="parsed">Ms. Clarke of New York</name>
                      <name type="authority-fnf">Yvette D. Clarke</name>
                      <name type="authority-lnf">Clarke, Yvette D.</name>
                      <name type="authority-other">Ms. Yvette Clarke</name>
                </congMember>
 <congMember authorityId="511" bioGuideId="H000324" chamber="H" congress="117" gpoId="7895" party="D" role="COSPONSOR" state="FL">
                      <name type="parsed">Mr. Hastings</name>
                      <name type="authority-fnf">Alcee L. Hastings</name>
                      <name type="authority-lnf">Hastings, Alcee L.</name>
                      <name type="authority-other">Alcee Hastings</name>
                </congMember>
 <congMember authorityId="1818" bioGuideId="S001165" chamber="H" congress="117" gpoId="8055" party="D" role="COSPONSOR" state="NJ">
                      <name type="parsed">Mr. Sires</name>
                      <name type="authority-fnf">Albio Sires</name>
                      <name type="authority-lnf">Sires, Albio</name>
                </congMember>
 <congMember authorityId="1794" bioGuideId="H001038" chamber="H" congress="117" gpoId="8088" party="D" role="COSPONSOR" state="NY">
                      <name type="parsed">Mr. Higgins of New York</name>
                      <name type="authority-fnf">Brian Higgins</name>
                      <name type="authority-lnf">Higgins, Brian</name>
                </congMember>
 <isPrivate>false</isPrivate>
 <isAppropriation>false</isAppropriation>
</extension>
</mods>