<?xml version='1.0' encoding='UTF-8'?>
<premis xmlns="info:lc/xmlns/premis-v2" xmlns:xsi="http://www.w3.org/2001/XMLSchema-instance" xsi:schemaLocation="info:lc/xmlns/premis-v2 http://www.loc.gov/standards/premis/v2/premis-v2-0.xsd" version="2.0">
    <object xsi:type="representation">
        <objectIdentifier>
            <objectIdentifierType>FDsys ACP</objectIdentifierType>
            <objectIdentifierValue>R0b002ee1aac9b870</objectIdentifierValue>
        </objectIdentifier>
    </object>
    <object xsi:type="file">
        <objectIdentifier>
            <objectIdentifierType>FDsys ACP</objectIdentifierType>
            <objectIdentifierValue>D09002ee1aac9cddc</objectIdentifierValue>
        </objectIdentifier>
        <objectCharacteristics>
            <compositionLevel>0</compositionLevel>
            <format>
                <formatDesignation>
                    <formatName>text/plain</formatName>
                </formatDesignation>
            </format>
        </objectCharacteristics>
    </object>
    <object xsi:type="representation">
        <objectIdentifier>
            <objectIdentifierType>FDsys ACP</objectIdentifierType>
            <objectIdentifierValue>R0b002ee1aac9b871</objectIdentifierValue>
        </objectIdentifier>
    </object>
    <object xsi:type="file">
        <objectIdentifier>
            <objectIdentifierType>FDsys ACP</objectIdentifierType>
            <objectIdentifierValue>D09002ee1aac9cdda</objectIdentifierValue>
        </objectIdentifier>
        <objectCharacteristics>
            <compositionLevel>0</compositionLevel>
            <format>
                <formatDesignation>
                    <formatName>application/postscript</formatName>
                </formatDesignation>
            </format>
        </objectCharacteristics>
    </object>
    <object xsi:type="representation">
        <objectIdentifier>
            <objectIdentifierType>FDsys ACP</objectIdentifierType>
            <objectIdentifierValue>R0b002ee1aac9cde3</objectIdentifierValue>
        </objectIdentifier>
    </object>
    <object xsi:type="file">
        <objectIdentifier>
            <objectIdentifierType>FDsys ACP</objectIdentifierType>
            <objectIdentifierValue>D09002ee1aac9cddb</objectIdentifierValue>
        </objectIdentifier>
        <objectCharacteristics>
            <compositionLevel>0</compositionLevel>
            <format>
                <formatDesignation>
                    <formatName>application/pdf</formatName>
                </formatDesignation>
            </format>
        </objectCharacteristics>
    </object>
    <object xsi:type="representation">
        <objectIdentifier>
            <objectIdentifierType>FDsys ACP</objectIdentifierType>
            <objectIdentifierValue>R0b002ee1aac9cde4</objectIdentifierValue>
        </objectIdentifier>
    </object>
    <object xsi:type="file">
        <objectIdentifier>
            <objectIdentifierType>FDsys ACP</objectIdentifierType>
            <objectIdentifierValue>D09002ee1aac9cdd9</objectIdentifierValue>
        </objectIdentifier>
        <objectCharacteristics>
            <compositionLevel>0</compositionLevel>
            <format>
                <formatDesignation>
                    <formatName>text/locator</formatName>
                </formatDesignation>
            </format>
        </objectCharacteristics>
    </object>
    <object xsi:type="representation">
        <objectIdentifier>
            <objectIdentifierType>FDsys ACP</objectIdentifierType>
            <objectIdentifierValue>R0b002ee1aac9cde5</objectIdentifierValue>
        </objectIdentifier>
    </object>
    <object xsi:type="file">
        <objectIdentifier>
            <objectIdentifierType>FDsys ACP</objectIdentifierType>
            <objectIdentifierValue>D09002ee1aac9cddd</objectIdentifierValue>
        </objectIdentifier>
        <objectCharacteristics>
            <compositionLevel>0</compositionLevel>
            <format>
                <formatDesignation>
                    <formatName>text/xml</formatName>
                </formatDesignation>
            </format>
        </objectCharacteristics>
    </object>
    <object xsi:type="representation">
        <objectIdentifier>
            <objectIdentifierType>FDsys AIP</objectIdentifierType>
            <objectIdentifierValue>R0b002ee1aac9ce03</objectIdentifierValue>
        </objectIdentifier>
    </object>
    <object xsi:type="file">
        <objectIdentifier>
            <objectIdentifierType>FDsys AIP</objectIdentifierType>
            <objectIdentifierValue>D09002ee1aac9ce0a</objectIdentifierValue>
        </objectIdentifier>
        <objectCharacteristics>
            <compositionLevel>0</compositionLevel>
            <format>
                <formatDesignation>
                    <formatName>text/xml</formatName>
                </formatDesignation>
            </format>
        </objectCharacteristics>
    </object>
    <object xsi:type="representation">
        <objectIdentifier>
            <objectIdentifierType>FDsys AIP</objectIdentifierType>
            <objectIdentifierValue>R0b002ee1aac9c6b9</objectIdentifierValue>
        </objectIdentifier>
    </object>
    <object xsi:type="file">
        <objectIdentifier>
            <objectIdentifierType>FDsys AIP</objectIdentifierType>
            <objectIdentifierValue>D09002ee1aac9c8a1</objectIdentifierValue>
        </objectIdentifier>
        <objectCharacteristics>
            <compositionLevel>0</compositionLevel>
            <format>
                <formatDesignation>
                    <formatName>text/locator</formatName>
                </formatDesignation>
            </format>
        </objectCharacteristics>
    </object>
    <object xsi:type="representation">
        <objectIdentifier>
            <objectIdentifierType>FDsys AIP</objectIdentifierType>
            <objectIdentifierValue>R0b002ee1aac9ce00</objectIdentifierValue>
        </objectIdentifier>
    </object>
    <object xsi:type="file">
        <objectIdentifier>
            <objectIdentifierType>FDsys AIP</objectIdentifierType>
            <objectIdentifierValue>D09002ee1aac9c8a2</objectIdentifierValue>
        </objectIdentifier>
        <objectCharacteristics>
            <compositionLevel>0</compositionLevel>
            <format>
                <formatDesignation>
                    <formatName>application/pdf</formatName>
                </formatDesignation>
            </format>
        </objectCharacteristics>
    </object>
    <object xsi:type="representation">
        <objectIdentifier>
            <objectIdentifierType>FDsys AIP</objectIdentifierType>
            <objectIdentifierValue>R0b002ee1aac9ce01</objectIdentifierValue>
        </objectIdentifier>
    </object>
    <object xsi:type="file">
        <objectIdentifier>
            <objectIdentifierType>FDsys AIP</objectIdentifierType>
            <objectIdentifierValue>D09002ee1aac9c8a3</objectIdentifierValue>
        </objectIdentifier>
        <objectCharacteristics>
            <compositionLevel>0</compositionLevel>
            <format>
                <formatDesignation>
                    <formatName>application/postscript</formatName>
                </formatDesignation>
            </format>
        </objectCharacteristics>
    </object>
    <object xsi:type="representation">
        <objectIdentifier>
            <objectIdentifierType>FDsys AIP</objectIdentifierType>
            <objectIdentifierValue>R0b002ee1aac9ce02</objectIdentifierValue>
        </objectIdentifier>
    </object>
    <object xsi:type="file">
        <objectIdentifier>
            <objectIdentifierType>FDsys AIP</objectIdentifierType>
            <objectIdentifierValue>D09002ee1aac9c8a4</objectIdentifierValue>
        </objectIdentifier>
        <objectCharacteristics>
            <compositionLevel>0</compositionLevel>
            <format>
                <formatDesignation>
                    <formatName>text/plain</formatName>
                </formatDesignation>
            </format>
        </objectCharacteristics>
    </object>
    <object xsi:type="representation">
        <objectIdentifier>
            <objectIdentifierType>FDsys ACP</objectIdentifierType>
            <objectIdentifierValue>R0b002ee1aac9d1bc</objectIdentifierValue>
        </objectIdentifier>
    </object>
    <object xsi:type="file">
        <objectIdentifier>
            <objectIdentifierType>FDsys ACP</objectIdentifierType>
            <objectIdentifierValue>D09002ee1aac9cad9</objectIdentifierValue>
        </objectIdentifier>
        <objectCharacteristics>
            <compositionLevel>0</compositionLevel>
            <fixity>
                <messageDigestAlgorithm>SHA-256</messageDigestAlgorithm>
                <messageDigest>9bbf33b53aa66e0d90e0b75c2328d1a43aba53e45692249a7e4b146fe72ae190</messageDigest>
                <messageDigestOriginator>FDsys</messageDigestOriginator>
            </fixity>
            <size>5667</size>
            <format>
                <formatDesignation>
                    <formatName>text/html</formatName>
                </formatDesignation>
                <formatRegistry>
                    <formatRegistryName>PRONOM</formatRegistryName>
                    <formatRegistryKey>fmt/96</formatRegistryKey>
                </formatRegistry>
                <formatNote>Hypertext Markup Language</formatNote>
            </format>
        </objectCharacteristics>
        <originalName>BILLS-117hres29ih.htm</originalName>
        <storage>
            <contentLocation>
                <contentLocationType>URI</contentLocationType>
                <contentLocationValue>Public Access Rendition https://www.govinfo.gov/content/pkg/BILLS-117hres29ih/html/BILLS-117hres29ih.htm</contentLocationValue>
            </contentLocation>
            <storageMedium>hard disk</storageMedium>
        </storage>
        <relationship>
            <relationshipType>structural</relationshipType>
            <relationshipSubType>is part of</relationshipSubType><relatedObjectIdentification>
                <relatedObjectIdentifierType>FDsys ACP</relatedObjectIdentifierType>
                <relatedObjectIdentifierValue>R0b002ee1aac9d1bc</relatedObjectIdentifierValue>
            </relatedObjectIdentification>
        </relationship>
    </object>
    <object xsi:type="representation">
        <objectIdentifier>
            <objectIdentifierType>FDsys ACP</objectIdentifierType>
            <objectIdentifierValue>R0b002ee1aac9d1bd</objectIdentifierValue>
        </objectIdentifier>
    </object>
    <object xsi:type="file">
        <objectIdentifier>
            <objectIdentifierType>FDsys ACP</objectIdentifierType>
            <objectIdentifierValue>D09002ee1aac9cada</objectIdentifierValue>
        </objectIdentifier>
        <objectCharacteristics>
            <compositionLevel>0</compositionLevel>
            <fixity>
                <messageDigestAlgorithm>SHA-256</messageDigestAlgorithm>
                <messageDigest>174cceb50686c7d8296b34242914187c7c2d14424c963fa8191e2ea138239ce5</messageDigest>
                <messageDigestOriginator>FDsys</messageDigestOriginator>
            </fixity>
            <size>284101</size>
            <format>
                <formatDesignation>
                    <formatName>application/pdf</formatName>
                </formatDesignation>
                <formatRegistry>
                    <formatRegistryName>PRONOM</formatRegistryName>
                    <formatRegistryKey>fmt/18</formatRegistryKey>
                </formatRegistry>
                <formatNote>Acrobat PDF 1.4 - Portable Document Format</formatNote>
            </format>
        </objectCharacteristics>
        <originalName>BILLS-117hres29ih.pdf</originalName>
        <storage>
            <contentLocation>
                <contentLocationType>URI</contentLocationType>
                <contentLocationValue>Public Access Rendition https://www.govinfo.gov/content/pkg/BILLS-117hres29ih/pdf/BILLS-117hres29ih.pdf</contentLocationValue>
            </contentLocation>
            <storageMedium>hard disk</storageMedium>
        </storage>
        <signatureInformation>
            <signature>
                <signatureEncoding/>
                <signer>Superintendent of Documents &lt;pkisupport@gpo.gov&gt;</signer>
                <signatureMethod>RSA-SHA256</signatureMethod>
                <signatureValue/>
                <signatureValidationRules>ISO 32000-1:2008 and Adobe Supplement to the ISO 32000-1:2008, Base Level 1.7, Extension Level 3</signatureValidationRules>
                <keyInformation>
                    <keyType>RSA</keyType>
                    <keyValue>30 82 01 22 30 0D 06 09 2A 86 48 86 F7 0D 01 01 01 05 00 03 82 01 0F 00 30 82 01 0A 02 82 01 01 00 BB C5 3D 16 1E B8 73 94 A2 F7 CF 42 76 F7 78 46 2E 5F 0C CE 90 91 D6 77 CC B3 DD 80 99 8B 5E 35 E9 D1 3B 3B 79 D4 8C 05 2B 05 60 84 AD 2E 75 06 76 29 8B 53 40 FA 75 A3 CB 3C A8 72 5E 20 01 31 B6 EA 6E B9 6A 00 A8 FA D2 BA AD E3 FE B2 B8 45 24 06 58 72 23 86 6C 6B C9 C6 F9 62 48 A1 38 4E F1 84 AF 33 B2 7F 15 A8 11 DD 7A 62 CB A9 89 54 63 19 91 08 EB 1E 55 F5 B9 F7 0B E3 7B 3E 4A 72 C5 58 6A 80 34 72 C6 5E 8D F0 02 83 52 1D EE E8 F6 51 93 5F 88 2B 2B 81 31 8A 03 E0 93 DC 7A BD D4 9E E3 81 53 BD F5 96 51 06 A5 16 B9 0C B3 D8 D7 25 8A CF 4F 07 6C 5F A0 69 EA 24 31 B4 B2 B6 15 93 0E 96 53 B8 2F 3E 9D 0C FB B8 D4 8C 76 FA 4B 5F 78 FD AA 8C E6 5D 01 0A 00 0C 1B 0D 40 43 0C 7E 80 D6 AB 99 D7 C5 B6 7C B7 38 61 4E B4 20 49 EC 1E F3 2B 9A 2E 26 9B D8 3E 6A 1C FE 01 A9 02 03 01 00 01</keyValue>
                </keyInformation>
            </signature>
        </signatureInformation>
        <relationship>
            <relationshipType>structural</relationshipType>
            <relationshipSubType>is part of</relationshipSubType><relatedObjectIdentification>
                <relatedObjectIdentifierType>FDsys ACP</relatedObjectIdentifierType>
                <relatedObjectIdentifierValue>R0b002ee1aac9d1bd</relatedObjectIdentifierValue>
            </relatedObjectIdentification>
        </relationship>
    </object>
    <object xsi:type="representation">
        <objectIdentifier>
            <objectIdentifierType>FDsys ACP</objectIdentifierType>
            <objectIdentifierValue>R0b002ee1aac9d1be</objectIdentifierValue>
        </objectIdentifier>
    </object>
    <object xsi:type="file">
        <objectIdentifier>
            <objectIdentifierType>FDsys ACP</objectIdentifierType>
            <objectIdentifierValue>D09002ee1aac9cadb</objectIdentifierValue>
        </objectIdentifier>
        <objectCharacteristics>
            <compositionLevel>0</compositionLevel>
            <fixity>
                <messageDigestAlgorithm>SHA-256</messageDigestAlgorithm>
                <messageDigest>3464ec16ec130fff9e2ca4abe90acac110d5d1242d704a74e5297968dff7282a</messageDigest>
                <messageDigestOriginator>FDsys</messageDigestOriginator>
            </fixity>
            <size>8334</size>
            <format>
                <formatDesignation>
                    <formatName>text/xml</formatName>
                </formatDesignation>
                <formatRegistry>
                    <formatRegistryName>PRONOM</formatRegistryName>
                    <formatRegistryKey>fmt/101</formatRegistryKey>
                </formatRegistry>
                <formatNote>Extensible Markup Language</formatNote>
            </format>
        </objectCharacteristics>
        <originalName>BILLS-117hres29ih.xml</originalName>
        <storage>
            <contentLocation>
                <contentLocationType>URI</contentLocationType>
                <contentLocationValue>Public Access Rendition https://www.govinfo.gov/content/pkg/BILLS-117hres29ih/xml/BILLS-117hres29ih.xml</contentLocationValue>
            </contentLocation>
            <storageMedium>hard disk</storageMedium>
        </storage>
        <relationship>
            <relationshipType>structural</relationshipType>
            <relationshipSubType>is part of</relationshipSubType><relatedObjectIdentification>
                <relatedObjectIdentifierType>FDsys ACP</relatedObjectIdentifierType>
                <relatedObjectIdentifierValue>R0b002ee1aac9d1be</relatedObjectIdentifierValue>
            </relatedObjectIdentification>
        </relationship>
    </object>
    <event>
        <eventIdentifier>
            <eventIdentifierType>FDsys:event</eventIdentifierType>
            <eventIdentifierValue>b9819b9c-cac8-41e1-8a85-c6c29f8d90af</eventIdentifierValue>
        </eventIdentifier>
        <eventType>Virus Check</eventType>
        <eventDateTime>2021-01-12T01:21:03-05:00</eventDateTime>
        <eventDetail>Object D09002ee1aac9cdd9 inspected for viruses</eventDetail>
        <eventOutcomeInformation>
            <eventOutcome>Success</eventOutcome>
        </eventOutcomeInformation>
        <linkingAgentIdentifier>
            <linkingAgentIdentifierType>FDsys:agent</linkingAgentIdentifierType>
            <linkingAgentIdentifierValue>ScanEngine_v8.0</linkingAgentIdentifierValue>
            <linkingAgentRole>executing program</linkingAgentRole>
        </linkingAgentIdentifier>
        <linkingObjectIdentifier>
            <linkingObjectIdentifierType>FDsys</linkingObjectIdentifierType>
            <linkingObjectIdentifierValue>D09002ee1aac9cdd9</linkingObjectIdentifierValue>
            <linkingObjectRole>outcome</linkingObjectRole>
        </linkingObjectIdentifier>
    </event>
    <event>
        <eventIdentifier>
            <eventIdentifierType>FDsys:event</eventIdentifierType>
            <eventIdentifierValue>d435040e-8543-4811-a07c-b37712c0676d</eventIdentifierValue>
        </eventIdentifier>
        <eventType>Rendition Submitted</eventType>
        <eventDateTime>2021-01-12T01:21:03-05:00</eventDateTime>
        <eventDetail>Rendition R0b002ee1aac9cde4, uploaded by hotfolderadmin, was submitted in the Submission Information package P0b002ee1aac9b86f</eventDetail>
        <eventOutcomeInformation>
            <eventOutcome>Success</eventOutcome>
        </eventOutcomeInformation>
        <linkingAgentIdentifier>
            <linkingAgentIdentifierType>FDsys:agent</linkingAgentIdentifierType>
            <linkingAgentIdentifierValue>hotfolderadmin</linkingAgentIdentifierValue>
            <linkingAgentRole>implementer</linkingAgentRole>
        </linkingAgentIdentifier>
        <linkingObjectIdentifier>
            <linkingObjectIdentifierType>FDsys</linkingObjectIdentifierType>
            <linkingObjectIdentifierValue>R0b002ee1aac9cde4</linkingObjectIdentifierValue>
            <linkingObjectRole>outcome</linkingObjectRole>
        </linkingObjectIdentifier>
    </event>
    <event>
        <eventIdentifier>
            <eventIdentifierType>FDsys:event</eventIdentifierType>
            <eventIdentifierValue>16eb0764-e3c5-4eda-980d-2db23c4f98c7</eventIdentifierValue>
        </eventIdentifier>
        <eventType>Rendition Submitted</eventType>
        <eventDateTime>2021-01-12T01:21:03-05:00</eventDateTime>
        <eventDetail>Rendition R0b002ee1aac9cde3, uploaded by hotfolderadmin, was submitted in the Submission Information package P0b002ee1aac9b86f</eventDetail>
        <eventOutcomeInformation>
            <eventOutcome>Success</eventOutcome>
        </eventOutcomeInformation>
        <linkingAgentIdentifier>
            <linkingAgentIdentifierType>FDsys:agent</linkingAgentIdentifierType>
            <linkingAgentIdentifierValue>hotfolderadmin</linkingAgentIdentifierValue>
            <linkingAgentRole>implementer</linkingAgentRole>
        </linkingAgentIdentifier>
        <linkingObjectIdentifier>
            <linkingObjectIdentifierType>FDsys</linkingObjectIdentifierType>
            <linkingObjectIdentifierValue>R0b002ee1aac9cde3</linkingObjectIdentifierValue>
            <linkingObjectRole>outcome</linkingObjectRole>
        </linkingObjectIdentifier>
    </event>
    <event>
        <eventIdentifier>
            <eventIdentifierType>FDsys:event</eventIdentifierType>
            <eventIdentifierValue>38ee0858-b734-4d5d-ad34-c4beea60070a</eventIdentifierValue>
        </eventIdentifier>
        <eventType>Rendition Submitted</eventType>
        <eventDateTime>2021-01-12T01:21:03-05:00</eventDateTime>
        <eventDetail>Rendition R0b002ee1aac9b871, uploaded by hotfolderadmin, was submitted in the Submission Information package P0b002ee1aac9b86f</eventDetail>
        <eventOutcomeInformation>
            <eventOutcome>Success</eventOutcome>
        </eventOutcomeInformation>
        <linkingAgentIdentifier>
            <linkingAgentIdentifierType>FDsys:agent</linkingAgentIdentifierType>
            <linkingAgentIdentifierValue>hotfolderadmin</linkingAgentIdentifierValue>
            <linkingAgentRole>implementer</linkingAgentRole>
        </linkingAgentIdentifier>
        <linkingObjectIdentifier>
            <linkingObjectIdentifierType>FDsys</linkingObjectIdentifierType>
            <linkingObjectIdentifierValue>R0b002ee1aac9b871</linkingObjectIdentifierValue>
            <linkingObjectRole>outcome</linkingObjectRole>
        </linkingObjectIdentifier>
    </event>
    <event>
        <eventIdentifier>
            <eventIdentifierType>FDsys:event</eventIdentifierType>
            <eventIdentifierValue>84072d94-fd4d-4461-8777-cb573d7f9a91</eventIdentifierValue>
        </eventIdentifier>
        <eventType>Rendition Submitted</eventType>
        <eventDateTime>2021-01-12T01:21:03-05:00</eventDateTime>
        <eventDetail>Rendition R0b002ee1aac9b870, uploaded by hotfolderadmin, was submitted in the Submission Information package P0b002ee1aac9b86f</eventDetail>
        <eventOutcomeInformation>
            <eventOutcome>Success</eventOutcome>
        </eventOutcomeInformation>
        <linkingAgentIdentifier>
            <linkingAgentIdentifierType>FDsys:agent</linkingAgentIdentifierType>
            <linkingAgentIdentifierValue>hotfolderadmin</linkingAgentIdentifierValue>
            <linkingAgentRole>implementer</linkingAgentRole>
        </linkingAgentIdentifier>
        <linkingObjectIdentifier>
            <linkingObjectIdentifierType>FDsys</linkingObjectIdentifierType>
            <linkingObjectIdentifierValue>R0b002ee1aac9b870</linkingObjectIdentifierValue>
            <linkingObjectRole>outcome</linkingObjectRole>
        </linkingObjectIdentifier>
    </event>
    <event>
        <eventIdentifier>
            <eventIdentifierType>FDsys:event</eventIdentifierType>
            <eventIdentifierValue>7810b6a9-396e-482f-85c7-29b33501e640</eventIdentifierValue>
        </eventIdentifier>
        <eventType>File Format Identification</eventType>
        <eventDateTime>2021-01-12T01:21:03-05:00</eventDateTime>
        <eventDetail>File format identified for object D09002ee1aac9cddd</eventDetail>
        <eventOutcomeInformation>
            <eventOutcome>Success</eventOutcome>
        </eventOutcomeInformation>
        <linkingAgentIdentifier>
            <linkingAgentIdentifierType>FDsys:agent</linkingAgentIdentifierType>
            <linkingAgentIdentifierValue>Droid_v90</linkingAgentIdentifierValue>
            <linkingAgentRole>executing program</linkingAgentRole>
        </linkingAgentIdentifier>
        <linkingObjectIdentifier>
            <linkingObjectIdentifierType>FDsys</linkingObjectIdentifierType>
            <linkingObjectIdentifierValue>D09002ee1aac9cddd</linkingObjectIdentifierValue>
            <linkingObjectRole>outcome</linkingObjectRole>
        </linkingObjectIdentifier>
    </event>
    <event>
        <eventIdentifier>
            <eventIdentifierType>FDsys:event</eventIdentifierType>
            <eventIdentifierValue>9e42d680-b10b-466d-b0f7-be582bb92b71</eventIdentifierValue>
        </eventIdentifier>
        <eventType>Message Digest Calculation</eventType>
        <eventDateTime>2021-01-12T01:21:03-05:00</eventDateTime>
        <eventDetail>Checksum calculated against object D09002ee1aac9cddd</eventDetail>
        <eventOutcomeInformation>
            <eventOutcome>Success</eventOutcome>
        </eventOutcomeInformation>
        <linkingAgentIdentifier>
            <linkingAgentIdentifierType>FDsys:agent</linkingAgentIdentifierType>
            <linkingAgentIdentifierValue>Documentum Server 20.3.0000.0070  Linux64.Oracle</linkingAgentIdentifierValue>
            <linkingAgentRole>executing program</linkingAgentRole>
        </linkingAgentIdentifier>
        <linkingObjectIdentifier>
            <linkingObjectIdentifierType>FDsys</linkingObjectIdentifierType>
            <linkingObjectIdentifierValue>D09002ee1aac9cddd</linkingObjectIdentifierValue>
            <linkingObjectRole>outcome</linkingObjectRole>
        </linkingObjectIdentifier>
    </event>
    <event>
        <eventIdentifier>
            <eventIdentifierType>FDsys:event</eventIdentifierType>
            <eventIdentifierValue>c4b94f2d-71c3-4b5f-b37e-62f22c23f076</eventIdentifierValue>
        </eventIdentifier>
        <eventType>Virus Check</eventType>
        <eventDateTime>2021-01-12T01:21:03-05:00</eventDateTime>
        <eventDetail>Object D09002ee1aac9cddd inspected for viruses</eventDetail>
        <eventOutcomeInformation>
            <eventOutcome>Success</eventOutcome>
        </eventOutcomeInformation>
        <linkingAgentIdentifier>
            <linkingAgentIdentifierType>FDsys:agent</linkingAgentIdentifierType>
            <linkingAgentIdentifierValue>ScanEngine_v8.0</linkingAgentIdentifierValue>
            <linkingAgentRole>executing program</linkingAgentRole>
        </linkingAgentIdentifier>
        <linkingObjectIdentifier>
            <linkingObjectIdentifierType>FDsys</linkingObjectIdentifierType>
            <linkingObjectIdentifierValue>D09002ee1aac9cddd</linkingObjectIdentifierValue>
            <linkingObjectRole>outcome</linkingObjectRole>
        </linkingObjectIdentifier>
    </event>
    <event>
        <eventIdentifier>
            <eventIdentifierType>FDsys:event</eventIdentifierType>
            <eventIdentifierValue>1393d7b6-bf91-472a-b152-f84621a02421</eventIdentifierValue>
        </eventIdentifier>
        <eventType>File Format Identification</eventType>
        <eventDateTime>2021-01-12T01:21:03-05:00</eventDateTime>
        <eventDetail>File format identified for object D09002ee1aac9cddc</eventDetail>
        <eventOutcomeInformation>
            <eventOutcome>Success</eventOutcome>
        </eventOutcomeInformation>
        <linkingAgentIdentifier>
            <linkingAgentIdentifierType>FDsys:agent</linkingAgentIdentifierType>
            <linkingAgentIdentifierValue>Droid_v90</linkingAgentIdentifierValue>
            <linkingAgentRole>executing program</linkingAgentRole>
        </linkingAgentIdentifier>
        <linkingObjectIdentifier>
            <linkingObjectIdentifierType>FDsys</linkingObjectIdentifierType>
            <linkingObjectIdentifierValue>D09002ee1aac9cddc</linkingObjectIdentifierValue>
            <linkingObjectRole>outcome</linkingObjectRole>
        </linkingObjectIdentifier>
    </event>
    <event>
        <eventIdentifier>
            <eventIdentifierType>FDsys:event</eventIdentifierType>
            <eventIdentifierValue>1c4d8b52-3651-4018-9e95-82d3c6688c10</eventIdentifierValue>
        </eventIdentifier>
        <eventType>Message Digest Calculation</eventType>
        <eventDateTime>2021-01-12T01:21:03-05:00</eventDateTime>
        <eventDetail>Checksum calculated against object D09002ee1aac9cddc</eventDetail>
        <eventOutcomeInformation>
            <eventOutcome>Success</eventOutcome>
        </eventOutcomeInformation>
        <linkingAgentIdentifier>
            <linkingAgentIdentifierType>FDsys:agent</linkingAgentIdentifierType>
            <linkingAgentIdentifierValue>Documentum Server 20.3.0000.0070  Linux64.Oracle</linkingAgentIdentifierValue>
            <linkingAgentRole>executing program</linkingAgentRole>
        </linkingAgentIdentifier>
        <linkingObjectIdentifier>
            <linkingObjectIdentifierType>FDsys</linkingObjectIdentifierType>
            <linkingObjectIdentifierValue>D09002ee1aac9cddc</linkingObjectIdentifierValue>
            <linkingObjectRole>outcome</linkingObjectRole>
        </linkingObjectIdentifier>
    </event>
    <event>
        <eventIdentifier>
            <eventIdentifierType>FDsys:event</eventIdentifierType>
            <eventIdentifierValue>cc614bdd-80fa-413f-a63c-8f6a533be631</eventIdentifierValue>
        </eventIdentifier>
        <eventType>Virus Check</eventType>
        <eventDateTime>2021-01-12T01:21:03-05:00</eventDateTime>
        <eventDetail>Object D09002ee1aac9cddc inspected for viruses</eventDetail>
        <eventOutcomeInformation>
            <eventOutcome>Success</eventOutcome>
        </eventOutcomeInformation>
        <linkingAgentIdentifier>
            <linkingAgentIdentifierType>FDsys:agent</linkingAgentIdentifierType>
            <linkingAgentIdentifierValue>ScanEngine_v8.0</linkingAgentIdentifierValue>
            <linkingAgentRole>executing program</linkingAgentRole>
        </linkingAgentIdentifier>
        <linkingObjectIdentifier>
            <linkingObjectIdentifierType>FDsys</linkingObjectIdentifierType>
            <linkingObjectIdentifierValue>D09002ee1aac9cddc</linkingObjectIdentifierValue>
            <linkingObjectRole>outcome</linkingObjectRole>
        </linkingObjectIdentifier>
    </event>
    <event>
        <eventIdentifier>
            <eventIdentifierType>FDsys:event</eventIdentifierType>
            <eventIdentifierValue>f88b9328-e2e3-44a9-b699-d496f3ba83ed</eventIdentifierValue>
        </eventIdentifier>
        <eventType>File Format Identification</eventType>
        <eventDateTime>2021-01-12T01:21:03-05:00</eventDateTime>
        <eventDetail>File format identified for object D09002ee1aac9cddb</eventDetail>
        <eventOutcomeInformation>
            <eventOutcome>Success</eventOutcome>
        </eventOutcomeInformation>
        <linkingAgentIdentifier>
            <linkingAgentIdentifierType>FDsys:agent</linkingAgentIdentifierType>
            <linkingAgentIdentifierValue>Droid_v90</linkingAgentIdentifierValue>
            <linkingAgentRole>executing program</linkingAgentRole>
        </linkingAgentIdentifier>
        <linkingObjectIdentifier>
            <linkingObjectIdentifierType>FDsys</linkingObjectIdentifierType>
            <linkingObjectIdentifierValue>D09002ee1aac9cddb</linkingObjectIdentifierValue>
            <linkingObjectRole>outcome</linkingObjectRole>
        </linkingObjectIdentifier>
    </event>
    <event>
        <eventIdentifier>
            <eventIdentifierType>FDsys:event</eventIdentifierType>
            <eventIdentifierValue>b3f1582b-87a4-453b-b008-0a948c9280a4</eventIdentifierValue>
        </eventIdentifier>
        <eventType>Message Digest Calculation</eventType>
        <eventDateTime>2021-01-12T01:21:03-05:00</eventDateTime>
        <eventDetail>Checksum calculated against object D09002ee1aac9cddb</eventDetail>
        <eventOutcomeInformation>
            <eventOutcome>Success</eventOutcome>
        </eventOutcomeInformation>
        <linkingAgentIdentifier>
            <linkingAgentIdentifierType>FDsys:agent</linkingAgentIdentifierType>
            <linkingAgentIdentifierValue>Documentum Server 20.3.0000.0070  Linux64.Oracle</linkingAgentIdentifierValue>
            <linkingAgentRole>executing program</linkingAgentRole>
        </linkingAgentIdentifier>
        <linkingObjectIdentifier>
            <linkingObjectIdentifierType>FDsys</linkingObjectIdentifierType>
            <linkingObjectIdentifierValue>D09002ee1aac9cddb</linkingObjectIdentifierValue>
            <linkingObjectRole>outcome</linkingObjectRole>
        </linkingObjectIdentifier>
    </event>
    <event>
        <eventIdentifier>
            <eventIdentifierType>FDsys:event</eventIdentifierType>
            <eventIdentifierValue>8ded70d1-f2de-40f4-9d90-270bfae2c819</eventIdentifierValue>
        </eventIdentifier>
        <eventType>Virus Check</eventType>
        <eventDateTime>2021-01-12T01:21:03-05:00</eventDateTime>
        <eventDetail>Object D09002ee1aac9cddb inspected for viruses</eventDetail>
        <eventOutcomeInformation>
            <eventOutcome>Success</eventOutcome>
        </eventOutcomeInformation>
        <linkingAgentIdentifier>
            <linkingAgentIdentifierType>FDsys:agent</linkingAgentIdentifierType>
            <linkingAgentIdentifierValue>ScanEngine_v8.0</linkingAgentIdentifierValue>
            <linkingAgentRole>executing program</linkingAgentRole>
        </linkingAgentIdentifier>
        <linkingObjectIdentifier>
            <linkingObjectIdentifierType>FDsys</linkingObjectIdentifierType>
            <linkingObjectIdentifierValue>D09002ee1aac9cddb</linkingObjectIdentifierValue>
            <linkingObjectRole>outcome</linkingObjectRole>
        </linkingObjectIdentifier>
    </event>
    <event>
        <eventIdentifier>
            <eventIdentifierType>FDsys:event</eventIdentifierType>
            <eventIdentifierValue>a22623fc-6a7c-4791-94d7-10d253ce6cf0</eventIdentifierValue>
        </eventIdentifier>
        <eventType>File Format Identification</eventType>
        <eventDateTime>2021-01-12T01:21:03-05:00</eventDateTime>
        <eventDetail>File format identified for object D09002ee1aac9cdda</eventDetail>
        <eventOutcomeInformation>
            <eventOutcome>Success</eventOutcome>
        </eventOutcomeInformation>
        <linkingAgentIdentifier>
            <linkingAgentIdentifierType>FDsys:agent</linkingAgentIdentifierType>
            <linkingAgentIdentifierValue>Droid_v90</linkingAgentIdentifierValue>
            <linkingAgentRole>executing program</linkingAgentRole>
        </linkingAgentIdentifier>
        <linkingObjectIdentifier>
            <linkingObjectIdentifierType>FDsys</linkingObjectIdentifierType>
            <linkingObjectIdentifierValue>D09002ee1aac9cdda</linkingObjectIdentifierValue>
            <linkingObjectRole>outcome</linkingObjectRole>
        </linkingObjectIdentifier>
    </event>
    <event>
        <eventIdentifier>
            <eventIdentifierType>FDsys:event</eventIdentifierType>
            <eventIdentifierValue>d52cb9bd-3805-4c38-97e3-58a5da8fba3e</eventIdentifierValue>
        </eventIdentifier>
        <eventType>Message Digest Calculation</eventType>
        <eventDateTime>2021-01-12T01:21:03-05:00</eventDateTime>
        <eventDetail>Checksum calculated against object D09002ee1aac9cdda</eventDetail>
        <eventOutcomeInformation>
            <eventOutcome>Success</eventOutcome>
        </eventOutcomeInformation>
        <linkingAgentIdentifier>
            <linkingAgentIdentifierType>FDsys:agent</linkingAgentIdentifierType>
            <linkingAgentIdentifierValue>Documentum Server 20.3.0000.0070  Linux64.Oracle</linkingAgentIdentifierValue>
            <linkingAgentRole>executing program</linkingAgentRole>
        </linkingAgentIdentifier>
        <linkingObjectIdentifier>
            <linkingObjectIdentifierType>FDsys</linkingObjectIdentifierType>
            <linkingObjectIdentifierValue>D09002ee1aac9cdda</linkingObjectIdentifierValue>
            <linkingObjectRole>outcome</linkingObjectRole>
        </linkingObjectIdentifier>
    </event>
    <event>
        <eventIdentifier>
            <eventIdentifierType>FDsys:event</eventIdentifierType>
            <eventIdentifierValue>35e73263-078e-4ef0-bc6a-2bb6dfcffd42</eventIdentifierValue>
        </eventIdentifier>
        <eventType>File Format Identification</eventType>
        <eventDateTime>2021-01-12T01:21:03-05:00</eventDateTime>
        <eventDetail>File format identified for object D09002ee1aac9cdd9</eventDetail>
        <eventOutcomeInformation>
            <eventOutcome>Success</eventOutcome>
        </eventOutcomeInformation>
        <linkingAgentIdentifier>
            <linkingAgentIdentifierType>FDsys:agent</linkingAgentIdentifierType>
            <linkingAgentIdentifierValue>Droid_v90</linkingAgentIdentifierValue>
            <linkingAgentRole>executing program</linkingAgentRole>
        </linkingAgentIdentifier>
        <linkingObjectIdentifier>
            <linkingObjectIdentifierType>FDsys</linkingObjectIdentifierType>
            <linkingObjectIdentifierValue>D09002ee1aac9cdd9</linkingObjectIdentifierValue>
            <linkingObjectRole>outcome</linkingObjectRole>
        </linkingObjectIdentifier>
    </event>
    <event>
        <eventIdentifier>
            <eventIdentifierType>FDsys:event</eventIdentifierType>
            <eventIdentifierValue>28c04680-be71-48da-9bdd-fe94a91986b7</eventIdentifierValue>
        </eventIdentifier>
        <eventType>Virus Check</eventType>
        <eventDateTime>2021-01-12T01:21:03-05:00</eventDateTime>
        <eventDetail>Object D09002ee1aac9cdda inspected for viruses</eventDetail>
        <eventOutcomeInformation>
            <eventOutcome>Success</eventOutcome>
        </eventOutcomeInformation>
        <linkingAgentIdentifier>
            <linkingAgentIdentifierType>FDsys:agent</linkingAgentIdentifierType>
            <linkingAgentIdentifierValue>ScanEngine_v8.0</linkingAgentIdentifierValue>
            <linkingAgentRole>executing program</linkingAgentRole>
        </linkingAgentIdentifier>
        <linkingObjectIdentifier>
            <linkingObjectIdentifierType>FDsys</linkingObjectIdentifierType>
            <linkingObjectIdentifierValue>D09002ee1aac9cdda</linkingObjectIdentifierValue>
            <linkingObjectRole>outcome</linkingObjectRole>
        </linkingObjectIdentifier>
    </event>
    <event>
        <eventIdentifier>
            <eventIdentifierType>FDsys:event</eventIdentifierType>
            <eventIdentifierValue>eac4ff27-5a0e-4fa4-80c6-524be204c38f</eventIdentifierValue>
        </eventIdentifier>
        <eventType>Rendition Submitted</eventType>
        <eventDateTime>2021-01-12T01:21:03-05:00</eventDateTime>
        <eventDetail>Rendition R0b002ee1aac9cde5, uploaded by hotfolderadmin, was submitted in the Submission Information package P0b002ee1aac9b86f</eventDetail>
        <eventOutcomeInformation>
            <eventOutcome>Success</eventOutcome>
        </eventOutcomeInformation>
        <linkingAgentIdentifier>
            <linkingAgentIdentifierType>FDsys:agent</linkingAgentIdentifierType>
            <linkingAgentIdentifierValue>hotfolderadmin</linkingAgentIdentifierValue>
            <linkingAgentRole>implementer</linkingAgentRole>
        </linkingAgentIdentifier>
        <linkingObjectIdentifier>
            <linkingObjectIdentifierType>FDsys</linkingObjectIdentifierType>
            <linkingObjectIdentifierValue>R0b002ee1aac9cde5</linkingObjectIdentifierValue>
            <linkingObjectRole>outcome</linkingObjectRole>
        </linkingObjectIdentifier>
    </event>
    <event>
        <eventIdentifier>
            <eventIdentifierType>FDsys:event</eventIdentifierType>
            <eventIdentifierValue>f78aa219-0a74-4ff3-b954-0fd95ffd0018</eventIdentifierValue>
        </eventIdentifier>
        <eventType>Message Digest Calculation</eventType>
        <eventDateTime>2021-01-12T01:21:03-05:00</eventDateTime>
        <eventDetail>Checksum calculated against object D09002ee1aac9cdd9</eventDetail>
        <eventOutcomeInformation>
            <eventOutcome>Success</eventOutcome>
        </eventOutcomeInformation>
        <linkingAgentIdentifier>
            <linkingAgentIdentifierType>FDsys:agent</linkingAgentIdentifierType>
            <linkingAgentIdentifierValue>Documentum Server 20.3.0000.0070  Linux64.Oracle</linkingAgentIdentifierValue>
            <linkingAgentRole>executing program</linkingAgentRole>
        </linkingAgentIdentifier>
        <linkingObjectIdentifier>
            <linkingObjectIdentifierType>FDsys</linkingObjectIdentifierType>
            <linkingObjectIdentifierValue>D09002ee1aac9cdd9</linkingObjectIdentifierValue>
            <linkingObjectRole>outcome</linkingObjectRole>
        </linkingObjectIdentifier>
    </event>
    <event>
        <eventIdentifier>
            <eventIdentifierType>FDsys:event</eventIdentifierType>
            <eventIdentifierValue>a0dccbee-10f8-463b-bddf-b8cd05c697d2</eventIdentifierValue>
        </eventIdentifier>
        <eventType>Submission</eventType>
        <eventDateTime>2021-01-12T01:21:51-05:00</eventDateTime>
        <eventDetail>11002ee1800e4d00 submitted Submission Information Package P0b002ee1aac9b86f to the system for ingestion</eventDetail>
        <eventOutcomeInformation>
            <eventOutcome>Success</eventOutcome>
        </eventOutcomeInformation>
        <linkingAgentIdentifier>
            <linkingAgentIdentifierType>FDsys:agent</linkingAgentIdentifierType>
            <linkingAgentIdentifierValue>11002ee1800e4d00</linkingAgentIdentifierValue>
            <linkingAgentRole>implementer</linkingAgentRole>
        </linkingAgentIdentifier>
        <linkingObjectIdentifier>
            <linkingObjectIdentifierType>FDsys</linkingObjectIdentifierType>
            <linkingObjectIdentifierValue>P0b002ee1aac9b86f</linkingObjectIdentifierValue>
            <linkingObjectRole>outcome</linkingObjectRole>
        </linkingObjectIdentifier>
    </event>
    <event>
        <eventIdentifier>
            <eventIdentifierType>FDsys:event</eventIdentifierType>
            <eventIdentifierValue>8761c544-6b00-4a46-b784-36cbd3044690</eventIdentifierValue>
        </eventIdentifier>
        <eventType>Crypto Time Stamp Calculation</eventType>
        <eventDateTime>2021-01-12T01:21:57-05:00</eventDateTime>
        <eventDetail>Cryptographic timestamp created for object D09002ee1aac9c8a1</eventDetail>
        <eventOutcomeInformation>
            <eventOutcome>Success</eventOutcome>
        </eventOutcomeInformation>
        <linkingAgentIdentifier>
            <linkingAgentIdentifierType>FDsys:agent</linkingAgentIdentifierType>
            <linkingAgentIdentifierValue>Crypto_v1.0</linkingAgentIdentifierValue>
            <linkingAgentRole>executing program</linkingAgentRole>
        </linkingAgentIdentifier>
        <linkingObjectIdentifier>
            <linkingObjectIdentifierType>FDsys</linkingObjectIdentifierType>
            <linkingObjectIdentifierValue>D09002ee1aac9c8a1</linkingObjectIdentifierValue>
            <linkingObjectRole>outcome</linkingObjectRole>
        </linkingObjectIdentifier>
    </event>
    <event>
        <eventIdentifier>
            <eventIdentifierType>FDsys:event</eventIdentifierType>
            <eventIdentifierValue>d98ff726-14ae-4819-a70e-f0d1fad6f2b6</eventIdentifierValue>
        </eventIdentifier>
        <eventType>File Format Identification</eventType>
        <eventDateTime>2021-01-12T01:21:57-05:00</eventDateTime>
        <eventDetail>File format identified for object D09002ee1aac9c8a1</eventDetail>
        <eventOutcomeInformation>
            <eventOutcome>Success</eventOutcome>
        </eventOutcomeInformation>
        <linkingAgentIdentifier>
            <linkingAgentIdentifierType>FDsys:agent</linkingAgentIdentifierType>
            <linkingAgentIdentifierValue>Droid_v90</linkingAgentIdentifierValue>
            <linkingAgentRole>executing program</linkingAgentRole>
        </linkingAgentIdentifier>
        <linkingObjectIdentifier>
            <linkingObjectIdentifierType>FDsys</linkingObjectIdentifierType>
            <linkingObjectIdentifierValue>D09002ee1aac9c8a1</linkingObjectIdentifierValue>
            <linkingObjectRole>outcome</linkingObjectRole>
        </linkingObjectIdentifier>
    </event>
    <event>
        <eventIdentifier>
            <eventIdentifierType>FDsys:event</eventIdentifierType>
            <eventIdentifierValue>56d082f3-93e7-478b-b225-684696d0782d</eventIdentifierValue>
        </eventIdentifier>
        <eventType>Message Digest Calculation</eventType>
        <eventDateTime>2021-01-12T01:21:57-05:00</eventDateTime>
        <eventDetail>Checksum calculated against object D09002ee1aac9c8a1</eventDetail>
        <eventOutcomeInformation>
            <eventOutcome>Success</eventOutcome>
        </eventOutcomeInformation>
        <linkingAgentIdentifier>
            <linkingAgentIdentifierType>FDsys:agent</linkingAgentIdentifierType>
            <linkingAgentIdentifierValue>Documentum Server 20.3.0000.0070  Linux64.Oracle</linkingAgentIdentifierValue>
            <linkingAgentRole>executing program</linkingAgentRole>
        </linkingAgentIdentifier>
        <linkingObjectIdentifier>
            <linkingObjectIdentifierType>FDsys</linkingObjectIdentifierType>
            <linkingObjectIdentifierValue>D09002ee1aac9c8a1</linkingObjectIdentifierValue>
            <linkingObjectRole>outcome</linkingObjectRole>
        </linkingObjectIdentifier>
    </event>
    <event>
        <eventIdentifier>
            <eventIdentifierType>FDsys:event</eventIdentifierType>
            <eventIdentifierValue>06910ead-0895-4be6-867b-5d6bd453223f</eventIdentifierValue>
        </eventIdentifier>
        <eventType>File Format Identification</eventType>
        <eventDateTime>2021-01-12T01:21:58-05:00</eventDateTime>
        <eventDetail>File format identified for object D09002ee1aac9c8a4</eventDetail>
        <eventOutcomeInformation>
            <eventOutcome>Success</eventOutcome>
        </eventOutcomeInformation>
        <linkingAgentIdentifier>
            <linkingAgentIdentifierType>FDsys:agent</linkingAgentIdentifierType>
            <linkingAgentIdentifierValue>Droid_v90</linkingAgentIdentifierValue>
            <linkingAgentRole>executing program</linkingAgentRole>
        </linkingAgentIdentifier>
        <linkingObjectIdentifier>
            <linkingObjectIdentifierType>FDsys</linkingObjectIdentifierType>
            <linkingObjectIdentifierValue>D09002ee1aac9c8a4</linkingObjectIdentifierValue>
            <linkingObjectRole>outcome</linkingObjectRole>
        </linkingObjectIdentifier>
    </event>
    <event>
        <eventIdentifier>
            <eventIdentifierType>FDsys:event</eventIdentifierType>
            <eventIdentifierValue>e7abf627-333c-4c37-afb6-04ab473db613</eventIdentifierValue>
        </eventIdentifier>
        <eventType>Message Digest Calculation</eventType>
        <eventDateTime>2021-01-12T01:21:58-05:00</eventDateTime>
        <eventDetail>Checksum calculated against object D09002ee1aac9c8a4</eventDetail>
        <eventOutcomeInformation>
            <eventOutcome>Success</eventOutcome>
        </eventOutcomeInformation>
        <linkingAgentIdentifier>
            <linkingAgentIdentifierType>FDsys:agent</linkingAgentIdentifierType>
            <linkingAgentIdentifierValue>Documentum Server 20.3.0000.0070  Linux64.Oracle</linkingAgentIdentifierValue>
            <linkingAgentRole>executing program</linkingAgentRole>
        </linkingAgentIdentifier>
        <linkingObjectIdentifier>
            <linkingObjectIdentifierType>FDsys</linkingObjectIdentifierType>
            <linkingObjectIdentifierValue>D09002ee1aac9c8a4</linkingObjectIdentifierValue>
            <linkingObjectRole>outcome</linkingObjectRole>
        </linkingObjectIdentifier>
    </event>
    <event>
        <eventIdentifier>
            <eventIdentifierType>FDsys:event</eventIdentifierType>
            <eventIdentifierValue>abe1996d-0c3b-4155-8950-acf7c40417d1</eventIdentifierValue>
        </eventIdentifier>
        <eventType>File Format Identification</eventType>
        <eventDateTime>2021-01-12T01:21:58-05:00</eventDateTime>
        <eventDetail>File format identified for object D09002ee1aac9c8a3</eventDetail>
        <eventOutcomeInformation>
            <eventOutcome>Success</eventOutcome>
        </eventOutcomeInformation>
        <linkingAgentIdentifier>
            <linkingAgentIdentifierType>FDsys:agent</linkingAgentIdentifierType>
            <linkingAgentIdentifierValue>Droid_v90</linkingAgentIdentifierValue>
            <linkingAgentRole>executing program</linkingAgentRole>
        </linkingAgentIdentifier>
        <linkingObjectIdentifier>
            <linkingObjectIdentifierType>FDsys</linkingObjectIdentifierType>
            <linkingObjectIdentifierValue>D09002ee1aac9c8a3</linkingObjectIdentifierValue>
            <linkingObjectRole>outcome</linkingObjectRole>
        </linkingObjectIdentifier>
    </event>
    <event>
        <eventIdentifier>
            <eventIdentifierType>FDsys:event</eventIdentifierType>
            <eventIdentifierValue>437fad6b-0fea-4cd2-ba60-2bf40618fcd1</eventIdentifierValue>
        </eventIdentifier>
        <eventType>Message Digest Calculation</eventType>
        <eventDateTime>2021-01-12T01:21:58-05:00</eventDateTime>
        <eventDetail>Checksum calculated against object D09002ee1aac9c8a3</eventDetail>
        <eventOutcomeInformation>
            <eventOutcome>Success</eventOutcome>
        </eventOutcomeInformation>
        <linkingAgentIdentifier>
            <linkingAgentIdentifierType>FDsys:agent</linkingAgentIdentifierType>
            <linkingAgentIdentifierValue>Documentum Server 20.3.0000.0070  Linux64.Oracle</linkingAgentIdentifierValue>
            <linkingAgentRole>executing program</linkingAgentRole>
        </linkingAgentIdentifier>
        <linkingObjectIdentifier>
            <linkingObjectIdentifierType>FDsys</linkingObjectIdentifierType>
            <linkingObjectIdentifierValue>D09002ee1aac9c8a3</linkingObjectIdentifierValue>
            <linkingObjectRole>outcome</linkingObjectRole>
        </linkingObjectIdentifier>
    </event>
    <event>
        <eventIdentifier>
            <eventIdentifierType>FDsys:event</eventIdentifierType>
            <eventIdentifierValue>3fb1cb86-a4bc-4c2f-aa00-a5f505870478</eventIdentifierValue>
        </eventIdentifier>
        <eventType>Crypto Time Stamp Calculation</eventType>
        <eventDateTime>2021-01-12T01:21:58-05:00</eventDateTime>
        <eventDetail>Cryptographic timestamp created for object D09002ee1aac9c8a2</eventDetail>
        <eventOutcomeInformation>
            <eventOutcome>Success</eventOutcome>
        </eventOutcomeInformation>
        <linkingAgentIdentifier>
            <linkingAgentIdentifierType>FDsys:agent</linkingAgentIdentifierType>
            <linkingAgentIdentifierValue>Crypto_v1.0</linkingAgentIdentifierValue>
            <linkingAgentRole>executing program</linkingAgentRole>
        </linkingAgentIdentifier>
        <linkingObjectIdentifier>
            <linkingObjectIdentifierType>FDsys</linkingObjectIdentifierType>
            <linkingObjectIdentifierValue>D09002ee1aac9c8a2</linkingObjectIdentifierValue>
            <linkingObjectRole>outcome</linkingObjectRole>
        </linkingObjectIdentifier>
    </event>
    <event>
        <eventIdentifier>
            <eventIdentifierType>FDsys:event</eventIdentifierType>
            <eventIdentifierValue>e4fa991a-ba69-4617-8b39-083d594d7ed3</eventIdentifierValue>
        </eventIdentifier>
        <eventType>File Format Identification</eventType>
        <eventDateTime>2021-01-12T01:21:58-05:00</eventDateTime>
        <eventDetail>File format identified for object D09002ee1aac9c8a2</eventDetail>
        <eventOutcomeInformation>
            <eventOutcome>Success</eventOutcome>
        </eventOutcomeInformation>
        <linkingAgentIdentifier>
            <linkingAgentIdentifierType>FDsys:agent</linkingAgentIdentifierType>
            <linkingAgentIdentifierValue>Droid_v90</linkingAgentIdentifierValue>
            <linkingAgentRole>executing program</linkingAgentRole>
        </linkingAgentIdentifier>
        <linkingObjectIdentifier>
            <linkingObjectIdentifierType>FDsys</linkingObjectIdentifierType>
            <linkingObjectIdentifierValue>D09002ee1aac9c8a2</linkingObjectIdentifierValue>
            <linkingObjectRole>outcome</linkingObjectRole>
        </linkingObjectIdentifier>
    </event>
    <event>
        <eventIdentifier>
            <eventIdentifierType>FDsys:event</eventIdentifierType>
            <eventIdentifierValue>42e91079-4150-494c-904b-3c82ff8fd2ea</eventIdentifierValue>
        </eventIdentifier>
        <eventType>Message Digest Calculation</eventType>
        <eventDateTime>2021-01-12T01:21:58-05:00</eventDateTime>
        <eventDetail>Checksum calculated against object D09002ee1aac9c8a2</eventDetail>
        <eventOutcomeInformation>
            <eventOutcome>Success</eventOutcome>
        </eventOutcomeInformation>
        <linkingAgentIdentifier>
            <linkingAgentIdentifierType>FDsys:agent</linkingAgentIdentifierType>
            <linkingAgentIdentifierValue>Documentum Server 20.3.0000.0070  Linux64.Oracle</linkingAgentIdentifierValue>
            <linkingAgentRole>executing program</linkingAgentRole>
        </linkingAgentIdentifier>
        <linkingObjectIdentifier>
            <linkingObjectIdentifierType>FDsys</linkingObjectIdentifierType>
            <linkingObjectIdentifierValue>D09002ee1aac9c8a2</linkingObjectIdentifierValue>
            <linkingObjectRole>outcome</linkingObjectRole>
        </linkingObjectIdentifier>
    </event>
    <event>
        <eventIdentifier>
            <eventIdentifierType>FDsys:event</eventIdentifierType>
            <eventIdentifierValue>6d886f79-c984-400d-88ef-7deec826becd</eventIdentifierValue>
        </eventIdentifier>
        <eventType>Crypto Time Stamp Calculation</eventType>
        <eventDateTime>2021-01-12T01:21:58-05:00</eventDateTime>
        <eventDetail>Cryptographic timestamp created for object D09002ee1aac9c8a4</eventDetail>
        <eventOutcomeInformation>
            <eventOutcome>Success</eventOutcome>
        </eventOutcomeInformation>
        <linkingAgentIdentifier>
            <linkingAgentIdentifierType>FDsys:agent</linkingAgentIdentifierType>
            <linkingAgentIdentifierValue>Crypto_v1.0</linkingAgentIdentifierValue>
            <linkingAgentRole>executing program</linkingAgentRole>
        </linkingAgentIdentifier>
        <linkingObjectIdentifier>
            <linkingObjectIdentifierType>FDsys</linkingObjectIdentifierType>
            <linkingObjectIdentifierValue>D09002ee1aac9c8a4</linkingObjectIdentifierValue>
            <linkingObjectRole>outcome</linkingObjectRole>
        </linkingObjectIdentifier>
    </event>
    <event>
        <eventIdentifier>
            <eventIdentifierType>FDsys:event</eventIdentifierType>
            <eventIdentifierValue>e2e50075-c842-4741-bfae-d1e375750b31</eventIdentifierValue>
        </eventIdentifier>
        <eventType>Message Digest Calculation</eventType>
        <eventDateTime>2021-01-12T01:21:58-05:00</eventDateTime>
        <eventDetail>Checksum calculated against object D09002ee1aac9ce0a</eventDetail>
        <eventOutcomeInformation>
            <eventOutcome>Success</eventOutcome>
        </eventOutcomeInformation>
        <linkingAgentIdentifier>
            <linkingAgentIdentifierType>FDsys:agent</linkingAgentIdentifierType>
            <linkingAgentIdentifierValue>Documentum Server 20.3.0000.0070  Linux64.Oracle</linkingAgentIdentifierValue>
            <linkingAgentRole>executing program</linkingAgentRole>
        </linkingAgentIdentifier>
        <linkingObjectIdentifier>
            <linkingObjectIdentifierType>FDsys</linkingObjectIdentifierType>
            <linkingObjectIdentifierValue>D09002ee1aac9ce0a</linkingObjectIdentifierValue>
            <linkingObjectRole>outcome</linkingObjectRole>
        </linkingObjectIdentifier>
    </event>
    <event>
        <eventIdentifier>
            <eventIdentifierType>FDsys:event</eventIdentifierType>
            <eventIdentifierValue>fb892f67-35f6-484e-a5c9-d6dec572d8d5</eventIdentifierValue>
        </eventIdentifier>
        <eventType>File Format Identification</eventType>
        <eventDateTime>2021-01-12T01:21:58-05:00</eventDateTime>
        <eventDetail>File format identified for object D09002ee1aac9ce0a</eventDetail>
        <eventOutcomeInformation>
            <eventOutcome>Success</eventOutcome>
        </eventOutcomeInformation>
        <linkingAgentIdentifier>
            <linkingAgentIdentifierType>FDsys:agent</linkingAgentIdentifierType>
            <linkingAgentIdentifierValue>Droid_v90</linkingAgentIdentifierValue>
            <linkingAgentRole>executing program</linkingAgentRole>
        </linkingAgentIdentifier>
        <linkingObjectIdentifier>
            <linkingObjectIdentifierType>FDsys</linkingObjectIdentifierType>
            <linkingObjectIdentifierValue>D09002ee1aac9ce0a</linkingObjectIdentifierValue>
            <linkingObjectRole>outcome</linkingObjectRole>
        </linkingObjectIdentifier>
    </event>
    <event>
        <eventIdentifier>
            <eventIdentifierType>FDsys:event</eventIdentifierType>
            <eventIdentifierValue>47ed865e-b40a-4d60-98ca-8c381a528de0</eventIdentifierValue>
        </eventIdentifier>
        <eventType>Crypto Time Stamp Calculation</eventType>
        <eventDateTime>2021-01-12T01:21:58-05:00</eventDateTime>
        <eventDetail>Cryptographic timestamp created for object D09002ee1aac9ce0a</eventDetail>
        <eventOutcomeInformation>
            <eventOutcome>Success</eventOutcome>
        </eventOutcomeInformation>
        <linkingAgentIdentifier>
            <linkingAgentIdentifierType>FDsys:agent</linkingAgentIdentifierType>
            <linkingAgentIdentifierValue>Crypto_v1.0</linkingAgentIdentifierValue>
            <linkingAgentRole>executing program</linkingAgentRole>
        </linkingAgentIdentifier>
        <linkingObjectIdentifier>
            <linkingObjectIdentifierType>FDsys</linkingObjectIdentifierType>
            <linkingObjectIdentifierValue>D09002ee1aac9ce0a</linkingObjectIdentifierValue>
            <linkingObjectRole>outcome</linkingObjectRole>
        </linkingObjectIdentifier>
    </event>
    <event>
        <eventIdentifier>
            <eventIdentifierType>FDsys:event</eventIdentifierType>
            <eventIdentifierValue>b72da499-712a-4cfb-8f2c-fea1f1b8dd34</eventIdentifierValue>
        </eventIdentifier>
        <eventType>Crypto Time Stamp Calculation</eventType>
        <eventDateTime>2021-01-12T01:21:58-05:00</eventDateTime>
        <eventDetail>Cryptographic timestamp created for object D09002ee1aac9c8a3</eventDetail>
        <eventOutcomeInformation>
            <eventOutcome>Success</eventOutcome>
        </eventOutcomeInformation>
        <linkingAgentIdentifier>
            <linkingAgentIdentifierType>FDsys:agent</linkingAgentIdentifierType>
            <linkingAgentIdentifierValue>Crypto_v1.0</linkingAgentIdentifierValue>
            <linkingAgentRole>executing program</linkingAgentRole>
        </linkingAgentIdentifier>
        <linkingObjectIdentifier>
            <linkingObjectIdentifierType>FDsys</linkingObjectIdentifierType>
            <linkingObjectIdentifierValue>D09002ee1aac9c8a3</linkingObjectIdentifierValue>
            <linkingObjectRole>outcome</linkingObjectRole>
        </linkingObjectIdentifier>
    </event>
    <event>
        <eventIdentifier>
            <eventIdentifierType>FDsys:event</eventIdentifierType>
            <eventIdentifierValue>24120863-980f-4f92-a18d-f5e603d1d224</eventIdentifierValue>
        </eventIdentifier>
        <eventType>Ingestion</eventType>
        <eventDateTime>2021-01-12T01:22:01-05:00</eventDateTime>
        <eventDetail>Archival Information Package V0b002ee1aac9c6b8 created from Submission Information Package P0b002ee1aac9b86f and stored in Archival storage</eventDetail>
        <eventOutcomeInformation>
            <eventOutcome>Success</eventOutcome>
        </eventOutcomeInformation>
        <linkingAgentIdentifier>
            <linkingAgentIdentifierType>FDsys:agent</linkingAgentIdentifierType>
            <linkingAgentIdentifierValue>CreateAIPFiles_v1.0</linkingAgentIdentifierValue>
            <linkingAgentRole>executing program</linkingAgentRole>
        </linkingAgentIdentifier>
        <linkingObjectIdentifier>
            <linkingObjectIdentifierType>FDsys</linkingObjectIdentifierType>
            <linkingObjectIdentifierValue>V0b002ee1aac9c6b8</linkingObjectIdentifierValue>
            <linkingObjectRole>outcome</linkingObjectRole>
        </linkingObjectIdentifier>
        <linkingObjectIdentifier>
            <linkingObjectIdentifierType>FDsys</linkingObjectIdentifierType>
            <linkingObjectIdentifierValue>P0b002ee1aac9b86f</linkingObjectIdentifierValue>
            <linkingObjectRole>source</linkingObjectRole>
        </linkingObjectIdentifier>
    </event>
    <event>
        <eventIdentifier>
            <eventIdentifierType>FDsys:event</eventIdentifierType>
            <eventIdentifierValue>1b2717ad-6858-473d-bf4e-e930d8c295b6</eventIdentifierValue>
        </eventIdentifier>
        <eventType>ACP Creation</eventType>
        <eventDateTime>2021-01-12T01:22:10-05:00</eventDateTime>
        <eventDetail>Access Content Package created from Submission Information Package P0b002ee1aac9b86f</eventDetail>
        <eventOutcomeInformation>
            <eventOutcome>Success</eventOutcome>
        </eventOutcomeInformation>
        <linkingAgentIdentifier>
            <linkingAgentIdentifierType>FDsys:agent</linkingAgentIdentifierType>
            <linkingAgentIdentifierValue>CreateACP_v1.0</linkingAgentIdentifierValue>
            <linkingAgentRole>executing program</linkingAgentRole>
        </linkingAgentIdentifier>
        <linkingObjectIdentifier>
            <linkingObjectIdentifierType>FDsys</linkingObjectIdentifierType>
            <linkingObjectIdentifierValue>P0b002ee1aac9b86f</linkingObjectIdentifierValue>
            <linkingObjectRole>outcome</linkingObjectRole>
        </linkingObjectIdentifier>
    </event>
    <event>
        <eventIdentifier>
            <eventIdentifierType>FDsys:event</eventIdentifierType>
            <eventIdentifierValue>67e93ce5-c74b-4350-9ddf-fbf5ff11ca05</eventIdentifierValue>
        </eventIdentifier>
        <eventType>Rendition Creation</eventType>
        <eventDateTime>2021-01-12T01:22:23-05:00</eventDateTime>
        <eventDetail>A new rendition R0b002ee1aac9d1bd created from rendition R0b002ee1aac9cde3 and added to package P0b002ee1aac9b86f</eventDetail>
        <eventOutcomeInformation>
            <eventOutcome>Success</eventOutcome>
        </eventOutcomeInformation>
        <linkingAgentIdentifier>
            <linkingAgentIdentifierType>FDsys:agent</linkingAgentIdentifierType>
            <linkingAgentIdentifierValue>CreateAccessRendtions_v1.0</linkingAgentIdentifierValue>
            <linkingAgentRole>executing program</linkingAgentRole>
        </linkingAgentIdentifier>
        <linkingObjectIdentifier>
            <linkingObjectIdentifierType>FDsys</linkingObjectIdentifierType>
            <linkingObjectIdentifierValue>R0b002ee1aac9d1bd</linkingObjectIdentifierValue>
            <linkingObjectRole>outcome</linkingObjectRole>
        </linkingObjectIdentifier>
        <linkingObjectIdentifier>
            <linkingObjectIdentifierType>FDsys</linkingObjectIdentifierType>
            <linkingObjectIdentifierValue>R0b002ee1aac9cde3</linkingObjectIdentifierValue>
            <linkingObjectRole>source</linkingObjectRole>
        </linkingObjectIdentifier>
    </event>
    <event>
        <eventIdentifier>
            <eventIdentifierType>FDsys:event</eventIdentifierType>
            <eventIdentifierValue>8a4a8181-47d3-498e-ab3a-535168f7dc46</eventIdentifierValue>
        </eventIdentifier>
        <eventType>Digital Signature Assignment</eventType>
        <eventDateTime>2021-01-12T01:22:23-05:00</eventDateTime>
        <eventDetail>PDF File D09002ee1aac9cada digitally signed</eventDetail>
        <eventOutcomeInformation>
            <eventOutcome>Success</eventOutcome>
        </eventOutcomeInformation>
        <linkingAgentIdentifier>
            <linkingAgentIdentifierType>FDsys:agent</linkingAgentIdentifierType>
            <linkingAgentIdentifierValue>LiveCycle_v11.0.0</linkingAgentIdentifierValue>
            <linkingAgentRole>executing program</linkingAgentRole>
        </linkingAgentIdentifier>
        <linkingObjectIdentifier>
            <linkingObjectIdentifierType>FDsys</linkingObjectIdentifierType>
            <linkingObjectIdentifierValue>D09002ee1aac9cada</linkingObjectIdentifierValue>
            <linkingObjectRole>outcome</linkingObjectRole>
        </linkingObjectIdentifier>
    </event>
    <event>
        <eventIdentifier>
            <eventIdentifierType>FDsys:event</eventIdentifierType>
            <eventIdentifierValue>97ac576c-5dc7-40ce-b2fd-17033da598c2</eventIdentifierValue>
        </eventIdentifier>
        <eventType>Message Digest Calculation</eventType>
        <eventDateTime>2021-01-12T01:22:23-05:00</eventDateTime>
        <eventDetail>Checksum calculated against object D09002ee1aac9cad9</eventDetail>
        <eventOutcomeInformation>
            <eventOutcome>Success</eventOutcome>
        </eventOutcomeInformation>
        <linkingAgentIdentifier>
            <linkingAgentIdentifierType>FDsys:agent</linkingAgentIdentifierType>
            <linkingAgentIdentifierValue>Documentum Server 20.3.0000.0070  Linux64.Oracle</linkingAgentIdentifierValue>
            <linkingAgentRole>executing program</linkingAgentRole>
        </linkingAgentIdentifier>
        <linkingObjectIdentifier>
            <linkingObjectIdentifierType>FDsys</linkingObjectIdentifierType>
            <linkingObjectIdentifierValue>D09002ee1aac9cad9</linkingObjectIdentifierValue>
            <linkingObjectRole>outcome</linkingObjectRole>
        </linkingObjectIdentifier>
    </event>
    <event>
        <eventIdentifier>
            <eventIdentifierType>FDsys:event</eventIdentifierType>
            <eventIdentifierValue>aef57a24-d618-4881-99a9-532ce31eac02</eventIdentifierValue>
        </eventIdentifier>
        <eventType>Rendition Creation</eventType>
        <eventDateTime>2021-01-12T01:22:23-05:00</eventDateTime>
        <eventDetail>A new rendition R0b002ee1aac9d1bc created from rendition R0b002ee1aac9b870 and added to package P0b002ee1aac9b86f</eventDetail>
        <eventOutcomeInformation>
            <eventOutcome>Success</eventOutcome>
        </eventOutcomeInformation>
        <linkingAgentIdentifier>
            <linkingAgentIdentifierType>FDsys:agent</linkingAgentIdentifierType>
            <linkingAgentIdentifierValue>CreateAccessRendtions_v1.0</linkingAgentIdentifierValue>
            <linkingAgentRole>executing program</linkingAgentRole>
        </linkingAgentIdentifier>
        <linkingObjectIdentifier>
            <linkingObjectIdentifierType>FDsys</linkingObjectIdentifierType>
            <linkingObjectIdentifierValue>R0b002ee1aac9d1bc</linkingObjectIdentifierValue>
            <linkingObjectRole>outcome</linkingObjectRole>
        </linkingObjectIdentifier>
        <linkingObjectIdentifier>
            <linkingObjectIdentifierType>FDsys</linkingObjectIdentifierType>
            <linkingObjectIdentifierValue>R0b002ee1aac9b870</linkingObjectIdentifierValue>
            <linkingObjectRole>source</linkingObjectRole>
        </linkingObjectIdentifier>
    </event>
    <event>
        <eventIdentifier>
            <eventIdentifierType>FDsys:event</eventIdentifierType>
            <eventIdentifierValue>2d603a67-ccd7-47a4-9fc8-a55acd97c318</eventIdentifierValue>
        </eventIdentifier>
        <eventType>Message Digest Calculation</eventType>
        <eventDateTime>2021-01-12T01:22:23-05:00</eventDateTime>
        <eventDetail>Checksum calculated against object D09002ee1aac9cada</eventDetail>
        <eventOutcomeInformation>
            <eventOutcome>Success</eventOutcome>
        </eventOutcomeInformation>
        <linkingAgentIdentifier>
            <linkingAgentIdentifierType>FDsys:agent</linkingAgentIdentifierType>
            <linkingAgentIdentifierValue>Documentum Server 20.3.0000.0070  Linux64.Oracle</linkingAgentIdentifierValue>
            <linkingAgentRole>executing program</linkingAgentRole>
        </linkingAgentIdentifier>
        <linkingObjectIdentifier>
            <linkingObjectIdentifierType>FDsys</linkingObjectIdentifierType>
            <linkingObjectIdentifierValue>D09002ee1aac9cada</linkingObjectIdentifierValue>
            <linkingObjectRole>outcome</linkingObjectRole>
        </linkingObjectIdentifier>
    </event>
    <event>
        <eventIdentifier>
            <eventIdentifierType>FDsys:event</eventIdentifierType>
            <eventIdentifierValue>28ce4a82-1b65-41a8-8d95-fc385ad72b7c</eventIdentifierValue>
        </eventIdentifier>
        <eventType>File Format Identification</eventType>
        <eventDateTime>2021-01-12T01:22:23-05:00</eventDateTime>
        <eventDetail>File format identified for object D09002ee1aac9cada</eventDetail>
        <eventOutcomeInformation>
            <eventOutcome>Success</eventOutcome>
        </eventOutcomeInformation>
        <linkingAgentIdentifier>
            <linkingAgentIdentifierType>FDsys:agent</linkingAgentIdentifierType>
            <linkingAgentIdentifierValue>Droid_v90</linkingAgentIdentifierValue>
            <linkingAgentRole>executing program</linkingAgentRole>
        </linkingAgentIdentifier>
        <linkingObjectIdentifier>
            <linkingObjectIdentifierType>FDsys</linkingObjectIdentifierType>
            <linkingObjectIdentifierValue>D09002ee1aac9cada</linkingObjectIdentifierValue>
            <linkingObjectRole>outcome</linkingObjectRole>
        </linkingObjectIdentifier>
    </event>
    <event>
        <eventIdentifier>
            <eventIdentifierType>FDsys:event</eventIdentifierType>
            <eventIdentifierValue>117c984c-14a0-4fbe-8f8b-9b32e3e6ecd5</eventIdentifierValue>
        </eventIdentifier>
        <eventType>Message Digest Calculation</eventType>
        <eventDateTime>2021-01-12T01:22:23-05:00</eventDateTime>
        <eventDetail>Checksum calculated against object D09002ee1aac9cadb</eventDetail>
        <eventOutcomeInformation>
            <eventOutcome>Success</eventOutcome>
        </eventOutcomeInformation>
        <linkingAgentIdentifier>
            <linkingAgentIdentifierType>FDsys:agent</linkingAgentIdentifierType>
            <linkingAgentIdentifierValue>Documentum Server 20.3.0000.0070  Linux64.Oracle</linkingAgentIdentifierValue>
            <linkingAgentRole>executing program</linkingAgentRole>
        </linkingAgentIdentifier>
        <linkingObjectIdentifier>
            <linkingObjectIdentifierType>FDsys</linkingObjectIdentifierType>
            <linkingObjectIdentifierValue>D09002ee1aac9cadb</linkingObjectIdentifierValue>
            <linkingObjectRole>outcome</linkingObjectRole>
        </linkingObjectIdentifier>
    </event>
    <event>
        <eventIdentifier>
            <eventIdentifierType>FDsys:event</eventIdentifierType>
            <eventIdentifierValue>7324d4f6-2a4a-4577-a582-1a3284b43ca0</eventIdentifierValue>
        </eventIdentifier>
        <eventType>File Format Identification</eventType>
        <eventDateTime>2021-01-12T01:22:23-05:00</eventDateTime>
        <eventDetail>File format identified for object D09002ee1aac9cadb</eventDetail>
        <eventOutcomeInformation>
            <eventOutcome>Success</eventOutcome>
        </eventOutcomeInformation>
        <linkingAgentIdentifier>
            <linkingAgentIdentifierType>FDsys:agent</linkingAgentIdentifierType>
            <linkingAgentIdentifierValue>Droid_v90</linkingAgentIdentifierValue>
            <linkingAgentRole>executing program</linkingAgentRole>
        </linkingAgentIdentifier>
        <linkingObjectIdentifier>
            <linkingObjectIdentifierType>FDsys</linkingObjectIdentifierType>
            <linkingObjectIdentifierValue>D09002ee1aac9cadb</linkingObjectIdentifierValue>
            <linkingObjectRole>outcome</linkingObjectRole>
        </linkingObjectIdentifier>
    </event>
    <event>
        <eventIdentifier>
            <eventIdentifierType>FDsys:event</eventIdentifierType>
            <eventIdentifierValue>14b80e55-d261-4293-a1ce-a01d01417dee</eventIdentifierValue>
        </eventIdentifier>
        <eventType>Parsing</eventType>
        <eventDateTime>2021-01-12T01:22:23-05:00</eventDateTime>
        <eventDetail>Access Content Package P0b002ee1aac9b86f was parsed. Descriptive metadata was extracted and persisted in MODS</eventDetail>
        <eventOutcomeInformation>
            <eventOutcome>Success</eventOutcome>
        </eventOutcomeInformation>
        <linkingAgentIdentifier>
            <linkingAgentIdentifierType>FDsys:agent</linkingAgentIdentifierType>
            <linkingAgentIdentifierValue>1.1.0</linkingAgentIdentifierValue>
            <linkingAgentRole>executing program</linkingAgentRole>
        </linkingAgentIdentifier>
        <linkingObjectIdentifier>
            <linkingObjectIdentifierType>FDsys</linkingObjectIdentifierType>
            <linkingObjectIdentifierValue>P0b002ee1aac9b86f</linkingObjectIdentifierValue>
            <linkingObjectRole>source</linkingObjectRole>
        </linkingObjectIdentifier>
    </event>
    <event>
        <eventIdentifier>
            <eventIdentifierType>FDsys:event</eventIdentifierType>
            <eventIdentifierValue>406df387-b6b3-4487-a38c-c357f6df7855</eventIdentifierValue>
        </eventIdentifier>
        <eventType>Rendition Creation</eventType>
        <eventDateTime>2021-01-12T01:22:23-05:00</eventDateTime>
        <eventDetail>A new rendition R0b002ee1aac9d1be created from rendition R0b002ee1aac9cde5 and added to package P0b002ee1aac9b86f</eventDetail>
        <eventOutcomeInformation>
            <eventOutcome>Success</eventOutcome>
        </eventOutcomeInformation>
        <linkingAgentIdentifier>
            <linkingAgentIdentifierType>FDsys:agent</linkingAgentIdentifierType>
            <linkingAgentIdentifierValue>CreateAccessRendtions_v1.0</linkingAgentIdentifierValue>
            <linkingAgentRole>executing program</linkingAgentRole>
        </linkingAgentIdentifier>
        <linkingObjectIdentifier>
            <linkingObjectIdentifierType>FDsys</linkingObjectIdentifierType>
            <linkingObjectIdentifierValue>R0b002ee1aac9d1be</linkingObjectIdentifierValue>
            <linkingObjectRole>outcome</linkingObjectRole>
        </linkingObjectIdentifier>
        <linkingObjectIdentifier>
            <linkingObjectIdentifierType>FDsys</linkingObjectIdentifierType>
            <linkingObjectIdentifierValue>R0b002ee1aac9cde5</linkingObjectIdentifierValue>
            <linkingObjectRole>source</linkingObjectRole>
        </linkingObjectIdentifier>
    </event>
    <event>
        <eventIdentifier>
            <eventIdentifierType>FDsys:event</eventIdentifierType>
            <eventIdentifierValue>77bfa95b-864b-4283-a36e-d0a3c5da124d</eventIdentifierValue>
        </eventIdentifier>
        <eventType>File Format Identification</eventType>
        <eventDateTime>2021-01-12T01:22:23-05:00</eventDateTime>
        <eventDetail>File format identified for object D09002ee1aac9cad9</eventDetail>
        <eventOutcomeInformation>
            <eventOutcome>Success</eventOutcome>
        </eventOutcomeInformation>
        <linkingAgentIdentifier>
            <linkingAgentIdentifierType>FDsys:agent</linkingAgentIdentifierType>
            <linkingAgentIdentifierValue>Droid_v90</linkingAgentIdentifierValue>
            <linkingAgentRole>executing program</linkingAgentRole>
        </linkingAgentIdentifier>
        <linkingObjectIdentifier>
            <linkingObjectIdentifierType>FDsys</linkingObjectIdentifierType>
            <linkingObjectIdentifierValue>D09002ee1aac9cad9</linkingObjectIdentifierValue>
            <linkingObjectRole>outcome</linkingObjectRole>
        </linkingObjectIdentifier>
    </event>
    <agent>
        <agentIdentifier>
            <agentIdentifierType>FDsys:agent</agentIdentifierType>
            <agentIdentifierValue>hotfolderadmin</agentIdentifierValue>
        </agentIdentifier>
        <agentName>hotfolderadmin</agentName>
        <agentType>Person</agentType>
    </agent>
    <agent>
        <agentIdentifier>
            <agentIdentifierType>FDsys:agent</agentIdentifierType>
            <agentIdentifierValue>CreateAIPFiles_v1.0</agentIdentifierValue>
        </agentIdentifier>
        <agentName>CreateAIPFiles_v1.0</agentName>
        <agentType>Software</agentType>
    </agent>
    <agent>
        <agentIdentifier>
            <agentIdentifierType>FDsys:agent</agentIdentifierType>
            <agentIdentifierValue>Documentum Server 20.3.0000.0070  Linux64.Oracle</agentIdentifierValue>
        </agentIdentifier>
        <agentName>Documentum Server 20.3.0000.0070  Linux64.Oracle</agentName>
        <agentType>Software</agentType>
    </agent>
    <agent>
        <agentIdentifier>
            <agentIdentifierType>FDsys:agent</agentIdentifierType>
            <agentIdentifierValue>Crypto_v1.0</agentIdentifierValue>
        </agentIdentifier>
        <agentName>Crypto_v1.0</agentName>
        <agentType>Software</agentType>
    </agent>
    <agent>
        <agentIdentifier>
            <agentIdentifierType>FDsys:agent</agentIdentifierType>
            <agentIdentifierValue>LiveCycle_v11.0.0</agentIdentifierValue>
        </agentIdentifier>
        <agentName>LiveCycle_v11.0.0</agentName>
        <agentType>Software</agentType>
    </agent>
    <agent>
        <agentIdentifier>
            <agentIdentifierType>FDsys:agent</agentIdentifierType>
            <agentIdentifierValue>ScanEngine_v8.0</agentIdentifierValue>
        </agentIdentifier>
        <agentName>ScanEngine_v8.0</agentName>
        <agentType>Software</agentType>
    </agent>
    <agent>
        <agentIdentifier>
            <agentIdentifierType>FDsys:agent</agentIdentifierType>
            <agentIdentifierValue>1.1.0</agentIdentifierValue>
        </agentIdentifier>
        <agentName>1.1.0</agentName>
        <agentType>Software</agentType>
    </agent>
    <agent>
        <agentIdentifier>
            <agentIdentifierType>FDsys:agent</agentIdentifierType>
            <agentIdentifierValue>CreateAccessRendtions_v1.0</agentIdentifierValue>
        </agentIdentifier>
        <agentName>CreateAccessRendtions_v1.0</agentName>
        <agentType>Software</agentType>
    </agent>
    <agent>
        <agentIdentifier>
            <agentIdentifierType>FDsys:agent</agentIdentifierType>
            <agentIdentifierValue>Droid_v90</agentIdentifierValue>
        </agentIdentifier>
        <agentName>Droid_v90</agentName>
        <agentType>Software</agentType>
    </agent>
    <agent>
        <agentIdentifier>
            <agentIdentifierType>FDsys:agent</agentIdentifierType>
            <agentIdentifierValue>CreateACP_v1.0</agentIdentifierValue>
        </agentIdentifier>
        <agentName>CreateACP_v1.0</agentName>
        <agentType>Software</agentType>
    </agent>
    <agent>
        <agentIdentifier>
            <agentIdentifierType>FDsys:agent</agentIdentifierType>
            <agentIdentifierValue>11002ee1800e4d00</agentIdentifierValue>
        </agentIdentifier>
        <agentName>11002ee1800e4d00</agentName>
        <agentType>Person</agentType>
    </agent>
</premis>
