<mods xmlns:xlink="http://www.w3.org/1999/xlink" xmlns:xsi="http://www.w3.org/2001/XMLSchema-instance" xmlns="http://www.loc.gov/mods/v3" version="3.3" xsi:schemaLocation="http://www.loc.gov/mods/v3 http://www.loc.gov/standards/mods/v3/mods-3-3.xsd" ID="P0b002ee1aacf8d8f">
<name type="corporate">
 <namePart>United States Government Publishing Office</namePart>
 <role>
  <roleTerm authority="marcrelator" type="text">publisher</roleTerm>
  <roleTerm authority="marcrelator" type="code">pbl</roleTerm>
</role>
 <role>
  <roleTerm authority="marcrelator" type="text">distributor</roleTerm>
  <roleTerm authority="marcrelator" type="code">dst</roleTerm>
</role>
</name>
<name type="corporate">
 <namePart>United States</namePart>
 <namePart>Congress</namePart>
 <namePart>House of Representatives</namePart>
 <role>
  <roleTerm authority="marcrelator" type="text">author</roleTerm>
  <roleTerm authority="marcrelator" type="code">aut</roleTerm>
</role>
 <description>Government Organization</description>
</name>
<typeOfResource>text</typeOfResource>
<genre authority="marcgt">government publication</genre>
<language>
 <languageTerm type="code" authority="iso639-2b">eng</languageTerm>
</language>
<extension>
 <collectionCode>BILLS</collectionCode>
 <searchTitle>Calling on Vice President Michael R. Pence to convene and mobilize the principal officers of the executive departments of the Cabinet to activate section 4 of the 25th Amendment to declare President Donald J. Trump incapable of executing the duties of his office and to immediately exercise powers as acting President.;H. Res. 21 (EH)
    </searchTitle>
 <category>Bills and Statutes</category>
 <waisDatabaseName>117_cong_bills</waisDatabaseName>
 <branch>legislative</branch>
 <dateIngested>2021-01-13</dateIngested>
</extension>
<titleInfo>
 <title>Calling on Vice President Michael R. Pence to convene and mobilize the principal officers of the executive departments of the Cabinet to activate section 4 of the 25th Amendment to declare President Donald J. Trump incapable of executing the duties of his office and to immediately exercise powers as acting President.</title>
</titleInfo>
<titleInfo type="alternative">
 <title>H. Res. 21 (EH)
    </title>
</titleInfo>
<originInfo>
 <publisher>U.S. Government Publishing Office</publisher>
 <dateIssued encoding="w3cdtf">2021-01-12</dateIssued>
 <issuance>monographic</issuance>
</originInfo>
<physicalDescription>
 <note type="source content type">deposited</note>
 <digitalOrigin>born digital</digitalOrigin>
 <extent>5 p.</extent>
</physicalDescription>
<classification authority="sudocs">Y 1.6:</classification>
<classification authority="sudocs">Y 1.4/7:</classification>
<identifier type="local">P0b002ee1aacf8d8f</identifier>
<identifier type="uri">https://www.govinfo.gov/app/details/BILLS-117hres21eh</identifier>
<identifier type="preferred citation">H. Res. 21</identifier>
<identifier type="stock number">021-610-00252-9</identifier>
<identifier type="Parent ILS system id">000501532</identifier>
<identifier type="Child ILS system id">000325574</identifier>
<identifier type="Parent ILS title">Congressional bills</identifier>
<identifier type="Child ILS title">House resolutions</identifier>
<identifier type="former package identifier">f:hr21_eh.txt</identifier>
<location>
 <url displayLabel="Content Detail" access="object in context">https://www.govinfo.gov/app/details/BILLS-117hres21eh</url>
 <url displayLabel="HTML rendition" access="raw object">https://www.govinfo.gov/content/pkg/BILLS-117hres21eh/html/BILLS-117hres21eh.htm</url>
 <url displayLabel="PDF rendition" access="raw object">https://www.govinfo.gov/content/pkg/BILLS-117hres21eh/pdf/BILLS-117hres21eh.pdf</url>
 <url displayLabel="XML rendition" access="raw object">https://www.govinfo.gov/content/pkg/BILLS-117hres21eh/xml/BILLS-117hres21eh.xml</url>
</location>
<accessCondition type="GPO scope determination">fdlp</accessCondition>
<recordInfo>
 <recordContentSource authority="marcorg">DGPO</recordContentSource>
 <recordCreationDate encoding="w3cdtf">2021-01-13</recordCreationDate>
 <recordChangeDate encoding="w3cdtf">2021-01-14</recordChangeDate>
 <recordIdentifier source="DGPO">BILLS-117hres21eh</recordIdentifier>
 <recordOrigin>machine generated</recordOrigin>
 <languageOfCataloging>
  <languageTerm type="code" authority="iso639-2b">eng</languageTerm>
</languageOfCataloging>
</recordInfo>
<relatedItem type="isReferencedBy">
 <titleInfo>
  <title>United States Code</title>
  <partNumber>Title 3 Section 15</partNumber>
</titleInfo>
 <identifier type="USC citation">3 U.S.C. 15</identifier>
</relatedItem>
<extension>
 <docClass>hres</docClass>
 <accessId>BILLS-117hres21eh</accessId>
 <congress>117</congress>
 <session>1</session>
 <originChamber>HOUSE</originChamber>
 <currentChamber>HOUSE</currentChamber>
 <billNumber>21</billNumber>
 <billVersion reprint="false">eh</billVersion>
 <fileSuffix>eh</fileSuffix>
 <officialTitle>Calling on Vice President Michael R. Pence to convene and mobilize the principal officers of the executive departments of the Cabinet to activate section 4 of the 25th Amendment to declare President Donald J. Trump incapable of executing the duties of his office and to immediately exercise powers as acting President.</officialTitle>
 <isPrivate>false</isPrivate>
 <isAppropriation>false</isAppropriation>
 <USCode title="3">
                      <section number="15"></section>
                </USCode>
</extension>
</mods>