<?xml version="1.0"?>
<?xml-stylesheet type="text/xsl" href="billres.xsl"?>
<!DOCTYPE resolution PUBLIC "-//US Congress//DTDs/res.dtd//EN" "res.dtd">
<resolution resolution-type="senate-concurrent" star-print="no-star-print" public-private="public" resolution-stage="Engrossed-in-Senate" slc-id="S1-HEN21033-RFT-GC-PP5" stage-count="1" public-print="no"><metadata xmlns:dc="http://purl.org/dc/elements/1.1/">
<dublinCore>
<dc:title>117 SCON 2 ES: Extending the life of the Joint Congressional Committee on Inaugural Ceremonies and authorizing the use of the rotunda and Emancipation Hall of the Capitol by the Joint Congressional Committee on Inaugural Ceremonies in connection with the proceedings and ceremonies conducted for the inauguration of the President-elect and the Vice President-elect of the United States.</dc:title>
<dc:publisher>U.S. Senate</dc:publisher>
<dc:date></dc:date>
<dc:format>text/xml</dc:format>
<dc:language>EN</dc:language>
<dc:rights>Pursuant to Title 17 Section 105 of the United States Code, this file is not subject to copyright protection and is in the public domain.</dc:rights>
</dublinCore>
</metadata>
<form display="yes">
<congress display="yes">117th CONGRESS</congress><session display="yes">1st Session</session><legis-num display="yes">S. CON. RES. 2</legis-num><current-chamber display="no">IN THE SENATE OF THE UNITED STATES</current-chamber><legis-type display="yes">CONCURRENT RESOLUTION</legis-type><official-title display="no">Extending the life of the Joint Congressional Committee on Inaugural Ceremonies and authorizing the use of the rotunda and Emancipation Hall of the Capitol by the Joint Congressional Committee on Inaugural Ceremonies in connection with the proceedings and ceremonies conducted for the inauguration of the President-elect and the Vice President-elect of the United States.</official-title></form><resolution-body style="OLC" display-resolving-clause="yes-display-resolving-clause"><section commented="no" display-inline="no-display-inline" section-type="section-one" id="id0770958C7C2A44DDB442033C07CFA16D"><enum>1.</enum><header display-inline="yes-display-inline">Reauthorization of Joint
 Committee</header><text display-inline="no-display-inline">Effective from January 3, 2021, the joint committee created by Senate Concurrent Resolution 38 (116th Congress), agreed to June 26, 2020, to make the necessary arrangements for the inauguration of the President-elect and the Vice President-elect of the United States, is continued with the same power and authority provided for in that resolution.</text></section><section commented="no" display-inline="no-display-inline" section-type="subsequent-section" id="id22AAB5D8C57F40469F46134FD70A9171"><enum>2.</enum><header display-inline="yes-display-inline">Use
 of Capitol</header><text display-inline="no-display-inline">The rotunda and Emancipation Hall of the United States Capitol are authorized to be used on January 10, 2021, January 17, 2021, and January 20, 2021 by the joint committee created by Senate Concurrent Resolution 38 (116th Congress), agreed to June 26, 2020, in connection with the proceedings and ceremonies conducted for the inauguration of the President-elect and the Vice President-elect of the United States.</text></section></resolution-body><attestation><attestation-group><attestation-date date="20210103" chamber="Senate">Passed the Senate January 3, 2021.</attestation-date><attestor display="no"></attestor><role>Secretary</role></attestation-group></attestation><endorsement display="yes"></endorsement></resolution>


