<mods xmlns:xlink="http://www.w3.org/1999/xlink" xmlns:xsi="http://www.w3.org/2001/XMLSchema-instance" xmlns="http://www.loc.gov/mods/v3" version="3.3" xsi:schemaLocation="http://www.loc.gov/mods/v3 http://www.loc.gov/standards/mods/v3/mods-3-3.xsd" ID="P0b002ee1aab59bc6">
<name type="corporate">
 <namePart>United States Government Publishing Office</namePart>
 <role>
  <roleTerm authority="marcrelator" type="text">publisher</roleTerm>
  <roleTerm authority="marcrelator" type="code">pbl</roleTerm>
</role>
 <role>
  <roleTerm authority="marcrelator" type="text">distributor</roleTerm>
  <roleTerm authority="marcrelator" type="code">dst</roleTerm>
</role>
</name>
<name type="corporate">
 <namePart>United States</namePart>
 <namePart>Congress</namePart>
 <namePart>House of Representatives</namePart>
 <role>
  <roleTerm authority="marcrelator" type="text">author</roleTerm>
  <roleTerm authority="marcrelator" type="code">aut</roleTerm>
</role>
 <description>Government Organization</description>
</name>
<typeOfResource>text</typeOfResource>
<genre authority="marcgt">government publication</genre>
<language>
 <languageTerm type="code" authority="iso639-2b">eng</languageTerm>
</language>
<extension>
 <collectionCode>BILLS</collectionCode>
 <searchTitle>Adopting the Rules of the House of Representatives for the One Hundred Seventeenth Congress, and for other purposes.;H. Res. 8 (EH)
    </searchTitle>
 <category>Bills and Statutes</category>
 <waisDatabaseName>117_cong_bills</waisDatabaseName>
 <branch>legislative</branch>
 <dateIngested>2021-01-05</dateIngested>
</extension>
<titleInfo>
 <title>Adopting the Rules of the House of Representatives for the One Hundred Seventeenth Congress, and for other purposes.</title>
</titleInfo>
<titleInfo type="alternative">
 <title>H. Res. 8 (EH)
    </title>
</titleInfo>
<originInfo>
 <publisher>U.S. Government Publishing Office</publisher>
 <dateIssued encoding="w3cdtf">2021-01-04</dateIssued>
 <issuance>monographic</issuance>
</originInfo>
<physicalDescription>
 <note type="source content type">deposited</note>
 <digitalOrigin>born digital</digitalOrigin>
 <extent>42 p.</extent>
</physicalDescription>
<classification authority="sudocs">Y 1.6:</classification>
<classification authority="sudocs">Y 1.4/7:</classification>
<identifier type="local">P0b002ee1aab59bc6</identifier>
<identifier type="uri">https://www.govinfo.gov/app/details/BILLS-117hres8eh</identifier>
<identifier type="preferred citation">H. Res. 8</identifier>
<identifier type="stock number">021-610-00252-9</identifier>
<identifier type="Parent ILS system id">000501532</identifier>
<identifier type="Child ILS system id">000325574</identifier>
<identifier type="Parent ILS title">Congressional bills</identifier>
<identifier type="Child ILS title">House resolutions</identifier>
<identifier type="former package identifier">f:hr8_eh.txt</identifier>
<location>
 <url displayLabel="Content Detail" access="object in context">https://www.govinfo.gov/app/details/BILLS-117hres8eh</url>
 <url displayLabel="HTML rendition" access="raw object">https://www.govinfo.gov/content/pkg/BILLS-117hres8eh/html/BILLS-117hres8eh.htm</url>
 <url displayLabel="PDF rendition" access="raw object">https://www.govinfo.gov/content/pkg/BILLS-117hres8eh/pdf/BILLS-117hres8eh.pdf</url>
 <url displayLabel="XML rendition" access="raw object">https://www.govinfo.gov/content/pkg/BILLS-117hres8eh/xml/BILLS-117hres8eh.xml</url>
</location>
<accessCondition type="GPO scope determination">fdlp</accessCondition>
<recordInfo>
 <recordContentSource authority="marcorg">DGPO</recordContentSource>
 <recordCreationDate encoding="w3cdtf">2021-01-05</recordCreationDate>
 <recordChangeDate encoding="w3cdtf">2021-01-06</recordChangeDate>
 <recordIdentifier source="DGPO">BILLS-117hres8eh</recordIdentifier>
 <recordOrigin>machine generated</recordOrigin>
 <languageOfCataloging>
  <languageTerm type="code" authority="iso639-2b">eng</languageTerm>
</languageOfCataloging>
</recordInfo>
<relatedItem type="isReferencedBy">
 <titleInfo>
  <title>United States Code</title>
  <partNumber>Title 2 Section 4301(i)</partNumber>
  <partNumber>Title 2 Section 4536(b)</partNumber>
  <partNumber>Title 2 Section 5321(d)</partNumber>
  <partNumber>Title 2 Section 5341(d)</partNumber>
</titleInfo>
 <identifier type="USC citation">2 U.S.C. 4301(i)</identifier>
 <identifier type="USC citation">2 U.S.C. 4536(b)</identifier>
 <identifier type="USC citation">2 U.S.C. 5321(d)</identifier>
 <identifier type="USC citation">2 U.S.C. 5341(d)</identifier>
</relatedItem>
<relatedItem type="isReferencedBy">
 <titleInfo>
  <title>United States Code</title>
  <partNumber>Title 50 Section 1545-46</partNumber>
  <partNumber>Title 50 Section 1546</partNumber>
</titleInfo>
 <identifier type="USC citation">50 U.S.C. 1545-46</identifier>
 <identifier type="USC citation">50 U.S.C. 1546</identifier>
</relatedItem>
<extension>
 <docClass>hres</docClass>
 <accessId>BILLS-117hres8eh</accessId>
 <congress>117</congress>
 <session>1</session>
 <originChamber>HOUSE</originChamber>
 <currentChamber>HOUSE</currentChamber>
 <billNumber>8</billNumber>
 <billVersion reprint="false">eh</billVersion>
 <fileSuffix>eh</fileSuffix>
 <officialTitle>Adopting the Rules of the House of Representatives for the One Hundred Seventeenth Congress, and for other purposes.</officialTitle>
 <isPrivate>false</isPrivate>
 <isAppropriation>false</isAppropriation>
 <USCode title="2">
                      <section detail="(i)" number="4301"></section>
                      <section detail="(b)" number="4536"></section>
                      <section detail="(d)" number="5321"></section>
                      <section detail="(d)" number="5341"></section>
                </USCode>
 <USCode title="50">
                      <section number="1545-46"></section>
                      <section number="1546"></section>
                </USCode>
</extension>
</mods>