<mods xmlns:xlink="http://www.w3.org/1999/xlink" xmlns:xsi="http://www.w3.org/2001/XMLSchema-instance" xmlns="http://www.loc.gov/mods/v3" version="3.3" xsi:schemaLocation="http://www.loc.gov/mods/v3 http://www.loc.gov/standards/mods/v3/mods-3-3.xsd" ID="P0b002ee1aac9d321">
<name type="corporate">
 <namePart>United States Government Publishing Office</namePart>
 <role>
  <roleTerm authority="marcrelator" type="text">publisher</roleTerm>
  <roleTerm authority="marcrelator" type="code">pbl</roleTerm>
</role>
 <role>
  <roleTerm authority="marcrelator" type="text">distributor</roleTerm>
  <roleTerm authority="marcrelator" type="code">dst</roleTerm>
</role>
</name>
<name type="corporate">
 <namePart>United States</namePart>
 <namePart>Congress</namePart>
 <namePart>House of Representatives</namePart>
 <role>
  <roleTerm authority="marcrelator" type="text">author</roleTerm>
  <roleTerm authority="marcrelator" type="code">aut</roleTerm>
</role>
 <description>Government Organization</description>
</name>
<typeOfResource>text</typeOfResource>
<genre authority="marcgt">government publication</genre>
<language>
 <languageTerm type="code" authority="iso639-2b">eng</languageTerm>
</language>
<extension>
 <collectionCode>BILLS</collectionCode>
 <searchTitle>Impeaching Donald John Trump, President of the United States, for high crimes and misdemeanors.;H. Res. 32 (IH)
    </searchTitle>
 <category>Bills and Statutes</category>
 <waisDatabaseName>117_cong_bills</waisDatabaseName>
 <branch>legislative</branch>
 <dateIngested>2021-01-12</dateIngested>
</extension>
<titleInfo>
 <title>Impeaching Donald John Trump, President of the United States, for high crimes and misdemeanors.</title>
</titleInfo>
<titleInfo type="alternative">
 <title>H. Res. 32 (IH)
    </title>
</titleInfo>
<originInfo>
 <publisher>U.S. Government Publishing Office</publisher>
 <dateIssued encoding="w3cdtf">2021-01-11</dateIssued>
 <issuance>monographic</issuance>
</originInfo>
<physicalDescription>
 <note type="source content type">deposited</note>
 <digitalOrigin>born digital</digitalOrigin>
 <extent>5 p.</extent>
</physicalDescription>
<classification authority="sudocs">Y 1.6:</classification>
<classification authority="sudocs">Y 1.4/7:</classification>
<identifier type="local">P0b002ee1aac9d321</identifier>
<identifier type="uri">https://www.govinfo.gov/app/details/BILLS-117hres32ih</identifier>
<identifier type="preferred citation">H. Res. 32</identifier>
<identifier type="stock number">021-610-00252-9</identifier>
<identifier type="Parent ILS system id">000501532</identifier>
<identifier type="Child ILS system id">000325574</identifier>
<identifier type="Parent ILS title">Congressional bills</identifier>
<identifier type="Child ILS title">House resolutions</identifier>
<identifier type="former package identifier">f:hr32_ih.txt</identifier>
<location>
 <url displayLabel="Content Detail" access="object in context">https://www.govinfo.gov/app/details/BILLS-117hres32ih</url>
 <url displayLabel="HTML rendition" access="raw object">https://www.govinfo.gov/content/pkg/BILLS-117hres32ih/html/BILLS-117hres32ih.htm</url>
 <url displayLabel="PDF rendition" access="raw object">https://www.govinfo.gov/content/pkg/BILLS-117hres32ih/pdf/BILLS-117hres32ih.pdf</url>
 <url displayLabel="XML rendition" access="raw object">https://www.govinfo.gov/content/pkg/BILLS-117hres32ih/xml/BILLS-117hres32ih.xml</url>
</location>
<accessCondition type="GPO scope determination">fdlp</accessCondition>
<recordInfo>
 <recordContentSource authority="marcorg">DGPO</recordContentSource>
 <recordCreationDate encoding="w3cdtf">2021-01-12</recordCreationDate>
 <recordChangeDate encoding="w3cdtf">2021-02-02</recordChangeDate>
 <recordIdentifier source="DGPO">BILLS-117hres32ih</recordIdentifier>
 <recordOrigin>machine generated</recordOrigin>
 <languageOfCataloging>
  <languageTerm type="code" authority="iso639-2b">eng</languageTerm>
</languageOfCataloging>
</recordInfo>
<name type="personal">
 <namePart>Ilhan Omar</namePart>
 <affiliation>United States House of Representatives</affiliation>
 <role>
  <roleTerm authority="marcrelator" type="text">sponsor</roleTerm>
  <roleTerm authority="marcrelator" type="code">spn</roleTerm>
</role>
 <description>United States Congress Member</description>
</name>
<name type="personal">
 <namePart>Donald M. Payne, Jr.</namePart>
 <affiliation>United States House of Representatives</affiliation>
 <role>
  <roleTerm type="text">cosponsor</roleTerm>
</role>
 <description>United States Congress Member</description>
</name>
<name type="personal">
 <namePart>Jared Huffman</namePart>
 <affiliation>United States House of Representatives</affiliation>
 <role>
  <roleTerm type="text">cosponsor</roleTerm>
</role>
 <description>United States Congress Member</description>
</name>
<name type="personal">
 <namePart>Marie Newman</namePart>
 <affiliation>United States House of Representatives</affiliation>
 <role>
  <roleTerm type="text">cosponsor</roleTerm>
</role>
 <description>United States Congress Member</description>
</name>
<name type="personal">
 <namePart>Bobby L. Rush</namePart>
 <affiliation>United States House of Representatives</affiliation>
 <role>
  <roleTerm type="text">cosponsor</roleTerm>
</role>
 <description>United States Congress Member</description>
</name>
<name type="personal">
 <namePart>Janice D. Schakowsky</namePart>
 <affiliation>United States House of Representatives</affiliation>
 <role>
  <roleTerm type="text">cosponsor</roleTerm>
</role>
 <description>United States Congress Member</description>
</name>
<name type="personal">
 <namePart>Frederica S. Wilson</namePart>
 <affiliation>United States House of Representatives</affiliation>
 <role>
  <roleTerm type="text">cosponsor</roleTerm>
</role>
 <description>United States Congress Member</description>
</name>
<name type="personal">
 <namePart>Adriano Espaillat</namePart>
 <affiliation>United States House of Representatives</affiliation>
 <role>
  <roleTerm type="text">cosponsor</roleTerm>
</role>
 <description>United States Congress Member</description>
</name>
<name type="personal">
 <namePart>Eric Swalwell</namePart>
 <affiliation>United States House of Representatives</affiliation>
 <role>
  <roleTerm type="text">cosponsor</roleTerm>
</role>
 <description>United States Congress Member</description>
</name>
<name type="personal">
 <namePart>Jahana Hayes</namePart>
 <affiliation>United States House of Representatives</affiliation>
 <role>
  <roleTerm type="text">cosponsor</roleTerm>
</role>
 <description>United States Congress Member</description>
</name>
<name type="personal">
 <namePart>Nydia M. Velazquez</namePart>
 <affiliation>United States House of Representatives</affiliation>
 <role>
  <roleTerm type="text">cosponsor</roleTerm>
</role>
 <description>United States Congress Member</description>
</name>
<name type="personal">
 <namePart>Yvette D. Clarke</namePart>
 <affiliation>United States House of Representatives</affiliation>
 <role>
  <roleTerm type="text">cosponsor</roleTerm>
</role>
 <description>United States Congress Member</description>
</name>
<name type="personal">
 <namePart>Mark DeSaulnier</namePart>
 <affiliation>United States House of Representatives</affiliation>
 <role>
  <roleTerm type="text">cosponsor</roleTerm>
</role>
 <description>United States Congress Member</description>
</name>
<name type="personal">
 <namePart>Ritchie Torres</namePart>
 <affiliation>United States House of Representatives</affiliation>
 <role>
  <roleTerm type="text">cosponsor</roleTerm>
</role>
 <description>United States Congress Member</description>
</name>
<name type="personal">
 <namePart>Steven Horsford</namePart>
 <affiliation>United States House of Representatives</affiliation>
 <role>
  <roleTerm type="text">cosponsor</roleTerm>
</role>
 <description>United States Congress Member</description>
</name>
<name type="personal">
 <namePart>Ayanna Pressley</namePart>
 <affiliation>United States House of Representatives</affiliation>
 <role>
  <roleTerm type="text">cosponsor</roleTerm>
</role>
 <description>United States Congress Member</description>
</name>
<name type="personal">
 <namePart>Alexandria Ocasio-Cortez</namePart>
 <affiliation>United States House of Representatives</affiliation>
 <role>
  <roleTerm type="text">cosponsor</roleTerm>
</role>
 <description>United States Congress Member</description>
</name>
<name type="personal">
 <namePart>Rashida Tlaib</namePart>
 <affiliation>United States House of Representatives</affiliation>
 <role>
  <roleTerm type="text">cosponsor</roleTerm>
</role>
 <description>United States Congress Member</description>
</name>
<name type="personal">
 <namePart>Cori Bush</namePart>
 <affiliation>United States House of Representatives</affiliation>
 <role>
  <roleTerm type="text">cosponsor</roleTerm>
</role>
 <description>United States Congress Member</description>
</name>
<name type="personal">
 <namePart>Mondaire Jones</namePart>
 <affiliation>United States House of Representatives</affiliation>
 <role>
  <roleTerm type="text">cosponsor</roleTerm>
</role>
 <description>United States Congress Member</description>
</name>
<name type="personal">
 <namePart>Ann Kirkpatrick</namePart>
 <affiliation>United States House of Representatives</affiliation>
 <role>
  <roleTerm type="text">cosponsor</roleTerm>
</role>
 <description>United States Congress Member</description>
</name>
<name type="personal">
 <namePart>Andre Carson</namePart>
 <affiliation>United States House of Representatives</affiliation>
 <role>
  <roleTerm type="text">cosponsor</roleTerm>
</role>
 <description>United States Congress Member</description>
</name>
<name type="personal">
 <namePart>David N. Cicilline</namePart>
 <affiliation>United States House of Representatives</affiliation>
 <role>
  <roleTerm type="text">cosponsor</roleTerm>
</role>
 <description>United States Congress Member</description>
</name>
<name type="personal">
 <namePart>Ted Lieu</namePart>
 <affiliation>United States House of Representatives</affiliation>
 <role>
  <roleTerm type="text">cosponsor</roleTerm>
</role>
 <description>United States Congress Member</description>
</name>
<name type="personal">
 <namePart>Henry C. &quot;Hank&quot; Johnson, Jr.</namePart>
 <affiliation>United States House of Representatives</affiliation>
 <role>
  <roleTerm type="text">cosponsor</roleTerm>
</role>
 <description>United States Congress Member</description>
</name>
<name type="personal">
 <namePart>Veronica Escobar</namePart>
 <affiliation>United States House of Representatives</affiliation>
 <role>
  <roleTerm type="text">cosponsor</roleTerm>
</role>
 <description>United States Congress Member</description>
</name>
<name type="personal">
 <namePart>Vicente Gonzalez</namePart>
 <affiliation>United States House of Representatives</affiliation>
 <role>
  <roleTerm type="text">cosponsor</roleTerm>
</role>
 <description>United States Congress Member</description>
</name>
<name type="personal">
 <namePart>Bonnie Watson Coleman</namePart>
 <affiliation>United States House of Representatives</affiliation>
 <role>
  <roleTerm type="text">cosponsor</roleTerm>
</role>
 <description>United States Congress Member</description>
</name>
<name type="personal">
 <namePart>Gerald E. Connolly</namePart>
 <affiliation>United States House of Representatives</affiliation>
 <role>
  <roleTerm type="text">cosponsor</roleTerm>
</role>
 <description>United States Congress Member</description>
</name>
<name type="personal">
 <namePart>Jimmy Gomez</namePart>
 <affiliation>United States House of Representatives</affiliation>
 <role>
  <roleTerm type="text">cosponsor</roleTerm>
</role>
 <description>United States Congress Member</description>
</name>
<name type="personal">
 <namePart>Jamaal Bowman</namePart>
 <affiliation>United States House of Representatives</affiliation>
 <role>
  <roleTerm type="text">cosponsor</roleTerm>
</role>
 <description>United States Congress Member</description>
</name>
<name type="personal">
 <namePart>Al Green</namePart>
 <affiliation>United States House of Representatives</affiliation>
 <role>
  <roleTerm type="text">cosponsor</roleTerm>
</role>
 <description>United States Congress Member</description>
</name>
<name type="personal">
 <namePart>Earl Blumenauer</namePart>
 <affiliation>United States House of Representatives</affiliation>
 <role>
  <roleTerm type="text">cosponsor</roleTerm>
</role>
 <description>United States Congress Member</description>
</name>
<name type="personal">
 <namePart>Anna G. Eshoo</namePart>
 <affiliation>United States House of Representatives</affiliation>
 <role>
  <roleTerm type="text">cosponsor</roleTerm>
</role>
 <description>United States Congress Member</description>
</name>
<name type="personal">
 <namePart>Mark Takano</namePart>
 <affiliation>United States House of Representatives</affiliation>
 <role>
  <roleTerm type="text">cosponsor</roleTerm>
</role>
 <description>United States Congress Member</description>
</name>
<name type="personal">
 <namePart>Val Butler Demings</namePart>
 <affiliation>United States House of Representatives</affiliation>
 <role>
  <roleTerm type="text">cosponsor</roleTerm>
</role>
 <description>United States Congress Member</description>
</name>
<name type="personal">
 <namePart>Kaiali&apos;I Kahele</namePart>
 <affiliation>United States House of Representatives</affiliation>
 <role>
  <roleTerm type="text">cosponsor</roleTerm>
</role>
 <description>United States Congress Member</description>
</name>
<name type="personal">
 <namePart>Steve Cohen</namePart>
 <affiliation>United States House of Representatives</affiliation>
 <role>
  <roleTerm type="text">cosponsor</roleTerm>
</role>
 <description>United States Congress Member</description>
</name>
<name type="personal">
 <namePart>Grace F. Napolitano</namePart>
 <affiliation>United States House of Representatives</affiliation>
 <role>
  <roleTerm type="text">cosponsor</roleTerm>
</role>
 <description>United States Congress Member</description>
</name>
<name type="personal">
 <namePart>Eleanor Holmes Norton</namePart>
 <affiliation>United States House of Representatives</affiliation>
 <role>
  <roleTerm type="text">cosponsor</roleTerm>
</role>
 <description>United States Congress Member</description>
</name>
<name type="personal">
 <namePart>Pramila Jayapal</namePart>
 <affiliation>United States House of Representatives</affiliation>
 <role>
  <roleTerm type="text">cosponsor</roleTerm>
</role>
 <description>United States Congress Member</description>
</name>
<name type="personal">
 <namePart>Brian Higgins</namePart>
 <affiliation>United States House of Representatives</affiliation>
 <role>
  <roleTerm type="text">cosponsor</roleTerm>
</role>
 <description>United States Congress Member</description>
</name>
<name type="personal">
 <namePart>Kathy Castor</namePart>
 <affiliation>United States House of Representatives</affiliation>
 <role>
  <roleTerm type="text">cosponsor</roleTerm>
</role>
 <description>United States Congress Member</description>
</name>
<name type="personal">
 <namePart>Jim Cooper</namePart>
 <affiliation>United States House of Representatives</affiliation>
 <role>
  <roleTerm type="text">cosponsor</roleTerm>
</role>
 <description>United States Congress Member</description>
</name>
<name type="personal">
 <namePart>Paul Tonko</namePart>
 <affiliation>United States House of Representatives</affiliation>
 <role>
  <roleTerm type="text">cosponsor</roleTerm>
</role>
 <description>United States Congress Member</description>
</name>
<name type="personal">
 <namePart>Mark Pocan</namePart>
 <affiliation>United States House of Representatives</affiliation>
 <role>
  <roleTerm type="text">cosponsor</roleTerm>
</role>
 <description>United States Congress Member</description>
</name>
<name type="personal">
 <namePart>Chellie Pingree</namePart>
 <affiliation>United States House of Representatives</affiliation>
 <role>
  <roleTerm type="text">cosponsor</roleTerm>
</role>
 <description>United States Congress Member</description>
</name>
<name type="personal">
 <namePart>Daniel T. Kildee</namePart>
 <affiliation>United States House of Representatives</affiliation>
 <role>
  <roleTerm type="text">cosponsor</roleTerm>
</role>
 <description>United States Congress Member</description>
</name>
<name type="personal">
 <namePart>Danny K. Davis</namePart>
 <affiliation>United States House of Representatives</affiliation>
 <role>
  <roleTerm type="text">cosponsor</roleTerm>
</role>
 <description>United States Congress Member</description>
</name>
<name type="personal">
 <namePart>Stephen F. Lynch</namePart>
 <affiliation>United States House of Representatives</affiliation>
 <role>
  <roleTerm type="text">cosponsor</roleTerm>
</role>
 <description>United States Congress Member</description>
</name>
<name type="personal">
 <namePart>Grace Meng</namePart>
 <affiliation>United States House of Representatives</affiliation>
 <role>
  <roleTerm type="text">cosponsor</roleTerm>
</role>
 <description>United States Congress Member</description>
</name>
<name type="personal">
 <namePart>Madeleine Dean</namePart>
 <affiliation>United States House of Representatives</affiliation>
 <role>
  <roleTerm type="text">cosponsor</roleTerm>
</role>
 <description>United States Congress Member</description>
</name>
<name type="personal">
 <namePart>Brenda L. Lawrence</namePart>
 <affiliation>United States House of Representatives</affiliation>
 <role>
  <roleTerm type="text">cosponsor</roleTerm>
</role>
 <description>United States Congress Member</description>
</name>
<name type="personal">
 <namePart>Adam Smith</namePart>
 <affiliation>United States House of Representatives</affiliation>
 <role>
  <roleTerm type="text">cosponsor</roleTerm>
</role>
 <description>United States Congress Member</description>
</name>
<name type="personal">
 <namePart>John A. Yarmuth</namePart>
 <affiliation>United States House of Representatives</affiliation>
 <role>
  <roleTerm type="text">cosponsor</roleTerm>
</role>
 <description>United States Congress Member</description>
</name>
<name type="personal">
 <namePart>Lisa Blunt Rochester</namePart>
 <affiliation>United States House of Representatives</affiliation>
 <role>
  <roleTerm type="text">cosponsor</roleTerm>
</role>
 <description>United States Congress Member</description>
</name>
<name type="personal">
 <namePart>David E. Price</namePart>
 <affiliation>United States House of Representatives</affiliation>
 <role>
  <roleTerm type="text">cosponsor</roleTerm>
</role>
 <description>United States Congress Member</description>
</name>
<name type="personal">
 <namePart>Barbara Lee</namePart>
 <affiliation>United States House of Representatives</affiliation>
 <role>
  <roleTerm type="text">cosponsor</roleTerm>
</role>
 <description>United States Congress Member</description>
</name>
<name type="personal">
 <namePart>Norma J. Torres</namePart>
 <affiliation>United States House of Representatives</affiliation>
 <role>
  <roleTerm type="text">cosponsor</roleTerm>
</role>
 <description>United States Congress Member</description>
</name>
<name type="personal">
 <namePart>Raul M. Grijalva</namePart>
 <affiliation>United States House of Representatives</affiliation>
 <role>
  <roleTerm type="text">cosponsor</roleTerm>
</role>
 <description>United States Congress Member</description>
</name>
<name type="personal">
 <namePart>Joaquin Castro</namePart>
 <affiliation>United States House of Representatives</affiliation>
 <role>
  <roleTerm type="text">cosponsor</roleTerm>
</role>
 <description>United States Congress Member</description>
</name>
<name type="personal">
 <namePart>Nikema Williams</namePart>
 <affiliation>United States House of Representatives</affiliation>
 <role>
  <roleTerm type="text">cosponsor</roleTerm>
</role>
 <description>United States Congress Member</description>
</name>
<name type="personal">
 <namePart>Jake Auchincloss</namePart>
 <affiliation>United States House of Representatives</affiliation>
 <role>
  <roleTerm type="text">cosponsor</roleTerm>
</role>
 <description>United States Congress Member</description>
</name>
<name type="personal">
 <namePart>Marcy Kaptur</namePart>
 <affiliation>United States House of Representatives</affiliation>
 <role>
  <roleTerm type="text">cosponsor</roleTerm>
</role>
 <description>United States Congress Member</description>
</name>
<name type="personal">
 <namePart>Anthony G. Brown</namePart>
 <affiliation>United States House of Representatives</affiliation>
 <role>
  <roleTerm type="text">cosponsor</roleTerm>
</role>
 <description>United States Congress Member</description>
</name>
<name type="personal">
 <namePart>Jackie Speier</namePart>
 <affiliation>United States House of Representatives</affiliation>
 <role>
  <roleTerm type="text">cosponsor</roleTerm>
</role>
 <description>United States Congress Member</description>
</name>
<name type="personal">
 <namePart>Lori Trahan</namePart>
 <affiliation>United States House of Representatives</affiliation>
 <role>
  <roleTerm type="text">cosponsor</roleTerm>
</role>
 <description>United States Congress Member</description>
</name>
<name type="personal">
 <namePart>Sheila Jackson Lee</namePart>
 <affiliation>United States House of Representatives</affiliation>
 <role>
  <roleTerm type="text">cosponsor</roleTerm>
</role>
 <description>United States Congress Member</description>
</name>
<name type="personal">
 <namePart>Lucille Roybal-Allard</namePart>
 <affiliation>United States House of Representatives</affiliation>
 <role>
  <roleTerm type="text">cosponsor</roleTerm>
</role>
 <description>United States Congress Member</description>
</name>
<name type="personal">
 <namePart>Joyce Beatty</namePart>
 <affiliation>United States House of Representatives</affiliation>
 <role>
  <roleTerm type="text">cosponsor</roleTerm>
</role>
 <description>United States Congress Member</description>
</name>
<name type="personal">
 <namePart>William R. Keating</namePart>
 <affiliation>United States House of Representatives</affiliation>
 <role>
  <roleTerm type="text">cosponsor</roleTerm>
</role>
 <description>United States Congress Member</description>
</name>
<name type="personal">
 <namePart>James P. McGovern</namePart>
 <affiliation>United States House of Representatives</affiliation>
 <role>
  <roleTerm type="text">cosponsor</roleTerm>
</role>
 <description>United States Congress Member</description>
</name>
<name type="personal">
 <namePart>Seth Moulton</namePart>
 <affiliation>United States House of Representatives</affiliation>
 <role>
  <roleTerm type="text">cosponsor</roleTerm>
</role>
 <description>United States Congress Member</description>
</name>
<name type="personal">
 <namePart>Sara Jacobs</namePart>
 <affiliation>United States House of Representatives</affiliation>
 <role>
  <roleTerm type="text">cosponsor</roleTerm>
</role>
 <description>United States Congress Member</description>
</name>
<name type="personal">
 <namePart>Teresa Leger Fernandez</namePart>
 <affiliation>United States House of Representatives</affiliation>
 <role>
  <roleTerm type="text">cosponsor</roleTerm>
</role>
 <description>United States Congress Member</description>
</name>
<name type="personal">
 <namePart>Alma S. Adams</namePart>
 <affiliation>United States House of Representatives</affiliation>
 <role>
  <roleTerm type="text">cosponsor</roleTerm>
</role>
 <description>United States Congress Member</description>
</name>
<name type="personal">
 <namePart>Tony Cardenas</namePart>
 <affiliation>United States House of Representatives</affiliation>
 <role>
  <roleTerm type="text">cosponsor</roleTerm>
</role>
 <description>United States Congress Member</description>
</name>
<name type="personal">
 <namePart>Gregory W. Meeks</namePart>
 <affiliation>United States House of Representatives</affiliation>
 <role>
  <roleTerm type="text">cosponsor</roleTerm>
</role>
 <description>United States Congress Member</description>
</name>
<name type="personal">
 <namePart>Maxine Waters</namePart>
 <affiliation>United States House of Representatives</affiliation>
 <role>
  <roleTerm type="text">cosponsor</roleTerm>
</role>
 <description>United States Congress Member</description>
</name>
<name type="personal">
 <namePart>John P. Sarbanes</namePart>
 <affiliation>United States House of Representatives</affiliation>
 <role>
  <roleTerm type="text">cosponsor</roleTerm>
</role>
 <description>United States Congress Member</description>
</name>
<name type="personal">
 <namePart>Katherine M. Clark</namePart>
 <affiliation>United States House of Representatives</affiliation>
 <role>
  <roleTerm type="text">cosponsor</roleTerm>
</role>
 <description>United States Congress Member</description>
</name>
<name type="personal">
 <namePart>Suzanne Bonamici</namePart>
 <affiliation>United States House of Representatives</affiliation>
 <role>
  <roleTerm type="text">cosponsor</roleTerm>
</role>
 <description>United States Congress Member</description>
</name>
<name type="personal">
 <namePart>Hakeem S. Jeffries</namePart>
 <affiliation>United States House of Representatives</affiliation>
 <role>
  <roleTerm type="text">cosponsor</roleTerm>
</role>
 <description>United States Congress Member</description>
</name>
<name type="corporate">
 <namePart>United States</namePart>
 <namePart>Congress</namePart>
 <namePart>House of Representatives</namePart>
 <namePart>Committee on the Judiciary</namePart>
 <role>
  <roleTerm authority="marcrelator" type="text">associated name</roleTerm>
  <roleTerm authority="marcrelator" type="code">asn</roleTerm>
</role>
</name>
<extension>
 <docClass>hres</docClass>
 <accessId>BILLS-117hres32ih</accessId>
 <congress>117</congress>
 <session>1</session>
 <originChamber>HOUSE</originChamber>
 <currentChamber>HOUSE</currentChamber>
 <billNumber>32</billNumber>
 <billVersion reprint="false">ih</billVersion>
 <fileSuffix>ih</fileSuffix>
 <officialTitle>Impeaching Donald John Trump, President of the United States, for high crimes and misdemeanors.</officialTitle>
 <action date="2021-01-11">Ms. Omar (for herself, Mr. Payne, Mr. Huffman, Ms. Newman, Mr. Rush, Ms. Schakowsky, Ms. Wilson of Florida, Mr. Espaillat, Mr. Swalwell, Mrs. Hayes, Ms. Velázquez, Ms. Clarke of New York, Mr. DeSaulnier, Mr. Torres of New York, Mr. Horsford, Ms. Pressley, Ms. Ocasio-Cortez, Ms. Tlaib, Ms. Bush, Mr. Jones, Mrs. Kirkpatrick, Mr. Carson, Mr. Cicilline, Mr. Lieu, Mr. Johnson of Georgia, Ms. Escobar, Mr. Vicente Gonzalez of Texas, Mrs. Watson Coleman, Mr. Connolly, Mr. Gomez, Mr. Bowman, Mr. Green of Texas, Mr. Blumenauer, Ms. Eshoo, Mr. Takano, Mrs. Demings, Mr. Kahele, Mr. Cohen, Mrs. Napolitano, Ms. Norton, Ms. Jayapal, Mr. Higgins of New York, Ms. Castor of Florida, Mr. Cooper, Ms. Barragán, Mr. Tonko, Mr. Pocan, Ms. Pingree, Mr. Kildee, Mr. Danny K. Davis of Illinois, Mr. Lynch, Ms. Meng, Ms. Dean, Mrs. Lawrence, Mr. Smith of Washington, Mr. Yarmuth, Ms. Blunt Rochester, Mr. Price of North Carolina, Ms. Lee of California, Mrs. Torres of California, Mr. Grijalva, Mr. Castro of Texas, Ms. Williams of Georgia, Mr. Auchincloss, Ms. Kaptur, Mr. García of Illinois, Mr. Brown, Ms. Speier, Mrs. Trahan, Ms. Jackson Lee, Ms. Roybal-Allard, Mrs. Beatty, Mr. Keating, Mr. McGovern, Mr. Moulton, Ms. Jacobs of California, Ms. Leger Fernandez, Ms. Adams, Mr. Cárdenas, Mr. Meeks, Ms. Waters, Mr. Sarbanes, Ms. Clark of Massachusetts, Ms. Bonamici, and Mr. Jeffries) submitted the following resolution; which was referred to the Committee on the Judiciary</action>
 <congCommittee authorityId="hsju00" chamber="H" congress="117" type="S">
                      <name type="authority-standard">Committee on the Judiciary</name>
                      <name type="authority-short">Judiciary</name>
                </congCommittee>
 <congMember authorityId="2414" bioGuideId="O000173" chamber="H" congress="117" party="D" role="SPONSOR" state="MN">
                      <name type="parsed">Ms. Omar</name>
                      <name type="authority-fnf">Ilhan Omar</name>
                      <name type="authority-lnf">Omar, Ilhan</name>
                </congMember>
 <congMember authorityId="2097" bioGuideId="P000604" chamber="H" congress="117" gpoId="8373" party="D" role="COSPONSOR" state="NJ">
                      <name type="parsed">Mr. Payne</name>
                      <name type="authority-fnf">Donald M. Payne, Jr.</name>
                      <name type="authority-lnf">Payne, Donald M., Jr.</name>
                      <name type="authority-other">Mr. Donald Payne Jr.</name>
                </congMember>
 <congMember authorityId="2101" bioGuideId="H001068" chamber="H" congress="117" party="D" role="COSPONSOR" state="CA">
                      <name type="parsed">Mr. Huffman</name>
                      <name type="authority-fnf">Jared Huffman</name>
                      <name type="authority-lnf">Huffman, Jared</name>
                </congMember>
 <congMember authorityId="2504" bioGuideId="N000192" chamber="H" congress="117" party="D" role="COSPONSOR" state="IL">
                      <name type="parsed">Ms. Newman</name>
                      <name type="authority-fnf">Marie Newman</name>
                      <name type="authority-lnf">Newman, Marie</name>
                </congMember>
 <congMember authorityId="1003" bioGuideId="R000515" chamber="H" congress="117" gpoId="7921" party="D" role="COSPONSOR" state="IL">
                      <name type="parsed">Mr. Rush</name>
                      <name type="authority-fnf">Bobby L. Rush</name>
                      <name type="authority-lnf">Rush, Bobby L.</name>
                      <name type="authority-other">Bobby Rush</name>
                </congMember>
 <congMember authorityId="1588" bioGuideId="S001145" chamber="H" congress="117" gpoId="7929" party="D" role="COSPONSOR" state="IL">
                      <name type="parsed">Ms. Schakowsky</name>
                      <name type="authority-fnf">Janice D. Schakowsky</name>
                      <name type="authority-lnf">Schakowsky, Janice D.</name>
                      <name type="authority-other">Janice Schakowsky</name>
                </congMember>
 <congMember authorityId="2004" bioGuideId="W000808" chamber="H" congress="117" gpoId="7889" party="D" role="COSPONSOR" state="FL">
                      <name type="parsed">Ms. Wilson of Florida</name>
                      <name type="authority-fnf">Frederica S. Wilson</name>
                      <name type="authority-lnf">Wilson, Frederica S.</name>
                      <name type="authority-other">Frederica Wilson</name>
                </congMember>
 <congMember authorityId="2342" bioGuideId="E000297" chamber="H" congress="117" party="D" role="COSPONSOR" state="NY">
                      <name type="parsed">Mr. Espaillat</name>
                      <name type="authority-fnf">Adriano Espaillat</name>
                      <name type="authority-lnf">Espaillat, Adriano</name>
                </congMember>
 <congMember authorityId="2104" bioGuideId="S001193" chamber="H" congress="117" party="D" role="COSPONSOR" state="CA">
                      <name type="parsed">Mr. Swalwell</name>
                      <name type="authority-fnf">Eric Swalwell</name>
                      <name type="authority-lnf">Swalwell, Eric</name>
                </congMember>
 <congMember authorityId="2386" bioGuideId="H001081" chamber="H" congress="117" party="D" role="COSPONSOR" state="CT">
                      <name type="parsed">Mrs. Hayes</name>
                      <name type="authority-fnf">Jahana Hayes</name>
                      <name type="authority-lnf">Hayes, Jahana</name>
                </congMember>
 <congMember authorityId="1184" bioGuideId="V000081" chamber="H" congress="117" gpoId="8073" party="D" role="COSPONSOR" state="NY">
                      <name type="parsed">Ms. Velázquez</name>
                      <name type="authority-fnf">Nydia M. Velazquez</name>
                      <name type="authority-lnf">Velazquez, Nydia M.</name>
                      <name type="authority-other">Nydia Velazquez</name>
                </congMember>
 <congMember authorityId="1864" bioGuideId="C001067" chamber="H" congress="117" gpoId="8072" party="D" role="COSPONSOR" state="NY">
                      <name type="parsed">Ms. Clarke of New York</name>
                      <name type="authority-fnf">Yvette D. Clarke</name>
                      <name type="authority-lnf">Clarke, Yvette D.</name>
                      <name type="authority-other">Ms. Yvette Clarke</name>
                </congMember>
 <congMember authorityId="2227" bioGuideId="D000623" chamber="H" congress="117" party="D" role="COSPONSOR" state="CA">
                      <name type="parsed">Mr. DeSaulnier</name>
                      <name type="authority-fnf">Mark DeSaulnier</name>
                      <name type="authority-lnf">DeSaulnier, Mark</name>
                </congMember>
 <congMember authorityId="2523" bioGuideId="T000486" chamber="H" congress="117" party="D" role="COSPONSOR" state="NY">
                      <name type="parsed">Mr. Torres of New York</name>
                      <name type="authority-fnf">Ritchie Torres</name>
                      <name type="authority-lnf">Torres, Ritchie</name>
                </congMember>
 <congMember authorityId="2147" bioGuideId="H001066" chamber="H" congress="117" party="D" role="COSPONSOR" state="NV">
                      <name type="parsed">Mr. Horsford</name>
                      <name type="authority-fnf">Steven Horsford</name>
                      <name type="authority-lnf">Horsford, Steven</name>
                </congMember>
 <congMember authorityId="2405" bioGuideId="P000617" chamber="H" congress="117" party="D" role="COSPONSOR" state="MA">
                      <name type="parsed">Ms. Pressley</name>
                      <name type="authority-fnf">Ayanna Pressley</name>
                      <name type="authority-lnf">Pressley, Ayanna</name>
                </congMember>
 <congMember authorityId="2427" bioGuideId="O000172" chamber="H" congress="117" party="D" role="COSPONSOR" state="NY">
                      <name type="parsed">Ms. Ocasio-Cortez</name>
                      <name type="authority-fnf">Alexandria Ocasio-Cortez</name>
                      <name type="authority-lnf">Ocasio-Cortez, Alexandria</name>
                </congMember>
 <congMember authorityId="2410" bioGuideId="T000481" chamber="H" congress="117" party="D" role="COSPONSOR" state="MI">
                      <name type="parsed">Ms. Tlaib</name>
                      <name type="authority-fnf">Rashida Tlaib</name>
                      <name type="authority-lnf">Tlaib, Rashida</name>
                </congMember>
 <congMember authorityId="2514" bioGuideId="B001224" chamber="H" congress="117" party="D" role="COSPONSOR" state="MO">
                      <name type="parsed">Ms. Bush</name>
                      <name type="authority-fnf">Cori Bush</name>
                      <name type="authority-lnf">Bush, Cori</name>
                </congMember>
 <congMember authorityId="2525" bioGuideId="J000306" chamber="H" congress="117" party="D" role="COSPONSOR" state="NY">
                      <name type="parsed">Mr. Jones</name>
                      <name type="authority-fnf">Mondaire Jones</name>
                      <name type="authority-lnf">Jones, Mondaire</name>
                </congMember>
 <congMember authorityId="1907" bioGuideId="K000368" chamber="H" congress="117" gpoId="7220" party="D" role="COSPONSOR" state="AZ">
                      <name type="parsed">Mrs. Kirkpatrick</name>
                      <name type="authority-fnf">Ann Kirkpatrick</name>
                      <name type="authority-lnf">Kirkpatrick, Ann</name>
                </congMember>
 <congMember authorityId="1889" bioGuideId="C001072" chamber="H" congress="117" gpoId="7946" party="D" role="COSPONSOR" state="IN">
                      <name type="parsed">Mr. Carson</name>
                      <name type="authority-fnf">Andre Carson</name>
                      <name type="authority-lnf">Carson, Andre</name>
                </congMember>
 <congMember authorityId="2055" bioGuideId="C001084" chamber="H" congress="117" gpoId="8139" party="D" role="COSPONSOR" state="RI">
                      <name type="parsed">Mr. Cicilline</name>
                      <name type="authority-fnf">David N. Cicilline</name>
                      <name type="authority-lnf">Cicilline, David N.</name>
                      <name type="authority-other">Mr. David Cicilline</name>
                </congMember>
 <congMember authorityId="2230" bioGuideId="L000582" chamber="H" congress="117" party="D" role="COSPONSOR" state="CA">
                      <name type="parsed">Mr. Lieu</name>
                      <name type="authority-fnf">Ted Lieu</name>
                      <name type="authority-lnf">Lieu, Ted</name>
                </congMember>
 <congMember authorityId="1843" bioGuideId="J000288" chamber="H" congress="117" gpoId="7901" party="D" role="COSPONSOR" state="GA">
                      <name type="parsed">Mr. Johnson of Georgia</name>
                      <name type="authority-fnf">Henry C. &quot;Hank&quot; Johnson, Jr.</name>
                      <name type="authority-lnf">Johnson, Henry C. &quot;Hank,&quot; Jr.</name>
                      <name type="authority-other">Mr. Henry Johnson Jr.</name>
                </congMember>
 <congMember authorityId="2448" bioGuideId="E000299" chamber="H" congress="117" party="D" role="COSPONSOR" state="TX">
                      <name type="parsed">Ms. Escobar</name>
                      <name type="authority-fnf">Veronica Escobar</name>
                      <name type="authority-lnf">Escobar, Veronica</name>
                </congMember>
 <congMember authorityId="2349" bioGuideId="G000581" chamber="H" congress="117" party="D" role="COSPONSOR" state="TX">
                      <name type="parsed">Mr. Vicente Gonzalez of Texas</name>
                      <name type="authority-fnf">Vicente Gonzalez</name>
                      <name type="authority-lnf">Gonzalez, Vicente</name>
                </congMember>
 <congMember authorityId="2259" bioGuideId="W000822" chamber="H" congress="117" party="D" role="COSPONSOR" state="NJ">
                      <name type="parsed">Mrs. Watson Coleman</name>
                      <name type="authority-fnf">Bonnie Watson Coleman</name>
                      <name type="authority-lnf">Watson Coleman, Bonnie</name>
                </congMember>
 <congMember authorityId="1959" bioGuideId="C001078" chamber="H" congress="117" gpoId="8202" party="D" role="COSPONSOR" state="VA">
                      <name type="parsed">Mr. Connolly</name>
                      <name type="authority-fnf">Gerald E. Connolly</name>
                      <name type="authority-lnf">Connolly, Gerald E.</name>
                      <name type="authority-other">Mr. Gerald Connolly</name>
                </congMember>
 <congMember authorityId="2362" bioGuideId="G000585" chamber="H" congress="117" party="D" role="COSPONSOR" state="CA">
                      <name type="parsed">Mr. Gomez</name>
                      <name type="authority-fnf">Jimmy Gomez</name>
                      <name type="authority-lnf">Gomez, Jimmy</name>
                </congMember>
 <congMember authorityId="2524" bioGuideId="B001223" chamber="H" congress="117" party="D" role="COSPONSOR" state="NY">
                      <name type="parsed">Mr. Bowman</name>
                      <name type="authority-fnf">Jamaal Bowman</name>
                      <name type="authority-lnf">Bowman, Jamaal</name>
                </congMember>
 <congMember authorityId="1803" bioGuideId="G000553" chamber="H" congress="117" gpoId="8165" party="D" role="COSPONSOR" state="TX">
                      <name type="parsed">Mr. Green of Texas</name>
                      <name type="authority-fnf">Al Green</name>
                      <name type="authority-lnf">Green, Al</name>
                </congMember>
 <congMember authorityId="99" bioGuideId="B000574" chamber="H" congress="117" gpoId="8116" party="D" role="COSPONSOR" state="OR">
                      <name type="parsed">Mr. Blumenauer</name>
                      <name type="authority-fnf">Earl Blumenauer</name>
                      <name type="authority-lnf">Blumenauer, Earl</name>
                </congMember>
 <congMember authorityId="355" bioGuideId="E000215" chamber="H" congress="117" gpoId="7819" party="D" role="COSPONSOR" state="CA">
                      <name type="parsed">Ms. Eshoo</name>
                      <name type="authority-fnf">Anna G. Eshoo</name>
                      <name type="authority-lnf">Eshoo, Anna G.</name>
                      <name type="authority-other">Anna Eshoo</name>
                </congMember>
 <congMember authorityId="2110" bioGuideId="T000472" chamber="H" congress="117" party="D" role="COSPONSOR" state="CA">
                      <name type="parsed">Mr. Takano</name>
                      <name type="authority-fnf">Mark Takano</name>
                      <name type="authority-lnf">Takano, Mark</name>
                </congMember>
 <congMember authorityId="2320" bioGuideId="D000627" chamber="H" congress="117" party="D" role="COSPONSOR" state="FL">
                      <name type="parsed">Mrs. Demings</name>
                      <name type="authority-fnf">Val Butler Demings</name>
                      <name type="authority-lnf">Demings, Val Butler</name>
                      <name type="authority-other">Mrs. Val Demings</name>
                </congMember>
 <congMember authorityId="2500" bioGuideId="K000396" chamber="H" congress="117" party="D" role="COSPONSOR" state="HI">
                      <name type="parsed">Mr. Kahele</name>
                      <name type="authority-fnf">Kaiali&apos;I Kahele</name>
                      <name type="authority-lnf">Kahele, Kaiali&apos;i</name>
                </congMember>
 <congMember authorityId="1878" bioGuideId="C001068" chamber="H" congress="117" gpoId="8156" party="D" role="COSPONSOR" state="TN">
                      <name type="parsed">Mr. Cohen</name>
                      <name type="authority-fnf">Steve Cohen</name>
                      <name type="authority-lnf">Cohen, Steve</name>
                </congMember>
 <congMember authorityId="1602" bioGuideId="N000179" chamber="H" congress="117" gpoId="7843" party="D" role="COSPONSOR" state="CA">
                      <name type="parsed">Mrs. Napolitano</name>
                      <name type="authority-fnf">Grace F. Napolitano</name>
                      <name type="authority-lnf">Napolitano, Grace F.</name>
                      <name type="authority-other">Grace Napolitano</name>
                </congMember>
 <congMember authorityId="868" bioGuideId="N000147" chamber="H" congress="117" gpoId="7871" party="D" role="COSPONSOR" state="DC">
                      <name type="parsed">Ms. Norton</name>
                      <name type="authority-fnf">Eleanor Holmes Norton</name>
                      <name type="authority-lnf">Norton, Eleanor Holmes</name>
                      <name type="authority-other">Eleanor Norton</name>
                </congMember>
 <congMember authorityId="2354" bioGuideId="J000298" chamber="H" congress="117" party="D" role="COSPONSOR" state="WA">
                      <name type="parsed">Ms. Jayapal</name>
                      <name type="authority-fnf">Pramila Jayapal</name>
                      <name type="authority-lnf">Jayapal, Pramila</name>
                </congMember>
 <congMember authorityId="1794" bioGuideId="H001038" chamber="H" congress="117" gpoId="8088" party="D" role="COSPONSOR" state="NY">
                      <name type="parsed">Mr. Higgins of New York</name>
                      <name type="authority-fnf">Brian Higgins</name>
                      <name type="authority-lnf">Higgins, Brian</name>
                </congMember>
 <congMember authorityId="1839" bioGuideId="C001066" chamber="H" congress="117" gpoId="7883" party="D" role="COSPONSOR" state="FL">
                      <name type="parsed">Ms. Castor of Florida</name>
                      <name type="authority-fnf">Kathy Castor</name>
                      <name type="authority-lnf">Castor, Kathy</name>
                </congMember>
 <congMember authorityId="231" bioGuideId="C000754" chamber="H" congress="117" gpoId="8152" party="D" role="COSPONSOR" state="TN">
                      <name type="parsed">Mr. Cooper</name>
                      <name type="authority-fnf">Jim Cooper</name>
                      <name type="authority-lnf">Cooper, Jim</name>
                      <name type="authority-other">James Cooper</name>
                </congMember>
 <congMember authorityId="1942" bioGuideId="T000469" chamber="H" congress="117" gpoId="8082" party="D" role="COSPONSOR" state="NY">
                      <name type="parsed">Mr. Tonko</name>
                      <name type="authority-fnf">Paul Tonko</name>
                      <name type="authority-lnf">Tonko, Paul</name>
                </congMember>
 <congMember authorityId="2171" bioGuideId="P000607" chamber="H" congress="117" party="D" role="COSPONSOR" state="WI">
                      <name type="parsed">Mr. Pocan</name>
                      <name type="authority-fnf">Mark Pocan</name>
                      <name type="authority-lnf">Pocan, Mark</name>
                </congMember>
 <congMember authorityId="1927" bioGuideId="P000597" chamber="H" congress="117" gpoId="7984" party="D" role="COSPONSOR" state="ME">
                      <name type="parsed">Ms. Pingree</name>
                      <name type="authority-fnf">Chellie Pingree</name>
                      <name type="authority-lnf">Pingree, Chellie</name>
                </congMember>
 <congMember authorityId="2134" bioGuideId="K000380" chamber="H" congress="117" party="D" role="COSPONSOR" state="MI">
                      <name type="parsed">Mr. Kildee</name>
                      <name type="authority-fnf">Daniel T. Kildee</name>
                      <name type="authority-lnf">Kildee, Daniel T.</name>
                      <name type="authority-other">Mr. Daniel Kildee</name>
                </congMember>
 <congMember authorityId="1477" bioGuideId="D000096" chamber="H" congress="117" gpoId="7927" party="D" role="COSPONSOR" state="IL">
                      <name type="parsed">Mr. Danny K. Davis of Illinois</name>
                      <name type="authority-fnf">Danny K. Davis</name>
                      <name type="authority-lnf">Davis, Danny K.</name>
                      <name type="authority-other">Danny Davis</name>
                </congMember>
 <congMember authorityId="1686" bioGuideId="L000562" chamber="H" congress="117" gpoId="7974" party="D" role="COSPONSOR" state="MA">
                      <name type="parsed">Mr. Lynch</name>
                      <name type="authority-fnf">Stephen F. Lynch</name>
                      <name type="authority-lnf">Lynch, Stephen F.</name>
                      <name type="authority-other">Mr. Stephen Lynch</name>
                </congMember>
 <congMember authorityId="2148" bioGuideId="M001188" chamber="H" congress="117" party="D" role="COSPONSOR" state="NY">
                      <name type="parsed">Ms. Meng</name>
                      <name type="authority-fnf">Grace Meng</name>
                      <name type="authority-lnf">Meng, Grace</name>
                </congMember>
 <congMember authorityId="2432" bioGuideId="D000631" chamber="H" congress="117" party="D" role="COSPONSOR" state="PA">
                      <name type="parsed">Ms. Dean</name>
                      <name type="authority-fnf">Madeleine Dean</name>
                      <name type="authority-lnf">Dean, Madeleine</name>
                </congMember>
 <congMember authorityId="2252" bioGuideId="L000581" chamber="H" congress="117" party="D" role="COSPONSOR" state="MI">
                      <name type="parsed">Mrs. Lawrence</name>
                      <name type="authority-fnf">Brenda L. Lawrence</name>
                      <name type="authority-lnf">Lawrence, Brenda L.</name>
                      <name type="authority-other">Mrs. Brenda Lawrence</name>
                </congMember>
 <congMember authorityId="1528" bioGuideId="S000510" chamber="H" congress="117" gpoId="8213" party="D" role="COSPONSOR" state="WA">
                      <name type="parsed">Mr. Smith of Washington</name>
                      <name type="authority-fnf">Adam Smith</name>
                      <name type="authority-lnf">Smith, Adam</name>
                </congMember>
 <congMember authorityId="1853" bioGuideId="Y000062" chamber="H" congress="117" gpoId="7955" party="D" role="COSPONSOR" state="KY">
                      <name type="parsed">Mr. Yarmuth</name>
                      <name type="authority-fnf">John A. Yarmuth</name>
                      <name type="authority-lnf">Yarmuth, John A.</name>
                      <name type="authority-other">Mr. John Yarmuth</name>
                </congMember>
 <congMember authorityId="2313" bioGuideId="B001303" chamber="H" congress="117" party="D" role="COSPONSOR" state="DE">
                      <name type="parsed">Ms. Blunt Rochester</name>
                      <name type="authority-fnf">Lisa Blunt Rochester</name>
                      <name type="authority-lnf">Blunt Rochester, Lisa</name>
                </congMember>
 <congMember authorityId="930" bioGuideId="P000523" chamber="H" congress="117" gpoId="8027" party="D" role="COSPONSOR" state="NC">
                      <name type="parsed">Mr. Price of North Carolina</name>
                      <name type="authority-fnf">David E. Price</name>
                      <name type="authority-lnf">Price, David E.</name>
                      <name type="authority-other">David Price</name>
                </congMember>
 <congMember authorityId="1501" bioGuideId="L000551" chamber="H" congress="117" gpoId="7814" party="D" role="COSPONSOR" state="CA">
                      <name type="parsed">Ms. Lee of California</name>
                      <name type="authority-fnf">Barbara Lee</name>
                      <name type="authority-lnf">Lee, Barbara</name>
                </congMember>
 <congMember authorityId="2231" bioGuideId="T000474" chamber="H" congress="117" party="D" role="COSPONSOR" state="CA">
                      <name type="parsed">Mrs. Torres of California</name>
                      <name type="authority-fnf">Norma J. Torres</name>
                      <name type="authority-lnf">Torres, Norma J.</name>
                      <name type="authority-other">Mrs. Norma Torres</name>
                </congMember>
 <congMember authorityId="1708" bioGuideId="G000551" chamber="H" congress="117" gpoId="7804" party="D" role="COSPONSOR" state="AZ">
                      <name type="parsed">Mr. Grijalva</name>
                      <name type="authority-fnf">Raul M. Grijalva</name>
                      <name type="authority-lnf">Grijalva, Raul M.</name>
                      <name type="authority-other">Mr. Raul Grijalva</name>
                </congMember>
 <congMember authorityId="2163" bioGuideId="C001091" chamber="H" congress="117" party="D" role="COSPONSOR" state="TX">
                      <name type="parsed">Mr. Castro of Texas</name>
                      <name type="authority-fnf">Joaquin Castro</name>
                      <name type="authority-lnf">Castro, Joaquin</name>
                </congMember>
 <congMember authorityId="2496" bioGuideId="W000788" chamber="H" congress="117" party="D" role="COSPONSOR" state="GA">
                      <name type="parsed">Ms. Williams of Georgia</name>
                      <name type="authority-fnf">Nikema Williams</name>
                      <name type="authority-lnf">Williams, Nikema</name>
                </congMember>
 <congMember authorityId="2510" bioGuideId="A000148" chamber="H" congress="117" party="D" role="COSPONSOR" state="MA">
                      <name type="parsed">Mr. Auchincloss</name>
                      <name type="authority-fnf">Jake Auchincloss</name>
                      <name type="authority-lnf">Auchincloss, Jake</name>
                </congMember>
 <congMember authorityId="616" bioGuideId="K000009" chamber="H" congress="117" gpoId="8099" party="D" role="COSPONSOR" state="OH">
                      <name type="parsed">Ms. Kaptur</name>
                      <name type="authority-fnf">Marcy Kaptur</name>
                      <name type="authority-lnf">Kaptur, Marcy</name>
                </congMember>
 <congMember authorityId="2331" bioGuideId="B001304" chamber="H" congress="117" party="D" role="COSPONSOR" state="MD">
                      <name type="parsed">Mr. Brown</name>
                      <name type="authority-fnf">Anthony G. Brown</name>
                      <name type="authority-lnf">Brown, Anthony G.</name>
                      <name type="authority-other">Mr. Anthony Brown</name>
                </congMember>
 <congMember authorityId="1890" bioGuideId="S001175" chamber="H" congress="117" gpoId="7817" party="D" role="COSPONSOR" state="CA">
                      <name type="parsed">Ms. Speier</name>
                      <name type="authority-fnf">Jackie Speier</name>
                      <name type="authority-lnf">Speier, Jackie</name>
                </congMember>
 <congMember authorityId="2404" bioGuideId="T000482" chamber="H" congress="117" party="D" role="COSPONSOR" state="MA">
                      <name type="parsed">Mrs. Trahan</name>
                      <name type="authority-fnf">Lori Trahan</name>
                      <name type="authority-lnf">Trahan, Lori</name>
                </congMember>
 <congMember authorityId="588" bioGuideId="J000032" chamber="H" congress="117" gpoId="8174" party="D" role="COSPONSOR" state="TX">
                      <name type="parsed">Ms. Jackson Lee</name>
                      <name type="authority-fnf">Sheila Jackson Lee</name>
                      <name type="authority-lnf">Jackson Lee, Sheila</name>
                </congMember>
 <congMember authorityId="997" bioGuideId="R000486" chamber="H" congress="117" gpoId="7839" party="D" role="COSPONSOR" state="CA">
                      <name type="parsed">Ms. Roybal-Allard</name>
                      <name type="authority-fnf">Lucille Roybal-Allard</name>
                      <name type="authority-lnf">Roybal-Allard, Lucille</name>
                </congMember>
 <congMember authorityId="2153" bioGuideId="B001281" chamber="H" congress="117" party="D" role="COSPONSOR" state="OH">
                      <name type="parsed">Mrs. Beatty</name>
                      <name type="authority-fnf">Joyce Beatty</name>
                      <name type="authority-lnf">Beatty, Joyce</name>
                </congMember>
 <congMember authorityId="2025" bioGuideId="K000375" chamber="H" congress="117" gpoId="7975" party="D" role="COSPONSOR" state="MA">
                      <name type="parsed">Mr. Keating</name>
                      <name type="authority-fnf">William R. Keating</name>
                      <name type="authority-lnf">Keating, William R.</name>
                      <name type="authority-other">Mr. William Keating</name>
                </congMember>
 <congMember authorityId="1504" bioGuideId="M000312" chamber="H" congress="117" gpoId="7968" party="D" role="COSPONSOR" state="MA">
                      <name type="parsed">Mr. McGovern</name>
                      <name type="authority-fnf">James P. McGovern</name>
                      <name type="authority-lnf">McGovern, James P.</name>
                      <name type="authority-other">James Mcgovern</name>
                </congMember>
 <congMember authorityId="2246" bioGuideId="M001196" chamber="H" congress="117" party="D" role="COSPONSOR" state="MA">
                      <name type="parsed">Mr. Moulton</name>
                      <name type="authority-fnf">Seth Moulton</name>
                      <name type="authority-lnf">Moulton, Seth</name>
                </congMember>
 <congMember authorityId="2489" bioGuideId="J000305" chamber="H" congress="117" party="D" role="COSPONSOR" state="CA">
                      <name type="parsed">Ms. Jacobs of California</name>
                      <name type="authority-fnf">Sara Jacobs</name>
                      <name type="authority-lnf">Jacobs, Sara</name>
                </congMember>
 <congMember authorityId="2520" bioGuideId="L000273" chamber="H" congress="117" party="D" role="COSPONSOR" state="NM">
                      <name type="parsed">Ms. Leger Fernandez</name>
                      <name type="authority-fnf">Teresa Leger Fernandez</name>
                      <name type="authority-lnf">Leger Fernandez, Teresa</name>
                </congMember>
 <congMember authorityId="2201" bioGuideId="A000370" chamber="H" congress="117" party="D" role="COSPONSOR" state="NC">
                      <name type="parsed">Ms. Adams</name>
                      <name type="authority-fnf">Alma S. Adams</name>
                      <name type="authority-lnf">Adams, Alma S.</name>
                      <name type="authority-other">Ms. Alma Adams</name>
                </congMember>
 <congMember authorityId="2107" bioGuideId="C001097" chamber="H" congress="117" party="D" role="COSPONSOR" state="CA">
                      <name type="parsed">Mr. Cárdenas</name>
                      <name type="authority-fnf">Tony Cardenas</name>
                      <name type="authority-lnf">Cardenas, Tony</name>
                </congMember>
 <congMember authorityId="1506" bioGuideId="M001137" chamber="H" congress="117" gpoId="8067" party="D" role="COSPONSOR" state="NY">
                      <name type="parsed">Mr. Meeks</name>
                      <name type="authority-fnf">Gregory W. Meeks</name>
                      <name type="authority-lnf">Meeks, Gregory W.</name>
                      <name type="authority-other">Gregory Meeks</name>
                </congMember>
 <congMember authorityId="1205" bioGuideId="W000187" chamber="H" congress="117" gpoId="7840" party="D" role="COSPONSOR" state="CA">
                      <name type="parsed">Ms. Waters</name>
                      <name type="authority-fnf">Maxine Waters</name>
                      <name type="authority-lnf">Waters, Maxine</name>
                </congMember>
 <congMember authorityId="1854" bioGuideId="S001168" chamber="H" congress="117" gpoId="7978" party="D" role="COSPONSOR" state="MD">
                      <name type="parsed">Mr. Sarbanes</name>
                      <name type="authority-fnf">John P. Sarbanes</name>
                      <name type="authority-lnf">Sarbanes, John P.</name>
                      <name type="authority-other">Mr. John Sarbanes</name>
                </congMember>
 <congMember authorityId="2196" bioGuideId="C001101" chamber="H" congress="117" party="D" role="COSPONSOR" state="MA">
                      <name type="parsed">Ms. Clark of Massachusetts</name>
                      <name type="authority-fnf">Katherine M. Clark</name>
                      <name type="authority-lnf">Clark, Katherine M.</name>
                      <name type="authority-other">Ms. Katherine Clark</name>
                </congMember>
 <congMember authorityId="2092" bioGuideId="B001278" chamber="H" congress="117" gpoId="8367" party="D" role="COSPONSOR" state="OR">
                      <name type="parsed">Ms. Bonamici</name>
                      <name type="authority-fnf">Suzanne Bonamici</name>
                      <name type="authority-lnf">Bonamici, Suzanne</name>
                </congMember>
 <congMember authorityId="2149" bioGuideId="J000294" chamber="H" congress="117" party="D" role="COSPONSOR" state="NY">
                      <name type="parsed">Mr. Jeffries</name>
                      <name type="authority-fnf">Hakeem S. Jeffries</name>
                      <name type="authority-lnf">Jeffries, Hakeem S.</name>
                      <name type="authority-other">Mr. Hakeem Jeffries</name>
                </congMember>
 <isPrivate>false</isPrivate>
 <isAppropriation>false</isAppropriation>
</extension>
</mods>