<?xml version="1.0"?>
<?xml-stylesheet type="text/xsl" href="billres.xsl"?>
<!DOCTYPE resolution PUBLIC "-//US Congress//DTDs/res.dtd//EN" "res.dtd">
<resolution resolution-stage="Reported-in-House" dms-id="H1BA5EC2DD097403688FEA410F51B26A8" public-private="public" resolution-type="house-resolution" star-print="no-star-print" key="H"><metadata xmlns:dc="http://purl.org/dc/elements/1.1/">
<dublinCore>
<dc:title>117 HRES 38 RH: Providing for consideration of the resolution (H. Res. 21) calling on Vice President Michael R. Pence to convene and mobilize the principal officers of the executive departments of the Cabinet to activate section 4 of the 25th Amendment to declare President Donald J. Trump incapable of executing the duties of his office and to immediately exercise powers as acting President; and for other purposes.</dc:title>
<dc:publisher>U.S. House of Representatives</dc:publisher>
<dc:date>2021-01-12</dc:date>
<dc:format>text/xml</dc:format>
<dc:language>EN</dc:language>
<dc:rights>Pursuant to Title 17 Section 105 of the United States Code, this file is not subject to copyright protection and is in the public domain.</dc:rights>
</dublinCore>
</metadata>
<form>
<distribution-code display="yes">IV</distribution-code><calendar display="yes">House Calendar No. 1</calendar><congress display="yes">117th CONGRESS</congress><session display="yes">1st Session</session><legis-num display="yes">H. RES. 38</legis-num><associated-doc role="report" display="yes">[Report No. 117–1]</associated-doc><current-chamber>IN THE HOUSE OF REPRESENTATIVES</current-chamber><action display="yes"><action-date date="20210112">January 12, 2021</action-date><action-desc><sponsor name-id="S001205">Ms. Scanlon</sponsor>, from the Committee on Rules<committee-name committee-id="RU00"></committee-name>, reported the following resolution; which was referred to the House Calendar and ordered to be printed</action-desc></action><legis-type>RESOLUTION</legis-type><official-title display="yes">Providing for consideration of the resolution (H. Res. 21) calling on Vice President Michael R. Pence to convene and mobilize the principal officers of the executive departments of the Cabinet to activate section 4 of the 25th Amendment to declare President Donald J. Trump incapable of executing the duties of his office and to immediately exercise powers as acting President; and for other purposes.</official-title></form><resolution-body style="order-of-business" id="H9FB6F954D18B425680E7C8B6AB3ED145"><section display-inline="yes-display-inline" section-type="undesignated-section" id="H22062D4E391E4C20A2EA9C896F5E9493"><text display-inline="yes-display-inline">That upon adoption of this resolution it shall be in order without intervention of any point of order to consider in the House the resolution (H. Res. 21) calling on Vice President Michael R. Pence to convene and mobilize the principal officers of the executive departments of the Cabinet to activate section 4 of the 25th Amendment to declare President Donald J. Trump incapable of executing the duties of his office and to immediately exercise powers as acting President. The amendment to the preamble printed in the report of the Committee on Rules accompanying this resolution shall be considered as adopted. The resolution, as amended, shall be considered as read. The previous question shall be considered as ordered on the resolution and preamble, as amended, to adoption without intervening motion or demand for division of the question except one hour of debate equally divided and controlled by the chair and ranking minority member of the Committee on the Judiciary or their respective designees. </text></section><section id="H65FAC64327E64763AD00A683FDA0E5E9"><enum>2.</enum><text display-inline="yes-display-inline">The prohibition against personality in debate shall not apply during consideration of measures specified in section 3 of this resolution with respect to references to the President. </text></section><section id="H3A8F882B90DC44E8ACFF0E2316E28C86"><enum>3.</enum><text display-inline="yes-display-inline">The measures referred to in section 2 of this resolution are as follows: </text><subsection id="H90BD6100E05F43FAA6A16C8DC6101333"><enum>(a)</enum><text display-inline="yes-display-inline">House Resolution 21. </text></subsection><subsection id="HAA86D63FAEFE44AC8F7D5BE3BAA3A2C9"><enum>(b)</enum><text>Any special order of business providing for the consideration of House Resolution 24. </text></subsection></section><section id="H62F4E23029114B3296038AFD418415EA"><enum>4.</enum><subsection commented="no" display-inline="yes-display-inline" id="H8690A81A79FF47AC95DF15B3A25407E1"><enum>(a)</enum><text display-inline="yes-display-inline">During a covered period designated pursuant to section 3(s) of House Resolution 8—</text><paragraph id="H8126474351E74833BC272B7697C4B3A2"><enum>(1)</enum><text>the Sergeant-at-Arms is authorized and directed to impose a fine against a Member, Delegate, or the Resident Commissioner for the failure to wear a mask in contravention of the Speaker’s announced policies of January 4, 2021; and </text></paragraph><paragraph id="H2F4784A7C4DF4978B60C1F8AEE608093"><enum>(2)</enum><text display-inline="yes-display-inline">a fine imposed pursuant to this section shall be treated as though imposed under clause 3(g) of rule II, and shall be administered as though pursuant to clause 4(d) of rule II, except that—</text><subparagraph id="H6E884A5ECAD94EE6A346CF7CAA38FB74"><enum>(A)</enum><text>the time periods described in clause 3(g)(3)(C) of rule II shall not commence until the Committee on Ethics has adopted written rules, and the chair of the Committee on Ethics shall notify all Members, Delegates, or the Resident Commissioner with pending appeals upon such commencement; and </text></subparagraph><subparagraph id="HB2AD2E16F7EB4B7E9E287A46DEFF6913"><enum>(B)</enum><text>a fine subject to appeal under clause 3(g)(3) of rule II shall proceed unless dismissed within the time period provided under clause 3(g)(3)(C) of rule II.</text></subparagraph></paragraph></subsection><subsection id="H2D02BFC333D54AA0BCE3FA811DAA8884"><enum>(b)</enum><text>Subsection (a) establishes a standard of conduct within the meaning of clause 3(a)(2) of rule XI.</text></subsection></section></resolution-body><endorsement><action-date>January 12, 2021</action-date><action-desc>Referred to the House Calendar and ordered to be printed</action-desc></endorsement></resolution> 

