<?xml version="1.0"?>
<?xml-stylesheet type="text/xsl" href="billres.xsl"?>
<!DOCTYPE resolution PUBLIC "-//US Congress//DTDs/res.dtd//EN" "res.dtd">
<resolution resolution-stage="Introduced-in-House" dms-id="H39D72C8D695A46538563452F65E6A953" public-private="public" resolution-type="house-resolution" star-print="no-star-print" key="H"><metadata xmlns:dc="http://purl.org/dc/elements/1.1/">
<dublinCore>
<dc:title>117 HRES 43 IH: Thanking United States Capitol Police officers and other law enforcement officers and condemning actions on January 6, 2021.</dc:title>
<dc:publisher>U.S. House of Representatives</dc:publisher>
<dc:date>2021-01-12</dc:date>
<dc:format>text/xml</dc:format>
<dc:language>EN</dc:language>
<dc:rights>Pursuant to Title 17 Section 105 of the United States Code, this file is not subject to copyright protection and is in the public domain.</dc:rights>
</dublinCore>
</metadata>
<form>
<distribution-code display="yes">IV</distribution-code><congress display="yes">117th CONGRESS</congress><session display="yes">1st Session</session><legis-num display="yes">H. RES. 43</legis-num><current-chamber>IN THE HOUSE OF REPRESENTATIVES</current-chamber><action display="yes"><action-date date="20210112">January 12, 2021</action-date><action-desc><sponsor name-id="S001214">Mr. Steube</sponsor> submitted the following resolution; which was referred to the <committee-name committee-id="HHA00">Committee on House Administration</committee-name>, and in addition to the Committee on <committee-name committee-id="HJU00">the Judiciary</committee-name>, for a period to be subsequently determined by the Speaker, in each case for consideration of such provisions as fall within the jurisdiction of the committee concerned</action-desc></action><legis-type>RESOLUTION</legis-type><official-title display="yes">Thanking United States Capitol Police officers and other law enforcement officers and condemning actions on January 6, 2021.</official-title></form><preamble><whereas><text>Whereas, on January 6, 2021, hundreds of protestors sieged the United States Capitol while Congress was debating the certification of electoral votes;</text></whereas><whereas><text>Whereas United States Capitol Police officers and other law enforcement officers were injured, gassed from their own tear gas, and afraid for their lives as they attempted to hold the line;</text></whereas><whereas><text>Whereas Members and staff were protected by United States Capitol Police officers and other law enforcement officers barricading them while surrounded by demonstrators until the hallway was clear for them to get out safely; and</text></whereas><whereas><text>Whereas the violence and lawlessness we saw on January 6, 2021, were unacceptable, and as a Nation, we must do better: Now, therefore, be it</text></whereas></preamble><resolution-body style="traditional" id="H1408275E0C724A158F4CB25A96FF781D"><section id="H8FC9DAB4247E4842BE77D67270C93945" section-type="undesignated-section" display-inline="yes-display-inline"><enum/><text display-inline="yes-display-inline">That the House of Representatives—</text><paragraph id="H67B0B382DC8A4FD3A82F475FB69F0488"><enum>(1)</enum><text>thanks United States Capitol Police officers and other law enforcement officers for showing professionalism and for their service in keeping Members and staff safe during the events of January 6, 2021;</text></paragraph><paragraph id="H6FC7EA946EAA47AC935CFBF3338BCFA5"><enum>(2)</enum><text>condemns the actions of those who broke through the security of the United States Capitol; and</text></paragraph><paragraph id="HE709A3E9F8B54102B45D47BCB2D40275"><enum>(3)</enum><text>condemns violence and rioting of any kind, by any group or organization.</text></paragraph></section></resolution-body></resolution> 

