<mods xmlns:xlink="http://www.w3.org/1999/xlink" xmlns:xsi="http://www.w3.org/2001/XMLSchema-instance" xmlns="http://www.loc.gov/mods/v3" version="3.3" xsi:schemaLocation="http://www.loc.gov/mods/v3 http://www.loc.gov/standards/mods/v3/mods-3-3.xsd" ID="P0b002ee1aac9d2de">
<name type="corporate">
 <namePart>United States Government Publishing Office</namePart>
 <role>
  <roleTerm authority="marcrelator" type="text">publisher</roleTerm>
  <roleTerm authority="marcrelator" type="code">pbl</roleTerm>
</role>
 <role>
  <roleTerm authority="marcrelator" type="text">distributor</roleTerm>
  <roleTerm authority="marcrelator" type="code">dst</roleTerm>
</role>
</name>
<name type="corporate">
 <namePart>United States</namePart>
 <namePart>Congress</namePart>
 <namePart>House of Representatives</namePart>
 <role>
  <roleTerm authority="marcrelator" type="text">author</roleTerm>
  <roleTerm authority="marcrelator" type="code">aut</roleTerm>
</role>
 <description>Government Organization</description>
</name>
<typeOfResource>text</typeOfResource>
<genre authority="marcgt">government publication</genre>
<language>
 <languageTerm type="code" authority="iso639-2b">eng</languageTerm>
</language>
<extension>
 <collectionCode>BILLS</collectionCode>
 <searchTitle>Proposing an amendment to the Constitution of the United States to abolish the electoral college and to provide for the direct election of the President and Vice President of the United States.;H.J. Res. 14 (IH)
    </searchTitle>
 <category>Bills and Statutes</category>
 <waisDatabaseName>117_cong_bills</waisDatabaseName>
 <branch>legislative</branch>
 <dateIngested>2021-01-12</dateIngested>
</extension>
<titleInfo>
 <title>Proposing an amendment to the Constitution of the United States to abolish the electoral college and to provide for the direct election of the President and Vice President of the United States.</title>
</titleInfo>
<titleInfo type="alternative">
 <title>H.J. Res. 14 (IH)
    </title>
</titleInfo>
<originInfo>
 <publisher>U.S. Government Publishing Office</publisher>
 <dateIssued encoding="w3cdtf">2021-01-11</dateIssued>
 <issuance>monographic</issuance>
</originInfo>
<physicalDescription>
 <note type="source content type">deposited</note>
 <digitalOrigin>born digital</digitalOrigin>
 <extent>4 p.</extent>
</physicalDescription>
<classification authority="sudocs">Y 1.6:</classification>
<classification authority="sudocs">Y 1.4/8:</classification>
<identifier type="local">P0b002ee1aac9d2de</identifier>
<identifier type="uri">https://www.govinfo.gov/app/details/BILLS-117hjres14ih</identifier>
<identifier type="preferred citation">H.J. Res. 14</identifier>
<identifier type="stock number">021-610-00252-9</identifier>
<identifier type="Parent ILS system id">000501532</identifier>
<identifier type="Child ILS system id">000325570</identifier>
<identifier type="Parent ILS title">Congressional bills</identifier>
<identifier type="Child ILS title">House joint resolutions</identifier>
<identifier type="former package identifier">f:hj14_ih.txt</identifier>
<location>
 <url displayLabel="Content Detail" access="object in context">https://www.govinfo.gov/app/details/BILLS-117hjres14ih</url>
 <url displayLabel="HTML rendition" access="raw object">https://www.govinfo.gov/content/pkg/BILLS-117hjres14ih/html/BILLS-117hjres14ih.htm</url>
 <url displayLabel="PDF rendition" access="raw object">https://www.govinfo.gov/content/pkg/BILLS-117hjres14ih/pdf/BILLS-117hjres14ih.pdf</url>
 <url displayLabel="XML rendition" access="raw object">https://www.govinfo.gov/content/pkg/BILLS-117hjres14ih/xml/BILLS-117hjres14ih.xml</url>
</location>
<accessCondition type="GPO scope determination">fdlp</accessCondition>
<recordInfo>
 <recordContentSource authority="marcorg">DGPO</recordContentSource>
 <recordCreationDate encoding="w3cdtf">2021-01-12</recordCreationDate>
 <recordChangeDate encoding="w3cdtf">2021-01-12</recordChangeDate>
 <recordIdentifier source="DGPO">BILLS-117hjres14ih</recordIdentifier>
 <recordOrigin>machine generated</recordOrigin>
 <languageOfCataloging>
  <languageTerm type="code" authority="iso639-2b">eng</languageTerm>
</languageOfCataloging>
</recordInfo>
<name type="personal">
 <namePart>Steve Cohen</namePart>
 <affiliation>United States House of Representatives</affiliation>
 <role>
  <roleTerm authority="marcrelator" type="text">sponsor</roleTerm>
  <roleTerm authority="marcrelator" type="code">spn</roleTerm>
</role>
 <description>United States Congress Member</description>
</name>
<name type="personal">
 <namePart>Zoe Lofgren</namePart>
 <affiliation>United States House of Representatives</affiliation>
 <role>
  <roleTerm type="text">cosponsor</roleTerm>
</role>
 <description>United States Congress Member</description>
</name>
<name type="personal">
 <namePart>Anna G. Eshoo</namePart>
 <affiliation>United States House of Representatives</affiliation>
 <role>
  <roleTerm type="text">cosponsor</roleTerm>
</role>
 <description>United States Congress Member</description>
</name>
<name type="personal">
 <namePart>Janice D. Schakowsky</namePart>
 <affiliation>United States House of Representatives</affiliation>
 <role>
  <roleTerm type="text">cosponsor</roleTerm>
</role>
 <description>United States Congress Member</description>
</name>
<name type="personal">
 <namePart>Julia Brownley</namePart>
 <affiliation>United States House of Representatives</affiliation>
 <role>
  <roleTerm type="text">cosponsor</roleTerm>
</role>
 <description>United States Congress Member</description>
</name>
<name type="personal">
 <namePart>Peter A. DeFazio</namePart>
 <affiliation>United States House of Representatives</affiliation>
 <role>
  <roleTerm type="text">cosponsor</roleTerm>
</role>
 <description>United States Congress Member</description>
</name>
<name type="personal">
 <namePart>Adriano Espaillat</namePart>
 <affiliation>United States House of Representatives</affiliation>
 <role>
  <roleTerm type="text">cosponsor</roleTerm>
</role>
 <description>United States Congress Member</description>
</name>
<name type="personal">
 <namePart>John Garamendi</namePart>
 <affiliation>United States House of Representatives</affiliation>
 <role>
  <roleTerm type="text">cosponsor</roleTerm>
</role>
 <description>United States Congress Member</description>
</name>
<name type="personal">
 <namePart>Jim Cooper</namePart>
 <affiliation>United States House of Representatives</affiliation>
 <role>
  <roleTerm type="text">cosponsor</roleTerm>
</role>
 <description>United States Congress Member</description>
</name>
<name type="corporate">
 <namePart>United States</namePart>
 <namePart>Congress</namePart>
 <namePart>House of Representatives</namePart>
 <namePart>Committee on the Judiciary</namePart>
 <role>
  <roleTerm authority="marcrelator" type="text">associated name</roleTerm>
  <roleTerm authority="marcrelator" type="code">asn</roleTerm>
</role>
</name>
<extension>
 <docClass>hjres</docClass>
 <accessId>BILLS-117hjres14ih</accessId>
 <congress>117</congress>
 <session>1</session>
 <originChamber>HOUSE</originChamber>
 <currentChamber>HOUSE</currentChamber>
 <billNumber>14</billNumber>
 <billVersion reprint="false">ih</billVersion>
 <fileSuffix>ih</fileSuffix>
 <officialTitle>Proposing an amendment to the Constitution of the United States to abolish the electoral college and to provide for the direct election of the President and Vice President of the United States.</officialTitle>
 <action date="2021-01-11">Mr. Cohen (for himself, Ms. Lofgren, Ms. Eshoo, Ms. Schakowsky, Ms. Brownley, Mr. DeFazio, Mr. Espaillat, Mr. Garamendi, and Mr. Cooper) submitted the following joint resolution; which was referred to the Committee on the Judiciary</action>
 <congCommittee authorityId="hsju00" chamber="H" congress="117" type="S">
                      <name type="authority-standard">Committee on the Judiciary</name>
                      <name type="authority-short">Judiciary</name>
                </congCommittee>
 <congMember authorityId="1878" bioGuideId="C001068" chamber="H" congress="117" gpoId="8156" party="D" role="SPONSOR" state="TN">
                      <name type="parsed">Mr. Cohen</name>
                      <name type="authority-fnf">Steve Cohen</name>
                      <name type="authority-lnf">Cohen, Steve</name>
                </congMember>
 <congMember authorityId="701" bioGuideId="L000397" chamber="H" congress="117" gpoId="7821" party="D" role="COSPONSOR" state="CA">
                      <name type="parsed">Ms. Lofgren</name>
                      <name type="authority-fnf">Zoe Lofgren</name>
                      <name type="authority-lnf">Lofgren, Zoe</name>
                </congMember>
 <congMember authorityId="355" bioGuideId="E000215" chamber="H" congress="117" gpoId="7819" party="D" role="COSPONSOR" state="CA">
                      <name type="parsed">Ms. Eshoo</name>
                      <name type="authority-fnf">Anna G. Eshoo</name>
                      <name type="authority-lnf">Eshoo, Anna G.</name>
                      <name type="authority-other">Anna Eshoo</name>
                </congMember>
 <congMember authorityId="1588" bioGuideId="S001145" chamber="H" congress="117" gpoId="7929" party="D" role="COSPONSOR" state="IL">
                      <name type="parsed">Ms. Schakowsky</name>
                      <name type="authority-fnf">Janice D. Schakowsky</name>
                      <name type="authority-lnf">Schakowsky, Janice D.</name>
                      <name type="authority-other">Janice Schakowsky</name>
                </congMember>
 <congMember authorityId="2106" bioGuideId="B001285" chamber="H" congress="117" party="D" role="COSPONSOR" state="CA">
                      <name type="parsed">Ms. Brownley</name>
                      <name type="authority-fnf">Julia Brownley</name>
                      <name type="authority-lnf">Brownley, Julia</name>
                </congMember>
 <congMember authorityId="279" bioGuideId="D000191" chamber="H" congress="117" gpoId="8117" party="D" role="COSPONSOR" state="OR">
                      <name type="parsed">Mr. DeFazio</name>
                      <name type="authority-fnf">Peter A. DeFazio</name>
                      <name type="authority-lnf">DeFazio, Peter A.</name>
                      <name type="authority-other">Peter Defazio</name>
                </congMember>
 <congMember authorityId="2342" bioGuideId="E000297" chamber="H" congress="117" party="D" role="COSPONSOR" state="NY">
                      <name type="parsed">Mr. Espaillat</name>
                      <name type="authority-fnf">Adriano Espaillat</name>
                      <name type="authority-lnf">Espaillat, Adriano</name>
                </congMember>
 <congMember authorityId="1973" bioGuideId="G000559" chamber="H" congress="117" gpoId="7815" party="D" role="COSPONSOR" state="CA">
                      <name type="parsed">Mr. Garamendi</name>
                      <name type="authority-fnf">John Garamendi</name>
                      <name type="authority-lnf">Garamendi, John</name>
                </congMember>
 <congMember authorityId="231" bioGuideId="C000754" chamber="H" congress="117" gpoId="8152" party="D" role="COSPONSOR" state="TN">
                      <name type="parsed">Mr. Cooper</name>
                      <name type="authority-fnf">Jim Cooper</name>
                      <name type="authority-lnf">Cooper, Jim</name>
                      <name type="authority-other">James Cooper</name>
                </congMember>
 <isPrivate>false</isPrivate>
 <isAppropriation>false</isAppropriation>
</extension>
</mods>