<?xml version='1.0' encoding='UTF-8'?>
<premis xmlns="info:lc/xmlns/premis-v2" xmlns:xsi="http://www.w3.org/2001/XMLSchema-instance" xsi:schemaLocation="info:lc/xmlns/premis-v2 http://www.loc.gov/standards/premis/v2/premis-v2-0.xsd" version="2.0">
    <object xsi:type="representation">
        <objectIdentifier>
            <objectIdentifierType>FDsys ACP</objectIdentifierType>
            <objectIdentifierValue>R0b002ee1aab4e719</objectIdentifierValue>
        </objectIdentifier>
    </object>
    <object xsi:type="file">
        <objectIdentifier>
            <objectIdentifierType>FDsys ACP</objectIdentifierType>
            <objectIdentifierValue>D09002ee1aab4e72b</objectIdentifierValue>
        </objectIdentifier>
        <objectCharacteristics>
            <compositionLevel>0</compositionLevel>
            <format>
                <formatDesignation>
                    <formatName>text/plain</formatName>
                </formatDesignation>
            </format>
        </objectCharacteristics>
    </object>
    <object xsi:type="representation">
        <objectIdentifier>
            <objectIdentifierType>FDsys ACP</objectIdentifierType>
            <objectIdentifierValue>R0b002ee1aab4e71a</objectIdentifierValue>
        </objectIdentifier>
    </object>
    <object xsi:type="file">
        <objectIdentifier>
            <objectIdentifierType>FDsys ACP</objectIdentifierType>
            <objectIdentifierValue>D09002ee1aab4e72a</objectIdentifierValue>
        </objectIdentifier>
        <objectCharacteristics>
            <compositionLevel>0</compositionLevel>
            <format>
                <formatDesignation>
                    <formatName>application/pdf</formatName>
                </formatDesignation>
            </format>
        </objectCharacteristics>
    </object>
    <object xsi:type="representation">
        <objectIdentifier>
            <objectIdentifierType>FDsys ACP</objectIdentifierType>
            <objectIdentifierValue>R0b002ee1aab4e71b</objectIdentifierValue>
        </objectIdentifier>
    </object>
    <object xsi:type="file">
        <objectIdentifier>
            <objectIdentifierType>FDsys ACP</objectIdentifierType>
            <objectIdentifierValue>D09002ee1aab4e729</objectIdentifierValue>
        </objectIdentifier>
        <objectCharacteristics>
            <compositionLevel>0</compositionLevel>
            <format>
                <formatDesignation>
                    <formatName>text/locator</formatName>
                </formatDesignation>
            </format>
        </objectCharacteristics>
    </object>
    <object xsi:type="representation">
        <objectIdentifier>
            <objectIdentifierType>FDsys ACP</objectIdentifierType>
            <objectIdentifierValue>R0b002ee1aab599b9</objectIdentifierValue>
        </objectIdentifier>
    </object>
    <object xsi:type="file">
        <objectIdentifier>
            <objectIdentifierType>FDsys ACP</objectIdentifierType>
            <objectIdentifierValue>D09002ee1aab4e72c</objectIdentifierValue>
        </objectIdentifier>
        <objectCharacteristics>
            <compositionLevel>0</compositionLevel>
            <format>
                <formatDesignation>
                    <formatName>text/xml</formatName>
                </formatDesignation>
            </format>
        </objectCharacteristics>
    </object>
    <object xsi:type="representation">
        <objectIdentifier>
            <objectIdentifierType>FDsys AIP</objectIdentifierType>
            <objectIdentifierValue>R0b002ee1aab5a150</objectIdentifierValue>
        </objectIdentifier>
    </object>
    <object xsi:type="file">
        <objectIdentifier>
            <objectIdentifierType>FDsys AIP</objectIdentifierType>
            <objectIdentifierValue>D09002ee1aab5a159</objectIdentifierValue>
        </objectIdentifier>
        <objectCharacteristics>
            <compositionLevel>0</compositionLevel>
            <format>
                <formatDesignation>
                    <formatName>text/locator</formatName>
                </formatDesignation>
            </format>
        </objectCharacteristics>
    </object>
    <object xsi:type="representation">
        <objectIdentifier>
            <objectIdentifierType>FDsys AIP</objectIdentifierType>
            <objectIdentifierValue>R0b002ee1aab5a154</objectIdentifierValue>
        </objectIdentifier>
    </object>
    <object xsi:type="file">
        <objectIdentifier>
            <objectIdentifierType>FDsys AIP</objectIdentifierType>
            <objectIdentifierValue>D09002ee1aab5a15e</objectIdentifierValue>
        </objectIdentifier>
        <objectCharacteristics>
            <compositionLevel>0</compositionLevel>
            <format>
                <formatDesignation>
                    <formatName>application/pdf</formatName>
                </formatDesignation>
            </format>
        </objectCharacteristics>
    </object>
    <object xsi:type="representation">
        <objectIdentifier>
            <objectIdentifierType>FDsys AIP</objectIdentifierType>
            <objectIdentifierValue>R0b002ee1aab5a201</objectIdentifierValue>
        </objectIdentifier>
    </object>
    <object xsi:type="file">
        <objectIdentifier>
            <objectIdentifierType>FDsys AIP</objectIdentifierType>
            <objectIdentifierValue>D09002ee1aab5a20c</objectIdentifierValue>
        </objectIdentifier>
        <objectCharacteristics>
            <compositionLevel>0</compositionLevel>
            <format>
                <formatDesignation>
                    <formatName>text/plain</formatName>
                </formatDesignation>
            </format>
        </objectCharacteristics>
    </object>
    <object xsi:type="representation">
        <objectIdentifier>
            <objectIdentifierType>FDsys AIP</objectIdentifierType>
            <objectIdentifierValue>R0b002ee1aab5a203</objectIdentifierValue>
        </objectIdentifier>
    </object>
    <object xsi:type="file">
        <objectIdentifier>
            <objectIdentifierType>FDsys AIP</objectIdentifierType>
            <objectIdentifierValue>D09002ee1aab5a212</objectIdentifierValue>
        </objectIdentifier>
        <objectCharacteristics>
            <compositionLevel>0</compositionLevel>
            <format>
                <formatDesignation>
                    <formatName>text/xml</formatName>
                </formatDesignation>
            </format>
        </objectCharacteristics>
    </object>
    <object xsi:type="representation">
        <objectIdentifier>
            <objectIdentifierType>FDsys ACP</objectIdentifierType>
            <objectIdentifierValue>R0b002ee1aab5af9d</objectIdentifierValue>
        </objectIdentifier>
    </object>
    <object xsi:type="file">
        <objectIdentifier>
            <objectIdentifierType>FDsys ACP</objectIdentifierType>
            <objectIdentifierValue>D09002ee1aab5b03a</objectIdentifierValue>
        </objectIdentifier>
        <objectCharacteristics>
            <compositionLevel>0</compositionLevel>
            <fixity>
                <messageDigestAlgorithm>SHA-256</messageDigestAlgorithm>
                <messageDigest>b444502eb98bc9785f42c1b46c97c00e5d9e5c1d317a1805adda23f8a1325653</messageDigest>
                <messageDigestOriginator>FDsys</messageDigestOriginator>
            </fixity>
            <size>33588</size>
            <format>
                <formatDesignation>
                    <formatName>text/html</formatName>
                </formatDesignation>
                <formatRegistry>
                    <formatRegistryName>PRONOM</formatRegistryName>
                    <formatRegistryKey>fmt/96</formatRegistryKey>
                </formatRegistry>
                <formatNote>Hypertext Markup Language</formatNote>
            </format>
        </objectCharacteristics>
        <originalName>BILLS-117hr21eh.htm</originalName>
        <storage>
            <contentLocation>
                <contentLocationType>URI</contentLocationType>
                <contentLocationValue>Public Access Rendition https://www.govinfo.gov/content/pkg/BILLS-117hr21eh/html/BILLS-117hr21eh.htm</contentLocationValue>
            </contentLocation>
            <storageMedium>hard disk</storageMedium>
        </storage>
        <relationship>
            <relationshipType>structural</relationshipType>
            <relationshipSubType>is part of</relationshipSubType><relatedObjectIdentification>
                <relatedObjectIdentifierType>FDsys ACP</relatedObjectIdentifierType>
                <relatedObjectIdentifierValue>R0b002ee1aab5af9d</relatedObjectIdentifierValue>
            </relatedObjectIdentification>
        </relationship>
    </object>
    <object xsi:type="representation">
        <objectIdentifier>
            <objectIdentifierType>FDsys ACP</objectIdentifierType>
            <objectIdentifierValue>R0b002ee1aab5af9e</objectIdentifierValue>
        </objectIdentifier>
    </object>
    <object xsi:type="file">
        <objectIdentifier>
            <objectIdentifierType>FDsys ACP</objectIdentifierType>
            <objectIdentifierValue>D09002ee1aab5b03b</objectIdentifierValue>
        </objectIdentifier>
        <objectCharacteristics>
            <compositionLevel>0</compositionLevel>
            <fixity>
                <messageDigestAlgorithm>SHA-256</messageDigestAlgorithm>
                <messageDigest>8185751823d69258b007a928471065fddb4e23734937b495a7672acb6132d663</messageDigest>
                <messageDigestOriginator>FDsys</messageDigestOriginator>
            </fixity>
            <size>196104</size>
            <format>
                <formatDesignation>
                    <formatName>application/pdf</formatName>
                </formatDesignation>
                <formatRegistry>
                    <formatRegistryName>PRONOM</formatRegistryName>
                    <formatRegistryKey>fmt/19</formatRegistryKey>
                </formatRegistry>
                <formatNote>Acrobat PDF 1.5 - Portable Document Format</formatNote>
            </format>
        </objectCharacteristics>
        <originalName>BILLS-117hr21eh.pdf</originalName>
        <storage>
            <contentLocation>
                <contentLocationType>URI</contentLocationType>
                <contentLocationValue>Public Access Rendition https://www.govinfo.gov/content/pkg/BILLS-117hr21eh/pdf/BILLS-117hr21eh.pdf</contentLocationValue>
            </contentLocation>
            <storageMedium>hard disk</storageMedium>
        </storage>
        <signatureInformation>
            <signature>
                <signatureEncoding/>
                <signer>Superintendent of Documents &lt;pkisupport@gpo.gov&gt;</signer>
                <signatureMethod>RSA-SHA256</signatureMethod>
                <signatureValue/>
                <signatureValidationRules>ISO 32000-1:2008 and Adobe Supplement to the ISO 32000-1:2008, Base Level 1.7, Extension Level 3</signatureValidationRules>
                <keyInformation>
                    <keyType>RSA</keyType>
                    <keyValue>30 82 01 22 30 0D 06 09 2A 86 48 86 F7 0D 01 01 01 05 00 03 82 01 0F 00 30 82 01 0A 02 82 01 01 00 BB C5 3D 16 1E B8 73 94 A2 F7 CF 42 76 F7 78 46 2E 5F 0C CE 90 91 D6 77 CC B3 DD 80 99 8B 5E 35 E9 D1 3B 3B 79 D4 8C 05 2B 05 60 84 AD 2E 75 06 76 29 8B 53 40 FA 75 A3 CB 3C A8 72 5E 20 01 31 B6 EA 6E B9 6A 00 A8 FA D2 BA AD E3 FE B2 B8 45 24 06 58 72 23 86 6C 6B C9 C6 F9 62 48 A1 38 4E F1 84 AF 33 B2 7F 15 A8 11 DD 7A 62 CB A9 89 54 63 19 91 08 EB 1E 55 F5 B9 F7 0B E3 7B 3E 4A 72 C5 58 6A 80 34 72 C6 5E 8D F0 02 83 52 1D EE E8 F6 51 93 5F 88 2B 2B 81 31 8A 03 E0 93 DC 7A BD D4 9E E3 81 53 BD F5 96 51 06 A5 16 B9 0C B3 D8 D7 25 8A CF 4F 07 6C 5F A0 69 EA 24 31 B4 B2 B6 15 93 0E 96 53 B8 2F 3E 9D 0C FB B8 D4 8C 76 FA 4B 5F 78 FD AA 8C E6 5D 01 0A 00 0C 1B 0D 40 43 0C 7E 80 D6 AB 99 D7 C5 B6 7C B7 38 61 4E B4 20 49 EC 1E F3 2B 9A 2E 26 9B D8 3E 6A 1C FE 01 A9 02 03 01 00 01</keyValue>
                </keyInformation>
            </signature>
        </signatureInformation>
        <relationship>
            <relationshipType>structural</relationshipType>
            <relationshipSubType>is part of</relationshipSubType><relatedObjectIdentification>
                <relatedObjectIdentifierType>FDsys ACP</relatedObjectIdentifierType>
                <relatedObjectIdentifierValue>R0b002ee1aab5af9e</relatedObjectIdentifierValue>
            </relatedObjectIdentification>
        </relationship>
    </object>
    <object xsi:type="representation">
        <objectIdentifier>
            <objectIdentifierType>FDsys ACP</objectIdentifierType>
            <objectIdentifierValue>R0b002ee1aab5b064</objectIdentifierValue>
        </objectIdentifier>
    </object>
    <object xsi:type="file">
        <objectIdentifier>
            <objectIdentifierType>FDsys ACP</objectIdentifierType>
            <objectIdentifierValue>D09002ee1aab5b03c</objectIdentifierValue>
        </objectIdentifier>
        <objectCharacteristics>
            <compositionLevel>0</compositionLevel>
            <fixity>
                <messageDigestAlgorithm>SHA-256</messageDigestAlgorithm>
                <messageDigest>8499cae3070c2f17b5d98c4c5a014dd583dd5f12ffad231cce76735348c340d0</messageDigest>
                <messageDigestOriginator>FDsys</messageDigestOriginator>
            </fixity>
            <size>45591</size>
            <format>
                <formatDesignation>
                    <formatName>text/xml</formatName>
                </formatDesignation>
                <formatRegistry>
                    <formatRegistryName>PRONOM</formatRegistryName>
                    <formatRegistryKey>fmt/101</formatRegistryKey>
                </formatRegistry>
                <formatNote>Extensible Markup Language</formatNote>
            </format>
        </objectCharacteristics>
        <originalName>BILLS-117hr21eh.xml</originalName>
        <storage>
            <contentLocation>
                <contentLocationType>URI</contentLocationType>
                <contentLocationValue>Public Access Rendition https://www.govinfo.gov/content/pkg/BILLS-117hr21eh/xml/BILLS-117hr21eh.xml</contentLocationValue>
            </contentLocation>
            <storageMedium>hard disk</storageMedium>
        </storage>
        <relationship>
            <relationshipType>structural</relationshipType>
            <relationshipSubType>is part of</relationshipSubType><relatedObjectIdentification>
                <relatedObjectIdentifierType>FDsys ACP</relatedObjectIdentifierType>
                <relatedObjectIdentifierValue>R0b002ee1aab5b064</relatedObjectIdentifierValue>
            </relatedObjectIdentification>
        </relationship>
    </object>
    <event>
        <eventIdentifier>
            <eventIdentifierType>FDsys:event</eventIdentifierType>
            <eventIdentifierValue>cf1a18b0-cda6-4c71-b409-8050dd1fd11c</eventIdentifierValue>
        </eventIdentifier>
        <eventType>File Format Identification</eventType>
        <eventDateTime>2021-01-05T23:31:14-05:00</eventDateTime>
        <eventDetail>File format identified for object D09002ee1aab4e72c</eventDetail>
        <eventOutcomeInformation>
            <eventOutcome>Success</eventOutcome>
        </eventOutcomeInformation>
        <linkingAgentIdentifier>
            <linkingAgentIdentifierType>FDsys:agent</linkingAgentIdentifierType>
            <linkingAgentIdentifierValue>Droid_v90</linkingAgentIdentifierValue>
            <linkingAgentRole>executing program</linkingAgentRole>
        </linkingAgentIdentifier>
        <linkingObjectIdentifier>
            <linkingObjectIdentifierType>FDsys</linkingObjectIdentifierType>
            <linkingObjectIdentifierValue>D09002ee1aab4e72c</linkingObjectIdentifierValue>
            <linkingObjectRole>outcome</linkingObjectRole>
        </linkingObjectIdentifier>
    </event>
    <event>
        <eventIdentifier>
            <eventIdentifierType>FDsys:event</eventIdentifierType>
            <eventIdentifierValue>75c70f00-e9df-4143-96f4-8a7bda005661</eventIdentifierValue>
        </eventIdentifier>
        <eventType>Virus Check</eventType>
        <eventDateTime>2021-01-05T23:31:14-05:00</eventDateTime>
        <eventDetail>Object D09002ee1aab4e72b inspected for viruses</eventDetail>
        <eventOutcomeInformation>
            <eventOutcome>Success</eventOutcome>
        </eventOutcomeInformation>
        <linkingAgentIdentifier>
            <linkingAgentIdentifierType>FDsys:agent</linkingAgentIdentifierType>
            <linkingAgentIdentifierValue>ScanEngine_v8.0</linkingAgentIdentifierValue>
            <linkingAgentRole>executing program</linkingAgentRole>
        </linkingAgentIdentifier>
        <linkingObjectIdentifier>
            <linkingObjectIdentifierType>FDsys</linkingObjectIdentifierType>
            <linkingObjectIdentifierValue>D09002ee1aab4e72b</linkingObjectIdentifierValue>
            <linkingObjectRole>outcome</linkingObjectRole>
        </linkingObjectIdentifier>
    </event>
    <event>
        <eventIdentifier>
            <eventIdentifierType>FDsys:event</eventIdentifierType>
            <eventIdentifierValue>814b3af2-fef9-4a60-8c40-b5c42611d424</eventIdentifierValue>
        </eventIdentifier>
        <eventType>Message Digest Calculation</eventType>
        <eventDateTime>2021-01-05T23:31:14-05:00</eventDateTime>
        <eventDetail>Checksum calculated against object D09002ee1aab4e72c</eventDetail>
        <eventOutcomeInformation>
            <eventOutcome>Success</eventOutcome>
        </eventOutcomeInformation>
        <linkingAgentIdentifier>
            <linkingAgentIdentifierType>FDsys:agent</linkingAgentIdentifierType>
            <linkingAgentIdentifierValue>Documentum Server 20.3.0000.0070  Linux64.Oracle</linkingAgentIdentifierValue>
            <linkingAgentRole>executing program</linkingAgentRole>
        </linkingAgentIdentifier>
        <linkingObjectIdentifier>
            <linkingObjectIdentifierType>FDsys</linkingObjectIdentifierType>
            <linkingObjectIdentifierValue>D09002ee1aab4e72c</linkingObjectIdentifierValue>
            <linkingObjectRole>outcome</linkingObjectRole>
        </linkingObjectIdentifier>
    </event>
    <event>
        <eventIdentifier>
            <eventIdentifierType>FDsys:event</eventIdentifierType>
            <eventIdentifierValue>85b6fce0-6d9f-4c33-a594-618229d6d840</eventIdentifierValue>
        </eventIdentifier>
        <eventType>Virus Check</eventType>
        <eventDateTime>2021-01-05T23:31:14-05:00</eventDateTime>
        <eventDetail>Object D09002ee1aab4e72c inspected for viruses</eventDetail>
        <eventOutcomeInformation>
            <eventOutcome>Success</eventOutcome>
        </eventOutcomeInformation>
        <linkingAgentIdentifier>
            <linkingAgentIdentifierType>FDsys:agent</linkingAgentIdentifierType>
            <linkingAgentIdentifierValue>ScanEngine_v8.0</linkingAgentIdentifierValue>
            <linkingAgentRole>executing program</linkingAgentRole>
        </linkingAgentIdentifier>
        <linkingObjectIdentifier>
            <linkingObjectIdentifierType>FDsys</linkingObjectIdentifierType>
            <linkingObjectIdentifierValue>D09002ee1aab4e72c</linkingObjectIdentifierValue>
            <linkingObjectRole>outcome</linkingObjectRole>
        </linkingObjectIdentifier>
    </event>
    <event>
        <eventIdentifier>
            <eventIdentifierType>FDsys:event</eventIdentifierType>
            <eventIdentifierValue>771f8e25-6977-4541-9ed3-3b75af1e70d7</eventIdentifierValue>
        </eventIdentifier>
        <eventType>File Format Identification</eventType>
        <eventDateTime>2021-01-05T23:31:14-05:00</eventDateTime>
        <eventDetail>File format identified for object D09002ee1aab4e729</eventDetail>
        <eventOutcomeInformation>
            <eventOutcome>Success</eventOutcome>
        </eventOutcomeInformation>
        <linkingAgentIdentifier>
            <linkingAgentIdentifierType>FDsys:agent</linkingAgentIdentifierType>
            <linkingAgentIdentifierValue>Droid_v90</linkingAgentIdentifierValue>
            <linkingAgentRole>executing program</linkingAgentRole>
        </linkingAgentIdentifier>
        <linkingObjectIdentifier>
            <linkingObjectIdentifierType>FDsys</linkingObjectIdentifierType>
            <linkingObjectIdentifierValue>D09002ee1aab4e729</linkingObjectIdentifierValue>
            <linkingObjectRole>outcome</linkingObjectRole>
        </linkingObjectIdentifier>
    </event>
    <event>
        <eventIdentifier>
            <eventIdentifierType>FDsys:event</eventIdentifierType>
            <eventIdentifierValue>f05f2973-e9ea-4599-8484-df83bee4d6ad</eventIdentifierValue>
        </eventIdentifier>
        <eventType>Message Digest Calculation</eventType>
        <eventDateTime>2021-01-05T23:31:14-05:00</eventDateTime>
        <eventDetail>Checksum calculated against object D09002ee1aab4e729</eventDetail>
        <eventOutcomeInformation>
            <eventOutcome>Success</eventOutcome>
        </eventOutcomeInformation>
        <linkingAgentIdentifier>
            <linkingAgentIdentifierType>FDsys:agent</linkingAgentIdentifierType>
            <linkingAgentIdentifierValue>Documentum Server 20.3.0000.0070  Linux64.Oracle</linkingAgentIdentifierValue>
            <linkingAgentRole>executing program</linkingAgentRole>
        </linkingAgentIdentifier>
        <linkingObjectIdentifier>
            <linkingObjectIdentifierType>FDsys</linkingObjectIdentifierType>
            <linkingObjectIdentifierValue>D09002ee1aab4e729</linkingObjectIdentifierValue>
            <linkingObjectRole>outcome</linkingObjectRole>
        </linkingObjectIdentifier>
    </event>
    <event>
        <eventIdentifier>
            <eventIdentifierType>FDsys:event</eventIdentifierType>
            <eventIdentifierValue>0b0fb0d1-9432-4a88-b4ab-2e6fbfb1a7b4</eventIdentifierValue>
        </eventIdentifier>
        <eventType>Virus Check</eventType>
        <eventDateTime>2021-01-05T23:31:14-05:00</eventDateTime>
        <eventDetail>Object D09002ee1aab4e729 inspected for viruses</eventDetail>
        <eventOutcomeInformation>
            <eventOutcome>Success</eventOutcome>
        </eventOutcomeInformation>
        <linkingAgentIdentifier>
            <linkingAgentIdentifierType>FDsys:agent</linkingAgentIdentifierType>
            <linkingAgentIdentifierValue>ScanEngine_v8.0</linkingAgentIdentifierValue>
            <linkingAgentRole>executing program</linkingAgentRole>
        </linkingAgentIdentifier>
        <linkingObjectIdentifier>
            <linkingObjectIdentifierType>FDsys</linkingObjectIdentifierType>
            <linkingObjectIdentifierValue>D09002ee1aab4e729</linkingObjectIdentifierValue>
            <linkingObjectRole>outcome</linkingObjectRole>
        </linkingObjectIdentifier>
    </event>
    <event>
        <eventIdentifier>
            <eventIdentifierType>FDsys:event</eventIdentifierType>
            <eventIdentifierValue>d16b06f5-2822-48a5-a45a-575580749997</eventIdentifierValue>
        </eventIdentifier>
        <eventType>File Format Identification</eventType>
        <eventDateTime>2021-01-05T23:31:14-05:00</eventDateTime>
        <eventDetail>File format identified for object D09002ee1aab4e72a</eventDetail>
        <eventOutcomeInformation>
            <eventOutcome>Success</eventOutcome>
        </eventOutcomeInformation>
        <linkingAgentIdentifier>
            <linkingAgentIdentifierType>FDsys:agent</linkingAgentIdentifierType>
            <linkingAgentIdentifierValue>Droid_v90</linkingAgentIdentifierValue>
            <linkingAgentRole>executing program</linkingAgentRole>
        </linkingAgentIdentifier>
        <linkingObjectIdentifier>
            <linkingObjectIdentifierType>FDsys</linkingObjectIdentifierType>
            <linkingObjectIdentifierValue>D09002ee1aab4e72a</linkingObjectIdentifierValue>
            <linkingObjectRole>outcome</linkingObjectRole>
        </linkingObjectIdentifier>
    </event>
    <event>
        <eventIdentifier>
            <eventIdentifierType>FDsys:event</eventIdentifierType>
            <eventIdentifierValue>da6ba43b-0cb1-4d60-ab3d-5c0768aa2fc7</eventIdentifierValue>
        </eventIdentifier>
        <eventType>Message Digest Calculation</eventType>
        <eventDateTime>2021-01-05T23:31:14-05:00</eventDateTime>
        <eventDetail>Checksum calculated against object D09002ee1aab4e72a</eventDetail>
        <eventOutcomeInformation>
            <eventOutcome>Success</eventOutcome>
        </eventOutcomeInformation>
        <linkingAgentIdentifier>
            <linkingAgentIdentifierType>FDsys:agent</linkingAgentIdentifierType>
            <linkingAgentIdentifierValue>Documentum Server 20.3.0000.0070  Linux64.Oracle</linkingAgentIdentifierValue>
            <linkingAgentRole>executing program</linkingAgentRole>
        </linkingAgentIdentifier>
        <linkingObjectIdentifier>
            <linkingObjectIdentifierType>FDsys</linkingObjectIdentifierType>
            <linkingObjectIdentifierValue>D09002ee1aab4e72a</linkingObjectIdentifierValue>
            <linkingObjectRole>outcome</linkingObjectRole>
        </linkingObjectIdentifier>
    </event>
    <event>
        <eventIdentifier>
            <eventIdentifierType>FDsys:event</eventIdentifierType>
            <eventIdentifierValue>4dca79fe-fe13-4bad-9b58-ffb77afc3562</eventIdentifierValue>
        </eventIdentifier>
        <eventType>Virus Check</eventType>
        <eventDateTime>2021-01-05T23:31:14-05:00</eventDateTime>
        <eventDetail>Object D09002ee1aab4e72a inspected for viruses</eventDetail>
        <eventOutcomeInformation>
            <eventOutcome>Success</eventOutcome>
        </eventOutcomeInformation>
        <linkingAgentIdentifier>
            <linkingAgentIdentifierType>FDsys:agent</linkingAgentIdentifierType>
            <linkingAgentIdentifierValue>ScanEngine_v8.0</linkingAgentIdentifierValue>
            <linkingAgentRole>executing program</linkingAgentRole>
        </linkingAgentIdentifier>
        <linkingObjectIdentifier>
            <linkingObjectIdentifierType>FDsys</linkingObjectIdentifierType>
            <linkingObjectIdentifierValue>D09002ee1aab4e72a</linkingObjectIdentifierValue>
            <linkingObjectRole>outcome</linkingObjectRole>
        </linkingObjectIdentifier>
    </event>
    <event>
        <eventIdentifier>
            <eventIdentifierType>FDsys:event</eventIdentifierType>
            <eventIdentifierValue>af11f41f-01f3-4de0-9fb8-711adc1403bf</eventIdentifierValue>
        </eventIdentifier>
        <eventType>Rendition Submitted</eventType>
        <eventDateTime>2021-01-05T23:31:14-05:00</eventDateTime>
        <eventDetail>Rendition R0b002ee1aab599b9, uploaded by hotfolderadmin, was submitted in the Submission Information package P0b002ee1aab4e718</eventDetail>
        <eventOutcomeInformation>
            <eventOutcome>Success</eventOutcome>
        </eventOutcomeInformation>
        <linkingAgentIdentifier>
            <linkingAgentIdentifierType>FDsys:agent</linkingAgentIdentifierType>
            <linkingAgentIdentifierValue>hotfolderadmin</linkingAgentIdentifierValue>
            <linkingAgentRole>implementer</linkingAgentRole>
        </linkingAgentIdentifier>
        <linkingObjectIdentifier>
            <linkingObjectIdentifierType>FDsys</linkingObjectIdentifierType>
            <linkingObjectIdentifierValue>R0b002ee1aab599b9</linkingObjectIdentifierValue>
            <linkingObjectRole>outcome</linkingObjectRole>
        </linkingObjectIdentifier>
    </event>
    <event>
        <eventIdentifier>
            <eventIdentifierType>FDsys:event</eventIdentifierType>
            <eventIdentifierValue>150e75f9-40f0-417b-81b4-e385869ccac0</eventIdentifierValue>
        </eventIdentifier>
        <eventType>Rendition Submitted</eventType>
        <eventDateTime>2021-01-05T23:31:14-05:00</eventDateTime>
        <eventDetail>Rendition R0b002ee1aab4e71b, uploaded by hotfolderadmin, was submitted in the Submission Information package P0b002ee1aab4e718</eventDetail>
        <eventOutcomeInformation>
            <eventOutcome>Success</eventOutcome>
        </eventOutcomeInformation>
        <linkingAgentIdentifier>
            <linkingAgentIdentifierType>FDsys:agent</linkingAgentIdentifierType>
            <linkingAgentIdentifierValue>hotfolderadmin</linkingAgentIdentifierValue>
            <linkingAgentRole>implementer</linkingAgentRole>
        </linkingAgentIdentifier>
        <linkingObjectIdentifier>
            <linkingObjectIdentifierType>FDsys</linkingObjectIdentifierType>
            <linkingObjectIdentifierValue>R0b002ee1aab4e71b</linkingObjectIdentifierValue>
            <linkingObjectRole>outcome</linkingObjectRole>
        </linkingObjectIdentifier>
    </event>
    <event>
        <eventIdentifier>
            <eventIdentifierType>FDsys:event</eventIdentifierType>
            <eventIdentifierValue>a21da5e2-bddb-4627-bd87-ec3579fd2555</eventIdentifierValue>
        </eventIdentifier>
        <eventType>Rendition Submitted</eventType>
        <eventDateTime>2021-01-05T23:31:14-05:00</eventDateTime>
        <eventDetail>Rendition R0b002ee1aab4e71a, uploaded by hotfolderadmin, was submitted in the Submission Information package P0b002ee1aab4e718</eventDetail>
        <eventOutcomeInformation>
            <eventOutcome>Success</eventOutcome>
        </eventOutcomeInformation>
        <linkingAgentIdentifier>
            <linkingAgentIdentifierType>FDsys:agent</linkingAgentIdentifierType>
            <linkingAgentIdentifierValue>hotfolderadmin</linkingAgentIdentifierValue>
            <linkingAgentRole>implementer</linkingAgentRole>
        </linkingAgentIdentifier>
        <linkingObjectIdentifier>
            <linkingObjectIdentifierType>FDsys</linkingObjectIdentifierType>
            <linkingObjectIdentifierValue>R0b002ee1aab4e71a</linkingObjectIdentifierValue>
            <linkingObjectRole>outcome</linkingObjectRole>
        </linkingObjectIdentifier>
    </event>
    <event>
        <eventIdentifier>
            <eventIdentifierType>FDsys:event</eventIdentifierType>
            <eventIdentifierValue>3ba2dbc6-f27f-4df0-a44c-70a760bbe187</eventIdentifierValue>
        </eventIdentifier>
        <eventType>Rendition Submitted</eventType>
        <eventDateTime>2021-01-05T23:31:14-05:00</eventDateTime>
        <eventDetail>Rendition R0b002ee1aab4e719, uploaded by hotfolderadmin, was submitted in the Submission Information package P0b002ee1aab4e718</eventDetail>
        <eventOutcomeInformation>
            <eventOutcome>Success</eventOutcome>
        </eventOutcomeInformation>
        <linkingAgentIdentifier>
            <linkingAgentIdentifierType>FDsys:agent</linkingAgentIdentifierType>
            <linkingAgentIdentifierValue>hotfolderadmin</linkingAgentIdentifierValue>
            <linkingAgentRole>implementer</linkingAgentRole>
        </linkingAgentIdentifier>
        <linkingObjectIdentifier>
            <linkingObjectIdentifierType>FDsys</linkingObjectIdentifierType>
            <linkingObjectIdentifierValue>R0b002ee1aab4e719</linkingObjectIdentifierValue>
            <linkingObjectRole>outcome</linkingObjectRole>
        </linkingObjectIdentifier>
    </event>
    <event>
        <eventIdentifier>
            <eventIdentifierType>FDsys:event</eventIdentifierType>
            <eventIdentifierValue>75a2dfbb-8323-4ded-a5d6-8e4a78b2b4ab</eventIdentifierValue>
        </eventIdentifier>
        <eventType>File Format Identification</eventType>
        <eventDateTime>2021-01-05T23:31:14-05:00</eventDateTime>
        <eventDetail>File format identified for object D09002ee1aab4e72b</eventDetail>
        <eventOutcomeInformation>
            <eventOutcome>Success</eventOutcome>
        </eventOutcomeInformation>
        <linkingAgentIdentifier>
            <linkingAgentIdentifierType>FDsys:agent</linkingAgentIdentifierType>
            <linkingAgentIdentifierValue>Droid_v90</linkingAgentIdentifierValue>
            <linkingAgentRole>executing program</linkingAgentRole>
        </linkingAgentIdentifier>
        <linkingObjectIdentifier>
            <linkingObjectIdentifierType>FDsys</linkingObjectIdentifierType>
            <linkingObjectIdentifierValue>D09002ee1aab4e72b</linkingObjectIdentifierValue>
            <linkingObjectRole>outcome</linkingObjectRole>
        </linkingObjectIdentifier>
    </event>
    <event>
        <eventIdentifier>
            <eventIdentifierType>FDsys:event</eventIdentifierType>
            <eventIdentifierValue>898e6d48-465a-42e4-933a-9146d3cad4e1</eventIdentifierValue>
        </eventIdentifier>
        <eventType>Message Digest Calculation</eventType>
        <eventDateTime>2021-01-05T23:31:14-05:00</eventDateTime>
        <eventDetail>Checksum calculated against object D09002ee1aab4e72b</eventDetail>
        <eventOutcomeInformation>
            <eventOutcome>Success</eventOutcome>
        </eventOutcomeInformation>
        <linkingAgentIdentifier>
            <linkingAgentIdentifierType>FDsys:agent</linkingAgentIdentifierType>
            <linkingAgentIdentifierValue>Documentum Server 20.3.0000.0070  Linux64.Oracle</linkingAgentIdentifierValue>
            <linkingAgentRole>executing program</linkingAgentRole>
        </linkingAgentIdentifier>
        <linkingObjectIdentifier>
            <linkingObjectIdentifierType>FDsys</linkingObjectIdentifierType>
            <linkingObjectIdentifierValue>D09002ee1aab4e72b</linkingObjectIdentifierValue>
            <linkingObjectRole>outcome</linkingObjectRole>
        </linkingObjectIdentifier>
    </event>
    <event>
        <eventIdentifier>
            <eventIdentifierType>FDsys:event</eventIdentifierType>
            <eventIdentifierValue>08cf09c0-ddb7-4fd8-985f-d58be1d6bfc1</eventIdentifierValue>
        </eventIdentifier>
        <eventType>Submission</eventType>
        <eventDateTime>2021-01-05T23:34:48-05:00</eventDateTime>
        <eventDetail>11002ee1800e2900 submitted Submission Information Package P0b002ee1aab4e718 to the system for ingestion</eventDetail>
        <eventOutcomeInformation>
            <eventOutcome>Success</eventOutcome>
        </eventOutcomeInformation>
        <linkingAgentIdentifier>
            <linkingAgentIdentifierType>FDsys:agent</linkingAgentIdentifierType>
            <linkingAgentIdentifierValue>11002ee1800e2900</linkingAgentIdentifierValue>
            <linkingAgentRole>implementer</linkingAgentRole>
        </linkingAgentIdentifier>
        <linkingObjectIdentifier>
            <linkingObjectIdentifierType>FDsys</linkingObjectIdentifierType>
            <linkingObjectIdentifierValue>P0b002ee1aab4e718</linkingObjectIdentifierValue>
            <linkingObjectRole>outcome</linkingObjectRole>
        </linkingObjectIdentifier>
    </event>
    <event>
        <eventIdentifier>
            <eventIdentifierType>FDsys:event</eventIdentifierType>
            <eventIdentifierValue>5dae4be3-dbcb-464e-b6d5-c664aa24432b</eventIdentifierValue>
        </eventIdentifier>
        <eventType>File Format Identification</eventType>
        <eventDateTime>2021-01-05T23:34:58-05:00</eventDateTime>
        <eventDetail>File format identified for object D09002ee1aab5a15e</eventDetail>
        <eventOutcomeInformation>
            <eventOutcome>Success</eventOutcome>
        </eventOutcomeInformation>
        <linkingAgentIdentifier>
            <linkingAgentIdentifierType>FDsys:agent</linkingAgentIdentifierType>
            <linkingAgentIdentifierValue>Droid_v90</linkingAgentIdentifierValue>
            <linkingAgentRole>executing program</linkingAgentRole>
        </linkingAgentIdentifier>
        <linkingObjectIdentifier>
            <linkingObjectIdentifierType>FDsys</linkingObjectIdentifierType>
            <linkingObjectIdentifierValue>D09002ee1aab5a15e</linkingObjectIdentifierValue>
            <linkingObjectRole>outcome</linkingObjectRole>
        </linkingObjectIdentifier>
    </event>
    <event>
        <eventIdentifier>
            <eventIdentifierType>FDsys:event</eventIdentifierType>
            <eventIdentifierValue>e0a5dd53-99ec-49f1-baeb-708d6cbaa43c</eventIdentifierValue>
        </eventIdentifier>
        <eventType>Message Digest Calculation</eventType>
        <eventDateTime>2021-01-05T23:34:58-05:00</eventDateTime>
        <eventDetail>Checksum calculated against object D09002ee1aab5a159</eventDetail>
        <eventOutcomeInformation>
            <eventOutcome>Success</eventOutcome>
        </eventOutcomeInformation>
        <linkingAgentIdentifier>
            <linkingAgentIdentifierType>FDsys:agent</linkingAgentIdentifierType>
            <linkingAgentIdentifierValue>Documentum Server 20.3.0000.0070  Linux64.Oracle</linkingAgentIdentifierValue>
            <linkingAgentRole>executing program</linkingAgentRole>
        </linkingAgentIdentifier>
        <linkingObjectIdentifier>
            <linkingObjectIdentifierType>FDsys</linkingObjectIdentifierType>
            <linkingObjectIdentifierValue>D09002ee1aab5a159</linkingObjectIdentifierValue>
            <linkingObjectRole>outcome</linkingObjectRole>
        </linkingObjectIdentifier>
    </event>
    <event>
        <eventIdentifier>
            <eventIdentifierType>FDsys:event</eventIdentifierType>
            <eventIdentifierValue>a92ca594-88f8-416e-9a18-51de6530176a</eventIdentifierValue>
        </eventIdentifier>
        <eventType>File Format Identification</eventType>
        <eventDateTime>2021-01-05T23:34:58-05:00</eventDateTime>
        <eventDetail>File format identified for object D09002ee1aab5a159</eventDetail>
        <eventOutcomeInformation>
            <eventOutcome>Success</eventOutcome>
        </eventOutcomeInformation>
        <linkingAgentIdentifier>
            <linkingAgentIdentifierType>FDsys:agent</linkingAgentIdentifierType>
            <linkingAgentIdentifierValue>Droid_v90</linkingAgentIdentifierValue>
            <linkingAgentRole>executing program</linkingAgentRole>
        </linkingAgentIdentifier>
        <linkingObjectIdentifier>
            <linkingObjectIdentifierType>FDsys</linkingObjectIdentifierType>
            <linkingObjectIdentifierValue>D09002ee1aab5a159</linkingObjectIdentifierValue>
            <linkingObjectRole>outcome</linkingObjectRole>
        </linkingObjectIdentifier>
    </event>
    <event>
        <eventIdentifier>
            <eventIdentifierType>FDsys:event</eventIdentifierType>
            <eventIdentifierValue>80f8a46e-b7e7-483c-9c3b-fc3b8d5e481e</eventIdentifierValue>
        </eventIdentifier>
        <eventType>Crypto Time Stamp Calculation</eventType>
        <eventDateTime>2021-01-05T23:34:58-05:00</eventDateTime>
        <eventDetail>Cryptographic timestamp created for object D09002ee1aab5a159</eventDetail>
        <eventOutcomeInformation>
            <eventOutcome>Success</eventOutcome>
        </eventOutcomeInformation>
        <linkingAgentIdentifier>
            <linkingAgentIdentifierType>FDsys:agent</linkingAgentIdentifierType>
            <linkingAgentIdentifierValue>Crypto_v1.0</linkingAgentIdentifierValue>
            <linkingAgentRole>executing program</linkingAgentRole>
        </linkingAgentIdentifier>
        <linkingObjectIdentifier>
            <linkingObjectIdentifierType>FDsys</linkingObjectIdentifierType>
            <linkingObjectIdentifierValue>D09002ee1aab5a159</linkingObjectIdentifierValue>
            <linkingObjectRole>outcome</linkingObjectRole>
        </linkingObjectIdentifier>
    </event>
    <event>
        <eventIdentifier>
            <eventIdentifierType>FDsys:event</eventIdentifierType>
            <eventIdentifierValue>c286a8fc-e1f6-44d1-9233-5284f3c8351f</eventIdentifierValue>
        </eventIdentifier>
        <eventType>Message Digest Calculation</eventType>
        <eventDateTime>2021-01-05T23:34:58-05:00</eventDateTime>
        <eventDetail>Checksum calculated against object D09002ee1aab5a15e</eventDetail>
        <eventOutcomeInformation>
            <eventOutcome>Success</eventOutcome>
        </eventOutcomeInformation>
        <linkingAgentIdentifier>
            <linkingAgentIdentifierType>FDsys:agent</linkingAgentIdentifierType>
            <linkingAgentIdentifierValue>Documentum Server 20.3.0000.0070  Linux64.Oracle</linkingAgentIdentifierValue>
            <linkingAgentRole>executing program</linkingAgentRole>
        </linkingAgentIdentifier>
        <linkingObjectIdentifier>
            <linkingObjectIdentifierType>FDsys</linkingObjectIdentifierType>
            <linkingObjectIdentifierValue>D09002ee1aab5a15e</linkingObjectIdentifierValue>
            <linkingObjectRole>outcome</linkingObjectRole>
        </linkingObjectIdentifier>
    </event>
    <event>
        <eventIdentifier>
            <eventIdentifierType>FDsys:event</eventIdentifierType>
            <eventIdentifierValue>16fb7286-24d0-45be-9b70-bf9ebaf285d3</eventIdentifierValue>
        </eventIdentifier>
        <eventType>Crypto Time Stamp Calculation</eventType>
        <eventDateTime>2021-01-05T23:34:58-05:00</eventDateTime>
        <eventDetail>Cryptographic timestamp created for object D09002ee1aab5a15e</eventDetail>
        <eventOutcomeInformation>
            <eventOutcome>Success</eventOutcome>
        </eventOutcomeInformation>
        <linkingAgentIdentifier>
            <linkingAgentIdentifierType>FDsys:agent</linkingAgentIdentifierType>
            <linkingAgentIdentifierValue>Crypto_v1.0</linkingAgentIdentifierValue>
            <linkingAgentRole>executing program</linkingAgentRole>
        </linkingAgentIdentifier>
        <linkingObjectIdentifier>
            <linkingObjectIdentifierType>FDsys</linkingObjectIdentifierType>
            <linkingObjectIdentifierValue>D09002ee1aab5a15e</linkingObjectIdentifierValue>
            <linkingObjectRole>outcome</linkingObjectRole>
        </linkingObjectIdentifier>
    </event>
    <event>
        <eventIdentifier>
            <eventIdentifierType>FDsys:event</eventIdentifierType>
            <eventIdentifierValue>84c3e04c-23df-4471-8689-ac5db131bfbf</eventIdentifierValue>
        </eventIdentifier>
        <eventType>File Format Identification</eventType>
        <eventDateTime>2021-01-05T23:34:59-05:00</eventDateTime>
        <eventDetail>File format identified for object D09002ee1aab5a212</eventDetail>
        <eventOutcomeInformation>
            <eventOutcome>Success</eventOutcome>
        </eventOutcomeInformation>
        <linkingAgentIdentifier>
            <linkingAgentIdentifierType>FDsys:agent</linkingAgentIdentifierType>
            <linkingAgentIdentifierValue>Droid_v90</linkingAgentIdentifierValue>
            <linkingAgentRole>executing program</linkingAgentRole>
        </linkingAgentIdentifier>
        <linkingObjectIdentifier>
            <linkingObjectIdentifierType>FDsys</linkingObjectIdentifierType>
            <linkingObjectIdentifierValue>D09002ee1aab5a212</linkingObjectIdentifierValue>
            <linkingObjectRole>outcome</linkingObjectRole>
        </linkingObjectIdentifier>
    </event>
    <event>
        <eventIdentifier>
            <eventIdentifierType>FDsys:event</eventIdentifierType>
            <eventIdentifierValue>d8432f99-5382-4c60-86e4-3b8b9d551d17</eventIdentifierValue>
        </eventIdentifier>
        <eventType>Crypto Time Stamp Calculation</eventType>
        <eventDateTime>2021-01-05T23:34:59-05:00</eventDateTime>
        <eventDetail>Cryptographic timestamp created for object D09002ee1aab5a212</eventDetail>
        <eventOutcomeInformation>
            <eventOutcome>Success</eventOutcome>
        </eventOutcomeInformation>
        <linkingAgentIdentifier>
            <linkingAgentIdentifierType>FDsys:agent</linkingAgentIdentifierType>
            <linkingAgentIdentifierValue>Crypto_v1.0</linkingAgentIdentifierValue>
            <linkingAgentRole>executing program</linkingAgentRole>
        </linkingAgentIdentifier>
        <linkingObjectIdentifier>
            <linkingObjectIdentifierType>FDsys</linkingObjectIdentifierType>
            <linkingObjectIdentifierValue>D09002ee1aab5a212</linkingObjectIdentifierValue>
            <linkingObjectRole>outcome</linkingObjectRole>
        </linkingObjectIdentifier>
    </event>
    <event>
        <eventIdentifier>
            <eventIdentifierType>FDsys:event</eventIdentifierType>
            <eventIdentifierValue>47e31d69-a0e4-44c4-8b3a-ec80f11b173a</eventIdentifierValue>
        </eventIdentifier>
        <eventType>Message Digest Calculation</eventType>
        <eventDateTime>2021-01-05T23:34:59-05:00</eventDateTime>
        <eventDetail>Checksum calculated against object D09002ee1aab5a20c</eventDetail>
        <eventOutcomeInformation>
            <eventOutcome>Success</eventOutcome>
        </eventOutcomeInformation>
        <linkingAgentIdentifier>
            <linkingAgentIdentifierType>FDsys:agent</linkingAgentIdentifierType>
            <linkingAgentIdentifierValue>Documentum Server 20.3.0000.0070  Linux64.Oracle</linkingAgentIdentifierValue>
            <linkingAgentRole>executing program</linkingAgentRole>
        </linkingAgentIdentifier>
        <linkingObjectIdentifier>
            <linkingObjectIdentifierType>FDsys</linkingObjectIdentifierType>
            <linkingObjectIdentifierValue>D09002ee1aab5a20c</linkingObjectIdentifierValue>
            <linkingObjectRole>outcome</linkingObjectRole>
        </linkingObjectIdentifier>
    </event>
    <event>
        <eventIdentifier>
            <eventIdentifierType>FDsys:event</eventIdentifierType>
            <eventIdentifierValue>febe4901-98fd-4a79-826a-b84c438264af</eventIdentifierValue>
        </eventIdentifier>
        <eventType>File Format Identification</eventType>
        <eventDateTime>2021-01-05T23:34:59-05:00</eventDateTime>
        <eventDetail>File format identified for object D09002ee1aab5a20c</eventDetail>
        <eventOutcomeInformation>
            <eventOutcome>Success</eventOutcome>
        </eventOutcomeInformation>
        <linkingAgentIdentifier>
            <linkingAgentIdentifierType>FDsys:agent</linkingAgentIdentifierType>
            <linkingAgentIdentifierValue>Droid_v90</linkingAgentIdentifierValue>
            <linkingAgentRole>executing program</linkingAgentRole>
        </linkingAgentIdentifier>
        <linkingObjectIdentifier>
            <linkingObjectIdentifierType>FDsys</linkingObjectIdentifierType>
            <linkingObjectIdentifierValue>D09002ee1aab5a20c</linkingObjectIdentifierValue>
            <linkingObjectRole>outcome</linkingObjectRole>
        </linkingObjectIdentifier>
    </event>
    <event>
        <eventIdentifier>
            <eventIdentifierType>FDsys:event</eventIdentifierType>
            <eventIdentifierValue>7b96450f-9ce3-4c4d-b708-46312da59cae</eventIdentifierValue>
        </eventIdentifier>
        <eventType>Crypto Time Stamp Calculation</eventType>
        <eventDateTime>2021-01-05T23:34:59-05:00</eventDateTime>
        <eventDetail>Cryptographic timestamp created for object D09002ee1aab5a20c</eventDetail>
        <eventOutcomeInformation>
            <eventOutcome>Success</eventOutcome>
        </eventOutcomeInformation>
        <linkingAgentIdentifier>
            <linkingAgentIdentifierType>FDsys:agent</linkingAgentIdentifierType>
            <linkingAgentIdentifierValue>Crypto_v1.0</linkingAgentIdentifierValue>
            <linkingAgentRole>executing program</linkingAgentRole>
        </linkingAgentIdentifier>
        <linkingObjectIdentifier>
            <linkingObjectIdentifierType>FDsys</linkingObjectIdentifierType>
            <linkingObjectIdentifierValue>D09002ee1aab5a20c</linkingObjectIdentifierValue>
            <linkingObjectRole>outcome</linkingObjectRole>
        </linkingObjectIdentifier>
    </event>
    <event>
        <eventIdentifier>
            <eventIdentifierType>FDsys:event</eventIdentifierType>
            <eventIdentifierValue>0a5b9dd7-1b85-4728-a2e5-97058a316d4e</eventIdentifierValue>
        </eventIdentifier>
        <eventType>Message Digest Calculation</eventType>
        <eventDateTime>2021-01-05T23:34:59-05:00</eventDateTime>
        <eventDetail>Checksum calculated against object D09002ee1aab5a212</eventDetail>
        <eventOutcomeInformation>
            <eventOutcome>Success</eventOutcome>
        </eventOutcomeInformation>
        <linkingAgentIdentifier>
            <linkingAgentIdentifierType>FDsys:agent</linkingAgentIdentifierType>
            <linkingAgentIdentifierValue>Documentum Server 20.3.0000.0070  Linux64.Oracle</linkingAgentIdentifierValue>
            <linkingAgentRole>executing program</linkingAgentRole>
        </linkingAgentIdentifier>
        <linkingObjectIdentifier>
            <linkingObjectIdentifierType>FDsys</linkingObjectIdentifierType>
            <linkingObjectIdentifierValue>D09002ee1aab5a212</linkingObjectIdentifierValue>
            <linkingObjectRole>outcome</linkingObjectRole>
        </linkingObjectIdentifier>
    </event>
    <event>
        <eventIdentifier>
            <eventIdentifierType>FDsys:event</eventIdentifierType>
            <eventIdentifierValue>35b6f745-6728-4d9a-b3e8-6a020af71f3a</eventIdentifierValue>
        </eventIdentifier>
        <eventType>Ingestion</eventType>
        <eventDateTime>2021-01-05T23:35:02-05:00</eventDateTime>
        <eventDetail>Archival Information Package V0b002ee1aab5a14f created from Submission Information Package P0b002ee1aab4e718 and stored in Archival storage</eventDetail>
        <eventOutcomeInformation>
            <eventOutcome>Success</eventOutcome>
        </eventOutcomeInformation>
        <linkingAgentIdentifier>
            <linkingAgentIdentifierType>FDsys:agent</linkingAgentIdentifierType>
            <linkingAgentIdentifierValue>CreateAIPFiles_v1.0</linkingAgentIdentifierValue>
            <linkingAgentRole>executing program</linkingAgentRole>
        </linkingAgentIdentifier>
        <linkingObjectIdentifier>
            <linkingObjectIdentifierType>FDsys</linkingObjectIdentifierType>
            <linkingObjectIdentifierValue>V0b002ee1aab5a14f</linkingObjectIdentifierValue>
            <linkingObjectRole>outcome</linkingObjectRole>
        </linkingObjectIdentifier>
        <linkingObjectIdentifier>
            <linkingObjectIdentifierType>FDsys</linkingObjectIdentifierType>
            <linkingObjectIdentifierValue>P0b002ee1aab4e718</linkingObjectIdentifierValue>
            <linkingObjectRole>source</linkingObjectRole>
        </linkingObjectIdentifier>
    </event>
    <event>
        <eventIdentifier>
            <eventIdentifierType>FDsys:event</eventIdentifierType>
            <eventIdentifierValue>86bedfe3-41a7-40f1-b496-3d01585bba09</eventIdentifierValue>
        </eventIdentifier>
        <eventType>ACP Creation</eventType>
        <eventDateTime>2021-01-05T23:35:12-05:00</eventDateTime>
        <eventDetail>Access Content Package created from Submission Information Package P0b002ee1aab4e718</eventDetail>
        <eventOutcomeInformation>
            <eventOutcome>Success</eventOutcome>
        </eventOutcomeInformation>
        <linkingAgentIdentifier>
            <linkingAgentIdentifierType>FDsys:agent</linkingAgentIdentifierType>
            <linkingAgentIdentifierValue>CreateACP_v1.0</linkingAgentIdentifierValue>
            <linkingAgentRole>executing program</linkingAgentRole>
        </linkingAgentIdentifier>
        <linkingObjectIdentifier>
            <linkingObjectIdentifierType>FDsys</linkingObjectIdentifierType>
            <linkingObjectIdentifierValue>P0b002ee1aab4e718</linkingObjectIdentifierValue>
            <linkingObjectRole>outcome</linkingObjectRole>
        </linkingObjectIdentifier>
    </event>
    <event>
        <eventIdentifier>
            <eventIdentifierType>FDsys:event</eventIdentifierType>
            <eventIdentifierValue>9f39936c-1d86-4fb2-a23f-5bf77798e814</eventIdentifierValue>
        </eventIdentifier>
        <eventType>File Format Identification</eventType>
        <eventDateTime>2021-01-05T23:36:06-05:00</eventDateTime>
        <eventDetail>File format identified for object D09002ee1aab5b03a</eventDetail>
        <eventOutcomeInformation>
            <eventOutcome>Success</eventOutcome>
        </eventOutcomeInformation>
        <linkingAgentIdentifier>
            <linkingAgentIdentifierType>FDsys:agent</linkingAgentIdentifierType>
            <linkingAgentIdentifierValue>Droid_v90</linkingAgentIdentifierValue>
            <linkingAgentRole>executing program</linkingAgentRole>
        </linkingAgentIdentifier>
        <linkingObjectIdentifier>
            <linkingObjectIdentifierType>FDsys</linkingObjectIdentifierType>
            <linkingObjectIdentifierValue>D09002ee1aab5b03a</linkingObjectIdentifierValue>
            <linkingObjectRole>outcome</linkingObjectRole>
        </linkingObjectIdentifier>
    </event>
    <event>
        <eventIdentifier>
            <eventIdentifierType>FDsys:event</eventIdentifierType>
            <eventIdentifierValue>3d163ac9-ee74-4766-a5ae-c2c433608dac</eventIdentifierValue>
        </eventIdentifier>
        <eventType>Message Digest Calculation</eventType>
        <eventDateTime>2021-01-05T23:36:06-05:00</eventDateTime>
        <eventDetail>Checksum calculated against object D09002ee1aab5b03b</eventDetail>
        <eventOutcomeInformation>
            <eventOutcome>Success</eventOutcome>
        </eventOutcomeInformation>
        <linkingAgentIdentifier>
            <linkingAgentIdentifierType>FDsys:agent</linkingAgentIdentifierType>
            <linkingAgentIdentifierValue>Documentum Server 20.3.0000.0070  Linux64.Oracle</linkingAgentIdentifierValue>
            <linkingAgentRole>executing program</linkingAgentRole>
        </linkingAgentIdentifier>
        <linkingObjectIdentifier>
            <linkingObjectIdentifierType>FDsys</linkingObjectIdentifierType>
            <linkingObjectIdentifierValue>D09002ee1aab5b03b</linkingObjectIdentifierValue>
            <linkingObjectRole>outcome</linkingObjectRole>
        </linkingObjectIdentifier>
    </event>
    <event>
        <eventIdentifier>
            <eventIdentifierType>FDsys:event</eventIdentifierType>
            <eventIdentifierValue>79ba0e61-57ae-426d-9776-71e9dc43c556</eventIdentifierValue>
        </eventIdentifier>
        <eventType>File Format Identification</eventType>
        <eventDateTime>2021-01-05T23:36:06-05:00</eventDateTime>
        <eventDetail>File format identified for object D09002ee1aab5b03b</eventDetail>
        <eventOutcomeInformation>
            <eventOutcome>Success</eventOutcome>
        </eventOutcomeInformation>
        <linkingAgentIdentifier>
            <linkingAgentIdentifierType>FDsys:agent</linkingAgentIdentifierType>
            <linkingAgentIdentifierValue>Droid_v90</linkingAgentIdentifierValue>
            <linkingAgentRole>executing program</linkingAgentRole>
        </linkingAgentIdentifier>
        <linkingObjectIdentifier>
            <linkingObjectIdentifierType>FDsys</linkingObjectIdentifierType>
            <linkingObjectIdentifierValue>D09002ee1aab5b03b</linkingObjectIdentifierValue>
            <linkingObjectRole>outcome</linkingObjectRole>
        </linkingObjectIdentifier>
    </event>
    <event>
        <eventIdentifier>
            <eventIdentifierType>FDsys:event</eventIdentifierType>
            <eventIdentifierValue>11eadb99-e94d-4393-b7de-d3ea8f21e18b</eventIdentifierValue>
        </eventIdentifier>
        <eventType>Message Digest Calculation</eventType>
        <eventDateTime>2021-01-05T23:36:06-05:00</eventDateTime>
        <eventDetail>Checksum calculated against object D09002ee1aab5b03c</eventDetail>
        <eventOutcomeInformation>
            <eventOutcome>Success</eventOutcome>
        </eventOutcomeInformation>
        <linkingAgentIdentifier>
            <linkingAgentIdentifierType>FDsys:agent</linkingAgentIdentifierType>
            <linkingAgentIdentifierValue>Documentum Server 20.3.0000.0070  Linux64.Oracle</linkingAgentIdentifierValue>
            <linkingAgentRole>executing program</linkingAgentRole>
        </linkingAgentIdentifier>
        <linkingObjectIdentifier>
            <linkingObjectIdentifierType>FDsys</linkingObjectIdentifierType>
            <linkingObjectIdentifierValue>D09002ee1aab5b03c</linkingObjectIdentifierValue>
            <linkingObjectRole>outcome</linkingObjectRole>
        </linkingObjectIdentifier>
    </event>
    <event>
        <eventIdentifier>
            <eventIdentifierType>FDsys:event</eventIdentifierType>
            <eventIdentifierValue>92b8799e-b35c-4151-bbab-b341368b3932</eventIdentifierValue>
        </eventIdentifier>
        <eventType>Parsing</eventType>
        <eventDateTime>2021-01-05T23:36:06-05:00</eventDateTime>
        <eventDetail>Access Content Package P0b002ee1aab4e718 was parsed. Descriptive metadata was extracted and persisted in MODS</eventDetail>
        <eventOutcomeInformation>
            <eventOutcome>Success</eventOutcome>
        </eventOutcomeInformation>
        <linkingAgentIdentifier>
            <linkingAgentIdentifierType>FDsys:agent</linkingAgentIdentifierType>
            <linkingAgentIdentifierValue>1.1.0</linkingAgentIdentifierValue>
            <linkingAgentRole>executing program</linkingAgentRole>
        </linkingAgentIdentifier>
        <linkingObjectIdentifier>
            <linkingObjectIdentifierType>FDsys</linkingObjectIdentifierType>
            <linkingObjectIdentifierValue>P0b002ee1aab4e718</linkingObjectIdentifierValue>
            <linkingObjectRole>source</linkingObjectRole>
        </linkingObjectIdentifier>
    </event>
    <event>
        <eventIdentifier>
            <eventIdentifierType>FDsys:event</eventIdentifierType>
            <eventIdentifierValue>82c24a20-576d-4936-8b58-769417055457</eventIdentifierValue>
        </eventIdentifier>
        <eventType>Rendition Creation</eventType>
        <eventDateTime>2021-01-05T23:36:06-05:00</eventDateTime>
        <eventDetail>A new rendition R0b002ee1aab5af9d created from rendition R0b002ee1aab4e719 and added to package P0b002ee1aab4e718</eventDetail>
        <eventOutcomeInformation>
            <eventOutcome>Success</eventOutcome>
        </eventOutcomeInformation>
        <linkingAgentIdentifier>
            <linkingAgentIdentifierType>FDsys:agent</linkingAgentIdentifierType>
            <linkingAgentIdentifierValue>CreateAccessRendtions_v1.0</linkingAgentIdentifierValue>
            <linkingAgentRole>executing program</linkingAgentRole>
        </linkingAgentIdentifier>
        <linkingObjectIdentifier>
            <linkingObjectIdentifierType>FDsys</linkingObjectIdentifierType>
            <linkingObjectIdentifierValue>R0b002ee1aab5af9d</linkingObjectIdentifierValue>
            <linkingObjectRole>outcome</linkingObjectRole>
        </linkingObjectIdentifier>
        <linkingObjectIdentifier>
            <linkingObjectIdentifierType>FDsys</linkingObjectIdentifierType>
            <linkingObjectIdentifierValue>R0b002ee1aab4e719</linkingObjectIdentifierValue>
            <linkingObjectRole>source</linkingObjectRole>
        </linkingObjectIdentifier>
    </event>
    <event>
        <eventIdentifier>
            <eventIdentifierType>FDsys:event</eventIdentifierType>
            <eventIdentifierValue>28c134c3-9f06-4004-b86f-41ce4934c49f</eventIdentifierValue>
        </eventIdentifier>
        <eventType>Rendition Creation</eventType>
        <eventDateTime>2021-01-05T23:36:06-05:00</eventDateTime>
        <eventDetail>A new rendition R0b002ee1aab5b064 created from rendition R0b002ee1aab599b9 and added to package P0b002ee1aab4e718</eventDetail>
        <eventOutcomeInformation>
            <eventOutcome>Success</eventOutcome>
        </eventOutcomeInformation>
        <linkingAgentIdentifier>
            <linkingAgentIdentifierType>FDsys:agent</linkingAgentIdentifierType>
            <linkingAgentIdentifierValue>CreateAccessRendtions_v1.0</linkingAgentIdentifierValue>
            <linkingAgentRole>executing program</linkingAgentRole>
        </linkingAgentIdentifier>
        <linkingObjectIdentifier>
            <linkingObjectIdentifierType>FDsys</linkingObjectIdentifierType>
            <linkingObjectIdentifierValue>R0b002ee1aab5b064</linkingObjectIdentifierValue>
            <linkingObjectRole>outcome</linkingObjectRole>
        </linkingObjectIdentifier>
        <linkingObjectIdentifier>
            <linkingObjectIdentifierType>FDsys</linkingObjectIdentifierType>
            <linkingObjectIdentifierValue>R0b002ee1aab599b9</linkingObjectIdentifierValue>
            <linkingObjectRole>source</linkingObjectRole>
        </linkingObjectIdentifier>
    </event>
    <event>
        <eventIdentifier>
            <eventIdentifierType>FDsys:event</eventIdentifierType>
            <eventIdentifierValue>9e2b6e9d-569b-4e11-ab95-44f0d1a660e0</eventIdentifierValue>
        </eventIdentifier>
        <eventType>Rendition Creation</eventType>
        <eventDateTime>2021-01-05T23:36:06-05:00</eventDateTime>
        <eventDetail>A new rendition R0b002ee1aab5af9e created from rendition R0b002ee1aab4e71a and added to package P0b002ee1aab4e718</eventDetail>
        <eventOutcomeInformation>
            <eventOutcome>Success</eventOutcome>
        </eventOutcomeInformation>
        <linkingAgentIdentifier>
            <linkingAgentIdentifierType>FDsys:agent</linkingAgentIdentifierType>
            <linkingAgentIdentifierValue>CreateAccessRendtions_v1.0</linkingAgentIdentifierValue>
            <linkingAgentRole>executing program</linkingAgentRole>
        </linkingAgentIdentifier>
        <linkingObjectIdentifier>
            <linkingObjectIdentifierType>FDsys</linkingObjectIdentifierType>
            <linkingObjectIdentifierValue>R0b002ee1aab5af9e</linkingObjectIdentifierValue>
            <linkingObjectRole>outcome</linkingObjectRole>
        </linkingObjectIdentifier>
        <linkingObjectIdentifier>
            <linkingObjectIdentifierType>FDsys</linkingObjectIdentifierType>
            <linkingObjectIdentifierValue>R0b002ee1aab4e71a</linkingObjectIdentifierValue>
            <linkingObjectRole>source</linkingObjectRole>
        </linkingObjectIdentifier>
    </event>
    <event>
        <eventIdentifier>
            <eventIdentifierType>FDsys:event</eventIdentifierType>
            <eventIdentifierValue>4aa7ff56-1c55-454c-bed4-b0b42b4f1855</eventIdentifierValue>
        </eventIdentifier>
        <eventType>Digital Signature Assignment</eventType>
        <eventDateTime>2021-01-05T23:36:06-05:00</eventDateTime>
        <eventDetail>PDF File D09002ee1aab5b03b digitally signed</eventDetail>
        <eventOutcomeInformation>
            <eventOutcome>Success</eventOutcome>
        </eventOutcomeInformation>
        <linkingAgentIdentifier>
            <linkingAgentIdentifierType>FDsys:agent</linkingAgentIdentifierType>
            <linkingAgentIdentifierValue>LiveCycle_v11.0.0</linkingAgentIdentifierValue>
            <linkingAgentRole>executing program</linkingAgentRole>
        </linkingAgentIdentifier>
        <linkingObjectIdentifier>
            <linkingObjectIdentifierType>FDsys</linkingObjectIdentifierType>
            <linkingObjectIdentifierValue>D09002ee1aab5b03b</linkingObjectIdentifierValue>
            <linkingObjectRole>outcome</linkingObjectRole>
        </linkingObjectIdentifier>
    </event>
    <event>
        <eventIdentifier>
            <eventIdentifierType>FDsys:event</eventIdentifierType>
            <eventIdentifierValue>56f6ab32-618e-4881-83a9-71e6e4616b57</eventIdentifierValue>
        </eventIdentifier>
        <eventType>Message Digest Calculation</eventType>
        <eventDateTime>2021-01-05T23:36:06-05:00</eventDateTime>
        <eventDetail>Checksum calculated against object D09002ee1aab5b03a</eventDetail>
        <eventOutcomeInformation>
            <eventOutcome>Success</eventOutcome>
        </eventOutcomeInformation>
        <linkingAgentIdentifier>
            <linkingAgentIdentifierType>FDsys:agent</linkingAgentIdentifierType>
            <linkingAgentIdentifierValue>Documentum Server 20.3.0000.0070  Linux64.Oracle</linkingAgentIdentifierValue>
            <linkingAgentRole>executing program</linkingAgentRole>
        </linkingAgentIdentifier>
        <linkingObjectIdentifier>
            <linkingObjectIdentifierType>FDsys</linkingObjectIdentifierType>
            <linkingObjectIdentifierValue>D09002ee1aab5b03a</linkingObjectIdentifierValue>
            <linkingObjectRole>outcome</linkingObjectRole>
        </linkingObjectIdentifier>
    </event>
    <event>
        <eventIdentifier>
            <eventIdentifierType>FDsys:event</eventIdentifierType>
            <eventIdentifierValue>f39ad90e-d66d-4219-a2ac-c1631168e7c9</eventIdentifierValue>
        </eventIdentifier>
        <eventType>File Format Identification</eventType>
        <eventDateTime>2021-01-05T23:36:06-05:00</eventDateTime>
        <eventDetail>File format identified for object D09002ee1aab5b03c</eventDetail>
        <eventOutcomeInformation>
            <eventOutcome>Success</eventOutcome>
        </eventOutcomeInformation>
        <linkingAgentIdentifier>
            <linkingAgentIdentifierType>FDsys:agent</linkingAgentIdentifierType>
            <linkingAgentIdentifierValue>Droid_v90</linkingAgentIdentifierValue>
            <linkingAgentRole>executing program</linkingAgentRole>
        </linkingAgentIdentifier>
        <linkingObjectIdentifier>
            <linkingObjectIdentifierType>FDsys</linkingObjectIdentifierType>
            <linkingObjectIdentifierValue>D09002ee1aab5b03c</linkingObjectIdentifierValue>
            <linkingObjectRole>outcome</linkingObjectRole>
        </linkingObjectIdentifier>
    </event>
    <agent>
        <agentIdentifier>
            <agentIdentifierType>FDsys:agent</agentIdentifierType>
            <agentIdentifierValue>hotfolderadmin</agentIdentifierValue>
        </agentIdentifier>
        <agentName>hotfolderadmin</agentName>
        <agentType>Person</agentType>
    </agent>
    <agent>
        <agentIdentifier>
            <agentIdentifierType>FDsys:agent</agentIdentifierType>
            <agentIdentifierValue>CreateAIPFiles_v1.0</agentIdentifierValue>
        </agentIdentifier>
        <agentName>CreateAIPFiles_v1.0</agentName>
        <agentType>Software</agentType>
    </agent>
    <agent>
        <agentIdentifier>
            <agentIdentifierType>FDsys:agent</agentIdentifierType>
            <agentIdentifierValue>Documentum Server 20.3.0000.0070  Linux64.Oracle</agentIdentifierValue>
        </agentIdentifier>
        <agentName>Documentum Server 20.3.0000.0070  Linux64.Oracle</agentName>
        <agentType>Software</agentType>
    </agent>
    <agent>
        <agentIdentifier>
            <agentIdentifierType>FDsys:agent</agentIdentifierType>
            <agentIdentifierValue>Crypto_v1.0</agentIdentifierValue>
        </agentIdentifier>
        <agentName>Crypto_v1.0</agentName>
        <agentType>Software</agentType>
    </agent>
    <agent>
        <agentIdentifier>
            <agentIdentifierType>FDsys:agent</agentIdentifierType>
            <agentIdentifierValue>LiveCycle_v11.0.0</agentIdentifierValue>
        </agentIdentifier>
        <agentName>LiveCycle_v11.0.0</agentName>
        <agentType>Software</agentType>
    </agent>
    <agent>
        <agentIdentifier>
            <agentIdentifierType>FDsys:agent</agentIdentifierType>
            <agentIdentifierValue>ScanEngine_v8.0</agentIdentifierValue>
        </agentIdentifier>
        <agentName>ScanEngine_v8.0</agentName>
        <agentType>Software</agentType>
    </agent>
    <agent>
        <agentIdentifier>
            <agentIdentifierType>FDsys:agent</agentIdentifierType>
            <agentIdentifierValue>1.1.0</agentIdentifierValue>
        </agentIdentifier>
        <agentName>1.1.0</agentName>
        <agentType>Software</agentType>
    </agent>
    <agent>
        <agentIdentifier>
            <agentIdentifierType>FDsys:agent</agentIdentifierType>
            <agentIdentifierValue>CreateAccessRendtions_v1.0</agentIdentifierValue>
        </agentIdentifier>
        <agentName>CreateAccessRendtions_v1.0</agentName>
        <agentType>Software</agentType>
    </agent>
    <agent>
        <agentIdentifier>
            <agentIdentifierType>FDsys:agent</agentIdentifierType>
            <agentIdentifierValue>11002ee1800e2900</agentIdentifierValue>
        </agentIdentifier>
        <agentName>11002ee1800e2900</agentName>
        <agentType>Person</agentType>
    </agent>
    <agent>
        <agentIdentifier>
            <agentIdentifierType>FDsys:agent</agentIdentifierType>
            <agentIdentifierValue>Droid_v90</agentIdentifierValue>
        </agentIdentifier>
        <agentName>Droid_v90</agentName>
        <agentType>Software</agentType>
    </agent>
    <agent>
        <agentIdentifier>
            <agentIdentifierType>FDsys:agent</agentIdentifierType>
            <agentIdentifierValue>CreateACP_v1.0</agentIdentifierValue>
        </agentIdentifier>
        <agentName>CreateACP_v1.0</agentName>
        <agentType>Software</agentType>
    </agent>
</premis>
