<?xml version="1.0"?>
<?xml-stylesheet type="text/xsl" href="billres.xsl"?>
<!DOCTYPE resolution PUBLIC "-//US Congress//DTDs/res.dtd//EN" "res.dtd">
<resolution resolution-stage="Introduced-in-House" dms-id="HD1529701723945E8A4D91BC3A04B7310" public-private="public" resolution-type="house-resolution" star-print="no-star-print" key="H"><metadata xmlns:dc="http://purl.org/dc/elements/1.1/">
<dublinCore>
<dc:title>117 HRES 17 IH: Expressing the sense of the House of Representatives that the President should redirect and target foreign assistance provided to El Salvador, Guatemala, and Honduras in a manner that addresses the driving causes of illegal immigration into the United States from such countries, and for other purposes.</dc:title>
<dc:publisher>U.S. House of Representatives</dc:publisher>
<dc:date>2021-01-05</dc:date>
<dc:format>text/xml</dc:format>
<dc:language>EN</dc:language>
<dc:rights>Pursuant to Title 17 Section 105 of the United States Code, this file is not subject to copyright protection and is in the public domain.</dc:rights>
</dublinCore>
</metadata>
<form>
<distribution-code display="yes">IV</distribution-code><congress display="yes">117th CONGRESS</congress><session display="yes">1st Session</session><legis-num display="yes">H. RES. 17</legis-num><current-chamber>IN THE HOUSE OF REPRESENTATIVES</current-chamber><action display="yes"><action-date date="20210105">January 5, 2021</action-date><action-desc><sponsor name-id="B001248">Mr. Burgess</sponsor> submitted the following resolution; which was referred to the <committee-name committee-id="HFA00">Committee on Foreign Affairs</committee-name></action-desc></action><legis-type>RESOLUTION</legis-type><official-title display="yes">Expressing the sense of the House of Representatives that the President should redirect and target foreign assistance provided to El Salvador, Guatemala, and Honduras in a manner that addresses the driving causes of illegal immigration into the United States from such countries, and for other purposes.</official-title></form><preamble><whereas><text>Whereas gang violence, poverty, and corruption are the main drivers of illegal immigration from El Salvador, Guatemala, and Honduras to the United States;</text></whereas><whereas><text>Whereas in fiscal year 2018, 34 percent of all southwest border apprehensions were migrants from El Salvador, Guatemala, or Honduras, of which 90 percent are unaccompanied alien children or family units;</text></whereas><whereas><text>Whereas roughly half of Central America’s population lives in poverty, including 33 percent of Salvadorans, 59 percent of Guatemalans, and 66 percent of Hondurans;</text></whereas><whereas><text>Whereas millions of Salvadorans, Guatemalans, and Hon­dur­ans face hunger at some point each year;</text></whereas><whereas><text>Whereas in particular, the indigenous people of Mayan descent in Guatemala are the most malnourished population in the world with children averaging 6 inches shorter than the global average height for their ages, as reported by the World Health Organization;</text></whereas><whereas><text>Whereas transnational criminal organizations use Central American countries to traffic approximately 90 percent of the cocaine bound for the United States;</text></whereas><whereas><text>Whereas gang-related violence in El Salvador, Guatemala, and Honduras contributes to the highest homicide rates in the world;</text></whereas><whereas><text>Whereas Salvadorans, Guatemalans, and Hondurans are forced to pay hundreds of millions of dollars in <quote>protection taxes</quote> by gangs and transnational criminal organizations;</text></whereas><whereas><text>Whereas the United States provided more than $2,600,000,000 in foreign assistance to Central American countries between fiscal years 2015 and 2018, and Congress has proposed to provide $595,000,000 in such assistance during fiscal year 2019;</text></whereas><whereas><text>Whereas there exists the potential for foreign assistance from the United States to be misused by central government officials in El Salvador, Guatemala, and Honduras in order to reduce the success of anti-corruption efforts; and</text></whereas><whereas><text>Whereas systemic corruption in El Salvador, Guatemala, and Honduras undermines efforts to address the driving causes of illegal immigration into the United States from such countries: Now, therefore, be it</text></whereas></preamble><resolution-body style="traditional" id="HC666E730FA204D058587347E6EFC03FA"><section display-inline="yes-display-inline" section-type="undesignated-section" id="H7B9D90E415C4412A8FD265101690B016"><enum/><text>That it is the sense of the House of Representatives that the President should redirect foreign assistance provided to El Salvador, Guatemala, and Honduras away from the central governments of such countries and instead target such assistance in a manner that addresses the driving causes of illegal immigration into the United States from such countries, by supporting local and regional governmental entities as well as entities in the private sector and civil society, especially non-profit, faith-based, or non-governmental organizations and educational institutions, that are addressing such causes.</text></section></resolution-body></resolution> 

