<?xml version="1.0"?>
<?xml-stylesheet type="text/xsl" href="billres.xsl"?>
<!DOCTYPE resolution PUBLIC "-//US Congress//DTDs/res.dtd//EN" "res.dtd">
<resolution resolution-stage="Introduced-in-House" dms-id="HF0D94D2639174EC58A7CF54676F73182" public-private="public" resolution-type="house-resolution" star-print="no-star-print" key="H"><metadata xmlns:dc="http://purl.org/dc/elements/1.1/">
<dublinCore>
<dc:title>117 HRES 39 IH: Honoring the bravery and self-sacrifice by officers of the United States Capitol Police and other Federal, State, and local law enforcement agencies during the January 6, 2021, attack on the United States Capitol.</dc:title>
<dc:publisher>U.S. House of Representatives</dc:publisher>
<dc:date>2021-01-12</dc:date>
<dc:format>text/xml</dc:format>
<dc:language>EN</dc:language>
<dc:rights>Pursuant to Title 17 Section 105 of the United States Code, this file is not subject to copyright protection and is in the public domain.</dc:rights>
</dublinCore>
</metadata>
<form>
<distribution-code display="yes">IV</distribution-code><congress display="yes">117th CONGRESS</congress><session display="yes">1st Session</session><legis-num display="yes">H. RES. 39</legis-num><current-chamber>IN THE HOUSE OF REPRESENTATIVES</current-chamber><action display="yes"><action-date date="20210112">January 12, 2021</action-date><action-desc><sponsor name-id="H001072">Mr. Hill</sponsor> (for himself and <cosponsor name-id="P000593">Mr. Perlmutter</cosponsor>) submitted the following resolution; which was referred to the <committee-name committee-id="HHA00">Committee on House Administration</committee-name>, and in addition to the Committee on <committee-name committee-id="HJU00">the Judiciary</committee-name>, for a period to be subsequently determined by the Speaker, in each case for consideration of such provisions as fall within the jurisdiction of the committee concerned</action-desc></action><legis-type>RESOLUTION</legis-type><official-title display="yes">Honoring the bravery and self-sacrifice by officers of the United States Capitol Police and other Federal, State, and local law enforcement agencies during the January 6, 2021, attack on the United States Capitol.</official-title></form><preamble><whereas><text>Whereas, on Wednesday, January 6, 2021, during a joint session of Congress, an attack occurred on the United States Capitol, gravely threatening the physical well-being of the Vice President, members of the House of Representatives and the Senate along with hundreds of civilians located within and on the grounds of the Capitol Complex and the security of the Capitol Complex itself;</text></whereas><whereas><text>Whereas United States Capitol Police officers and other law enforcement officers directly engaged the attackers, who were armed with explosives, metal pipes, chemical irritants, and other weapons;</text></whereas><whereas><text>Whereas Officer Brian D. Sicknick of the United States Capitol Police sustained fatal injuries while engaging with the attackers and defending the United States Capitol;</text></whereas><whereas><text>Whereas Officer Howard Liebengood of the United States Capitol Police died while off-duty after the attacks on the United States Capitol;</text></whereas><whereas><text>Whereas more than 50 United States Capitol Police officers and Metropolitan Police Department of the District of Columbia officers sustained injuries during the attack on the United States Capitol; and</text></whereas><whereas><text>Whereas no members of the House of Representatives or the Senate were injured during the attack due to the swift and courageous actions taken by members of the United States Capitol Police, the Metropolitan Police Department of the District of Columbia, and other Federal, State, and local law enforcement agencies: Now, therefore, be it</text></whereas></preamble><resolution-body style="traditional" id="H5A063650C4364CC383C66E7A3537D9BD"><section id="H71611FCF1C46453DA77F1CA12A05C9C0" section-type="undesignated-section" display-inline="yes-display-inline"><enum/><text display-inline="yes-display-inline">That the House of Representatives—</text><paragraph id="H0B6BA248C52D47AA9706C7698001F809"><enum>(1)</enum><text>commends the examples of bravery and service-above-self demonstrated by officers of the United States Capitol Police, the Metropolitan Police Department of the District of Columbia, and the multiple Federal, State, and local law enforcement agencies and protective entities that joined alongside of them during the January 6, 2021, attack on the United States Capitol; and</text></paragraph><paragraph id="HCDEB7E52A1A44B589D82554C47218281"><enum>(2)</enum><text display-inline="yes-display-inline">honors the example of service and devotion to duty displayed by Officer Brian D. Sicknick and Officer Howard Liebengood of the United States Capitol Police.</text></paragraph></section></resolution-body></resolution> 

