<?xml version="1.0"?>
<?xml-stylesheet type="text/xsl" href="billres.xsl"?>
<!DOCTYPE resolution PUBLIC "-//US Congress//DTDs/res.dtd//EN" "res.dtd">
<resolution resolution-stage="Introduced-in-House" dms-id="HE4752202DF11426DAC4E3AB9E643E884" public-private="public" resolution-type="house-joint" star-print="no-star-print" key="H"><metadata xmlns:dc="http://purl.org/dc/elements/1.1/">
<dublinCore>
<dc:title>117 HJ 10 IH: Expressing support for designation of September 2021 as “Gospel Music Heritage Month” and honoring gospel music for its valuable and longstanding contributions to the culture of the United States.</dc:title>
<dc:publisher>U.S. House of Representatives</dc:publisher>
<dc:date>2021-01-04</dc:date>
<dc:format>text/xml</dc:format>
<dc:language>EN</dc:language>
<dc:rights>Pursuant to Title 17 Section 105 of the United States Code, this file is not subject to copyright protection and is in the public domain.</dc:rights>
</dublinCore>
</metadata>
<form>
<distribution-code display="yes">IA</distribution-code><congress display="yes">117th CONGRESS</congress><session display="yes">1st Session</session><legis-num display="yes">H. J. RES. 10</legis-num><current-chamber>IN THE HOUSE OF REPRESENTATIVES</current-chamber><action display="yes"><action-date date="20210104">January 4, 2021</action-date><action-desc><sponsor name-id="J000032">Ms. Jackson Lee</sponsor> submitted the following joint resolution; which was referred to the <committee-name committee-id="HGO00">Committee on Oversight and Reform</committee-name></action-desc></action><legis-type>JOINT RESOLUTION</legis-type><official-title display="yes">Expressing support for designation of September 2021 as <quote>Gospel Music Heritage Month</quote> and honoring gospel music for its valuable and longstanding contributions to the culture of the United States.</official-title></form><preamble><whereas><text>Whereas gospel music is a beloved art form unique to the United States, spanning decades, generations, and races;</text></whereas><whereas><text>Whereas gospel music is one of the cornerstones of the musical tradition of the United States and has grown beyond its roots to achieve pop-culture and historical relevance;</text></whereas><whereas><text>Whereas gospel music has spread beyond its geographic origins to touch audiences around the world;</text></whereas><whereas><text>Whereas the history of gospel music can be traced to multiple and diverse influences and foundations, including African-American spirituals that blended diverse elements from African music and melodic influences from Irish folk songs and hymns, and gospel music ultimately borrowed from uniquely American musical styles, including ragtime, jazz, and blues;</text></whereas><whereas><text>Whereas that tradition of diversity remains today, as the influence of gospel music can be found infused in all forms of secular music, including rock and roll, country, soul, rhythm and blues, and countless other styles;</text></whereas><whereas><text>Whereas the legacy of gospel music includes some of the most memorable voices and musical pioneers in the history of the United States, such as Thomas Dorsey, Mahalia Jackson, James Vaughan, Roberta Martin, Virgil Stamps, Diana Washington, Stamps Quartet, The Highway QCs, The Statesmen, The Soul Stirrers, Point of Grace, Smokie Norful, Terry Woods, James Cleveland, Billy Ray Hearns, Rex Humbard, Joe Ligon and The Mighty Clouds of Joy, Kirk Franklin, V. Michael McKay, Theola Booker, Yolanda Adams, Edwin and Walter Hawkins, Sandi Patty, The Winans, Kathy Taylor, Mavis Staples and the Staple Singers, and Brenda Waters, Carl Preacher, Shirley Joiner of B, C &amp; S;</text></whereas><whereas><text>Whereas many of the biggest names in music emerged from the gospel music tradition or have recorded gospel music, including Sam Cooke, Al Green, Elvis Presley, Marvin Gaye, Aretha Franklin, Whitney Houston, Little Richard, Ray Charles, Buddy Holly, Alan Jackson, Dolly Parton, Mariah Carey, Bob Dylan, and Randy Travis;</text></whereas><whereas><text>Whereas, regardless of their musical styles, those artists and so many more have turned to gospel music as the source and inspiration for their music, which has blurred the boundaries between secular and gospel music;</text></whereas><whereas><text>Whereas, beyond its contribution to the musical tradition of the United States, gospel music has provided a cultural and musical backdrop across all of mainstream media, from hit television series to major Hollywood motion pictures, including <quote>American Idol</quote>, <quote>Heroes</quote>, <quote>Dancing with the Stars</quote>, <quote>O Brother, Where Art Thou?</quote>, <quote>Sister Act</quote>, <quote>The Preacher's Wife</quote>, <quote>Evan Almighty</quote>, and more;</text></whereas><whereas><text>Whereas gospel music has a huge audience around the country and around the world, a testament to the universal appeal of a historical American art form that both inspires and entertains across racial, ethnic, religious, and geographic boundaries; and</text></whereas><whereas><text>Whereas September 2021 would be an appropriate month to designate as <quote>Gospel Music Heritage Month</quote>: Now, therefore, be it</text></whereas></preamble><resolution-body style="OLC" id="HC64138DA8E9C4312B3A14BD036DFECEB"><section display-inline="yes-display-inline" section-type="undesignated-section" id="HDD3E8F7A641041538BABFB1C0348BD01"><text>That Congress supports the designation of <quote>Gospel Music Heritage Month</quote>, which would recognize the contributions to the culture of the United States derived from the rich heritage of gospel music and gospel music artists.</text></section></resolution-body></resolution> 

