<?xml version="1.0"?>
<?xml-stylesheet type="text/xsl" href="billres.xsl"?>
<!DOCTYPE bill PUBLIC "-//US Congress//DTDs/bill.dtd//EN" "bill.dtd">
<bill bill-stage="Introduced-in-House" dms-id="HEE168ABABEC6465E97DDBE0B2DEFC487" public-private="public" key="H" bill-type="olc"><metadata xmlns:dc="http://purl.org/dc/elements/1.1/">
<dublinCore>
<dc:title>117 HR 65 IH: Same Day Registration Act of 2021</dc:title>
<dc:publisher>U.S. House of Representatives</dc:publisher>
<dc:date>2021-01-04</dc:date>
<dc:format>text/xml</dc:format>
<dc:language>EN</dc:language>
<dc:rights>Pursuant to Title 17 Section 105 of the United States Code, this file is not subject to copyright protection and is in the public domain.</dc:rights>
</dublinCore>
</metadata>
<form>
<distribution-code display="yes">I</distribution-code><congress display="yes">117th CONGRESS</congress><session display="yes">1st Session</session><legis-num display="yes">H. R. 65</legis-num><current-chamber>IN THE HOUSE OF REPRESENTATIVES</current-chamber><action display="yes"><action-date date="20210104">January 4, 2021</action-date><action-desc><sponsor name-id="B001285">Ms. Brownley</sponsor> introduced the following bill; which was referred to the <committee-name committee-id="HHA00">Committee on House Administration</committee-name></action-desc></action><legis-type>A BILL</legis-type><official-title display="yes">To amend the Help America Vote Act of 2002 to require States to provide for same day registration.</official-title></form><legis-body id="HC93F215755DB4F2DAE27647155805468" style="OLC"><section id="H229962DA666D48268C40A87C42C66A4A" section-type="section-one"><enum>1.</enum><header>Short title</header><text display-inline="no-display-inline">This Act may be cited as the <quote><short-title>Same Day Registration Act of 2021</short-title></quote>.</text></section><section id="H9C9F066C25E9460D9B2F77F43987F558"><enum>2.</enum><header>Same day registration</header><subsection id="HBCDD20197A554F71A1AB1BA82797BE41"><enum>(a)</enum><header>In general</header><text>Title III of the Help America Vote Act of 2002 (<external-xref legal-doc="usc" parsable-cite="usc/52/21081">52 U.S.C. 21081</external-xref> et seq.) is amended—</text><paragraph id="HC4D2F29F125E4D709DD909B63F14CAF2"><enum>(1)</enum><text>by redesignating sections 304 and 305 as sections 305 and 306, respectively; and</text></paragraph><paragraph id="HD3AF80745BBA4D2D8CCF510544DB30AB"><enum>(2)</enum><text>by inserting after section 303 the following new section:</text><quoted-block id="H9FDE6A0AFCAC449FB37B347B8E6F0216" style="OLC"><section id="H24498436CFF041E6971E086B639989D2"><enum>304.</enum><header>Same day registration</header><subsection id="HEC2745750E374879B02AF2D1188CED3E"><enum>(a)</enum><header>In general</header><paragraph id="HE21F109311964FF890EB9DA8FD467DE1"><enum>(1)</enum><header>Registration</header><text>Notwithstanding section 8(a)(1)(D) of the National Voter Registration Act of 1993 (<external-xref legal-doc="usc" parsable-cite="usc/52/20507">52 U.S.C. 20507(a)(1)(D)</external-xref>), each State shall permit any eligible individual on the day of a Federal election and on any day when voting, including early voting, is permitted for a Federal election—</text><subparagraph id="H9B06A3A9D3B24F24B9EEE907B13011B6"><enum>(A)</enum><text display-inline="yes-display-inline">to register to vote in such election at the polling place using a form that meets the requirements under section 9(b) of the National Voter Registration Act of 1993 (or, if the individual is already registered to vote, to revise any of the individual's voter registration information); and</text></subparagraph><subparagraph id="H10F41CA795764901B9B15BA5B41B9A6D"><enum>(B)</enum><text>to cast a vote in such election.</text></subparagraph></paragraph><paragraph id="HFBD5C5681F5E4212A62BF05D9CF16DF2"><enum>(2)</enum><header>Exception</header><text>The requirements under paragraph (1) shall not apply to a State in which, under a State law in effect continuously on and after the date of the enactment of this section, there is no voter registration requirement for individuals in the State with respect to elections for Federal office.</text></paragraph></subsection><subsection id="HF552A0B93E1A48CF9408C0A630A2FF00"><enum>(b)</enum><header>Eligible individual</header><text>For purposes of this section, the term <term>eligible individual</term> means, with respect to any election for Federal office, an individual who is otherwise qualified to vote in that election.</text></subsection><subsection id="HE3F3427DA9F04410874C2BC7FD789AFB"><enum>(c)</enum><header>Effective date</header><text>Each State shall be required to comply with the requirements of subsection (a) for the regularly scheduled general election for Federal office occurring in November 2022 and for any subsequent election for Federal office.</text></subsection></section><after-quoted-block>.</after-quoted-block></quoted-block></paragraph></subsection><subsection id="H4C0430F6140D4898B2904F1B6B48FD96"><enum>(b)</enum><header>Conforming amendment relating to enforcement</header><text>Section 401 of such Act (<external-xref legal-doc="usc" parsable-cite="usc/52/21111">52 U.S.C. 21111</external-xref>) is amended by striking <quote>and 303</quote> and inserting <quote>303, and 304</quote>.</text></subsection><subsection id="HCFABB46140FC42569EC35AD2ABE77CB5"><enum>(c)</enum><header>Clerical amendment</header><text>The table of contents of such Act is amended—</text><paragraph id="H5F91F17A75A142C7BEAB0E709D99682A"><enum>(1)</enum><text>by redesignating the items relating to sections 304 and 305 as relating to sections 305 and 306, respectively; and</text></paragraph><paragraph id="HBAAF85BF735240188E5F5EAEEE83369B"><enum>(2)</enum><text>by inserting after the item relating to section 303 the following new item:</text><quoted-block id="HFC2B7BFCFC1A484DA6B20ACB0AC83962" style="OLC"><toc><toc-entry idref="H24498436CFF041E6971E086B639989D2" level="section">Sec. 304. Same day registration.</toc-entry></toc><after-quoted-block>.</after-quoted-block></quoted-block></paragraph></subsection></section></legis-body></bill> 

