<?xml version="1.0" encoding="utf-8" standalone="no"?>
<billStatus>
  <bill>
    <billNumber>100</billNumber>
    <createDate>2021-03-10T05:57:14Z</createDate>
    <updateDate>2022-02-09T12:38:39Z</updateDate>
    <originChamber>Senate</originChamber>
    <billType>SRES</billType>
    <introducedDate>2021-03-09</introducedDate>
    <congress>117</congress>
    <recordedVotes/>
    <committees>
      <billCommittees>
        <item>
          <systemCode>ssfr00</systemCode>
          <name>Foreign Relations Committee</name>
          <chamber>Senate</chamber>
          <type>Standing</type>
          <subcommittees/>
          <activities>
            <item>
              <name>Referred to</name>
              <date>2021-03-09T23:44:27Z</date>
            </item>
          </activities>
        </item>
      </billCommittees>
    </committees>
    <committeeReports/>
    <relatedBills/>
    <actions>
      <item>
        <actionDate>2021-03-09</actionDate>
        <committees>
          <item>
            <systemCode>ssfr00</systemCode>
            <name>Foreign Relations Committee</name>
          </item>
        </committees>
        <links/>
        <sourceSystem>
          <code>0</code>
          <name>Senate</name>
        </sourceSystem>
        <text>Referred to the Committee on Foreign Relations. (text: CR S1429-1431)</text>
        <type>IntroReferral</type>
      </item>
      <item>
        <actionDate>2021-03-09</actionDate>
        <links/>
        <text>Introduced in Senate</text>
        <type>IntroReferral</type>
        <actionCode>10000</actionCode>
        <sourceSystem>
          <code>9</code>
          <name>Library of Congress</name>
        </sourceSystem>
        <committees/>
      </item>
      <actionTypeCounts>
        <referredToCommittee>1</referredToCommittee>
        <introducedInSenate>1</introducedInSenate>
      </actionTypeCounts>
      <actionByCounts>
        <senate>2</senate>
      </actionByCounts>
    </actions>
    <sponsors>
      <item>
        <bioguideId>S001181</bioguideId>
        <fullName>Sen. Shaheen, Jeanne [D-NH]</fullName>
        <firstName>Jeanne</firstName>
        <middleName/>
        <lastName>Shaheen</lastName>
        <party>D</party>
        <state>NH</state>
        <identifiers>
          <lisID>1901</lisID>
          <bioguideId>S001181</bioguideId>
          <gpoId>8276</gpoId>
        </identifiers>
        <byRequestType/>
      </item>
    </sponsors>
    <cosponsors>
      <item>
        <bioguideId>C001035</bioguideId>
        <fullName>Sen. Collins, Susan M. [R-ME]</fullName>
        <firstName>Susan</firstName>
        <middleName>M.</middleName>
        <lastName>Collins</lastName>
        <party>R</party>
        <state>ME</state>
        <identifiers>
          <lisID>1541</lisID>
          <bioguideId>C001035</bioguideId>
          <gpoId>8291</gpoId>
        </identifiers>
        <sponsorshipDate>2021-03-09</sponsorshipDate>
        <isOriginalCosponsor>True</isOriginalCosponsor>
        <sponsorshipWithdrawnDate/>
      </item>
      <item>
        <bioguideId>B001230</bioguideId>
        <fullName>Sen. Baldwin, Tammy [D-WI]</fullName>
        <firstName>Tammy</firstName>
        <middleName/>
        <lastName>Baldwin</lastName>
        <party>D</party>
        <state>WI</state>
        <identifiers>
          <lisID>1558</lisID>
          <bioguideId>B001230</bioguideId>
          <gpoId>8215</gpoId>
        </identifiers>
        <sponsorshipDate>2021-03-09</sponsorshipDate>
        <isOriginalCosponsor>True</isOriginalCosponsor>
        <sponsorshipWithdrawnDate/>
      </item>
      <item>
        <bioguideId>M001176</bioguideId>
        <fullName>Sen. Merkley, Jeff [D-OR]</fullName>
        <firstName>Jeff</firstName>
        <middleName/>
        <lastName>Merkley</lastName>
        <party>D</party>
        <state>OR</state>
        <identifiers>
          <lisID>1900</lisID>
          <bioguideId>M001176</bioguideId>
          <gpoId>8238</gpoId>
        </identifiers>
        <sponsorshipDate>2021-03-09</sponsorshipDate>
        <isOriginalCosponsor>True</isOriginalCosponsor>
        <sponsorshipWithdrawnDate/>
      </item>
      <item>
        <bioguideId>M001169</bioguideId>
        <fullName>Sen. Murphy, Christopher [D-CT]</fullName>
        <firstName>Christopher</firstName>
        <middleName>S.</middleName>
        <lastName>Murphy</lastName>
        <party>D</party>
        <state>CT</state>
        <identifiers>
          <lisID>1837</lisID>
          <bioguideId>M001169</bioguideId>
          <gpoId>7870</gpoId>
        </identifiers>
        <sponsorshipDate>2021-03-09</sponsorshipDate>
        <isOriginalCosponsor>True</isOriginalCosponsor>
        <sponsorshipWithdrawnDate/>
      </item>
    </cosponsors>
    <cboCostEstimates/>
    <laws/>
    <notes/>
    <policyArea>
      <name>International Affairs</name>
    </policyArea>
    <subjects>
      <billSubjects>
        <legislativeSubjects>
          <item>
            <name>Commemorative events and holidays</name>
          </item>
          <item>
            <name>Crimes against women</name>
          </item>
          <item>
            <name>Economic development</name>
          </item>
          <item>
            <name>Human rights</name>
          </item>
          <item>
            <name>Racial and ethnic relations</name>
          </item>
          <item>
            <name>Religion</name>
          </item>
          <item>
            <name>Sex, gender, sexual orientation discrimination</name>
          </item>
          <item>
            <name>Violent crime</name>
          </item>
          <item>
            <name>Women's employment</name>
          </item>
          <item>
            <name>Women's rights</name>
          </item>
        </legislativeSubjects>
        <policyArea>
          <name>International Affairs</name>
        </policyArea>
      </billSubjects>
    </subjects>
    <summaries>
      <billSummaries>
        <item>
          <versionCode>00</versionCode>
          <actionDate>2021-03-09</actionDate>
          <actionDesc>Introduced in Senate</actionDesc>
          <lastSummaryUpdateDate>2021-03-19T14:02:29Z</lastSummaryUpdateDate>
          <text>
            <![CDATA[ <p>This resolution expresses support for International Women's Day and recognition that women's empowerment is inextricably linked to generating economic growth and self-reliance, sustainable peace and democracy, and inclusive security. The resolution also reaffirms the Senate's commitment to end discrimination and violence against women and to pursue policies that guarantee fundamental human rights for women worldwide. </p>]]>
          </text>
          <updateDate>2021-03-09T05:00:00Z</updateDate>
          <name>Introduced in Senate</name>
        </item>
      </billSummaries>
    </summaries>
    <title>A resolution supporting the goals of International Women's Day.</title>
    <titles>
      <item>
        <titleType>Display Title</titleType>
        <parentTitleType/>
        <title>A resolution supporting the goals of International Women's Day.</title>
        <chamberCode/>
        <chamberName/>
      </item>
      <item>
        <titleType>Official Title as Introduced</titleType>
        <parentTitleType/>
        <title>A resolution supporting the goals of International Women's Day.</title>
        <chamberCode/>
        <chamberName/>
      </item>
    </titles>
    <amendments/>
    <textVersions>
      <item>
        <type>Introduced in Senate</type>
        <date>2021-03-09T05:00:00Z</date>
        <formats>
          <item>
            <url>https://www.govinfo.gov/content/pkg/BILLS-117sres100is/xml/BILLS-117sres100is.xml</url>
          </item>
        </formats>
      </item>
    </textVersions>
    <latestAction>
      <actionDate>2021-03-09</actionDate>
      <text>Referred to the Committee on Foreign Relations. (text: CR S1429-1431)</text>
      <links/>
    </latestAction>
    <calendarNumbers/>
    <version>1.0.0</version>
  </bill>
  <dublinCore xmlns:dc="http://purl.org/dc/elements/1.1/">
    <dc:format>text/xml</dc:format>
    <dc:language>EN</dc:language>
    <dc:rights>Pursuant to Title 17 Section 105 of the United States Code, this file is not subject to copyright protection and is in the public domain.</dc:rights>
    <dc:contributor>Congressional Research Service, Library of Congress</dc:contributor>
    <dc:description>This file contains bill summaries and statuses for federal legislation. A bill summary describes the most significant provisions of a piece of legislation and details the effects the legislative text may have on current law and federal programs. Bill summaries are authored by the Congressional Research Service (CRS) of the Library of Congress. As stated in Public Law 91-510 (2 USC 166 (d)(6)), one of the duties of CRS is "to prepare summaries and digests of bills and resolutions of a public general nature introduced in the Senate or House of Representatives". For more information, refer to the User Guide that accompanies this file.</dc:description>
  </dublinCore>
</billStatus>
