<?xml version="1.0"?>
<?xml-stylesheet type="text/xsl" href="billres.xsl"?>
<!DOCTYPE bill PUBLIC "-//US Congress//DTDs/bill.dtd//EN" "bill.dtd">
<bill bill-stage="Introduced-in-House" dms-id="H042E0B6F69404B8A85750E7D91938B49" public-private="public" key="H" bill-type="olc"><metadata xmlns:dc="http://purl.org/dc/elements/1.1/">
<dublinCore>
<dc:title>117 HR 48 IH: American Sovereignty and Species Protection Act</dc:title>
<dc:publisher>U.S. House of Representatives</dc:publisher>
<dc:date>2021-01-04</dc:date>
<dc:format>text/xml</dc:format>
<dc:language>EN</dc:language>
<dc:rights>Pursuant to Title 17 Section 105 of the United States Code, this file is not subject to copyright protection and is in the public domain.</dc:rights>
</dublinCore>
</metadata>
<form>
<distribution-code display="yes">I</distribution-code><congress display="yes">117th CONGRESS</congress><session display="yes">1st Session</session><legis-num display="yes">H. R. 48</legis-num><current-chamber>IN THE HOUSE OF REPRESENTATIVES</current-chamber><action display="yes"><action-date date="20210104">January 4, 2021</action-date><action-desc><sponsor name-id="B001302">Mr. Biggs</sponsor> introduced the following bill; which was referred to the <committee-name committee-id="HII00">Committee on Natural Resources</committee-name></action-desc></action><legis-type>A BILL</legis-type><official-title display="yes">To amend the Endangered Species Act to prevent a species that is not native to the United States from being listed as an endangered species or a threatened species, to prohibit certain types of financial assistance, and for other purposes.</official-title></form><legis-body id="H9224BA046C3C4827957881B98BA3451F" style="OLC"><section id="HBD5924C3D3F4490C8DAE286DD7ACBE34" section-type="section-one"><enum>1.</enum><header>Short title</header><text display-inline="no-display-inline">This Act may be cited as the <quote><short-title>American Sovereignty and Species Protection Act</short-title></quote>.</text></section><section id="H6CB9024ECEDB4F85A28D85926CB78E95"><enum>2.</enum><header>Limitation on listing of not native species and provision of <editorial></editorial>certain financial assistance</header><subsection commented="no" id="HE4B839CD0439405CB7F150F7E0C69E11"><enum>(a)</enum><header>Limitation on listing of not native species</header><text display-inline="yes-display-inline">Section 4(a)(2) of the Endangered Species Act of 1973 (<external-xref legal-doc="usc" parsable-cite="usc/16/1533">16 U.S.C. 1533(a)(2)</external-xref>) is amended by adding at the end the following:</text><quoted-block display-inline="no-display-inline" id="H5421362EB29E491B8C88EC4EA44D2C97" style="OLC"><subparagraph commented="no" id="HDC180EB0B6764260B77AC4B48F7CC162" indent="up1"><enum>(D)</enum><header>Not native species</header><text display-inline="yes-display-inline">The Secretary may not determine that a species is an endangered species or a threatened species pursuant to section 4 if such species is not native to the United States.</text></subparagraph><after-quoted-block>.</after-quoted-block></quoted-block></subsection><subsection id="HC1247BDFB49A4EE88BFF5FC228D0EF35"><enum>(b)</enum><header>Limitation on provision of certain financial assistance</header><text display-inline="yes-display-inline">Section 8(a) of the Endangered Species Act of 1973 (<external-xref legal-doc="usc" parsable-cite="usc/16/1537">16 U.S.C. 1537(a)</external-xref>) is amended—</text><paragraph id="HF8AAD26AE900472DB7DB0E89BF41F4D8"><enum>(1)</enum><text>by striking <quote>As a demonstration of</quote> and inserting the following:</text><quoted-block display-inline="no-display-inline" id="H7291ACEB414042E787002345D0B776A9" style="OLC"><paragraph id="H9AE732D03793406DAB0CF1CFCCF7F89F"><enum>(1)</enum><header>In general</header><text display-inline="yes-display-inline">As a demonstration of</text></paragraph><after-quoted-block>;</after-quoted-block></quoted-block></paragraph><paragraph id="H158181CC3D934A2C97329442635BEE3B"><enum>(2)</enum><text display-inline="yes-display-inline">by striking <quote>(which includes, but is not limited to, the acquisition, by lease or otherwise, of lands, waters, or interests therein)</quote>; and</text></paragraph><paragraph id="HE7C3D52BB45D4DEF8512EA36A861C22F"><enum>(3)</enum><text>by adding at the end the following:</text><quoted-block display-inline="no-display-inline" id="H8DD38AB3D8B645DB85F40904A9009A34" style="OLC"><paragraph id="HF5321647AF764BC6B6232C2F102C96F6"><enum>(2)</enum><header>Prohibition on purchasing land in a foreign country</header><text display-inline="yes-display-inline">No financial assistance provided under paragraph (1) may be used to acquire, by lease or otherwise, lands, waters, or other interests in a foreign country.</text></paragraph><after-quoted-block>.</after-quoted-block></quoted-block></paragraph></subsection></section></legis-body></bill> 

