<mods xmlns:xlink="http://www.w3.org/1999/xlink" xmlns:xsi="http://www.w3.org/2001/XMLSchema-instance" xmlns="http://www.loc.gov/mods/v3" version="3.3" xsi:schemaLocation="http://www.loc.gov/mods/v3 http://www.loc.gov/standards/mods/v3/mods-3-3.xsd" ID="P0b002ee1aac2a395">
<name type="corporate">
 <namePart>United States Government Publishing Office</namePart>
 <role>
  <roleTerm authority="marcrelator" type="text">publisher</roleTerm>
  <roleTerm authority="marcrelator" type="code">pbl</roleTerm>
</role>
 <role>
  <roleTerm authority="marcrelator" type="text">distributor</roleTerm>
  <roleTerm authority="marcrelator" type="code">dst</roleTerm>
</role>
</name>
<name type="corporate">
 <namePart>United States</namePart>
 <namePart>Congress</namePart>
 <namePart>Senate</namePart>
 <role>
  <roleTerm authority="marcrelator" type="text">author</roleTerm>
  <roleTerm authority="marcrelator" type="code">aut</roleTerm>
</role>
 <description>Government Organization</description>
</name>
<typeOfResource>text</typeOfResource>
<genre authority="marcgt">government publication</genre>
<language>
 <languageTerm type="code" authority="iso639-2b">eng</languageTerm>
</language>
<extension>
 <collectionCode>BILLS</collectionCode>
 <searchTitle>To provide for an exception to a limitation against appointment of persons as Secretary of Defense within seven years of relief from active duty as a regular commissioned officer of the Armed Forces.;S. 11 (PCS)
    </searchTitle>
 <category>Bills and Statutes</category>
 <waisDatabaseName>117_cong_bills</waisDatabaseName>
 <branch>legislative</branch>
 <dateIngested>2021-01-08</dateIngested>
</extension>
<titleInfo>
 <title>To provide for an exception to a limitation against appointment of persons as Secretary of Defense within seven years of relief from active duty as a regular commissioned officer of the Armed Forces.</title>
</titleInfo>
<titleInfo type="alternative">
 <title>S. 11 (PCS)
    </title>
</titleInfo>
<originInfo>
 <publisher>U.S. Government Publishing Office</publisher>
 <dateIssued encoding="w3cdtf">2021-01-06</dateIssued>
 <issuance>monographic</issuance>
</originInfo>
<physicalDescription>
 <note type="source content type">deposited</note>
 <digitalOrigin>born digital</digitalOrigin>
 <extent>4 p.</extent>
</physicalDescription>
<classification authority="sudocs">Y 1.6:</classification>
<classification authority="sudocs">Y 1.4/1:</classification>
<identifier type="local">P0b002ee1aac2a395</identifier>
<identifier type="uri">https://www.govinfo.gov/app/details/BILLS-117s11pcs</identifier>
<identifier type="preferred citation">S. 11</identifier>
<identifier type="stock number">021-610-00252-9</identifier>
<identifier type="Parent ILS system id">000501532</identifier>
<identifier type="Child ILS system id">000325576</identifier>
<identifier type="Parent ILS title">Congressional bills</identifier>
<identifier type="Child ILS title">Senate bills</identifier>
<identifier type="former package identifier">f:s11_pcs.txt</identifier>
<location>
 <url displayLabel="Content Detail" access="object in context">https://www.govinfo.gov/app/details/BILLS-117s11pcs</url>
 <url displayLabel="HTML rendition" access="raw object">https://www.govinfo.gov/content/pkg/BILLS-117s11pcs/html/BILLS-117s11pcs.htm</url>
 <url displayLabel="PDF rendition" access="raw object">https://www.govinfo.gov/content/pkg/BILLS-117s11pcs/pdf/BILLS-117s11pcs.pdf</url>
 <url displayLabel="XML rendition" access="raw object">https://www.govinfo.gov/content/pkg/BILLS-117s11pcs/xml/BILLS-117s11pcs.xml</url>
</location>
<accessCondition type="GPO scope determination">fdlp</accessCondition>
<recordInfo>
 <recordContentSource authority="marcorg">DGPO</recordContentSource>
 <recordCreationDate encoding="w3cdtf">2021-01-08</recordCreationDate>
 <recordChangeDate encoding="w3cdtf">2021-01-09</recordChangeDate>
 <recordIdentifier source="DGPO">BILLS-117s11pcs</recordIdentifier>
 <recordOrigin>machine generated</recordOrigin>
 <languageOfCataloging>
  <languageTerm type="code" authority="iso639-2b">eng</languageTerm>
</languageOfCataloging>
</recordInfo>
<name type="personal">
 <namePart>Charles E. Schumer</namePart>
 <affiliation>United States Senate</affiliation>
 <role>
  <roleTerm authority="marcrelator" type="text">sponsor</roleTerm>
  <roleTerm authority="marcrelator" type="code">spn</roleTerm>
</role>
 <description>United States Congress Member</description>
</name>
<relatedItem type="isReferencedBy">
 <titleInfo>
  <title>United States Code</title>
  <partNumber>Title 10 Section 113(a)</partNumber>
</titleInfo>
 <identifier type="USC citation">10 U.S.C. 113(a)</identifier>
</relatedItem>
<relatedItem type="isReferencedBy">
 <titleInfo>
  <title>United States Senate Calendar No. 1</title>
</titleInfo>
 <identifier type="congressional calendar citation">Senate Calendar No. 1</identifier>
</relatedItem>
<extension>
 <docClass>s</docClass>
 <accessId>BILLS-117s11pcs</accessId>
 <congress>117</congress>
 <session>1</session>
 <originChamber>SENATE</originChamber>
 <currentChamber>SENATE</currentChamber>
 <billNumber>11</billNumber>
 <billVersion reprint="false">pcs</billVersion>
 <fileSuffix>pcs</fileSuffix>
 <officialTitle>To provide for an exception to a limitation against appointment of persons as Secretary of Defense within seven years of relief from active duty as a regular commissioned officer of the Armed Forces.</officialTitle>
 <action date="2021-01-03">Mr. Schumer introduced the following bill; which was read the first time</action>
 <action date="2021-01-06">Read the second time and placed on the calendar</action>
 <congMember authorityId="1036" bioGuideId="S000148" chamber="S" congress="117" gpoId="8279" party="D" role="SPONSOR" state="NY">
                      <name type="parsed">Mr. Schumer</name>
                      <name type="authority-fnf">Charles E. Schumer</name>
                      <name type="authority-lnf">Schumer, Charles E.</name>
                      <name type="authority-other">Charles Schumer</name>
                </congMember>
 <congCalendar congress="117" number="1" type="SENATE"></congCalendar>
 <isPrivate>false</isPrivate>
 <isAppropriation>false</isAppropriation>
 <USCode title="10">
                      <section detail="(a)" number="113"></section>
                </USCode>
</extension>
</mods>