<?xml version="1.0"?>
<?xml-stylesheet type="text/xsl" href="billres.xsl"?>
<!DOCTYPE resolution PUBLIC "-//US Congress//DTDs/res.dtd//EN" "res.dtd">
<resolution resolution-stage="Introduced-in-House" dms-id="H6E1CC56013C943A390DA88D2566EA499" public-private="public" resolution-type="house-concurrent" star-print="no-star-print" key="H"><metadata xmlns:dc="http://purl.org/dc/elements/1.1/">
<dublinCore>
<dc:title>117 HCON 2 IH: Expressing the sense of Congress that a commemorative postage stamp should be issued in honor of George Thomas “Mickey” Leland.</dc:title>
<dc:publisher>U.S. House of Representatives</dc:publisher>
<dc:date>2021-01-04</dc:date>
<dc:format>text/xml</dc:format>
<dc:language>EN</dc:language>
<dc:rights>Pursuant to Title 17 Section 105 of the United States Code, this file is not subject to copyright protection and is in the public domain.</dc:rights>
</dublinCore>
</metadata>
<form>
<distribution-code display="yes">IV</distribution-code><congress display="yes">117th CONGRESS</congress><session display="yes">1st Session</session><legis-num display="yes">H. CON. RES. 2</legis-num><current-chamber>IN THE HOUSE OF REPRESENTATIVES</current-chamber><action display="yes"><action-date date="20210104">January 4, 2021</action-date><action-desc><sponsor name-id="J000032">Ms. Jackson Lee</sponsor> submitted the following concurrent resolution; which was referred to the <committee-name committee-id="HGO00">Committee on Oversight and Reform</committee-name></action-desc></action><legis-type>CONCURRENT RESOLUTION</legis-type><official-title display="yes">Expressing the sense of Congress that a commemorative postage stamp should be issued in honor of George Thomas <quote>Mickey</quote> Leland.</official-title></form><preamble><whereas><text>Whereas George Thomas Leland (affectionately known as <quote>Mickey</quote>), in the course of his 6 terms as a member of the House of Representatives from the State of Texas, emerged as a national spokesman regarding the problem of hunger in the United States and throughout the world;</text></whereas><whereas><text>Whereas Mickey Leland was instrumental in establishing the Select Committee on Hunger and served as chairman of that committee until the time of his death;</text></whereas><whereas><text>Whereas in the capacity of chairman of the Select Committee on Hunger, Mickey Leland helped generate public awareness of the complex issues relating to the alleviation of hunger and demonstrated strong personal moral leadership;</text></whereas><whereas><text>Whereas it was his leadership that guided the Hunger Prevention Act of 1988, which required the Secretary of Agriculture not only to distribute surplus food, but also to purchase additional food for future distributions to needy households;</text></whereas><whereas><text>Whereas Mickey Leland brought together entertainment personalities, religious leaders, and private volunteer agencies to generate public support for the African Famine Relief and Recovery Act of 1985, which provided $800,000,000 in food and humanitarian relief supplies;</text></whereas><whereas><text>Whereas the various initiatives brought forth by Mickey Leland to eradicate world hunger undoubtedly saved thousands of lives;</text></whereas><whereas><text>Whereas 2007 marks the 18th anniversary of Mickey Leland’s death;</text></whereas><whereas><text>Whereas Mickey Leland died as he lived: on a mission to make a positive difference in this world; and</text></whereas><whereas><text>Whereas commemorative postage stamps have been commissioned to honor other great leaders in American history: Now, therefore, be it</text></whereas></preamble><resolution-body style="OLC" id="HDDA74C3EAF48427D918FBF6293366E73"><section display-inline="yes-display-inline" id="HD0DD54EFBE814700B1E10399393C44E6" section-type="undesignated-section"><text>That it is the sense of Congress that—</text><paragraph id="HCF2D027FEC04417D9A715B5F3B81DA75"><enum>(1)</enum><text>a commemorative postage stamp should be issued in honor of George Thomas <quote>Mickey</quote> Leland; and</text></paragraph><paragraph id="HE951128262E9427893332DA134BD3A15"><enum>(2)</enum><text>the Citizens’ Stamp Advisory Committee should recommend to the Postmaster General that such a stamp be issued.</text></paragraph></section></resolution-body></resolution> 

