<mods xmlns:xlink="http://www.w3.org/1999/xlink" xmlns:xsi="http://www.w3.org/2001/XMLSchema-instance" xmlns="http://www.loc.gov/mods/v3" version="3.3" xsi:schemaLocation="http://www.loc.gov/mods/v3 http://www.loc.gov/standards/mods/v3/mods-3-3.xsd" ID="P0b002ee1aab62927">
<name type="corporate">
 <namePart>United States Government Publishing Office</namePart>
 <role>
  <roleTerm authority="marcrelator" type="text">publisher</roleTerm>
  <roleTerm authority="marcrelator" type="code">pbl</roleTerm>
</role>
 <role>
  <roleTerm authority="marcrelator" type="text">distributor</roleTerm>
  <roleTerm authority="marcrelator" type="code">dst</roleTerm>
</role>
</name>
<name type="corporate">
 <namePart>United States</namePart>
 <namePart>Congress</namePart>
 <namePart>House of Representatives</namePart>
 <role>
  <roleTerm authority="marcrelator" type="text">author</roleTerm>
  <roleTerm authority="marcrelator" type="code">aut</roleTerm>
</role>
 <description>Government Organization</description>
</name>
<typeOfResource>text</typeOfResource>
<genre authority="marcgt">government publication</genre>
<language>
 <languageTerm type="code" authority="iso639-2b">eng</languageTerm>
</language>
<extension>
 <collectionCode>BILLS</collectionCode>
 <searchTitle>Expressing the sense of the House of Representatives that the President should redirect and target foreign assistance provided to El Salvador, Guatemala, and Honduras in a manner that addresses the driving causes of illegal immigration into the United States from such countries, and for other purposes.;H. Res. 17 (IH)
    </searchTitle>
 <category>Bills and Statutes</category>
 <waisDatabaseName>117_cong_bills</waisDatabaseName>
 <branch>legislative</branch>
 <dateIngested>2021-01-06</dateIngested>
</extension>
<titleInfo>
 <title>Expressing the sense of the House of Representatives that the President should redirect and target foreign assistance provided to El Salvador, Guatemala, and Honduras in a manner that addresses the driving causes of illegal immigration into the United States from such countries, and for other purposes.</title>
</titleInfo>
<titleInfo type="alternative">
 <title>H. Res. 17 (IH)
    </title>
</titleInfo>
<originInfo>
 <publisher>U.S. Government Publishing Office</publisher>
 <dateIssued encoding="w3cdtf">2021-01-05</dateIssued>
 <issuance>monographic</issuance>
</originInfo>
<physicalDescription>
 <note type="source content type">deposited</note>
 <digitalOrigin>born digital</digitalOrigin>
 <extent>3 p.</extent>
</physicalDescription>
<classification authority="sudocs">Y 1.6:</classification>
<classification authority="sudocs">Y 1.4/7:</classification>
<identifier type="local">P0b002ee1aab62927</identifier>
<identifier type="uri">https://www.govinfo.gov/app/details/BILLS-117hres17ih</identifier>
<identifier type="preferred citation">H. Res. 17</identifier>
<identifier type="stock number">021-610-00252-9</identifier>
<identifier type="Parent ILS system id">000501532</identifier>
<identifier type="Child ILS system id">000325574</identifier>
<identifier type="Parent ILS title">Congressional bills</identifier>
<identifier type="Child ILS title">House resolutions</identifier>
<identifier type="former package identifier">f:hr17_ih.txt</identifier>
<location>
 <url displayLabel="Content Detail" access="object in context">https://www.govinfo.gov/app/details/BILLS-117hres17ih</url>
 <url displayLabel="HTML rendition" access="raw object">https://www.govinfo.gov/content/pkg/BILLS-117hres17ih/html/BILLS-117hres17ih.htm</url>
 <url displayLabel="PDF rendition" access="raw object">https://www.govinfo.gov/content/pkg/BILLS-117hres17ih/pdf/BILLS-117hres17ih.pdf</url>
 <url displayLabel="XML rendition" access="raw object">https://www.govinfo.gov/content/pkg/BILLS-117hres17ih/xml/BILLS-117hres17ih.xml</url>
</location>
<accessCondition type="GPO scope determination">fdlp</accessCondition>
<recordInfo>
 <recordContentSource authority="marcorg">DGPO</recordContentSource>
 <recordCreationDate encoding="w3cdtf">2021-01-06</recordCreationDate>
 <recordChangeDate encoding="w3cdtf">2021-01-06</recordChangeDate>
 <recordIdentifier source="DGPO">BILLS-117hres17ih</recordIdentifier>
 <recordOrigin>machine generated</recordOrigin>
 <languageOfCataloging>
  <languageTerm type="code" authority="iso639-2b">eng</languageTerm>
</languageOfCataloging>
</recordInfo>
<name type="personal">
 <namePart>Michael C. Burgess</namePart>
 <affiliation>United States House of Representatives</affiliation>
 <role>
  <roleTerm authority="marcrelator" type="text">sponsor</roleTerm>
  <roleTerm authority="marcrelator" type="code">spn</roleTerm>
</role>
 <description>United States Congress Member</description>
</name>
<name type="corporate">
 <namePart>United States</namePart>
 <namePart>Congress</namePart>
 <namePart>House of Representatives</namePart>
 <namePart>Committee on Foreign Affairs</namePart>
 <role>
  <roleTerm authority="marcrelator" type="text">associated name</roleTerm>
  <roleTerm authority="marcrelator" type="code">asn</roleTerm>
</role>
</name>
<extension>
 <docClass>hres</docClass>
 <accessId>BILLS-117hres17ih</accessId>
 <congress>117</congress>
 <session>1</session>
 <originChamber>HOUSE</originChamber>
 <currentChamber>HOUSE</currentChamber>
 <billNumber>17</billNumber>
 <billVersion reprint="false">ih</billVersion>
 <fileSuffix>ih</fileSuffix>
 <officialTitle>Expressing the sense of the House of Representatives that the President should redirect and target foreign assistance provided to El Salvador, Guatemala, and Honduras in a manner that addresses the driving causes of illegal immigration into the United States from such countries, and for other purposes.</officialTitle>
 <action date="2021-01-05">Mr. Burgess submitted the following resolution; which was referred to the Committee on Foreign Affairs</action>
 <congCommittee authorityId="hsfa00" chamber="H" congress="117" type="S">
                      <name type="authority-standard">Committee on Foreign Affairs</name>
                      <name type="authority-short">Foreign Affairs</name>
                </congCommittee>
 <congMember authorityId="1751" bioGuideId="B001248" chamber="H" congress="117" gpoId="8182" party="R" role="SPONSOR" state="TX">
                      <name type="parsed">Mr. Burgess</name>
                      <name type="authority-fnf">Michael C. Burgess</name>
                      <name type="authority-lnf">Burgess, Michael C.</name>
                      <name type="authority-other">Mr. Michael Burgess</name>
                </congMember>
 <isPrivate>false</isPrivate>
 <isAppropriation>false</isAppropriation>
</extension>
</mods>