<?xml version="1.0"?>
<?xml-stylesheet type="text/xsl" href="billres.xsl"?>
<!DOCTYPE bill PUBLIC "-//US Congress//DTDs/bill.dtd//EN" "bill.dtd">
<bill bill-stage="Introduced-in-House" dms-id="HA172AD55B8FA445F93E37B27193E782A" public-private="public" key="H" bill-type="olc"><metadata xmlns:dc="http://purl.org/dc/elements/1.1/">
<dublinCore>
<dc:title>117 HR 42 IH: Judicial Administration and Improvement Act of 2021</dc:title>
<dc:publisher>U.S. House of Representatives</dc:publisher>
<dc:date>2021-01-04</dc:date>
<dc:format>text/xml</dc:format>
<dc:language>EN</dc:language>
<dc:rights>Pursuant to Title 17 Section 105 of the United States Code, this file is not subject to copyright protection and is in the public domain.</dc:rights>
</dublinCore>
</metadata>
<form>
<distribution-code display="yes">I</distribution-code><congress display="yes">117th CONGRESS</congress><session display="yes">1st Session</session><legis-num display="yes">H. R. 42</legis-num><current-chamber>IN THE HOUSE OF REPRESENTATIVES</current-chamber><action display="yes"><action-date date="20210104">January 4, 2021</action-date><action-desc><sponsor name-id="B001302">Mr. Biggs</sponsor> introduced the following bill; which was referred to the <committee-name committee-id="HJU00">Committee on the Judiciary</committee-name></action-desc></action><legis-type>A BILL</legis-type><official-title display="yes">To amend title 28, United States Code, to divide the ninth judicial circuit of the United States into 2 circuits, and for other purposes.</official-title></form><legis-body id="HB256689BCC4743529680182CE82AF10C" style="OLC"><section id="HCC548DC686844424AD57AFE6CA4CB11C" section-type="section-one"><enum>1.</enum><header>Short title</header><text display-inline="no-display-inline">This Act may be cited as the <quote><short-title>Judicial Administration and Improvement Act of 2021</short-title></quote>.</text></section><section id="HFFFE28B5107E48ABA03CCEB1047ACD07" section-type="subsequent-section"><enum>2.</enum><header>Definitions</header><text display-inline="no-display-inline">In this Act:</text><paragraph id="HC19CFA9C1D6A4B7999A607A985ADBA3D"><enum>(1)</enum><header>Former ninth circuit</header><text>The term <term>former ninth circuit</term> means the ninth judicial circuit of the United States as in existence on the day before the effective date of this Act.</text></paragraph><paragraph id="H438C5EF658674F97BD3ADA12213F9AC6"><enum>(2)</enum><header>New ninth circuit</header><text>The term <term>new ninth circuit</term> means the ninth judicial circuit of the United States established by the amendment made by section 3.</text></paragraph><paragraph id="H87666075496C44F68559CBA6FE77DAD1"><enum>(3)</enum><header>Twelfth circuit</header><text>The term <term>twelfth circuit</term> means the twelfth judicial circuit of the United States established by the amendment made by section 3.</text></paragraph></section><section id="HE7A9ECA044E1437DAA6BA8819FC4C61C"><enum>3.</enum><header>Number and composition of circuits</header><text display-inline="no-display-inline">Section 41 of title 28, United States Code, is amended—</text><paragraph id="HB3220E3BBB48435F881690C4A0637682"><enum>(1)</enum><text>in the matter preceding the table, by striking <quote>thirteen</quote> and inserting <quote>fourteen</quote>; and</text></paragraph><paragraph id="H7C563E7F485348ECB015DD66BB523ED5"><enum>(2)</enum><text>in the table—</text><subparagraph id="H3EA71EF3AB4D4A7496B85908981D47D4"><enum>(A)</enum><text>by striking the item relating to the ninth circuit and inserting the following:</text><quoted-block display-inline="no-display-inline" id="HA2223304D953405CAF30226BB79A4F69" style="OLC"><table align-to-level="section" blank-lines-before="1" colsep="0" frame="none" line-rules="no-gen" rowsep="0" rule-weights="0.0.0.0.0.0" subformat="S6211" table-template-name="Generic: 2 text, even cols" table-type="Leaderwork"><tgroup cols="2" grid-typeface="1.1" rowsep="0" thead-tbody-ldg-size="10.10.12"><colspec coldef="txt" colname="column1" colwidth="163pts" min-data-value="150"></colspec><colspec coldef="txt-no-ldr" colname="column2" colwidth="163pts" min-data-value="150"></colspec><tbody><row><entry align="left" colname="column1" leader-modify="force-ldr" stub-definition="txt-ldr" stub-hierarchy="1">Ninth</entry><entry align="left" colname="column2" leader-modify="clr-ldr">California, Hawaii, Oregon, Washington, Guam, Northern Mariana Islands.</entry></row></tbody></tgroup></table><after-quoted-block>;</after-quoted-block></quoted-block><continuation-text continuation-text-level="subparagraph">and </continuation-text></subparagraph><subparagraph id="HE5B2E1E1754546F8BEA1647C07383B9A"><enum>(B)</enum><text>by inserting after the item relating to the eleventh circuit the following:</text><quoted-block display-inline="no-display-inline" id="HA44732B6F96140A6A2CEF2B6E9BD5A9F" style="OLC"><table align-to-level="section" blank-lines-before="1" colsep="0" frame="none" line-rules="no-gen" rowsep="0" rule-weights="0.0.0.0.0.0" subformat="S6211" table-template-name="Generic: 2 text, even cols" table-type="Leaderwork"><tgroup cols="2" grid-typeface="1.1" rowsep="0" thead-tbody-ldg-size="10.10.12"><colspec coldef="txt" colname="column1" colwidth="163pts" min-data-value="150"></colspec><colspec coldef="txt-no-ldr" colname="column2" colwidth="163pts" min-data-value="150"></colspec><tbody><row><entry align="left" colname="column1" leader-modify="force-ldr" stub-definition="txt-ldr" stub-hierarchy="1">Twelfth</entry><entry align="left" colname="column2" leader-modify="clr-ldr">Alaska, Arizona, Idaho, Montana, Nevada.</entry></row></tbody></tgroup></table><after-quoted-block>.</after-quoted-block></quoted-block></subparagraph></paragraph></section><section id="H76F1D5D5012749E0B289E6A16E00D20B"><enum>4.</enum><header>Number of circuit judges</header><text display-inline="no-display-inline">The table contained in section 44(a) of title 28, United States Code, is amended—</text><paragraph id="H050247C5E9E34C0FB0E9BEC7838FABAA"><enum>(1)</enum><text>by striking the item relating to the ninth circuit and inserting the following:</text><quoted-block display-inline="no-display-inline" id="H1850371C0EC54D5D904070F96F9B5B3E" style="OLC"><table align-to-level="section" blank-lines-before="1" colsep="0" frame="none" line-rules="no-gen" rowsep="0" rule-weights="0.0.0.0.0.0" table-template-name="Flush/hang, 1 text, 1 num, bold hds" table-type=""><tgroup cols="2" rowsep="0"><colspec coldef="txt" colname="column1" colwidth="297pts" min-data-value="55"></colspec><colspec coldef="fig" colname="column2" colwidth="28pts" min-data-value="5"></colspec><tbody><row><entry align="left" colname="column1" rowsep="0" stub-definition="txt-ldr">Ninth</entry><entry align="right" colname="column2" leader-modify="clr-ldr" rowsep="0">21</entry></row></tbody></tgroup></table><after-quoted-block>;</after-quoted-block></quoted-block><continuation-text continuation-text-level="paragraph">and </continuation-text></paragraph><paragraph id="H267F3E4779794B7DB47539FE034AE1CB"><enum>(2)</enum><text>by inserting after the item relating to the eleventh circuit the following:</text><quoted-block display-inline="no-display-inline" id="H327BC3A99CD14826B8429AB5F227676B" style="OLC"><table align-to-level="section" blank-lines-before="1" colsep="0" frame="none" line-rules="no-gen" rowsep="0" rule-weights="0.0.0.0.0.0" table-template-name="Flush/hang, 1 text, 1 num, bold hds" table-type=""><tgroup cols="2" rowsep="0"><colspec coldef="txt" colname="column1" colwidth="297pts" min-data-value="55"></colspec><colspec coldef="fig" colname="column2" colwidth="28pts" min-data-value="5"></colspec><tbody><row><entry align="left" colname="column1" rowsep="0" stub-definition="txt-ldr">Twelfth</entry><entry align="right" colname="column2" leader-modify="clr-ldr" rowsep="0">8</entry></row></tbody></tgroup></table><after-quoted-block>.</after-quoted-block></quoted-block></paragraph></section><section id="H40D17F9828BC428199FBF8F40AD4A735"><enum>5.</enum><header>Places of circuit court</header><text display-inline="no-display-inline">The table contained in section 48(a) of title 28, United States Code, is amended by inserting after the item relating to the eleventh circuit the following:</text><quoted-block display-inline="no-display-inline" id="HABEEEC11034C4ACE80E28C262892EEF1" style="OLC"><table align-to-level="section" blank-lines-before="1" colsep="0" frame="none" line-rules="no-gen" rowsep="0" rule-weights="0.0.0.0.0.0" subformat="S6211" table-template-name="Generic: 2 text, even cols" table-type="Leaderwork"><tgroup cols="2" grid-typeface="1.1" rowsep="0" thead-tbody-ldg-size="10.10.12"><colspec coldef="txt" colname="column1" colwidth="163pts" min-data-value="150"></colspec><colspec coldef="txt-no-ldr" colname="column2" colwidth="163pts" min-data-value="150"></colspec><tbody><row><entry align="left" colname="column1" leader-modify="force-ldr" stub-definition="txt-ldr" stub-hierarchy="1">Twelfth</entry><entry align="left" colname="column2" leader-modify="clr-ldr">Las Vegas, Phoenix, Anchorage, Missoula.</entry></row></tbody></tgroup></table><after-quoted-block>.</after-quoted-block></quoted-block></section><section id="H19B1871659EF4F82974C749D45A1F921"><enum>6.</enum><header>Election of assignment of circuit judges</header><subsection id="HA90BBF0710B64D44B21A79C7AFDB3154"><enum>(a)</enum><header>In general</header><text>Each circuit judge of the former ninth circuit who is in regular active service and whose official duty station on the day before the effective date of this Act—</text><paragraph id="H04304F7B42234C719A9117ACE155DC2C"><enum>(1)</enum><text>is in California, Oregon, Washington, Guam, Hawaii, or the Northern Mariana Islands shall be a circuit judge of the new ninth circuit as of such effective date; and</text></paragraph><paragraph id="H8A6E32F7D7904C1387DA2979FF2F0240"><enum>(2)</enum><text>subject to subsection (b), is in Alaska, Arizona, Idaho, Montana, or Nevada, shall be a circuit judge of the twelfth circuit as of such effective date.</text></paragraph></subsection><subsection id="H524A5C1CE323401DAE70DBF8771552CB"><enum>(b)</enum><header>Election by certain circuit judges</header><text>A circuit judge in regular active service as described in subsection (a)(2) may elect to be permanently assigned to the new ninth circuit as of such effective date by notifying the Director of the Administrative Office of the United States Courts of such election.</text></subsection><subsection id="HB98B5C1A0A534A42B7B38AF60A6DA763"><enum>(c)</enum><header>Vacancies</header><text>For each individual serving in the position of circuit judge of the former ninth circuit whose official duty station on the day before the effective date of this Act is in Alaska, Arizona, Idaho, Montana, or Nevada, after the date on which such individual ceases to serve as a circuit judge, the President shall appoint, by and with the advice and consent of the Senate, 1 additional circuit judge for the twelfth circuit, without regard to whether such individual makes an election described in subsection (b).</text></subsection></section><section id="H5B629686FDCE496A99F3F7E894501DE0"><enum>7.</enum><header>Election of assignment by senior judges</header><text display-inline="no-display-inline">Each judge who is a senior circuit judge of the former ninth circuit, whose official duty station on the day before the effective date of this Act is in Alaska, Arizona, Idaho, Montana, or Nevada, may elect to be assigned to the new ninth circuit or the twelfth circuit as of such effective date and shall notify the Director of the Administrative Office of the United States Courts of such election.</text></section><section id="H1B7882E66D7949908B2187B029A1750C"><enum>8.</enum><header>Authorization of temporary judgeships</header><subsection id="H7236AB2A220448EF881EB6117F22CC8F"><enum>(a)</enum><header>In general</header><text>For each circuit judge in regular active service who elects to be assigned to the new ninth circuit under section 6(b), the President shall appoint, by and with the advice and consent of the Senate, 1 additional circuit judge for the twelfth circuit, resident in the duty station of the circuit judge making the election as of the day before the effective date of this Act.</text></subsection><subsection id="H21F2CFAC831741839E8022C6A446E1FC"><enum>(b)</enum><header>Vacancies</header><text>For each appointment made under subsection (a) for the twelfth circuit, an equal number of corresponding vacancies in the position of circuit judge for the twelfth circuit shall not be filled.</text></subsection></section><section id="H891BF668F5E5438D9033CE6A088AD349"><enum>9.</enum><header>Seniority of judges</header><subsection id="HD504CD0210C24284A2D42A66A245789D"><enum>(a)</enum><header>In general</header><text>The seniority of each judge—</text><paragraph id="H1E8695427C284607B215A98F8AD462AA"><enum>(1)</enum><text>who elects to be assigned to the twelfth circuit under section 6(b);</text></paragraph><paragraph id="H494876BC1010436DB0AF9FD79B219E43"><enum>(2)</enum><text>who elects to be assigned to the new ninth circuit under section 6(b); or</text></paragraph><paragraph id="H09F614B36A1D41CF8A322726339BD71A"><enum>(3)</enum><text>who elects to be assigned to the twelfth circuit under section 7,</text></paragraph><continuation-text continuation-text-level="subsection">shall run from the date of commission of such judge as a judge of the former ninth circuit. </continuation-text></subsection><subsection id="HA901FB115CCC48DBAAFCC04A5B9A7262"><enum>(b)</enum><header>Temporary twelfth circuit judges</header><text>The seniority of each judge appointed under section 8(a) shall run from the date of commission of such judge as a judge of the twelfth circuit.</text></subsection></section><section id="HFED408379FB54857A12227FADD199140"><enum>10.</enum><header>Application to cases</header><text display-inline="no-display-inline">The following apply to any case in which, on the day before the effective date of this Act, an appeal or other proceeding has been filed with the former ninth circuit:</text><paragraph id="H9C01824D04BC4F54906ED1C35A8770A6"><enum>(1)</enum><text>Except as provided in paragraph (3), if the matter has been submitted for decision, further proceedings with respect to the matter shall be had in the same manner and with the same effect as if this Act had not been enacted.</text></paragraph><paragraph id="H3305804940A447B8B345A45708F17636"><enum>(2)</enum><text>If the matter has not been submitted for decision, the appeal or proceeding, together with the original papers, printed records, and record entries duly certified, shall, by appropriate orders, be transferred to the court to which the matter would have been submitted had this Act been in full force and effect on the date on which such appeal was taken or other proceeding commenced, and further proceedings with respect to the case shall be had in the same manner and with the same effect as if the appeal or other proceeding had been filed in such court.</text></paragraph><paragraph id="H7A0E4233C57E453DB4FA9EC99DBC74B9"><enum>(3)</enum><text>If a petition for rehearing en banc is pending on or after the effective date of this Act, the petition shall be considered by the court of appeals to which the petition would have been submitted had this Act been in full force and effect on the date on which the appeal or other proceeding was filed with the court of appeals.</text></paragraph></section><section id="H763FE64ACB674358B05EE9DFD60E86D0"><enum>11.</enum><header>Administration</header><subsection id="H171CC2B7C5F9492F8E5D016B0BF3EE9B"><enum>(a)</enum><header>In general</header><text>The court of appeals for the ninth circuit as constituted on the day before the effective date of this Act may take such administrative action as may be required to carry out this Act and the amendments made by this Act.</text></subsection><subsection id="H21C94AE41C6041C59849FB57518F20DF"><enum>(b)</enum><header>Administrative termination</header><text>The court described in subsection (a) shall cease to exist for administrative purposes 2 years after the effective date of this Act.</text></subsection></section><section id="H9737C66FA81746C5BD7A10254212134B"><enum>12.</enum><header>Effective date</header><text display-inline="no-display-inline">This Act and the amendments made by this Act shall take effect 1 year after the date of enactment of this Act.</text></section><section id="H943798E03A7E4AF59F23E28306C19EBF"><enum>13.</enum><header>Authorization of appropriations</header><text display-inline="no-display-inline">There are authorized to be appropriated such sums as may be necessary to carry out this Act and the amendments made by this Act, including such sums as may be necessary to provide appropriate space and facilities for any judicial positions created by this Act or an amendment made by this Act.</text></section></legis-body></bill> 

