<?xml version="1.0"?>
<?xml-stylesheet type="text/xsl" href="billres.xsl"?>
<!DOCTYPE bill PUBLIC "-//US Congress//DTDs/bill.dtd//EN" "bill.dtd">
<bill bill-stage="Introduced-in-House" dms-id="HA14A8C09902B4276AC948034089F99FA" public-private="public" key="H" bill-type="olc"><metadata xmlns:dc="http://purl.org/dc/elements/1.1/">
<dublinCore>
<dc:title>117 HR 64 IH: Protection from Obamacare Mandates and Congressional Equity Act</dc:title>
<dc:publisher>U.S. House of Representatives</dc:publisher>
<dc:date>2021-01-04</dc:date>
<dc:format>text/xml</dc:format>
<dc:language>EN</dc:language>
<dc:rights>Pursuant to Title 17 Section 105 of the United States Code, this file is not subject to copyright protection and is in the public domain.</dc:rights>
</dublinCore>
</metadata>
<form>
<distribution-code display="yes">I</distribution-code><congress display="yes">117th CONGRESS</congress><session display="yes">1st Session</session><legis-num display="yes">H. R. 64</legis-num><current-chamber>IN THE HOUSE OF REPRESENTATIVES</current-chamber><action display="yes"><action-date date="20210104">January 4, 2021</action-date><action-desc><sponsor name-id="B001302">Mr. Biggs</sponsor> introduced the following bill; which was referred to the <committee-name committee-id="HWM00">Committee on Ways and Means</committee-name>, and in addition to the Committees on <committee-name committee-id="HIF00">Energy and Commerce</committee-name>, <committee-name committee-id="HHA00">House Administration</committee-name>, and <committee-name committee-id="HGO00">Oversight and Reform</committee-name>, for a period to be subsequently determined by the Speaker, in each case for consideration of such provisions as fall within the jurisdiction of the committee concerned</action-desc></action><legis-type>A BILL</legis-type><official-title display="yes">To amend the Internal Revenue Code of 1986 to provide an exemption to the individual mandate to maintain health coverage for individuals residing in counties with fewer than 2 health insurance issuers offering plans on an Exchange; to require Members of Congress and congressional staff to abide by the Patient Protection and Affordable Care Act with respect to health insurance coverage; and for other purposes.</official-title></form><legis-body id="HD837B30A052D4A8CAEDD986013A95A29" style="OLC"><section display-inline="no-display-inline" id="HF21F8ABF7F0B4B87AC539B9F951EBD51" section-type="section-one"><enum>1.</enum><header>Short title</header><text display-inline="no-display-inline">This Act may be cited as the <quote><short-title>Protection from Obamacare Mandates and Congressional Equity Act</short-title></quote>.</text></section><section id="H958E9A19A5634027BA953B9E42BEF6EB"><enum>2.</enum><header>Modifications to exemption from requirement to maintain health coverage</header><subsection id="H767230AB63124C609DE40FE79670F361"><enum>(a)</enum><header>Exemption for individuals in areas with fewer than 2 issuers offering plans on an exchange</header><text><external-xref legal-doc="usc" parsable-cite="usc/26/5000A">Section 5000A(e)</external-xref> of the Internal Revenue Code of 1986 is amended by adding at the end the following new paragraph:</text><quoted-block display-inline="no-display-inline" id="HDAB51300918641B3B4DAD73EC2EE2777" style="OLC"><paragraph id="H9BA5CE5F99A04CB8AE99C12557E4DFAC"><enum>(6)</enum><header>Individuals in areas with fewer than 2 issuers offering plans on an exchange</header><subparagraph id="H5A360B9CEC954AAE976D941737603F1A"><enum>(A)</enum><header>In general</header><text>Any applicable individual for any period during a calendar year if there are fewer than 2 health insurance issuers offering qualified health plans on an Exchange for such period in the county in which the applicable individual resides.</text></subparagraph><subparagraph id="H69512AE039E747FE9434D0640A180994"><enum>(B)</enum><header>Aggregation rules</header><text>For purposes of subparagraph (A), all health insurance issuers treated as a single employer under subsection (a) or (b) of section 52, or subsection (m) or (o) of section 414, shall be treated as a single health insurance issuer.</text></subparagraph></paragraph><after-quoted-block>.</after-quoted-block></quoted-block></subsection><subsection id="H9B6B9482E0A74EEFB31442F87389423D"><enum>(b)</enum><header>Effective date</header><text>The amendments made by this section shall apply to months beginning after the date of the enactment of this Act.</text></subsection></section><section id="HAF8B00F047DB448F9E941DBB1117E322"><enum>3.</enum><header>Health insurance coverage for certain congressional staff and members of the executive branch</header><text display-inline="no-display-inline">Section 1312(d)(3)(D) of the Patient Protection and Affordable Care Act (<external-xref legal-doc="usc" parsable-cite="usc/42/18032">42 U.S.C. 18032(d)(3)(D)</external-xref>) is amended—</text><paragraph id="H4E8CBF616451491697002A0E2D3EAE6D"><enum>(1)</enum><text>by striking the subparagraph heading and inserting the following:</text><quoted-block display-inline="no-display-inline" id="H7D050021082D46D388433382E9026302" style="OLC"><subparagraph id="H244943265F93450D9E04D701C7D9DC68"><enum>(D)</enum><header>Members of Congress, congressional staff, and political appointees in the exchange</header></subparagraph><after-quoted-block>;</after-quoted-block></quoted-block></paragraph><paragraph id="HECA2CE48105842A7B387E34781341241"><enum>(2)</enum><text>in clause (i), in the matter preceding subclause (I)—</text><subparagraph id="HADA9A0D3C41945CAA50AB23F06D66314"><enum>(A)</enum><text>by striking <quote>and congressional staff with</quote> and inserting <quote>, congressional staff, the President, the Vice President, and political appointees with</quote>; and</text></subparagraph><subparagraph id="H9B32AF9D16E245B18455A4199A547A7C"><enum>(B)</enum><text>by striking <quote>or congressional staff shall</quote> and inserting <quote>, congressional staff, the President, the Vice President, or a political appointee shall</quote>;</text></subparagraph></paragraph><paragraph id="HCDAB67CC07A546D5AEC2A28FD4F5B4D8"><enum>(3)</enum><text>in clause (ii)—</text><subparagraph id="H64A196EF850E432C8DEAB097EA5CA0B3"><enum>(A)</enum><text>in subclause (II), by inserting after <quote>Congress,</quote> the following: <quote>of a committee of Congress, or of a leadership office of Congress,</quote>; and</text></subparagraph><subparagraph id="H5B39740FB938492C9BF424E4706174A6"><enum>(B)</enum><text>by adding at the end the following:</text><quoted-block display-inline="no-display-inline" id="H44E6F7D7A133426FB5B9CE9059FFC2FB" style="OLC"><subclause id="H9BAF6EF9DA4F4D0A92B22C4A080FDEC9"><enum>(III)</enum><header>Political appointee</header><text>The term <term>political appointee</term> means any individual who—</text><item id="HC604FACE3FEC4CB5BA85EB95F6AB2B5B"><enum>(aa)</enum><text>is employed in a position described under sections 5312 through 5316 of title 5, United States Code (relating to the Executive Schedule);</text></item><item id="H60D940D861C44628B626B47B27818230"><enum>(bb)</enum><text>is a limited term appointee, limited emergency appointee, or noncareer appointee in the Senior Executive Service, as defined under paragraphs (5), (6), and (7), respectively, of section 3132(a) of title 5, United States Code; or</text></item><item id="H1ACEAB575DA34A26A6A3D350AC07D64E"><enum>(cc)</enum><text>is employed in a position in the executive branch of the Government of a confidential or policy-determining character under schedule C of subpart C of part 213 of title 5 of the Code of Federal Regulations.</text></item></subclause><after-quoted-block>; and</after-quoted-block></quoted-block></subparagraph></paragraph><paragraph id="H69260E5E62094D55955890270A02F3F6"><enum>(4)</enum><text>by adding at the end the following:</text><quoted-block display-inline="no-display-inline" id="HC387E91DD58040EFAE162C9EB0D95969" style="OLC"><clause id="H9B2B612D36CB4F3CBFD72A3CCB34F3CA"><enum>(iii)</enum><header>Government contribution</header><text>No Government contribution under section 8906 of title 5, United States Code, shall be provided on behalf of an individual who is a Member of Congress, a congressional staff member, the President, the Vice President, or a political appointee for coverage under this paragraph.</text></clause><clause id="HDC7830B341EF44158726AC2312BF09D1"><enum>(iv)</enum><header>Limitation on amount of tax credit or cost sharing</header><text>An individual enrolling in health insurance coverage pursuant to this paragraph shall not be eligible to receive a tax credit under <external-xref legal-doc="usc" parsable-cite="usc/26/36B">section 36B</external-xref> of the Internal Revenue Code of 1986 or reduced cost sharing under section 1402 of this Act in an amount that exceeds the total amount for which a similarly situated individual (who is not so enrolled) would be entitled to receive under such sections.</text></clause><clause id="H68E7C4CFEA554676BE348BA085C37470"><enum>(v)</enum><header>Limitation on discretion for designation of staff</header><text>Not­with­stand­ing any other provision of law, a Member of Congress shall not have discretion in determinations with respect to which employees employed by the office of such Member are eligible to enroll for coverage through an Exchange.</text></clause><clause id="H2BE0D36DA6A148ECA2E828BB246F97EE"><enum>(vi)</enum><header>Clarification</header><text>The terms <term>small employer</term> (as defined under section 1304(b)(2)) and <term>qualified employers</term> (as defined under subsection (f)) do not include the Congress, with respect to enrollments in an Exchange and a SHOP Exchange.</text></clause><after-quoted-block>.</after-quoted-block></quoted-block></paragraph></section></legis-body></bill> 

