<?xml version="1.0"?>
<?xml-stylesheet type="text/xsl" href="billres.xsl"?>
<!DOCTYPE bill PUBLIC "-//US Congress//DTDs/bill.dtd//EN" "bill.dtd">
<bill bill-stage="Introduced-in-House" dms-id="H6A06106DCAFF4B5F99CB7A014F53373F" public-private="public" key="H" bill-type="olc"><metadata xmlns:dc="http://purl.org/dc/elements/1.1/">
<dublinCore>
<dc:title>117 HR 36 IH: To repeal the National Voter Registration Act of 1993.</dc:title>
<dc:publisher>U.S. House of Representatives</dc:publisher>
<dc:date>2021-01-04</dc:date>
<dc:format>text/xml</dc:format>
<dc:language>EN</dc:language>
<dc:rights>Pursuant to Title 17 Section 105 of the United States Code, this file is not subject to copyright protection and is in the public domain.</dc:rights>
</dublinCore>
</metadata>
<form>
<distribution-code display="yes">I</distribution-code><congress display="yes">117th CONGRESS</congress><session display="yes">1st Session</session><legis-num display="yes">H. R. 36</legis-num><current-chamber>IN THE HOUSE OF REPRESENTATIVES</current-chamber><action display="yes"><action-date date="20210104">January 4, 2021</action-date><action-desc><sponsor name-id="B001302">Mr. Biggs</sponsor> introduced the following bill; which was referred to the <committee-name committee-id="HHA00">Committee on House Administration</committee-name></action-desc></action><legis-type>A BILL</legis-type><official-title display="yes">To repeal the National Voter Registration Act of 1993.</official-title></form><legis-body id="HFB8C763C445B4E38AB52F335C48C9D6F" style="OLC"><section id="H53A57FFEA0F34584BFAB24440C7388AC" section-type="section-one"><enum>1.</enum><header>Repeal of National Voter Registration Act of 1993</header><text display-inline="no-display-inline">The National Voter Registration Act of 1993 (<external-xref legal-doc="usc" parsable-cite="usc/52/20501">52 U.S.C. 20501</external-xref> et seq.) is repealed.</text></section></legis-body></bill> 

