<?xml version="1.0" encoding="utf-8" standalone="no"?>
<billStatus>
  <bill>
    <billNumber>192</billNumber>
    <createDate>2021-04-30T04:27:13Z</createDate>
    <updateDate>2022-02-09T06:12:17Z</updateDate>
    <originChamber>Senate</originChamber>
    <billType>SRES</billType>
    <introducedDate>2021-04-29</introducedDate>
    <congress>117</congress>
    <recordedVotes/>
    <committees>
      <billCommittees>
        <item>
          <systemCode>sscm00</systemCode>
          <name>Commerce, Science, and Transportation Committee</name>
          <chamber>Senate</chamber>
          <type>Standing</type>
          <subcommittees/>
          <activities>
            <item>
              <name>Referred to</name>
              <date>2021-04-29T19:29:04Z</date>
            </item>
          </activities>
        </item>
      </billCommittees>
    </committees>
    <committeeReports/>
    <relatedBills>
      <item>
        <latestTitle>Expressing support for the designation of May 2021 as Motorcycle Safety Awareness Month.</latestTitle>
        <congress>117</congress>
        <number>359</number>
        <type>HRES</type>
        <latestAction>
          <actionDate>2021-05-03</actionDate>
          <text>Referred to the Subcommittee on Highways and Transit.</text>
        </latestAction>
        <relationshipDetails>
          <item>
            <type>Related bill</type>
            <identifiedBy>CRS</identifiedBy>
          </item>
        </relationshipDetails>
      </item>
    </relatedBills>
    <actions>
      <item>
        <actionDate>2021-04-29</actionDate>
        <committees>
          <item>
            <systemCode>sscm00</systemCode>
            <name>Commerce, Science, and Transportation Committee</name>
          </item>
        </committees>
        <links/>
        <sourceSystem>
          <code>0</code>
          <name>Senate</name>
        </sourceSystem>
        <text>Referred to the Committee on Commerce, Science, and Transportation. (text: CR S2366-2367)</text>
        <type>IntroReferral</type>
      </item>
      <item>
        <actionDate>2021-04-29</actionDate>
        <links/>
        <text>Introduced in Senate</text>
        <type>IntroReferral</type>
        <actionCode>10000</actionCode>
        <sourceSystem>
          <code>9</code>
          <name>Library of Congress</name>
        </sourceSystem>
        <committees/>
      </item>
      <actionTypeCounts>
        <referredToCommittee>1</referredToCommittee>
        <introducedInSenate>1</introducedInSenate>
      </actionTypeCounts>
      <actionByCounts>
        <senate>2</senate>
      </actionByCounts>
    </actions>
    <sponsors>
      <item>
        <bioguideId>E000295</bioguideId>
        <fullName>Sen. Ernst, Joni [R-IA]</fullName>
        <firstName>Joni</firstName>
        <middleName/>
        <lastName>Ernst</lastName>
        <party>R</party>
        <state>IA</state>
        <identifiers>
          <lisID>2283</lisID>
          <bioguideId>E000295</bioguideId>
          <gpoId/>
        </identifiers>
        <byRequestType/>
      </item>
    </sponsors>
    <cosponsors>
      <item>
        <bioguideId>P000595</bioguideId>
        <fullName>Sen. Peters, Gary C. [D-MI]</fullName>
        <firstName>Gary</firstName>
        <middleName/>
        <lastName>Peters</lastName>
        <party>D</party>
        <state>MI</state>
        <identifiers>
          <lisID>1929</lisID>
          <bioguideId>P000595</bioguideId>
          <gpoId>7994</gpoId>
        </identifiers>
        <sponsorshipDate>2021-04-29</sponsorshipDate>
        <isOriginalCosponsor>True</isOriginalCosponsor>
        <sponsorshipWithdrawnDate/>
      </item>
    </cosponsors>
    <cboCostEstimates/>
    <laws/>
    <notes/>
    <policyArea>
      <name>Transportation and Public Works</name>
    </policyArea>
    <subjects>
      <billSubjects>
        <legislativeSubjects>
          <item>
            <name>Commemorative events and holidays</name>
          </item>
          <item>
            <name>Motor vehicles</name>
          </item>
          <item>
            <name>Roads and highways</name>
          </item>
          <item>
            <name>Transportation safety and security</name>
          </item>
        </legislativeSubjects>
        <policyArea>
          <name>Transportation and Public Works</name>
        </policyArea>
      </billSubjects>
    </subjects>
    <summaries>
      <billSummaries>
        <item>
          <versionCode>00</versionCode>
          <actionDate>2021-04-29</actionDate>
          <actionDesc>Introduced in Senate</actionDesc>
          <lastSummaryUpdateDate>2021-05-17T14:24:26Z</lastSummaryUpdateDate>
          <text>
            <![CDATA[ <p>This resolution (1) expresses support for the designation of May 2021 as Motorcycle Safety Awareness Month; (2) recognizes the contribution of motorcycles to the transportation mix; (3) encourages motorcycle awareness by all road users; (4) recognizes that motorcyclists have a right to the road and that all motorists should safely share the roadways; (5) encourages rider safety education, training, and proper gear for safe motorcycle operation; and (6) supports the goals of Motorcycle Safety Awareness Month.</p>]]>
          </text>
          <updateDate>2021-04-29T04:00:00Z</updateDate>
          <name>Introduced in Senate</name>
        </item>
      </billSummaries>
    </summaries>
    <title>A resolution expressing support for the designation of May 2021 as "Motorcycle Safety Awareness Month".</title>
    <titles>
      <item>
        <titleType>Display Title</titleType>
        <parentTitleType/>
        <title>A resolution expressing support for the designation of May 2021 as "Motorcycle Safety Awareness Month".</title>
        <chamberCode/>
        <chamberName/>
      </item>
      <item>
        <titleType>Official Title as Introduced</titleType>
        <parentTitleType/>
        <title>A resolution expressing support for the designation of May 2021 as "Motorcycle Safety Awareness Month".</title>
        <chamberCode/>
        <chamberName/>
      </item>
    </titles>
    <amendments/>
    <textVersions>
      <item>
        <type>Introduced in Senate</type>
        <date>2021-04-29T04:00:00Z</date>
        <formats>
          <item>
            <url>https://www.govinfo.gov/content/pkg/BILLS-117sres192is/xml/BILLS-117sres192is.xml</url>
          </item>
        </formats>
      </item>
    </textVersions>
    <latestAction>
      <actionDate>2021-04-29</actionDate>
      <text>Referred to the Committee on Commerce, Science, and Transportation. (text: CR S2366-2367)</text>
      <links/>
    </latestAction>
    <calendarNumbers/>
    <version>1.0.0</version>
  </bill>
  <dublinCore xmlns:dc="http://purl.org/dc/elements/1.1/">
    <dc:format>text/xml</dc:format>
    <dc:language>EN</dc:language>
    <dc:rights>Pursuant to Title 17 Section 105 of the United States Code, this file is not subject to copyright protection and is in the public domain.</dc:rights>
    <dc:contributor>Congressional Research Service, Library of Congress</dc:contributor>
    <dc:description>This file contains bill summaries and statuses for federal legislation. A bill summary describes the most significant provisions of a piece of legislation and details the effects the legislative text may have on current law and federal programs. Bill summaries are authored by the Congressional Research Service (CRS) of the Library of Congress. As stated in Public Law 91-510 (2 USC 166 (d)(6)), one of the duties of CRS is "to prepare summaries and digests of bills and resolutions of a public general nature introduced in the Senate or House of Representatives". For more information, refer to the User Guide that accompanies this file.</dc:description>
  </dublinCore>
</billStatus>
