<mods xmlns:xlink="http://www.w3.org/1999/xlink" xmlns:xsi="http://www.w3.org/2001/XMLSchema-instance" xmlns="http://www.loc.gov/mods/v3" version="3.3" xsi:schemaLocation="http://www.loc.gov/mods/v3 http://www.loc.gov/standards/mods/v3/mods-3-3.xsd" ID="P0b002ee1aac9d2b4">
<name type="corporate">
 <namePart>United States Government Publishing Office</namePart>
 <role>
  <roleTerm authority="marcrelator" type="text">publisher</roleTerm>
  <roleTerm authority="marcrelator" type="code">pbl</roleTerm>
</role>
 <role>
  <roleTerm authority="marcrelator" type="text">distributor</roleTerm>
  <roleTerm authority="marcrelator" type="code">dst</roleTerm>
</role>
</name>
<name type="corporate">
 <namePart>United States</namePart>
 <namePart>Congress</namePart>
 <namePart>House of Representatives</namePart>
 <role>
  <roleTerm authority="marcrelator" type="text">author</roleTerm>
  <roleTerm authority="marcrelator" type="code">aut</roleTerm>
</role>
 <description>Government Organization</description>
</name>
<typeOfResource>text</typeOfResource>
<genre authority="marcgt">government publication</genre>
<language>
 <languageTerm type="code" authority="iso639-2b">eng</languageTerm>
</language>
<extension>
 <collectionCode>BILLS</collectionCode>
 <searchTitle>Supporting the goals and ideals of No Name-Calling Week in bringing attention to name-calling of all kinds and providing schools with the tools and inspiration to launch an ongoing dialogue about ways to eliminate name-calling, bullying, and harassment in their communities.;H. Con. Res. 4 (IH)
    </searchTitle>
 <category>Bills and Statutes</category>
 <waisDatabaseName>117_cong_bills</waisDatabaseName>
 <branch>legislative</branch>
 <dateIngested>2021-01-12</dateIngested>
</extension>
<titleInfo>
 <title>Supporting the goals and ideals of No Name-Calling Week in bringing attention to name-calling of all kinds and providing schools with the tools and inspiration to launch an ongoing dialogue about ways to eliminate name-calling, bullying, and harassment in their communities.</title>
</titleInfo>
<titleInfo type="alternative">
 <title>H. Con. Res. 4 (IH)
    </title>
</titleInfo>
<originInfo>
 <publisher>U.S. Government Publishing Office</publisher>
 <dateIssued encoding="w3cdtf">2021-01-11</dateIssued>
 <issuance>monographic</issuance>
</originInfo>
<physicalDescription>
 <note type="source content type">deposited</note>
 <digitalOrigin>born digital</digitalOrigin>
 <extent>4 p.</extent>
</physicalDescription>
<classification authority="sudocs">Y 1.6:</classification>
<classification authority="sudocs">Y 1.4/9:</classification>
<identifier type="local">P0b002ee1aac9d2b4</identifier>
<identifier type="uri">https://www.govinfo.gov/app/details/BILLS-117hconres4ih</identifier>
<identifier type="preferred citation">H. Con. Res. 4</identifier>
<identifier type="stock number">021-610-00252-9</identifier>
<identifier type="Parent ILS system id">000501532</identifier>
<identifier type="Child ILS system id">000325575</identifier>
<identifier type="Parent ILS title">Congressional bills</identifier>
<identifier type="Child ILS title">House concurrent resolutions</identifier>
<identifier type="former package identifier">f:hc4_ih.txt</identifier>
<location>
 <url displayLabel="Content Detail" access="object in context">https://www.govinfo.gov/app/details/BILLS-117hconres4ih</url>
 <url displayLabel="HTML rendition" access="raw object">https://www.govinfo.gov/content/pkg/BILLS-117hconres4ih/html/BILLS-117hconres4ih.htm</url>
 <url displayLabel="PDF rendition" access="raw object">https://www.govinfo.gov/content/pkg/BILLS-117hconres4ih/pdf/BILLS-117hconres4ih.pdf</url>
 <url displayLabel="XML rendition" access="raw object">https://www.govinfo.gov/content/pkg/BILLS-117hconres4ih/xml/BILLS-117hconres4ih.xml</url>
</location>
<accessCondition type="GPO scope determination">fdlp</accessCondition>
<recordInfo>
 <recordContentSource authority="marcorg">DGPO</recordContentSource>
 <recordCreationDate encoding="w3cdtf">2021-01-12</recordCreationDate>
 <recordChangeDate encoding="w3cdtf">2021-01-12</recordChangeDate>
 <recordIdentifier source="DGPO">BILLS-117hconres4ih</recordIdentifier>
 <recordOrigin>machine generated</recordOrigin>
 <languageOfCataloging>
  <languageTerm type="code" authority="iso639-2b">eng</languageTerm>
</languageOfCataloging>
</recordInfo>
<name type="personal">
 <namePart>Barbara Lee</namePart>
 <affiliation>United States House of Representatives</affiliation>
 <role>
  <roleTerm authority="marcrelator" type="text">sponsor</roleTerm>
  <roleTerm authority="marcrelator" type="code">spn</roleTerm>
</role>
 <description>United States Congress Member</description>
</name>
<name type="personal">
 <namePart>Eleanor Holmes Norton</namePart>
 <affiliation>United States House of Representatives</affiliation>
 <role>
  <roleTerm type="text">cosponsor</roleTerm>
</role>
 <description>United States Congress Member</description>
</name>
<name type="personal">
 <namePart>Andre Carson</namePart>
 <affiliation>United States House of Representatives</affiliation>
 <role>
  <roleTerm type="text">cosponsor</roleTerm>
</role>
 <description>United States Congress Member</description>
</name>
<name type="personal">
 <namePart>Kathy Castor</namePart>
 <affiliation>United States House of Representatives</affiliation>
 <role>
  <roleTerm type="text">cosponsor</roleTerm>
</role>
 <description>United States Congress Member</description>
</name>
<name type="personal">
 <namePart>Alan S. Lowenthal</namePart>
 <affiliation>United States House of Representatives</affiliation>
 <role>
  <roleTerm type="text">cosponsor</roleTerm>
</role>
 <description>United States Congress Member</description>
</name>
<name type="personal">
 <namePart>Alcee L. Hastings</namePart>
 <affiliation>United States House of Representatives</affiliation>
 <role>
  <roleTerm type="text">cosponsor</roleTerm>
</role>
 <description>United States Congress Member</description>
</name>
<name type="personal">
 <namePart>Juan Vargas</namePart>
 <affiliation>United States House of Representatives</affiliation>
 <role>
  <roleTerm type="text">cosponsor</roleTerm>
</role>
 <description>United States Congress Member</description>
</name>
<name type="personal">
 <namePart>Yvette D. Clarke</namePart>
 <affiliation>United States House of Representatives</affiliation>
 <role>
  <roleTerm type="text">cosponsor</roleTerm>
</role>
 <description>United States Congress Member</description>
</name>
<name type="personal">
 <namePart>Emanuel Cleaver</namePart>
 <affiliation>United States House of Representatives</affiliation>
 <role>
  <roleTerm type="text">cosponsor</roleTerm>
</role>
 <description>United States Congress Member</description>
</name>
<name type="personal">
 <namePart>Linda T. Sanchez</namePart>
 <affiliation>United States House of Representatives</affiliation>
 <role>
  <roleTerm type="text">cosponsor</roleTerm>
</role>
 <description>United States Congress Member</description>
</name>
<name type="personal">
 <namePart>Mark Takano</namePart>
 <affiliation>United States House of Representatives</affiliation>
 <role>
  <roleTerm type="text">cosponsor</roleTerm>
</role>
 <description>United States Congress Member</description>
</name>
<name type="personal">
 <namePart>Angie Craig</namePart>
 <affiliation>United States House of Representatives</affiliation>
 <role>
  <roleTerm type="text">cosponsor</roleTerm>
</role>
 <description>United States Congress Member</description>
</name>
<name type="personal">
 <namePart>Katie Porter</namePart>
 <affiliation>United States House of Representatives</affiliation>
 <role>
  <roleTerm type="text">cosponsor</roleTerm>
</role>
 <description>United States Congress Member</description>
</name>
<name type="personal">
 <namePart>Ann M. Kuster</namePart>
 <affiliation>United States House of Representatives</affiliation>
 <role>
  <roleTerm type="text">cosponsor</roleTerm>
</role>
 <description>United States Congress Member</description>
</name>
<name type="personal">
 <namePart>Adriano Espaillat</namePart>
 <affiliation>United States House of Representatives</affiliation>
 <role>
  <roleTerm type="text">cosponsor</roleTerm>
</role>
 <description>United States Congress Member</description>
</name>
<name type="personal">
 <namePart>Debbie Dingell</namePart>
 <affiliation>United States House of Representatives</affiliation>
 <role>
  <roleTerm type="text">cosponsor</roleTerm>
</role>
 <description>United States Congress Member</description>
</name>
<name type="personal">
 <namePart>David J. Trone</namePart>
 <affiliation>United States House of Representatives</affiliation>
 <role>
  <roleTerm type="text">cosponsor</roleTerm>
</role>
 <description>United States Congress Member</description>
</name>
<name type="personal">
 <namePart>Jahana Hayes</namePart>
 <affiliation>United States House of Representatives</affiliation>
 <role>
  <roleTerm type="text">cosponsor</roleTerm>
</role>
 <description>United States Congress Member</description>
</name>
<name type="personal">
 <namePart>Paul Tonko</namePart>
 <affiliation>United States House of Representatives</affiliation>
 <role>
  <roleTerm type="text">cosponsor</roleTerm>
</role>
 <description>United States Congress Member</description>
</name>
<name type="personal">
 <namePart>Derek Kilmer</namePart>
 <affiliation>United States House of Representatives</affiliation>
 <role>
  <roleTerm type="text">cosponsor</roleTerm>
</role>
 <description>United States Congress Member</description>
</name>
<name type="corporate">
 <namePart>United States</namePart>
 <namePart>Congress</namePart>
 <namePart>House of Representatives</namePart>
 <namePart>Committee on Education and Labor</namePart>
 <role>
  <roleTerm authority="marcrelator" type="text">associated name</roleTerm>
  <roleTerm authority="marcrelator" type="code">asn</roleTerm>
</role>
</name>
<extension>
 <docClass>hconres</docClass>
 <accessId>BILLS-117hconres4ih</accessId>
 <congress>117</congress>
 <session>1</session>
 <originChamber>HOUSE</originChamber>
 <currentChamber>HOUSE</currentChamber>
 <billNumber>4</billNumber>
 <billVersion reprint="false">ih</billVersion>
 <fileSuffix>ih</fileSuffix>
 <officialTitle>Supporting the goals and ideals of No Name-Calling Week in bringing attention to name-calling of all kinds and providing schools with the tools and inspiration to launch an ongoing dialogue about ways to eliminate name-calling, bullying, and harassment in their communities.</officialTitle>
 <action date="2021-01-11">Ms. Lee of California (for herself, Ms. Norton, Mr. Carson, Ms. Castor of Florida, Mr. Lowenthal, Mr. Hastings, Mr. Vargas, Ms. Clarke of New York, Mr. Cleaver, Ms. Sánchez, Mr. Takano, Ms. Craig, Ms. Porter, Ms. Kuster, Mr. Espaillat, Mrs. Dingell, Mr. Trone, Mrs. Hayes, Mr. Tonko, and Mr. Kilmer) submitted the following concurrent resolution; which was referred to the Committee on Education and Labor</action>
 <congCommittee authorityId="hsed00" chamber="H" congress="117" type="S">
                      <name type="authority-standard">Committee on Education and Labor</name>
                      <name type="authority-short">Education and Labor</name>
                </congCommittee>
 <congMember authorityId="1501" bioGuideId="L000551" chamber="H" congress="117" gpoId="7814" party="D" role="SPONSOR" state="CA">
                      <name type="parsed">Ms. Lee of California</name>
                      <name type="authority-fnf">Barbara Lee</name>
                      <name type="authority-lnf">Lee, Barbara</name>
                </congMember>
 <congMember authorityId="868" bioGuideId="N000147" chamber="H" congress="117" gpoId="7871" party="D" role="COSPONSOR" state="DC">
                      <name type="parsed">Ms. Norton</name>
                      <name type="authority-fnf">Eleanor Holmes Norton</name>
                      <name type="authority-lnf">Norton, Eleanor Holmes</name>
                      <name type="authority-other">Eleanor Norton</name>
                </congMember>
 <congMember authorityId="1889" bioGuideId="C001072" chamber="H" congress="117" gpoId="7946" party="D" role="COSPONSOR" state="IN">
                      <name type="parsed">Mr. Carson</name>
                      <name type="authority-fnf">Andre Carson</name>
                      <name type="authority-lnf">Carson, Andre</name>
                </congMember>
 <congMember authorityId="1839" bioGuideId="C001066" chamber="H" congress="117" gpoId="7883" party="D" role="COSPONSOR" state="FL">
                      <name type="parsed">Ms. Castor of Florida</name>
                      <name type="authority-fnf">Kathy Castor</name>
                      <name type="authority-lnf">Castor, Kathy</name>
                </congMember>
 <congMember authorityId="2111" bioGuideId="L000579" chamber="H" congress="117" party="D" role="COSPONSOR" state="CA">
                      <name type="parsed">Mr. Lowenthal</name>
                      <name type="authority-fnf">Alan S. Lowenthal</name>
                      <name type="authority-lnf">Lowenthal, Alan S.</name>
                      <name type="authority-other">Mr. Alan Lowenthal</name>
                </congMember>
 <congMember authorityId="511" bioGuideId="H000324" chamber="H" congress="117" gpoId="7895" party="D" role="COSPONSOR" state="FL">
                      <name type="parsed">Mr. Hastings</name>
                      <name type="authority-fnf">Alcee L. Hastings</name>
                      <name type="authority-lnf">Hastings, Alcee L.</name>
                      <name type="authority-other">Alcee Hastings</name>
                </congMember>
 <congMember authorityId="2112" bioGuideId="V000130" chamber="H" congress="117" party="D" role="COSPONSOR" state="CA">
                      <name type="parsed">Mr. Vargas</name>
                      <name type="authority-fnf">Juan Vargas</name>
                      <name type="authority-lnf">Vargas, Juan</name>
                </congMember>
 <congMember authorityId="1864" bioGuideId="C001067" chamber="H" congress="117" gpoId="8072" party="D" role="COSPONSOR" state="NY">
                      <name type="parsed">Ms. Clarke of New York</name>
                      <name type="authority-fnf">Yvette D. Clarke</name>
                      <name type="authority-lnf">Clarke, Yvette D.</name>
                      <name type="authority-other">Ms. Yvette Clarke</name>
                </congMember>
 <congMember authorityId="1790" bioGuideId="C001061" chamber="H" congress="117" gpoId="8013" party="D" role="COSPONSOR" state="MO">
                      <name type="parsed">Mr. Cleaver</name>
                      <name type="authority-fnf">Emanuel Cleaver</name>
                      <name type="authority-lnf">Cleaver, Emanuel</name>
                </congMember>
 <congMember authorityId="1757" bioGuideId="S001156" chamber="H" congress="117" gpoId="7844" party="D" role="COSPONSOR" state="CA">
                      <name type="parsed">Ms. Sánchez</name>
                      <name type="authority-fnf">Linda T. Sanchez</name>
                      <name type="authority-lnf">Sanchez, Linda T.</name>
                      <name type="authority-other">Linda Sanchez</name>
                </congMember>
 <congMember authorityId="2110" bioGuideId="T000472" chamber="H" congress="117" party="D" role="COSPONSOR" state="CA">
                      <name type="parsed">Mr. Takano</name>
                      <name type="authority-fnf">Mark Takano</name>
                      <name type="authority-lnf">Takano, Mark</name>
                </congMember>
 <congMember authorityId="2412" bioGuideId="C001119" chamber="H" congress="117" party="D" role="COSPONSOR" state="MN">
                      <name type="parsed">Ms. Craig</name>
                      <name type="authority-fnf">Angie Craig</name>
                      <name type="authority-lnf">Craig, Angie</name>
                </congMember>
 <congMember authorityId="2381" bioGuideId="P000618" chamber="H" congress="117" party="D" role="COSPONSOR" state="CA">
                      <name type="parsed">Ms. Porter</name>
                      <name type="authority-fnf">Katie Porter</name>
                      <name type="authority-lnf">Porter, Katie</name>
                </congMember>
 <congMember authorityId="2145" bioGuideId="K000382" chamber="H" congress="117" party="D" role="COSPONSOR" state="NH">
                      <name type="parsed">Ms. Kuster</name>
                      <name type="authority-fnf">Ann M. Kuster</name>
                      <name type="authority-lnf">Kuster, Ann M.</name>
                      <name type="authority-other">Ms. Ann Kuster</name>
                </congMember>
 <congMember authorityId="2342" bioGuideId="E000297" chamber="H" congress="117" party="D" role="COSPONSOR" state="NY">
                      <name type="parsed">Mr. Espaillat</name>
                      <name type="authority-fnf">Adriano Espaillat</name>
                      <name type="authority-lnf">Espaillat, Adriano</name>
                </congMember>
 <congMember authorityId="2251" bioGuideId="D000624" chamber="H" congress="117" party="D" role="COSPONSOR" state="MI">
                      <name type="parsed">Mrs. Dingell</name>
                      <name type="authority-fnf">Debbie Dingell</name>
                      <name type="authority-lnf">Dingell, Debbie</name>
                </congMember>
 <congMember authorityId="2406" bioGuideId="T000483" chamber="H" congress="117" party="D" role="COSPONSOR" state="MD">
                      <name type="parsed">Mr. Trone</name>
                      <name type="authority-fnf">David J. Trone</name>
                      <name type="authority-lnf">Trone, David J.</name>
                      <name type="authority-other">Mr. David Trone</name>
                </congMember>
 <congMember authorityId="2386" bioGuideId="H001081" chamber="H" congress="117" party="D" role="COSPONSOR" state="CT">
                      <name type="parsed">Mrs. Hayes</name>
                      <name type="authority-fnf">Jahana Hayes</name>
                      <name type="authority-lnf">Hayes, Jahana</name>
                </congMember>
 <congMember authorityId="1942" bioGuideId="T000469" chamber="H" congress="117" gpoId="8082" party="D" role="COSPONSOR" state="NY">
                      <name type="parsed">Mr. Tonko</name>
                      <name type="authority-fnf">Paul Tonko</name>
                      <name type="authority-lnf">Tonko, Paul</name>
                </congMember>
 <congMember authorityId="2169" bioGuideId="K000381" chamber="H" congress="117" party="D" role="COSPONSOR" state="WA">
                      <name type="parsed">Mr. Kilmer</name>
                      <name type="authority-fnf">Derek Kilmer</name>
                      <name type="authority-lnf">Kilmer, Derek</name>
                </congMember>
 <isPrivate>false</isPrivate>
 <isAppropriation>false</isAppropriation>
</extension>
</mods>