<?xml version="1.0"?>
<?xml-stylesheet type="text/xsl" href="billres.xsl"?>
<!DOCTYPE bill PUBLIC "-//US Congress//DTDs/bill.dtd//EN" "bill.dtd">
<bill bill-stage="Introduced-in-House" dms-id="HBB52D28A00A4446E9A493A2E0908E666" public-private="public" key="H" bill-type="olc"><metadata xmlns:dc="http://purl.org/dc/elements/1.1/">
<dublinCore>
<dc:title>117 HR 62 IH: Improving Science in Chemical Assessments Act</dc:title>
<dc:publisher>U.S. House of Representatives</dc:publisher>
<dc:date>2021-01-04</dc:date>
<dc:format>text/xml</dc:format>
<dc:language>EN</dc:language>
<dc:rights>Pursuant to Title 17 Section 105 of the United States Code, this file is not subject to copyright protection and is in the public domain.</dc:rights>
</dublinCore>
</metadata>
<form>
<distribution-code display="yes">I</distribution-code><congress display="yes">117th CONGRESS</congress><session display="yes">1st Session</session><legis-num display="yes">H. R. 62</legis-num><current-chamber>IN THE HOUSE OF REPRESENTATIVES</current-chamber><action display="yes"><action-date date="20210104">January 4, 2021</action-date><action-desc><sponsor name-id="B001302">Mr. Biggs</sponsor> introduced the following bill; which was referred to the <committee-name committee-id="HSY00">Committee on Science, Space, and Technology</committee-name>, and in addition to the Committee on <committee-name committee-id="HIF00">Energy and Commerce</committee-name>, for a period to be subsequently determined by the Speaker, in each case for consideration of such provisions as fall within the jurisdiction of the committee concerned</action-desc></action><legis-type>A BILL</legis-type><official-title display="yes">To direct that certain assessments with respect to toxicity of chemicals be carried out by the program offices of the Environmental Protection Agency, and for other purposes.</official-title></form><legis-body id="H2F1B2CD08D624F02B4A4D0ED80EFFA5D" style="OLC"><section id="HC689055AD9C54755A7ED14FE1AA87C78" section-type="section-one"><enum>1.</enum><header>Short title</header><text display-inline="no-display-inline">This Act may be cited as the <quote><short-title>Improving Science in Chemical Assessments Act</short-title></quote>.</text></section><section id="HA24FBCE6057E4D1FB58D576F9BCA990F"><enum>2.</enum><header>Research needs and priorities of EPA program offices</header><text display-inline="no-display-inline">The Environmental Research, Development, and Demonstration Authorization Act is amended by striking section 7 (<external-xref legal-doc="usc" parsable-cite="usc/42/4364">42 U.S.C. 4364</external-xref>) and inserting the following:</text><quoted-block display-inline="no-display-inline" id="H247F8A43044D4DDDBA8400B1B9F7E009" style="OLC"><section id="HDDF93888B4DC4A6384B8060FCEBDA6AB"><enum>7.</enum><header>Research needs and priorities of EPA program offices</header><subsection id="HBA2CA7AB68A144F1BA6D0E5D7B5A855B"><enum>(a)</enum><header>In general</header><text display-inline="yes-display-inline">The Administrator of the Environmental Protection Agency shall assure that the expenditure of any funds appropriated pursuant to this Act or any other provision of law for environmental research and development related to regulatory program activities shall be coordinated with and reflect the research needs and priorities of the relevant program offices, as well as the overall research needs and priorities of the Agency, including those defined in the five-year research plan.</text></subsection><subsection id="H7C04ED05EC0C4FDEA0620D53C43EA40D"><enum>(b)</enum><header>Hazard identification and dose-Response assessments</header><text display-inline="yes-display-inline">Beginning on the date of the enactment of the <short-title>Improving Science in Chemical Assessments Act</short-title>, any covered assessments carried out with respect to a chemical substance through the Integrated Risk Information System program of the Environmental Protection Agency as of the day before such date of enactment shall, in lieu of being carried out through such program, be carried out by the relevant program office of the Environmental Protection Agency, so long as the relevant program office determines there is a need for such an assessment. Such an assessment shall be carried out using the scientific standards specified in section 7B and be based on the weight of the scientific evidence.</text></subsection><subsection id="HE11BC8432DFE45C0AD3F81FEA49D3053"><enum>(c)</enum><header>Toxicity values</header><text display-inline="yes-display-inline">In carrying out a covered assessment with respect to a chemical substance under subsection (a), the relevant program office shall assign a toxicity value or values, when scientifically supported by the available data, for such chemical substance. With respect to that assignment, the following shall apply:</text><paragraph id="HE571834B814B4465B3F320E1BB685CB2"><enum>(1)</enum><text display-inline="yes-display-inline">When supported by the available data, the toxicity value or values shall include a range of point estimates of risk as well as sources and magnitudes of uncertainty associated with the estimates.</text></paragraph><paragraph id="HE2517272194644E4828C68EAEAF3D2FA"><enum>(2)</enum><text>When multiple point estimates can be developed, the relevant program office shall—</text><subparagraph id="H2F836DBB8D034BF5B4E9032AC679B66A"><enum>(A)</enum><text>consider all datasets; and</text></subparagraph><subparagraph id="HDE1229D46B434752B01F2AC6A0F116DE"><enum>(B)</enum><text>make a determination about how best to represent the human health risk posed by the chemical substance involved.</text></subparagraph></paragraph></subsection><subsection id="H25436DD074564A7BA5CF6350AC8A7A0A"><enum>(d)</enum><header>Chemical assessment database</header><paragraph id="H13F4B671C0AE41838415BE7B400A23D1"><enum>(1)</enum><header>In general</header><text>A toxicity value or values assigned to a chemical substance under subsection (c) shall be included in a chemical assessment database to be maintained by the Office of Research and Development of the Environmental Protection Agency.</text></paragraph><paragraph id="HE34E85E0B558411999F16FB7A0B03AAE"><enum>(2)</enum><header>Completed assessments</header><text>All covered assessments stored, as of the date of the enactment of this Act, in the IRIS database of the Environmental Protection Agency shall be retained in the chemical assessment database established pursuant to paragraph (1).</text></paragraph><paragraph id="HC82B71AC7E4C4439B70549D1C5CBC8F6"><enum>(3)</enum><header>Updates</header><text display-inline="yes-display-inline">Such database shall be updated pursuant to a covered assessment performed by a relevant program office, including to make a change in the existing toxicity value or values for a chemical substance included in such database.</text></paragraph></subsection><subsection id="H03A1F2E4C80248138E9D259F4CEBA6E8"><enum>(e)</enum><header>Certification</header><text display-inline="yes-display-inline">Beginning 2 years after the date of the enactment of the <short-title>Improving Science in Chemical Assessments Act</short-title> and every 2 years thereafter, the Office of Research and Development of the Environmental Protection Agency shall submit to the Committee on Science, Space, and Technology and the Committee on Energy and Commerce of the House of Representatives and the Committee on Environment and Public Works of the Senate, a report containing a certification that each covered assessment completed during the period covered by the report was conducted using the scientific standards specified in section 7B.</text></subsection><subsection id="HF271E374FF0F4950BE8639B41878CF45"><enum>(f)</enum><header>Definitions</header><text>In this section, section 7A, and section 7B:</text><paragraph id="H7022E297FB2B4621821B89ECAD4528BB"><enum>(1)</enum><text display-inline="yes-display-inline">The term <term>covered assessment</term> means, with respect to the evaluation of the human health effects resulting from chronic exposure to a chemical substance, a chemical hazard identification and dose-response assessment (as such terms are defined by the Environmental Protection Agency on the day before the date of the enactment of this Act).</text></paragraph><paragraph id="HE140280E9847472B9B6A68628BA12D00"><enum>(2)</enum><text>The term <term>relevant program office</term> includes the following offices of the Environmental Protection Agency:</text><subparagraph id="HD5FFCFF8B4F14528954264E3B43E0081"><enum>(A)</enum><text>The Office of Water.</text></subparagraph><subparagraph id="HEDA4665A851D433CB5D7216B71A43FCA"><enum>(B)</enum><text>The Office of Air and Radiation.</text></subparagraph><subparagraph id="H66034853115B400E803BB8EEF4976CD5"><enum>(C)</enum><text>The Office of Land and Emergency Management.</text></subparagraph><subparagraph id="H9CC8339C6A9842B593C9242B93F72A31"><enum>(D)</enum><text>The Office of Chemical Safety and Pollution Prevention.</text></subparagraph><subparagraph id="H55A0CEC33CBC4CA793BFB75DEB79A32A"><enum>(E)</enum><text>Any successor to an office specified in subparagraphs (A) through (D) and any other office determined to be relevant by the Administrator of the Environmental Protection Agency.</text></subparagraph></paragraph></subsection></section><section id="H20BE807074B34E03AFAF27658B7CA89F"><enum>7A.</enum><header>Hazard Identification and Dose-Response Steering Committee</header><subsection id="H5B5AB2837196439A9586490D71723116"><enum>(a)</enum><header>Establishment</header><text display-inline="yes-display-inline">Not later than 30 days after the date of the enactment of the Improving Science in Chemical Assessments Act, the Administrator of the Environmental Protection Agency shall establish a chemical hazard identification and dose-response steering committee (referred to in this Act as the <quote>steering committee</quote>) to coordinate the conduct of covered assessments by relevant program offices for purposes of ensuring that, with respect to such assessments, there is no duplication of effort by such offices. <italic></italic></text></subsection><subsection id="HA72AE3B36C2444E2A6AD090C25540E98"><enum>(b)</enum><header>Duty</header><text>The duties of the steering committee are the following:</text><paragraph id="H8B6FF362BFC04101BC8A02546A5B990B"><enum>(1)</enum><text>If the steering committee learns that more than one relevant program office intends to conduct covered assessments with respect to the same chemical substance, the steering committee shall determine the most effective means of carrying out a single covered assessment to prevent duplication of effort by such offices.</text></paragraph><paragraph id="H5C93094013D043D6AA4B578E5AFEBF07"><enum>(2)</enum><text display-inline="yes-display-inline">For purposes of supplementing a covered assessment, the steering committee shall consider any third-party assessment of a chemical substance generated by another Federal, State, or international agency or agencies or members of the scientific community that meets the requirements specified in subsection (e).</text></paragraph></subsection><subsection id="H20E8A30E4DED4D38A5EDBFB6FCCF58C3"><enum>(c)</enum><header>Chair; composition</header><paragraph id="H98B9EEED03B0456B8AE8F1BE34592427"><enum>(1)</enum><header>Chair</header><text>The steering committee shall be chaired by the Assistant Administrator of the Office of Research and Development of the Environmental Protection Agency.</text></paragraph><paragraph id="H0A78F87796DE4E3CA6DEEC5898FF58B7"><enum>(2)</enum><header>Composition</header><text>The steering committee shall be composed of 15 members, all of whom shall be active, full-time employees of the Environmental Protection Agency, with at least one member representing each relevant program office and each regional office of the Environmental Protection Agency. The members of the steering committee shall be appointed by the Administrator of the Environmental Protection Agency. Any vacancy shall be filled in the same manner as the initial appointment.<italic></italic></text></paragraph></subsection><subsection id="H18303AD4C2074237A37D77FE2F84B2E8"><enum>(d)</enum><header>Meetings</header><text>The steering committee shall meet at least once each calendar year.</text></subsection><subsection id="HED32FEFEF5B14E37BAEF4FB61EF2140D"><enum>(e)</enum><header>Third-Party assessment requirements</header><text display-inline="yes-display-inline">The requirements specified in this subsection with respect to a third-party assessment of a chemical substance are that the assessment—</text><paragraph id="H790A9A27B7C740A1917D18C410D45329"><enum>(1)</enum><text display-inline="yes-display-inline">is conducted using scientific standards specified in section 7B;</text></paragraph><paragraph id="H75EFC074AFAF4F90952A11591EAFDF23"><enum>(2)</enum><text>has undergone independent scientific review for transparency, completeness, and quality; and</text></paragraph><paragraph id="H719FA12691B1424D95CD1FAEB19B942C"><enum>(3)</enum><text>reflects the best available science and the weight of the available scientific evidence. <italic></italic></text></paragraph></subsection></section><section id="H6E7C7F1EAE8646DC9FF1C764D86F9752"><enum>7B.</enum><header>Scientific Standards</header><text display-inline="no-display-inline">Covered assessments carried out under section 7 and discussion of such assessments and review of third-party assessments carried out under section 7A, shall be conducted using scientific information, technical procedures, measures, methods, protocols, methodologies, or models in a manner consistent with the best available science. In carrying out such an assessment, the relevant program office shall integrate all lines of scientific evidence and consider, as applicable—</text><paragraph id="H366424E40E3F4FE3A8A9B49B76F9D455"><enum>(1)</enum><text>the extent to which the scientific information, technical procedures, measures, methods, protocols, methodologies, or models employed to generate the scientific information are reasonable for and consistent with the intended use of the scientific information;</text></paragraph><paragraph id="H7FE352DB4CD84F7A9355F71FCBACA8C9"><enum>(2)</enum><text>the extent to which the scientific information is relevant for the relevant program office’s use in making a decision about a chemical substance;</text></paragraph><paragraph id="H62823120D8534F499393FE76DD72622C"><enum>(3)</enum><text>the degree of clarity and completeness with which the data, assumptions, methods, quality assurance, analyses employed to generate the scientific information are documented and publicly available in a manner that honors legal and ethical obligations to reduce the risks of unauthorized disclosure and re-identification;</text></paragraph><paragraph id="H2F3119C644ED4790835ECFAC082EEF60"><enum>(4)</enum><text>the extent to which the variability and uncertainty in the scientific information, or in the procedures, measures, methods, protocols, methodologies, or models, are evaluated and characterized;</text></paragraph><paragraph id="H0CEBE28FD98141EEAB7D2E938FF273F8"><enum>(5)</enum><text>the extent of independent verification or peer review of the scientific information or of the procedures, measures, methods, protocols, methodologies, or models;</text></paragraph><paragraph id="H02FF4638A7CD4EBCA3FD5B381DCF7A17"><enum>(6)</enum><text>the ability of the scientific findings and research to be replicated or reproduced; and</text></paragraph><paragraph id="H28DFAB3DD7E845639198F89FA52A8C03"><enum>(7)</enum><text>the extent to which the available scientific information supports dose-response modeling, using non-linear approaches.</text></paragraph></section><after-quoted-block>.</after-quoted-block></quoted-block></section></legis-body></bill> 

