<mods xmlns:xlink="http://www.w3.org/1999/xlink" xmlns:xsi="http://www.w3.org/2001/XMLSchema-instance" xmlns="http://www.loc.gov/mods/v3" version="3.3" xsi:schemaLocation="http://www.loc.gov/mods/v3 http://www.loc.gov/standards/mods/v3/mods-3-3.xsd" ID="P0b002ee1aac9d8d8">
<name type="corporate">
 <namePart>United States Government Publishing Office</namePart>
 <role>
  <roleTerm authority="marcrelator" type="text">publisher</roleTerm>
  <roleTerm authority="marcrelator" type="code">pbl</roleTerm>
</role>
 <role>
  <roleTerm authority="marcrelator" type="text">distributor</roleTerm>
  <roleTerm authority="marcrelator" type="code">dst</roleTerm>
</role>
</name>
<name type="corporate">
 <namePart>United States</namePart>
 <namePart>Congress</namePart>
 <namePart>House of Representatives</namePart>
 <role>
  <roleTerm authority="marcrelator" type="text">author</roleTerm>
  <roleTerm authority="marcrelator" type="code">aut</roleTerm>
</role>
 <description>Government Organization</description>
</name>
<typeOfResource>text</typeOfResource>
<genre authority="marcgt">government publication</genre>
<language>
 <languageTerm type="code" authority="iso639-2b">eng</languageTerm>
</language>
<extension>
 <collectionCode>BILLS</collectionCode>
 <searchTitle>Urging Tom Flores be inducted into the Pro Football Hall of Fame.;H. Res. 27 (IH)
    </searchTitle>
 <category>Bills and Statutes</category>
 <waisDatabaseName>117_cong_bills</waisDatabaseName>
 <branch>legislative</branch>
 <dateIngested>2021-01-12</dateIngested>
</extension>
<titleInfo>
 <title>Urging Tom Flores be inducted into the Pro Football Hall of Fame.</title>
</titleInfo>
<titleInfo type="alternative">
 <title>H. Res. 27 (IH)
    </title>
</titleInfo>
<originInfo>
 <publisher>U.S. Government Publishing Office</publisher>
 <dateIssued encoding="w3cdtf">2021-01-11</dateIssued>
 <issuance>monographic</issuance>
</originInfo>
<physicalDescription>
 <note type="source content type">deposited</note>
 <digitalOrigin>born digital</digitalOrigin>
 <extent>3 p.</extent>
</physicalDescription>
<classification authority="sudocs">Y 1.6:</classification>
<classification authority="sudocs">Y 1.4/7:</classification>
<identifier type="local">P0b002ee1aac9d8d8</identifier>
<identifier type="uri">https://www.govinfo.gov/app/details/BILLS-117hres27ih</identifier>
<identifier type="preferred citation">H. Res. 27</identifier>
<identifier type="stock number">021-610-00252-9</identifier>
<identifier type="Parent ILS system id">000501532</identifier>
<identifier type="Child ILS system id">000325574</identifier>
<identifier type="Parent ILS title">Congressional bills</identifier>
<identifier type="Child ILS title">House resolutions</identifier>
<identifier type="former package identifier">f:hr27_ih.txt</identifier>
<location>
 <url displayLabel="Content Detail" access="object in context">https://www.govinfo.gov/app/details/BILLS-117hres27ih</url>
 <url displayLabel="HTML rendition" access="raw object">https://www.govinfo.gov/content/pkg/BILLS-117hres27ih/html/BILLS-117hres27ih.htm</url>
 <url displayLabel="PDF rendition" access="raw object">https://www.govinfo.gov/content/pkg/BILLS-117hres27ih/pdf/BILLS-117hres27ih.pdf</url>
 <url displayLabel="XML rendition" access="raw object">https://www.govinfo.gov/content/pkg/BILLS-117hres27ih/xml/BILLS-117hres27ih.xml</url>
</location>
<accessCondition type="GPO scope determination">fdlp</accessCondition>
<recordInfo>
 <recordContentSource authority="marcorg">DGPO</recordContentSource>
 <recordCreationDate encoding="w3cdtf">2021-01-12</recordCreationDate>
 <recordChangeDate encoding="w3cdtf">2021-01-12</recordChangeDate>
 <recordIdentifier source="DGPO">BILLS-117hres27ih</recordIdentifier>
 <recordOrigin>machine generated</recordOrigin>
 <languageOfCataloging>
  <languageTerm type="code" authority="iso639-2b">eng</languageTerm>
</languageOfCataloging>
</recordInfo>
<name type="personal">
 <namePart>Jim Costa</namePart>
 <affiliation>United States House of Representatives</affiliation>
 <role>
  <roleTerm authority="marcrelator" type="text">sponsor</roleTerm>
  <roleTerm authority="marcrelator" type="code">spn</roleTerm>
</role>
 <description>United States Congress Member</description>
</name>
<name type="personal">
 <namePart>Norma J. Torres</namePart>
 <affiliation>United States House of Representatives</affiliation>
 <role>
  <roleTerm type="text">cosponsor</roleTerm>
</role>
 <description>United States Congress Member</description>
</name>
<name type="personal">
 <namePart>Barbara Lee</namePart>
 <affiliation>United States House of Representatives</affiliation>
 <role>
  <roleTerm type="text">cosponsor</roleTerm>
</role>
 <description>United States Congress Member</description>
</name>
<name type="personal">
 <namePart>Juan Vargas</namePart>
 <affiliation>United States House of Representatives</affiliation>
 <role>
  <roleTerm type="text">cosponsor</roleTerm>
</role>
 <description>United States Congress Member</description>
</name>
<name type="personal">
 <namePart>Darren Soto</namePart>
 <affiliation>United States House of Representatives</affiliation>
 <role>
  <roleTerm type="text">cosponsor</roleTerm>
</role>
 <description>United States Congress Member</description>
</name>
<name type="corporate">
 <namePart>United States</namePart>
 <namePart>Congress</namePart>
 <namePart>House of Representatives</namePart>
 <namePart>Committee on Oversight and Reform</namePart>
 <role>
  <roleTerm authority="marcrelator" type="text">associated name</roleTerm>
  <roleTerm authority="marcrelator" type="code">asn</roleTerm>
</role>
</name>
<extension>
 <docClass>hres</docClass>
 <accessId>BILLS-117hres27ih</accessId>
 <congress>117</congress>
 <session>1</session>
 <originChamber>HOUSE</originChamber>
 <currentChamber>HOUSE</currentChamber>
 <billNumber>27</billNumber>
 <billVersion reprint="false">ih</billVersion>
 <fileSuffix>ih</fileSuffix>
 <officialTitle>Urging Tom Flores be inducted into the Pro Football Hall of Fame.</officialTitle>
 <action date="2021-01-11">Mr. Costa (for himself, Mrs. Torres of California, Ms. Lee of California, Mr. Vargas, Mr. Soto, and Ms. Barragán) submitted the following resolution; which was referred to the Committee on Oversight and Reform</action>
 <congCommittee authorityId="hsgo00" chamber="H" congress="117" type="S">
                      <name type="authority-standard">Committee on Oversight and Reform</name>
                      <name type="authority-short">Oversight and Reform</name>
                </congCommittee>
 <congMember authorityId="1774" bioGuideId="C001059" chamber="H" congress="117" gpoId="7825" party="D" role="SPONSOR" state="CA">
                      <name type="parsed">Mr. Costa</name>
                      <name type="authority-fnf">Jim Costa</name>
                      <name type="authority-lnf">Costa, Jim</name>
                </congMember>
 <congMember authorityId="2231" bioGuideId="T000474" chamber="H" congress="117" party="D" role="COSPONSOR" state="CA">
                      <name type="parsed">Mrs. Torres of California</name>
                      <name type="authority-fnf">Norma J. Torres</name>
                      <name type="authority-lnf">Torres, Norma J.</name>
                      <name type="authority-other">Mrs. Norma Torres</name>
                </congMember>
 <congMember authorityId="1501" bioGuideId="L000551" chamber="H" congress="117" gpoId="7814" party="D" role="COSPONSOR" state="CA">
                      <name type="parsed">Ms. Lee of California</name>
                      <name type="authority-fnf">Barbara Lee</name>
                      <name type="authority-lnf">Lee, Barbara</name>
                </congMember>
 <congMember authorityId="2112" bioGuideId="V000130" chamber="H" congress="117" party="D" role="COSPONSOR" state="CA">
                      <name type="parsed">Mr. Vargas</name>
                      <name type="authority-fnf">Juan Vargas</name>
                      <name type="authority-lnf">Vargas, Juan</name>
                </congMember>
 <congMember authorityId="2319" bioGuideId="S001200" chamber="H" congress="117" party="D" role="COSPONSOR" state="FL">
                      <name type="parsed">Mr. Soto</name>
                      <name type="authority-fnf">Darren Soto</name>
                      <name type="authority-lnf">Soto, Darren</name>
                </congMember>
 <isPrivate>false</isPrivate>
 <isAppropriation>false</isAppropriation>
</extension>
</mods>