<?xml version="1.0"?>
<?xml-stylesheet type="text/xsl" href="billres.xsl"?>
<!DOCTYPE resolution PUBLIC "-//US Congress//DTDs/res.dtd//EN" "res.dtd">
<resolution resolution-stage="Introduced-in-House" dms-id="H8A86939B03334023B90E8D2294BD55CE" public-private="public" resolution-type="house-resolution" star-print="no-star-print" key="H"><metadata xmlns:dc="http://purl.org/dc/elements/1.1/">
<dublinCore>
<dc:title>117 HRES 27 IH: Urging Tom Flores be inducted into the Pro Football Hall of Fame.</dc:title>
<dc:publisher>U.S. House of Representatives</dc:publisher>
<dc:date>2021-01-11</dc:date>
<dc:format>text/xml</dc:format>
<dc:language>EN</dc:language>
<dc:rights>Pursuant to Title 17 Section 105 of the United States Code, this file is not subject to copyright protection and is in the public domain.</dc:rights>
</dublinCore>
</metadata>
<form>
<distribution-code display="yes">IV</distribution-code><congress display="yes">117th CONGRESS</congress><session display="yes">1st Session</session><legis-num display="yes">H. RES. 27</legis-num><current-chamber>IN THE HOUSE OF REPRESENTATIVES</current-chamber><action display="yes"><action-date date="20210111">January 11, 2021</action-date><action-desc><sponsor name-id="C001059">Mr. Costa</sponsor> (for himself, <cosponsor name-id="T000474">Mrs. Torres of California</cosponsor>, <cosponsor name-id="L000551">Ms. Lee of California</cosponsor>, <cosponsor name-id="V000130">Mr. Vargas</cosponsor>, <cosponsor name-id="S001200">Mr. Soto</cosponsor>, and <cosponsor name-id="B001300">Ms. Barragán</cosponsor>) submitted the following resolution; which was referred to the <committee-name committee-id="HGO00">Committee on Oversight and Reform</committee-name></action-desc></action><legis-type>RESOLUTION</legis-type><official-title display="yes">Urging Tom Flores be inducted into the Pro Football Hall of Fame.</official-title></form><preamble><whereas><text>Whereas Tom Flores was born on March 21, 1937, in Fresno, California;</text></whereas><whereas><text>Whereas Tom Flores attended Sanger High School, home of the Apaches, from 1950 to 1954, and was voted Sanger Athlete of the Year in 1954;</text></whereas><whereas><text>Whereas, from 1954 to 1956, Tom Flores played as quarterback and earned his associate’s degree from Fresno City College;</text></whereas><whereas><text>Whereas Tom Flores played as quarterback and graduated from the University of the Pacific in 1958;</text></whereas><whereas><text>Whereas, in 1960, Tom Flores began his professional football career as a quarterback with the Oakland Raiders;</text></whereas><whereas><text>Whereas Tom Flores was the first Hispanic starting quarterback in professional football history;</text></whereas><whereas><text>Whereas, in 1969, Tom Flores signed with the Kansas City Chiefs, where he was a member of the Super Bowl championship team;</text></whereas><whereas><text>Whereas Tom Flores retired after the 1970 season, as the fifth leading passer in the American Football League’s (AFL) history;</text></whereas><whereas><text>Whereas Tom Flores continued his professional football career as an assistant coach for the Buffalo Bills and the Oakland Raiders;</text></whereas><whereas><text>Whereas, in 1977, Tom Flores won Super Bowl XI as an assistant coach of the Oakland Raiders under John Madden;</text></whereas><whereas><text>Whereas, in 1979, Tom Flores became the head coach of the Oakland Raiders;</text></whereas><whereas><text>Whereas, in 1981, Tom Flores won Super Bowl XV as head coach of the Oakland Raiders;</text></whereas><whereas><text>Whereas, in 1981, Sanger High School named their football stadium in honor of Tom Flores, and it is now known as the Tom Flores Stadium;</text></whereas><whereas><text>Whereas, in 1982, Tom Flores was named National Football League Coach of the Year;</text></whereas><whereas><text>Whereas, in 1984, Tom Flores won Super Bowl XVIII as head coach of the Los Angeles Raiders;</text></whereas><whereas><text>Whereas, in 1988, Tom Flores was inducted into the Fresno County Athletic Hall of Fame;</text></whereas><whereas><text>Whereas, in 1989, Tom Flores left the Raiders organization and became president and general manager of the Seattle Seahawks;</text></whereas><whereas><text>Whereas, beginning in 1992, Tom Flores was the head coach of the Seattle Seahawks for three seasons;</text></whereas><whereas><text>Whereas, in 1993, Tom Flores founded the Tom Flores Youth Foundation, which has raised nearly $2,000,000 to support the Sanger Unified School District in science, art, and athletics;</text></whereas><whereas><text>Whereas, in 2010, Tom Flores was named one of Fresno City College’s 100 Centennial Stars;</text></whereas><whereas><text>Whereas, from 1997 to 2018, Tom Flores served as a commentator for the Raiders Radio Network;</text></whereas><whereas><text>Whereas Tom Flores left professional football with a lifetime coaching record 97–87, as well as an 8–3 playoff record, with two Super Bowl victories;</text></whereas><whereas><text>Whereas Tom Flores is only one of two people in National Football League (NFL) history to win multiple Super Bowls as a player, an assistant coach, and a head coach;</text></whereas><whereas><text>Whereas Tom Flores was the first Hispanic quarterback in the AFL, the first Hispanic coach to win a Super Bowl, and in Seattle, the first Hispanic general manager in the NFL; and</text></whereas><whereas><text>Whereas Tom Flores has made invaluable contributions to his community, State, and the National Football League: Now, therefore, be it</text></whereas></preamble><resolution-body style="traditional" id="HDBB9967CA68648EDB6152FD808917BC2"><section id="HA5564A697FB44B8B96D2256D426593D6" section-type="undesignated-section" display-inline="yes-display-inline"><enum/><text display-inline="yes-display-inline">That the House of Representatives urges Tom Flores be inducted into the Pro Football Hall of Fame.</text></section></resolution-body></resolution> 

