<?xml version="1.0"?>
<?xml-stylesheet type="text/xsl" href="billres.xsl"?>
<!DOCTYPE bill PUBLIC "-//US Congress//DTDs/bill.dtd//EN" "bill.dtd">
<bill bill-stage="Introduced-in-House" dms-id="HA788852EC68E4702B9B03C12BA6AE555" public-private="public" key="H" bill-type="olc"><metadata xmlns:dc="http://purl.org/dc/elements/1.1/">
<dublinCore>
<dc:title>117 HR 30 IH: Gun Trafficking Prohibition Act</dc:title>
<dc:publisher>U.S. House of Representatives</dc:publisher>
<dc:date>2021-01-04</dc:date>
<dc:format>text/xml</dc:format>
<dc:language>EN</dc:language>
<dc:rights>Pursuant to Title 17 Section 105 of the United States Code, this file is not subject to copyright protection and is in the public domain.</dc:rights>
</dublinCore>
</metadata>
<form>
<distribution-code display="yes">I</distribution-code><congress display="yes">117th CONGRESS</congress><session display="yes">1st Session</session><legis-num display="yes">H. R. 30</legis-num><current-chamber>IN THE HOUSE OF REPRESENTATIVES</current-chamber><action display="yes"><action-date date="20210104">January 4, 2021</action-date><action-desc><sponsor name-id="R000515">Mr. Rush</sponsor> introduced the following bill; which was referred to the <committee-name committee-id="HJU00">Committee on the Judiciary</committee-name></action-desc></action><legis-type>A BILL</legis-type><official-title display="yes">To increase public safety by punishing and deterring firearms trafficking.</official-title></form><legis-body id="HADC7CA79318A41F59BAF8F8EEED17AFF" style="OLC"><section id="H1979201F12D4403A969D4448C2A28C24" section-type="section-one"><enum>1.</enum><header>Short title</header><text display-inline="no-display-inline">This Act may be cited as the <quote><short-title>Gun Trafficking Prohibition Act</short-title></quote>.</text></section><section id="H1F81A74C88A740C5BFE417EF0844660F"><enum>2.</enum><header>Table of contents</header><text display-inline="no-display-inline">The table of contents for this Act is as follows:</text><toc><toc-entry idref="H1979201F12D4403A969D4448C2A28C24" level="section">Sec. 1. Short title.</toc-entry><toc-entry idref="H1F81A74C88A740C5BFE417EF0844660F" level="section">Sec. 2. Table of contents.</toc-entry><toc-entry idref="H6AE6EBCBF62142B6A09B044F0794793E" level="section">Sec. 3. Anti-straw purchasing and firearms trafficking amendments.</toc-entry><toc-entry idref="H5017C2E6EECA4D0195F9CF97E6D6D77D" level="section">Sec. 4. Amendments to section 922<enum-in-header>(d)</enum-in-header>.</toc-entry><toc-entry idref="HB7508CEB418C4FB894C80CFA53E624CB" level="section">Sec. 5. Amendments to section 924<enum-in-header>(a)</enum-in-header>.</toc-entry><toc-entry idref="HC48E6484B1AD4882BE44D571B5B513E8" level="section">Sec. 6. Amendments to section 924<enum-in-header>(h)</enum-in-header>.</toc-entry><toc-entry idref="H77A6AE25A88643A48A6284ED6FE67C63" level="section">Sec. 7. Amendments to section 924<enum-in-header>(k)</enum-in-header>.</toc-entry></toc></section><section id="H6AE6EBCBF62142B6A09B044F0794793E"><enum>3.</enum><header>Anti-straw purchasing and firearms trafficking amendments</header><subsection id="H9E6F6A7AA280427F92FB4F3682DA6C91"><enum>(a)</enum><header>In general</header><text><external-xref legal-doc="usc-chapter" parsable-cite="usc-chapter/18/44">Chapter 44</external-xref> of title 18, United States Code, is amended by adding at the end the following:</text><quoted-block display-inline="no-display-inline" id="H7BED762E48914EDABE02A8A0B832C9C6" style="USC"><section id="HC70FB74623F7491A83C018E98DC4167F"><enum>932.</enum><header>Straw purchasing of firearms</header><subsection id="H728A36E154794377A113EE5CBAD2077A"><enum>(a)</enum><text>For purposes of this section—</text><paragraph id="H454403700EDE4F2EB51FD6781BF9B61A"><enum>(1)</enum><text>the term <term>crime of violence</term> has the meaning given that term in section 924(c)(3);</text></paragraph><paragraph id="H57702090774B4AAD8416F8B09E3B6DF2"><enum>(2)</enum><text>the term <term>drug trafficking crime</term> has the meaning given that term in section 924(c)(2); and</text></paragraph><paragraph id="H46BB05D4073847B297113236454DFFCB"><enum>(3)</enum><text>the term <term>purchases</term> includes the receipt of any firearm by a person who does not own the firearm—</text><subparagraph id="HABECC30D74F64849934F6464A33DDF22"><enum>(A)</enum><text>by way of pledge or pawn as security for the payment or repayment of money; or</text></subparagraph><subparagraph id="H3B135F15C2E148C4BA1DD0DFC142BB6A"><enum>(B)</enum><text>on consignment.</text></subparagraph></paragraph></subsection><subsection id="H455876F89BC244B3A44276D80D2B4ADA"><enum>(b)</enum><text>It shall be unlawful for any person (other than a licensed importer, licensed manufacturer, licensed collector, or licensed dealer) to knowingly purchase, or attempt or conspire to purchase, any firearm in or otherwise affecting interstate or foreign commerce—</text><paragraph id="HABF38957C5724A3B8D8DF38CDD6A662C"><enum>(1)</enum><text>from a licensed importer, licensed manufacturer, licensed collector, or licensed dealer for, on behalf of, or at the request or demand of any other person, known or unknown; or</text></paragraph><paragraph id="HAFD734ED441A42DA9B111183E88C413D"><enum>(2)</enum><text>from any person who is not a licensed importer, licensed manufacturer, licensed collector, or licensed dealer for, on behalf of, or at the request or demand of any other person, known or unknown, knowing or having reasonable cause to believe that such other person—</text><subparagraph id="H2B0614D5DF654D29900DC95A4916360C"><enum>(A)</enum><text>is under indictment for, or has been convicted in any court of, a crime punishable by imprisonment for a term exceeding 1 year;</text></subparagraph><subparagraph id="HC05BCEA39C4A4245A8A9D02EA43E629E"><enum>(B)</enum><text>is a fugitive from justice;</text></subparagraph><subparagraph id="HA936DEC821604B6599EEBF8112ECACCE"><enum>(C)</enum><text>is an unlawful user of or addicted to any controlled substance (as defined in section 102 of the Controlled Substances Act (<external-xref legal-doc="usc" parsable-cite="usc/21/802">21 U.S.C. 802</external-xref>));</text></subparagraph><subparagraph id="HA389F325739046A0A7BBAB5B89368F49"><enum>(D)</enum><text>has been adjudicated as a mental defective or has been committed to any mental institution;</text></subparagraph><subparagraph id="HB9F814EFEF764E3488AB38C30D5251A4"><enum>(E)</enum><text>is an alien who—</text><clause id="H6852BD5AA98C45208976A81BE16AB4AD"><enum>(i)</enum><text>is illegally or unlawfully in the United States; or</text></clause><clause id="H68801E9FE1C1483C80397F5693685C34"><enum>(ii)</enum><text>except as provided in section 922(y)(2), has been admitted to the United States under a nonimmigrant visa (as that term is defined in section 101(a)(26) of the Immigration and Nationality Act (<external-xref legal-doc="usc" parsable-cite="usc/8/1101">8 U.S.C. 1101(a)(26)</external-xref>));</text></clause></subparagraph><subparagraph id="HA33BF1877C7F4D75AC9079327E873FAE"><enum>(F)</enum><text>has been discharged from the Armed Forces under dishonorable conditions;</text></subparagraph><subparagraph id="HEC1F2CF2D13C44B8B9208A05587566B6"><enum>(G)</enum><text>having been a citizen of the United States, has renounced his or her citizenship;</text></subparagraph><subparagraph id="HEE8BA173B0264218AB23F31169D2F241"><enum>(H)</enum><text>is subject to a court order that restrains such person from harassing, stalking, or threatening an intimate partner of such person or child of such intimate partner or person, or engaging in other conduct that would place an intimate partner in reasonable fear of bodily injury to the partner or child, except that this subparagraph shall only apply to a court order that—</text><clause id="HB1F7B159B10347FDA19F6BEADF5746E5"><enum>(i)</enum><text>was issued after a hearing of which such person received actual notice, and at which such person had the opportunity to participate; and</text></clause><clause id="HBBC64914F33B4E5AA06C9526D12341D5"><enum>(ii)</enum><subclause commented="no" display-inline="yes-display-inline" id="H97A40B175749429CAB3C9C79F07196B6"><enum>(I)</enum><text>includes a finding that such person represents a credible threat to the physical safety of such intimate partner or child; or</text></subclause><subclause id="HC282C748B5714C4AA689ECE5E06E6FE1" indent="up1"><enum>(II)</enum><text>by its terms explicitly prohibits the use, attempted use, or threatened use of physical force against such intimate partner or child that would reasonably be expected to cause bodily injury;</text></subclause></clause></subparagraph><subparagraph id="HE5C178AD623F4D1B926D611F69D0BAC6"><enum>(I)</enum><text>has been convicted in any court of a misdemeanor crime of domestic violence;</text></subparagraph><subparagraph id="HE8F449336EF44CD2AE7085B94877CC56"><enum>(J)</enum><text>intends to—</text><clause id="HB984A6C2636E4B429F822C0A337FEC8F"><enum>(i)</enum><text>use, carry, possess, or sell or otherwise dispose of the firearm or ammunition in furtherance of a crime of violence or drug trafficking crime; or</text></clause><clause id="HC148E8031DE9446D940DA837D143906E"><enum>(ii)</enum><text>export the firearm or ammunition in violation of law;</text></clause></subparagraph><subparagraph id="H8A6945949B09401491F70DC0E2EFEA68"><enum>(K)</enum><text>who does not reside in any State; or</text></subparagraph><subparagraph id="HADB4B6500C3F4D899684E026797EF1CF"><enum>(L)</enum><text>intends to sell or otherwise dispose of the firearm or ammunition to a person described in any of subparagraphs (A) through (K).</text></subparagraph></paragraph></subsection><subsection id="H540F58F10D0F473D8C939817C65BB79F"><enum>(c)</enum><paragraph commented="no" display-inline="yes-display-inline" id="H6DBFD955F97B4400B13279C416F8396D"><enum>(1)</enum><text>Except as provided in paragraph (2), any person who violates subsection (b) shall be fined under this title, imprisoned for not more than 15 years, or both.</text></paragraph><paragraph id="H32D8CF5A464C4729B89A32BCA9D03F88" indent="up1"><enum>(2)</enum><text>If a violation of subsection (b) is committed knowing or with reasonable cause to believe that any firearm involved will be used to commit a crime of violence, the person shall be sentenced to a term of imprisonment of not more than 25 years.</text></paragraph></subsection><subsection id="H247EE2DCB2F948D3947EEA39A4D0763F"><enum>(d)</enum><text>Subsection (b)(1) shall not apply to any firearm that is lawfully purchased by a person—</text><paragraph id="H94183E6E32A34EBABB9CF7E0FD1C49F2"><enum>(1)</enum><text>to be given as a bona fide gift to a recipient who provided no service or tangible thing of value to acquire the firearm, unless the person knows or has reasonable cause to believe such recipient is prohibited by Federal law from possessing, receiving, selling, shipping, transporting, transferring, or otherwise disposing of the firearm; or</text></paragraph><paragraph id="HAB9F05964FB643B3A09EA41C7A4A70AC"><enum>(2)</enum><text>to be given to a bona fide winner of an organized raffle, contest, or auction conducted in accordance with law and sponsored by a national, State, or local organization or association, unless the person knows or has reasonable cause to believe such recipient is prohibited by Federal law from possessing, purchasing, receiving, selling, shipping, transporting, transferring, or otherwise disposing of the firearm.</text></paragraph></subsection></section><section id="H89631AEE614945AB8A6D09BBB0ACA1EA"><enum>933.</enum><header>Trafficking in firearms</header><subsection id="HAFC444381B4C49DCA867E17F6381729F"><enum>(a)</enum><text>It shall be unlawful for any person to—</text><paragraph id="H9A3C6CC6CCAC454392F753A09E40D711"><enum>(1)</enum><text>ship, transport, transfer, cause to be transported, or otherwise dispose of 2 or more firearms to another person in or otherwise affecting interstate or foreign commerce, if the transferor knows or has reasonable cause to believe that the use, carrying, or possession of a firearm by the transferee would be in violation of, or would result in a violation of, any Federal law punishable by a term of imprisonment exceeding 1 year;</text></paragraph><paragraph id="H950B19A0093E4546B68303F2A7D08304"><enum>(2)</enum><text>receive from another person 2 or more firearms in or otherwise affecting interstate or foreign commerce, if the recipient knows or has reasonable cause to believe that such receipt would be in violation of, or would result in a violation of, any Federal law punishable by a term of imprisonment exceeding 1 year; or</text></paragraph><paragraph id="HDA3CBC2C9E76439AB774237FE17B6666"><enum>(3)</enum><text>attempt or conspire to commit the conduct described in paragraph (1) or (2).</text></paragraph></subsection><subsection id="H68A675CC721E4583993A1F23704E97CA"><enum>(b)</enum><paragraph commented="no" display-inline="yes-display-inline" id="HBF2A963010B541C9BCFEA59F8A6B4142"><enum>(1)</enum><text>Except as provided in paragraph (2), any person who violates subsection (a) shall be fined under this title, imprisoned for not more than 15 years, or both.</text></paragraph><paragraph id="HC39200C9FBFD44E684CA05331BC9E4E9" indent="up1"><enum>(2)</enum><text>If a violation of subsection (a) is committed by a person in concert with 5 or more other persons with respect to whom such person occupies a position of organizer, leader, supervisor, or manager, the person shall be sentenced to a term of imprisonment of not more than 25 years.</text></paragraph></subsection></section><section id="H4DDDCD6F6EEC4640BA2C1D3ACEB18766"><enum>934.</enum><header>Forfeiture and fines</header><subsection id="HB39984A62BA2466D88938E0FEFFF5CA2"><enum>(a)</enum><paragraph commented="no" display-inline="yes-display-inline" id="H3DA9AC1590084141A6CA2031224CB171"><enum>(1)</enum><text>Any person convicted of a violation of section 932 or 933 shall forfeit to the United States, irrespective of any provision of State law—</text><subparagraph id="H3E134EC81A544B7E91016C9684EFAF7A" indent="up1"><enum>(A)</enum><text>any property constituting, or derived from, any proceeds the person obtained, directly or indirectly, as the result of such violation; and</text></subparagraph><subparagraph id="HD25E3002325945989C229FD17E67B939" indent="up1"><enum>(B)</enum><text>any of the person's property used, or intended to be used, in any manner or part, to commit, or to facilitate the commission of, such violation.</text></subparagraph></paragraph><paragraph id="HBE26C8E9A46749368D4565F836EDD567" indent="up1"><enum>(2)</enum><text>The court, in imposing sentence on a person convicted of a violation of section 932 or 933, shall order, in addition to any other sentence imposed pursuant to section 932 or 933, that the person forfeit to the United States all property described in paragraph (1).</text></paragraph></subsection><subsection id="H2A42193E1CE34C97A6D9DFDFDABEF23B"><enum>(b)</enum><text>A defendant who derives profits or other proceeds from an offense under section 932 or 933 may be fined not more than the greater of—</text><paragraph id="H2AC28B4B7876421F86F5321E6773EAE3"><enum>(1)</enum><text>the fine otherwise authorized by this part; and</text></paragraph><paragraph id="H79A3505CF95F48C5956625BE8DEB345B"><enum>(2)</enum><text>the amount equal to twice the gross profits or other proceeds of the offense under section 932 or 933.</text></paragraph></subsection></section><after-quoted-block>.</after-quoted-block></quoted-block></subsection><subsection id="H3736936A9D3E466A87E4D5870A7CB53E"><enum>(b)</enum><header>Title III authorization</header><text>Section 2516(1)(n) of title 18, United States Code, is amended by striking <quote>and 924</quote> and inserting <quote>, 924, 932, or 933</quote>.</text></subsection><subsection id="HC2342ECD981647A7A9B6AA4568610327" commented="no"><enum>(c)</enum><header>Racketeering amendment</header><text>Section 1961(1)(B) of title 18, United States Code, is amended by inserting <quote>section 932 (relating to straw purchasing), section 933 (relating to trafficking in firearms),</quote> before <quote>section 1028</quote>.</text></subsection><subsection id="HFA75486EC1D44C749B2F9B6BBC5877D3"><enum>(d)</enum><header>Money laundering amendment</header><text>Section 1956(c)(7)(D) of title 18, United States Code, is amended by striking <quote>section 924(n)</quote> and inserting <quote>section 924(n), 932, or 933</quote>.</text></subsection><subsection id="H8ABE056000C34E8FA8DFA43783B37DD9"><enum>(e)</enum><header>Directive to sentencing commission</header><text>Pursuant to its authority under section 994 of title 28, United States Code, and in accordance with this section, the United States Sentencing Commission shall review and amend its guidelines and policy statements to ensure that persons convicted of an offense under section 932 or 933 of title 18, United States Code, and other offenses applicable to the straw purchases and firearms trafficking of firearms are subject to increased penalties in comparison to those currently provided by the guidelines and policy statements for such straw purchasing and firearms trafficking offenses. The Commission shall also review and amend its guidelines and policy statements to reflect the intent of Congress that a person convicted of an offense under section 932 or 933 of title 18, United States Code, who is affiliated with a gang, cartel, organized crime ring, or other such enterprise should be subject to higher penalties than an otherwise unaffiliated individual.</text></subsection><subsection id="H5FED26354E4A48D19A9A829EAEECCD24"><enum>(f)</enum><header>Technical and conforming amendment</header><text>The table of sections of <external-xref legal-doc="usc-chapter" parsable-cite="usc-chapter/18/44">chapter 44</external-xref> of title 18, United States Code, is amended by adding at the end the following:</text><quoted-block id="HDE8E3CC2695F4261A7DB592487D1225C" style="USC"><toc><toc-entry idref="HC70FB74623F7491A83C018E98DC4167F" level="section">932. Straw purchasing of firearms. </toc-entry><toc-entry idref="H89631AEE614945AB8A6D09BBB0ACA1EA" level="section">933. Trafficking in firearms. </toc-entry><toc-entry idref="H4DDDCD6F6EEC4640BA2C1D3ACEB18766" level="section">934. Forfeiture and fines.</toc-entry></toc><after-quoted-block>.</after-quoted-block></quoted-block></subsection></section><section id="H5017C2E6EECA4D0195F9CF97E6D6D77D"><enum>4.</enum><header>Amendments to section 922<enum-in-header>(d)</enum-in-header></header><text display-inline="no-display-inline">Section 922(d) of title 18, United States Code, is amended—</text><paragraph id="HEEB2E122D4564902847FE7F38C1423B4"><enum>(1)</enum><text display-inline="yes-display-inline">in paragraph (8), by striking <quote>or</quote> at the end;</text></paragraph><paragraph id="HB409B93A89A64F59B0CA69CBCF9FDE9B"><enum>(2)</enum><text display-inline="yes-display-inline">in paragraph (9), by striking the period at the end and inserting a semicolon; and</text></paragraph><paragraph id="H8ED5FB8033F04C5BA02FD55B71C451C5"><enum>(3)</enum><text display-inline="yes-display-inline">by striking the matter following paragraph (9) and inserting the following:</text><quoted-block display-inline="no-display-inline" id="H899CC253C09E4825B73552C508B376D1" style="OLC"><paragraph id="H36D94ECCA3634A7EBF237C0A287A0782"><enum>(10)</enum><text>intends to sell or otherwise dispose of the firearm or ammunition to a person described in any of paragraphs (1) through (9); or</text></paragraph><paragraph id="H6B7C2067FA164098BBCCB3284C35CB78"><enum>(11)</enum><text>intends to sell or otherwise dispose of the firearm or ammunition in furtherance of a crime of violence or drug trafficking offense or to export the firearm or ammunition in violation of law.</text></paragraph><quoted-block-continuation-text quoted-block-continuation-text-level="subsection">This subsection shall not apply with respect to the sale or disposition of a firearm or ammunition to a licensed importer, licensed manufacturer, licensed dealer, or licensed collector who pursuant to subsection (b) of section 925 is not precluded from dealing in firearms or ammunition, or to a person who has been granted relief from disabilities pursuant to subsection (c) of section 925.</quoted-block-continuation-text><after-quoted-block>.</after-quoted-block></quoted-block></paragraph></section><section id="HB7508CEB418C4FB894C80CFA53E624CB"><enum>5.</enum><header>Amendments to section 924<enum-in-header>(a)</enum-in-header></header><text display-inline="no-display-inline">Section 924(a) of title 18, United States Code, is amended—</text><paragraph id="H815DA19EEFB54E2FA0026242EE65F4E9"><enum>(1)</enum><text display-inline="yes-display-inline">in paragraph (2), by striking <quote>(d), (g),</quote>; and</text></paragraph><paragraph id="HD6FFE7E77F4642C4BB38CF1EF3570406"><enum>(2)</enum><text>by adding at the end the following:</text><quoted-block display-inline="no-display-inline" id="HF53D0E9B68C447098340984922BFFC5E" style="OLC"><paragraph id="HEB03C3CF22B04C208E6F395055F5D6B4" indent="up1"><enum>(8)</enum><text>Whoever knowingly violates subsection (d) or (g) of section 922 shall be fined under this title, imprisoned not more than 15 years, or both.</text></paragraph><after-quoted-block>.</after-quoted-block></quoted-block></paragraph></section><section id="HC48E6484B1AD4882BE44D571B5B513E8"><enum>6.</enum><header>Amendments to section 924<enum-in-header>(h)</enum-in-header></header><text display-inline="no-display-inline">Section 924 of title 18, United States Code, is amended by striking subsection (h) and inserting the following:</text><quoted-block display-inline="no-display-inline" id="HADB13F3E0ECB4C56BD514D738A7E4F1A" style="OLC"><subsection id="H8CC40D5EA1194E328D2F74EBF2990E33"><enum>(h)</enum><paragraph commented="no" display-inline="yes-display-inline" id="H63B9D687EE8347C292B4415A7871B27F"><enum>(1)</enum><text>Whoever knowingly receives or transfers a firearm or ammunition, or attempts or conspires to do so, knowing or having reasonable cause to believe that such firearm or ammunition will be used to commit a crime of violence (as defined in subsection (c)(3)), a drug trafficking crime (as defined in subsection (c)(2)), or a crime under the Arms Export Control Act (<external-xref legal-doc="usc" parsable-cite="usc/22/2751">22 U.S.C. 2751</external-xref> et seq.), the International Emergency Economic Powers Act (<external-xref legal-doc="usc" parsable-cite="usc/50/1701">50 U.S.C. 1701</external-xref> et seq.), the Foreign Narcotics Kingpin Designation Act (<external-xref legal-doc="usc" parsable-cite="usc/21/1901">21 U.S.C. 1901</external-xref> et seq.), or section 212(a)(2)(C) of the Immigration and Nationality Act (<external-xref legal-doc="usc" parsable-cite="usc/8/1182">8 U.S.C. 1182(a)(2)(C)</external-xref>) shall be imprisoned not more than 25 years, fined in accordance with this title, or both.</text></paragraph><paragraph commented="no" display-inline="no-display-inline" id="HF95390BBF74C462784DDAEB8F38707CB" indent="up1"><enum>(2)</enum><text display-inline="yes-display-inline">No term of imprisonment imposed on a person under this subsection shall run concurrently with any term of imprisonment imposed on the person under section 932.</text></paragraph></subsection><after-quoted-block>.</after-quoted-block></quoted-block></section><section id="H77A6AE25A88643A48A6284ED6FE67C63"><enum>7.</enum><header>Amendments to section 924<enum-in-header>(k)</enum-in-header></header><text display-inline="no-display-inline">Section 924 of title 18, United States Code, is amended by striking subsection (k) and inserting the following:</text><quoted-block display-inline="no-display-inline" id="HFB78196B3B7D4CEB818F0BD66D2EE8C3" style="OLC"><subsection id="H46BA7682595B4875AD5DD44E5949D377"><enum>(k)</enum><paragraph commented="no" display-inline="yes-display-inline" id="HACB8F01F98A049F095B6E8ED662050BD"><enum>(1)</enum><text>A person who, with intent to engage in or to promote conduct that—</text><subparagraph id="HBBC014A79CF943D7A07280D84A28CBBE" indent="up1"><enum>(A)</enum><text>is punishable under the Controlled Substances Act (<external-xref legal-doc="usc" parsable-cite="usc/21/801">21 U.S.C. 801</external-xref> et seq.), the Controlled Substances Import and Export Act (<external-xref legal-doc="usc" parsable-cite="usc/21/951">21 U.S.C. 951</external-xref> et seq.), or <external-xref legal-doc="usc-chapter" parsable-cite="usc-chapter/46/705">chapter 705</external-xref> of title 46;</text></subparagraph><subparagraph id="H6AC7F6D3E72943D283ADED39DA153952" indent="up1"><enum>(B)</enum><text>violates any law of a State relating to any controlled substance (as defined in section 102 of the Controlled Substances Act, <external-xref legal-doc="usc" parsable-cite="usc/21/802">21 U.S.C. 802</external-xref>); or</text></subparagraph><subparagraph id="H0879AE4454D94F91ACC5DBA395786AA5" indent="up1"><enum>(C)</enum><text>constitutes a crime of violence (as defined in subsection (c)(3)),</text></subparagraph><continuation-text continuation-text-level="paragraph" indent="subsection">smuggles or knowingly brings into the United States, a firearm or ammunition, or attempts or conspires to do so, shall be imprisoned not more than 15 years, fined under this title, or both. </continuation-text></paragraph><paragraph id="H8C689CC57AE3401C942FB8D882073F9B" indent="up1"><enum>(2)</enum><text>A person who, with intent to engage in or to promote conduct that—</text><subparagraph id="H3CB6E2312BD04EB5B95BCF00834531E2"><enum>(A)</enum><text>would be punishable under the Controlled Substances Act (<external-xref legal-doc="usc" parsable-cite="usc/21/801">21 U.S.C. 801</external-xref> et seq.), the Controlled Substances Import and Export Act (<external-xref legal-doc="usc" parsable-cite="usc/21/951">21 U.S.C. 951</external-xref> et seq.), or <external-xref legal-doc="usc-chapter" parsable-cite="usc-chapter/46/705">chapter 705</external-xref> of title 46, if the conduct had occurred within the United States; or</text></subparagraph><subparagraph id="H6E774C8AB38341948C68F2862A11EE7B"><enum>(B)</enum><text>would constitute a crime of violence (as defined in subsection (c)(3)) for which the person may be prosecuted in a court of the United States, if the conduct had occurred within the United States,</text></subparagraph><continuation-text commented="no" continuation-text-level="paragraph">smuggles or knowingly takes out of the United States, a firearm or ammunition, or attempts or conspires to do so, shall be imprisoned not more than 15 years, fined under this title, or both.</continuation-text></paragraph></subsection><after-quoted-block>.</after-quoted-block></quoted-block></section></legis-body></bill> 

