<?xml version="1.0" encoding="utf-8" standalone="no"?>
<billStatus>
  <bill>
    <billNumber>224</billNumber>
    <createDate>2021-05-19T04:27:19Z</createDate>
    <updateDate>2022-02-09T12:43:47Z</updateDate>
    <originChamber>Senate</originChamber>
    <billType>SRES</billType>
    <introducedDate>2021-05-18</introducedDate>
    <congress>117</congress>
    <recordedVotes/>
    <committees>
      <billCommittees>
        <item>
          <systemCode>sseg00</systemCode>
          <name>Energy and Natural Resources Committee</name>
          <chamber>Senate</chamber>
          <type>Standing</type>
          <subcommittees/>
          <activities>
            <item>
              <name>Referred to</name>
              <date>2021-05-18T23:15:50Z</date>
            </item>
          </activities>
        </item>
      </billCommittees>
    </committees>
    <committeeReports/>
    <relatedBills/>
    <actions>
      <item>
        <actionDate>2021-05-18</actionDate>
        <committees>
          <item>
            <systemCode>sseg00</systemCode>
            <name>Energy and Natural Resources Committee</name>
          </item>
        </committees>
        <links/>
        <sourceSystem>
          <code>0</code>
          <name>Senate</name>
        </sourceSystem>
        <text>Referred to the Committee on Energy and Natural Resources. (text: CR S2579-2580)</text>
        <type>IntroReferral</type>
      </item>
      <item>
        <actionDate>2021-05-18</actionDate>
        <links/>
        <text>Introduced in Senate</text>
        <type>IntroReferral</type>
        <actionCode>10000</actionCode>
        <sourceSystem>
          <code>9</code>
          <name>Library of Congress</name>
        </sourceSystem>
        <committees/>
      </item>
      <actionTypeCounts>
        <referredToCommittee>1</referredToCommittee>
        <introducedInSenate>1</introducedInSenate>
      </actionTypeCounts>
      <actionByCounts>
        <senate>2</senate>
      </actionByCounts>
    </actions>
    <sponsors>
      <item>
        <bioguideId>H001046</bioguideId>
        <fullName>Sen. Heinrich, Martin [D-NM]</fullName>
        <firstName>Martin</firstName>
        <middleName>T.</middleName>
        <lastName>Heinrich</lastName>
        <party>D</party>
        <state>NM</state>
        <identifiers>
          <lisID>1937</lisID>
          <bioguideId>H001046</bioguideId>
          <gpoId>8056</gpoId>
        </identifiers>
        <byRequestType/>
      </item>
    </sponsors>
    <cosponsors>
      <item>
        <bioguideId>W000802</bioguideId>
        <fullName>Sen. Whitehouse, Sheldon [D-RI]</fullName>
        <firstName>Sheldon</firstName>
        <middleName/>
        <lastName>Whitehouse</lastName>
        <party>D</party>
        <state>RI</state>
        <identifiers>
          <lisID>1823</lisID>
          <bioguideId>W000802</bioguideId>
          <gpoId>8264</gpoId>
        </identifiers>
        <sponsorshipDate>2021-05-18</sponsorshipDate>
        <isOriginalCosponsor>True</isOriginalCosponsor>
        <sponsorshipWithdrawnDate/>
      </item>
      <item>
        <bioguideId>B001288</bioguideId>
        <fullName>Sen. Booker, Cory A. [D-NJ]</fullName>
        <firstName>Cory</firstName>
        <middleName/>
        <lastName>Booker</lastName>
        <party>D</party>
        <state>NJ</state>
        <identifiers>
          <lisID>2194</lisID>
          <bioguideId>B001288</bioguideId>
          <gpoId/>
        </identifiers>
        <sponsorshipDate>2021-05-18</sponsorshipDate>
        <isOriginalCosponsor>True</isOriginalCosponsor>
        <sponsorshipWithdrawnDate/>
      </item>
      <item>
        <bioguideId>P000145</bioguideId>
        <fullName>Sen. Padilla, Alex [D-CA]</fullName>
        <firstName>Alex</firstName>
        <middleName/>
        <lastName>Padilla</lastName>
        <party>D</party>
        <state>CA</state>
        <identifiers>
          <lisID>2544</lisID>
          <bioguideId>P000145</bioguideId>
          <gpoId/>
        </identifiers>
        <sponsorshipDate>2021-05-18</sponsorshipDate>
        <isOriginalCosponsor>True</isOriginalCosponsor>
        <sponsorshipWithdrawnDate/>
      </item>
      <item>
        <bioguideId>M001176</bioguideId>
        <fullName>Sen. Merkley, Jeff [D-OR]</fullName>
        <firstName>Jeff</firstName>
        <middleName/>
        <lastName>Merkley</lastName>
        <party>D</party>
        <state>OR</state>
        <identifiers>
          <lisID>1900</lisID>
          <bioguideId>M001176</bioguideId>
          <gpoId>8238</gpoId>
        </identifiers>
        <sponsorshipDate>2021-05-18</sponsorshipDate>
        <isOriginalCosponsor>True</isOriginalCosponsor>
        <sponsorshipWithdrawnDate/>
      </item>
      <item>
        <bioguideId>M000133</bioguideId>
        <fullName>Sen. Markey, Edward J. [D-MA]</fullName>
        <firstName>Edward</firstName>
        <middleName>J.</middleName>
        <lastName>Markey</lastName>
        <party>D</party>
        <state>MA</state>
        <identifiers>
          <lisID>735</lisID>
          <bioguideId>M000133</bioguideId>
          <gpoId>7972</gpoId>
        </identifiers>
        <sponsorshipDate>2021-05-18</sponsorshipDate>
        <isOriginalCosponsor>True</isOriginalCosponsor>
        <sponsorshipWithdrawnDate/>
      </item>
      <item>
        <bioguideId>D000563</bioguideId>
        <fullName>Sen. Durbin, Richard J. [D-IL]</fullName>
        <firstName>Richard</firstName>
        <middleName>J.</middleName>
        <lastName>Durbin</lastName>
        <party>D</party>
        <state>IL</state>
        <identifiers>
          <lisID>326</lisID>
          <bioguideId>D000563</bioguideId>
          <gpoId>8326</gpoId>
        </identifiers>
        <sponsorshipDate>2021-05-18</sponsorshipDate>
        <isOriginalCosponsor>True</isOriginalCosponsor>
        <sponsorshipWithdrawnDate/>
      </item>
      <item>
        <bioguideId>B001277</bioguideId>
        <fullName>Sen. Blumenthal, Richard [D-CT]</fullName>
        <firstName>Richard</firstName>
        <middleName/>
        <lastName>Blumenthal</lastName>
        <party>D</party>
        <state>CT</state>
        <identifiers>
          <lisID>2076</lisID>
          <bioguideId>B001277</bioguideId>
          <gpoId>8332</gpoId>
        </identifiers>
        <sponsorshipDate>2021-05-18</sponsorshipDate>
        <isOriginalCosponsor>True</isOriginalCosponsor>
        <sponsorshipWithdrawnDate/>
      </item>
      <item>
        <bioguideId>K000367</bioguideId>
        <fullName>Sen. Klobuchar, Amy [D-MN]</fullName>
        <firstName>Amy</firstName>
        <middleName/>
        <lastName>Klobuchar</lastName>
        <party>D</party>
        <state>MN</state>
        <identifiers>
          <lisID>1826</lisID>
          <bioguideId>K000367</bioguideId>
          <gpoId>8249</gpoId>
        </identifiers>
        <sponsorshipDate>2021-05-18</sponsorshipDate>
        <isOriginalCosponsor>True</isOriginalCosponsor>
        <sponsorshipWithdrawnDate/>
      </item>
      <item>
        <bioguideId>B001267</bioguideId>
        <fullName>Sen. Bennet, Michael F. [D-CO]</fullName>
        <firstName>Michael</firstName>
        <middleName/>
        <lastName>Bennet</lastName>
        <party>D</party>
        <state>CO</state>
        <identifiers>
          <lisID>1965</lisID>
          <bioguideId>B001267</bioguideId>
          <gpoId>8302</gpoId>
        </identifiers>
        <sponsorshipDate>2021-05-18</sponsorshipDate>
        <isOriginalCosponsor>True</isOriginalCosponsor>
        <sponsorshipWithdrawnDate/>
      </item>
      <item>
        <bioguideId>V000128</bioguideId>
        <fullName>Sen. Van Hollen, Chris [D-MD]</fullName>
        <firstName>Chris</firstName>
        <middleName/>
        <lastName>Van Hollen</lastName>
        <party>D</party>
        <state>MD</state>
        <identifiers>
          <lisID>1729</lisID>
          <bioguideId>V000128</bioguideId>
          <gpoId>7983</gpoId>
        </identifiers>
        <sponsorshipDate>2021-05-18</sponsorshipDate>
        <isOriginalCosponsor>True</isOriginalCosponsor>
        <sponsorshipWithdrawnDate/>
      </item>
      <item>
        <bioguideId>W000779</bioguideId>
        <fullName>Sen. Wyden, Ron [D-OR]</fullName>
        <firstName>Ron</firstName>
        <middleName/>
        <lastName>Wyden</lastName>
        <party>D</party>
        <state>OR</state>
        <identifiers>
          <lisID>1247</lisID>
          <bioguideId>W000779</bioguideId>
          <gpoId>8265</gpoId>
        </identifiers>
        <sponsorshipDate>2021-05-18</sponsorshipDate>
        <isOriginalCosponsor>True</isOriginalCosponsor>
        <sponsorshipWithdrawnDate/>
      </item>
      <item>
        <bioguideId>R000608</bioguideId>
        <fullName>Sen. Rosen, Jacky [D-NV]</fullName>
        <firstName>Jacklyn</firstName>
        <middleName/>
        <lastName>Rosen</lastName>
        <party>D</party>
        <state>NV</state>
        <identifiers>
          <lisID>2339</lisID>
          <bioguideId>R000608</bioguideId>
          <gpoId/>
        </identifiers>
        <sponsorshipDate>2021-05-18</sponsorshipDate>
        <isOriginalCosponsor>True</isOriginalCosponsor>
        <sponsorshipWithdrawnDate/>
      </item>
      <item>
        <bioguideId>W000817</bioguideId>
        <fullName>Sen. Warren, Elizabeth [D-MA]</fullName>
        <firstName>Elizabeth</firstName>
        <middleName>A.</middleName>
        <lastName>Warren</lastName>
        <party>D</party>
        <state>MA</state>
        <identifiers>
          <lisID>2182</lisID>
          <bioguideId>W000817</bioguideId>
          <gpoId/>
        </identifiers>
        <sponsorshipDate>2021-05-18</sponsorshipDate>
        <isOriginalCosponsor>True</isOriginalCosponsor>
        <sponsorshipWithdrawnDate/>
      </item>
      <item>
        <bioguideId>L000570</bioguideId>
        <fullName>Sen. Lujan, Ben Ray [D-NM]</fullName>
        <firstName>Ben</firstName>
        <middleName>R.</middleName>
        <lastName>Lujan</lastName>
        <party>D</party>
        <state>NM</state>
        <identifiers>
          <lisID>1939</lisID>
          <bioguideId>L000570</bioguideId>
          <gpoId>8058</gpoId>
        </identifiers>
        <sponsorshipDate>2021-05-18</sponsorshipDate>
        <isOriginalCosponsor>True</isOriginalCosponsor>
        <sponsorshipWithdrawnDate/>
      </item>
      <item>
        <bioguideId>K000383</bioguideId>
        <fullName>Sen. King, Angus S., Jr. [I-ME]</fullName>
        <firstName>Angus</firstName>
        <middleName>S.</middleName>
        <lastName>King</lastName>
        <party>I</party>
        <state>ME</state>
        <identifiers>
          <lisID>2185</lisID>
          <bioguideId>K000383</bioguideId>
          <gpoId/>
        </identifiers>
        <sponsorshipDate>2021-05-18</sponsorshipDate>
        <isOriginalCosponsor>True</isOriginalCosponsor>
        <sponsorshipWithdrawnDate/>
      </item>
      <item>
        <bioguideId>C000141</bioguideId>
        <fullName>Sen. Cardin, Benjamin L. [D-MD]</fullName>
        <firstName>Ben</firstName>
        <middleName/>
        <lastName>Cardin</lastName>
        <party>D</party>
        <state>MD</state>
        <identifiers>
          <lisID>174</lisID>
          <bioguideId>C000141</bioguideId>
          <gpoId>8287</gpoId>
        </identifiers>
        <sponsorshipDate>2021-05-19</sponsorshipDate>
        <isOriginalCosponsor>False</isOriginalCosponsor>
        <sponsorshipWithdrawnDate/>
      </item>
      <item>
        <bioguideId>H000273</bioguideId>
        <fullName>Sen. Hickenlooper, John W. [D-CO]</fullName>
        <firstName>John</firstName>
        <middleName>W.</middleName>
        <lastName>Hickenlooper</lastName>
        <party>D</party>
        <state>CO</state>
        <identifiers>
          <lisID>2486</lisID>
          <bioguideId>H000273</bioguideId>
          <gpoId/>
        </identifiers>
        <sponsorshipDate>2021-06-07</sponsorshipDate>
        <isOriginalCosponsor>False</isOriginalCosponsor>
        <sponsorshipWithdrawnDate/>
      </item>
      <item>
        <bioguideId>K000384</bioguideId>
        <fullName>Sen. Kaine, Tim [D-VA]</fullName>
        <firstName>Timothy</firstName>
        <middleName>M.</middleName>
        <lastName>Kaine</lastName>
        <party>D</party>
        <state>VA</state>
        <identifiers>
          <lisID>2176</lisID>
          <bioguideId>K000384</bioguideId>
          <gpoId/>
        </identifiers>
        <sponsorshipDate>2021-06-08</sponsorshipDate>
        <isOriginalCosponsor>False</isOriginalCosponsor>
        <sponsorshipWithdrawnDate/>
      </item>
      <item>
        <bioguideId>O000174</bioguideId>
        <fullName>Sen. Ossoff, Jon [D-GA]</fullName>
        <firstName>Jon</firstName>
        <middleName/>
        <lastName>Ossoff</lastName>
        <party>D</party>
        <state>GA</state>
        <identifiers>
          <lisID>2546</lisID>
          <bioguideId>O000174</bioguideId>
          <gpoId/>
        </identifiers>
        <sponsorshipDate>2021-06-08</sponsorshipDate>
        <isOriginalCosponsor>False</isOriginalCosponsor>
        <sponsorshipWithdrawnDate/>
      </item>
    </cosponsors>
    <cboCostEstimates/>
    <laws/>
    <notes/>
    <policyArea>
      <name>Energy</name>
    </policyArea>
    <subjects>
      <billSubjects>
        <legislativeSubjects>
          <item>
            <name>Advanced technology and technological innovations</name>
          </item>
          <item>
            <name>Air quality</name>
          </item>
          <item>
            <name>Alternative and renewable resources</name>
          </item>
          <item>
            <name>Building construction</name>
          </item>
          <item>
            <name>Buy American requirements</name>
          </item>
          <item>
            <name>Climate change and greenhouse gases</name>
          </item>
          <item>
            <name>Coal</name>
          </item>
          <item>
            <name>Competitiveness, trade promotion, trade deficits</name>
          </item>
          <item>
            <name>Computer security and identity theft</name>
          </item>
          <item>
            <name>Economic development</name>
          </item>
          <item>
            <name>Economic performance and conditions</name>
          </item>
          <item>
            <name>Electric power generation and transmission</name>
          </item>
          <item>
            <name>Employee hiring</name>
          </item>
          <item>
            <name>Employment and training programs</name>
          </item>
          <item>
            <name>Energy efficiency and conservation</name>
          </item>
          <item>
            <name>Energy research</name>
          </item>
          <item>
            <name>Energy storage, supplies, demand</name>
          </item>
          <item>
            <name>Environmental health</name>
          </item>
          <item>
            <name>Hybrid, electric, and advanced technology vehicles</name>
          </item>
          <item>
            <name>Indian social and development programs</name>
          </item>
          <item>
            <name>Labor market</name>
          </item>
          <item>
            <name>Labor standards</name>
          </item>
          <item>
            <name>Labor-management relations</name>
          </item>
          <item>
            <name>Land use and conservation</name>
          </item>
          <item>
            <name>Licensing and registrations</name>
          </item>
          <item>
            <name>Manufacturing</name>
          </item>
          <item>
            <name>Metals</name>
          </item>
          <item>
            <name>Minority health</name>
          </item>
          <item>
            <name>Oil and gas</name>
          </item>
          <item>
            <name>Poverty and welfare assistance</name>
          </item>
          <item>
            <name>Public contracts and procurement</name>
          </item>
          <item>
            <name>Public transit</name>
          </item>
          <item>
            <name>Research and development</name>
          </item>
          <item>
            <name>Residential rehabilitation and home repair</name>
          </item>
          <item>
            <name>Rural conditions and development</name>
          </item>
          <item>
            <name>Solid waste and recycling</name>
          </item>
          <item>
            <name>Vocational and technical education</name>
          </item>
          <item>
            <name>Wages and earnings</name>
          </item>
          <item>
            <name>Worker safety and health</name>
          </item>
        </legislativeSubjects>
        <policyArea>
          <name>Energy</name>
        </policyArea>
      </billSubjects>
    </subjects>
    <summaries>
      <billSummaries>
        <item>
          <versionCode>00</versionCode>
          <actionDate>2021-05-18</actionDate>
          <actionDesc>Introduced in Senate</actionDesc>
          <lastSummaryUpdateDate>2021-11-19T17:00:18Z</lastSummaryUpdateDate>
          <text>
            <![CDATA[ <p>This resolution expresses the sense of the Senate that the United States must (1) accelerate the electrification of households, buildings, and businesses; (2) modernize the electricity grid; and (3) continue on the path towards decarbonizing electricity generation by 2035.</p>]]>
          </text>
          <updateDate>2021-05-18T04:00:00Z</updateDate>
          <name>Introduced in Senate</name>
        </item>
      </billSummaries>
    </summaries>
    <title>A resolution expressing the sense of the Senate that the United States must seize the opportunity to create millions of jobs, become a net exporter of clean energy, and secure a better, more equitable future by accelerating the electrification of households, buildings, and businesses in the United States, modernizing the United States electricity grid, and continuing on the path towards decarbonizing electricity generation in the United States by 2035.</title>
    <titles>
      <item>
        <titleType>Display Title</titleType>
        <parentTitleType/>
        <title>A resolution expressing the sense of the Senate that the United States must seize the opportunity to create millions of jobs, become a net exporter of clean energy, and secure a better, more equitable future by accelerating the electrification of households, buildings, and businesses in the United States, modernizing the United States electricity grid, and continuing on the path towards decarbonizing electricity generation in the United States by 2035.</title>
        <chamberCode/>
        <chamberName/>
      </item>
      <item>
        <titleType>Official Title as Introduced</titleType>
        <parentTitleType/>
        <title>A resolution expressing the sense of the Senate that the United States must seize the opportunity to create millions of jobs, become a net exporter of clean energy, and secure a better, more equitable future by accelerating the electrification of households, buildings, and businesses in the United States, modernizing the United States electricity grid, and continuing on the path towards decarbonizing electricity generation in the United States by 2035.</title>
        <chamberCode/>
        <chamberName/>
      </item>
    </titles>
    <amendments/>
    <textVersions>
      <item>
        <type>Introduced in Senate</type>
        <date>2021-05-18T04:00:00Z</date>
        <formats>
          <item>
            <url>https://www.govinfo.gov/content/pkg/BILLS-117sres224is/xml/BILLS-117sres224is.xml</url>
          </item>
        </formats>
      </item>
    </textVersions>
    <latestAction>
      <actionDate>2021-05-18</actionDate>
      <text>Referred to the Committee on Energy and Natural Resources. (text: CR S2579-2580)</text>
      <links/>
    </latestAction>
    <calendarNumbers/>
    <version>1.0.0</version>
  </bill>
  <dublinCore xmlns:dc="http://purl.org/dc/elements/1.1/">
    <dc:format>text/xml</dc:format>
    <dc:language>EN</dc:language>
    <dc:rights>Pursuant to Title 17 Section 105 of the United States Code, this file is not subject to copyright protection and is in the public domain.</dc:rights>
    <dc:contributor>Congressional Research Service, Library of Congress</dc:contributor>
    <dc:description>This file contains bill summaries and statuses for federal legislation. A bill summary describes the most significant provisions of a piece of legislation and details the effects the legislative text may have on current law and federal programs. Bill summaries are authored by the Congressional Research Service (CRS) of the Library of Congress. As stated in Public Law 91-510 (2 USC 166 (d)(6)), one of the duties of CRS is "to prepare summaries and digests of bills and resolutions of a public general nature introduced in the Senate or House of Representatives". For more information, refer to the User Guide that accompanies this file.</dc:description>
  </dublinCore>
</billStatus>
