<?xml version="1.0"?>
<?xml-stylesheet type="text/xsl" href="billres.xsl"?>
<!DOCTYPE resolution PUBLIC "-//US Congress//DTDs/res.dtd//EN" "res.dtd">
<resolution public-private="public" resolution-stage="Agreed-to-Senate" resolution-type="senate-resolution" star-print="no-star-print" key="G"><metadata xmlns:dc="http://purl.org/dc/elements/1.1/">
<dublinCore>
<dc:title>117 SRES 2 ATS: Informing the House of Representatives that a quorum of the Senate is assembled.</dc:title>
<dc:publisher>U.S. Senate</dc:publisher>
<dc:date>2021-01-03</dc:date>
<dc:format>text/xml</dc:format>
<dc:language>EN</dc:language>
<dc:rights>Pursuant to Title 17 Section 105 of the United States Code, this file is not subject to copyright protection and is in the public domain.</dc:rights>
</dublinCore>
</metadata>
<form>
<distribution-code display="yes">III</distribution-code><congress display="yes">117th CONGRESS</congress><session display="yes">1st Session</session><legis-num>S. RES. 2</legis-num><current-chamber>IN THE SENATE OF THE UNITED STATES</current-chamber><action display="yes"><action-date date="20210103">January 3, 2021</action-date><action-desc><sponsor name-id="S174">Mr. McConnell</sponsor> submitted the following resolution; which was considered and agreed to</action-desc></action><legis-type>RESOLUTION</legis-type><official-title display="yes">Informing the House of Representatives that a quorum of the Senate is assembled.</official-title></form><resolution-body><section id="S1" display-inline="yes-display-inline" section-type="undesignated-section"><text>That the Secretary inform the House of Representatives that a quorum of the Senate is assembled and that the Senate is ready to proceed to business. </text></section></resolution-body></resolution> 

