<mods xmlns:xlink="http://www.w3.org/1999/xlink" xmlns:xsi="http://www.w3.org/2001/XMLSchema-instance" xmlns="http://www.loc.gov/mods/v3" version="3.3" xsi:schemaLocation="http://www.loc.gov/mods/v3 http://www.loc.gov/standards/mods/v3/mods-3-3.xsd" ID="P0b002ee1aac9d2f7">
<name type="corporate">
 <namePart>United States Government Publishing Office</namePart>
 <role>
  <roleTerm authority="marcrelator" type="text">publisher</roleTerm>
  <roleTerm authority="marcrelator" type="code">pbl</roleTerm>
</role>
 <role>
  <roleTerm authority="marcrelator" type="text">distributor</roleTerm>
  <roleTerm authority="marcrelator" type="code">dst</roleTerm>
</role>
</name>
<name type="corporate">
 <namePart>United States</namePart>
 <namePart>Congress</namePart>
 <namePart>House of Representatives</namePart>
 <role>
  <roleTerm authority="marcrelator" type="text">author</roleTerm>
  <roleTerm authority="marcrelator" type="code">aut</roleTerm>
</role>
 <description>Government Organization</description>
</name>
<typeOfResource>text</typeOfResource>
<genre authority="marcgt">government publication</genre>
<language>
 <languageTerm type="code" authority="iso639-2b">eng</languageTerm>
</language>
<extension>
 <collectionCode>BILLS</collectionCode>
 <searchTitle>Supporting the United Nations Sustainable Development Goals.;H. Res. 30 (IH)
    </searchTitle>
 <category>Bills and Statutes</category>
 <waisDatabaseName>117_cong_bills</waisDatabaseName>
 <branch>legislative</branch>
 <dateIngested>2021-01-12</dateIngested>
</extension>
<titleInfo>
 <title>Supporting the United Nations Sustainable Development Goals.</title>
</titleInfo>
<titleInfo type="alternative">
 <title>H. Res. 30 (IH)
    </title>
</titleInfo>
<originInfo>
 <publisher>U.S. Government Publishing Office</publisher>
 <dateIssued encoding="w3cdtf">2021-01-11</dateIssued>
 <issuance>monographic</issuance>
</originInfo>
<physicalDescription>
 <note type="source content type">deposited</note>
 <digitalOrigin>born digital</digitalOrigin>
 <extent>8 p.</extent>
</physicalDescription>
<classification authority="sudocs">Y 1.6:</classification>
<classification authority="sudocs">Y 1.4/7:</classification>
<identifier type="local">P0b002ee1aac9d2f7</identifier>
<identifier type="uri">https://www.govinfo.gov/app/details/BILLS-117hres30ih</identifier>
<identifier type="preferred citation">H. Res. 30</identifier>
<identifier type="stock number">021-610-00252-9</identifier>
<identifier type="Parent ILS system id">000501532</identifier>
<identifier type="Child ILS system id">000325574</identifier>
<identifier type="Parent ILS title">Congressional bills</identifier>
<identifier type="Child ILS title">House resolutions</identifier>
<identifier type="former package identifier">f:hr30_ih.txt</identifier>
<location>
 <url displayLabel="Content Detail" access="object in context">https://www.govinfo.gov/app/details/BILLS-117hres30ih</url>
 <url displayLabel="HTML rendition" access="raw object">https://www.govinfo.gov/content/pkg/BILLS-117hres30ih/html/BILLS-117hres30ih.htm</url>
 <url displayLabel="PDF rendition" access="raw object">https://www.govinfo.gov/content/pkg/BILLS-117hres30ih/pdf/BILLS-117hres30ih.pdf</url>
 <url displayLabel="XML rendition" access="raw object">https://www.govinfo.gov/content/pkg/BILLS-117hres30ih/xml/BILLS-117hres30ih.xml</url>
</location>
<accessCondition type="GPO scope determination">fdlp</accessCondition>
<recordInfo>
 <recordContentSource authority="marcorg">DGPO</recordContentSource>
 <recordCreationDate encoding="w3cdtf">2021-01-12</recordCreationDate>
 <recordChangeDate encoding="w3cdtf">2021-01-12</recordChangeDate>
 <recordIdentifier source="DGPO">BILLS-117hres30ih</recordIdentifier>
 <recordOrigin>machine generated</recordOrigin>
 <languageOfCataloging>
  <languageTerm type="code" authority="iso639-2b">eng</languageTerm>
</languageOfCataloging>
</recordInfo>
<name type="personal">
 <namePart>Barbara Lee</namePart>
 <affiliation>United States House of Representatives</affiliation>
 <role>
  <roleTerm authority="marcrelator" type="text">sponsor</roleTerm>
  <roleTerm authority="marcrelator" type="code">spn</roleTerm>
</role>
 <description>United States Congress Member</description>
</name>
<name type="personal">
 <namePart>Adam Smith</namePart>
 <affiliation>United States House of Representatives</affiliation>
 <role>
  <roleTerm type="text">cosponsor</roleTerm>
</role>
 <description>United States Congress Member</description>
</name>
<name type="personal">
 <namePart>Adriano Espaillat</namePart>
 <affiliation>United States House of Representatives</affiliation>
 <role>
  <roleTerm type="text">cosponsor</roleTerm>
</role>
 <description>United States Congress Member</description>
</name>
<name type="corporate">
 <namePart>United States</namePart>
 <namePart>Congress</namePart>
 <namePart>House of Representatives</namePart>
 <namePart>Committee on Foreign Affairs</namePart>
 <role>
  <roleTerm authority="marcrelator" type="text">associated name</roleTerm>
  <roleTerm authority="marcrelator" type="code">asn</roleTerm>
</role>
</name>
<extension>
 <docClass>hres</docClass>
 <accessId>BILLS-117hres30ih</accessId>
 <congress>117</congress>
 <session>1</session>
 <originChamber>HOUSE</originChamber>
 <currentChamber>HOUSE</currentChamber>
 <billNumber>30</billNumber>
 <billVersion reprint="false">ih</billVersion>
 <fileSuffix>ih</fileSuffix>
 <officialTitle>Supporting the United Nations Sustainable Development Goals.</officialTitle>
 <action date="2021-01-11">Ms. Lee of California (for herself, Mr. Smith of Washington, and Mr. Espaillat) submitted the following resolution; which was referred to the Committee on Foreign Affairs</action>
 <congCommittee authorityId="hsfa00" chamber="H" congress="117" type="S">
                      <name type="authority-standard">Committee on Foreign Affairs</name>
                      <name type="authority-short">Foreign Affairs</name>
                </congCommittee>
 <congMember authorityId="1501" bioGuideId="L000551" chamber="H" congress="117" gpoId="7814" party="D" role="SPONSOR" state="CA">
                      <name type="parsed">Ms. Lee of California</name>
                      <name type="authority-fnf">Barbara Lee</name>
                      <name type="authority-lnf">Lee, Barbara</name>
                </congMember>
 <congMember authorityId="1528" bioGuideId="S000510" chamber="H" congress="117" gpoId="8213" party="D" role="COSPONSOR" state="WA">
                      <name type="parsed">Mr. Smith of Washington</name>
                      <name type="authority-fnf">Adam Smith</name>
                      <name type="authority-lnf">Smith, Adam</name>
                </congMember>
 <congMember authorityId="2342" bioGuideId="E000297" chamber="H" congress="117" party="D" role="COSPONSOR" state="NY">
                      <name type="parsed">Mr. Espaillat</name>
                      <name type="authority-fnf">Adriano Espaillat</name>
                      <name type="authority-lnf">Espaillat, Adriano</name>
                </congMember>
 <isPrivate>false</isPrivate>
 <isAppropriation>false</isAppropriation>
</extension>
</mods>