<?xml version="1.0"?>
<?xml-stylesheet type="text/xsl" href="billres.xsl"?>
<!DOCTYPE resolution PUBLIC "-//US Congress//DTDs/res.dtd//EN" "res.dtd">
<resolution resolution-stage="Introduced-in-House" dms-id="HDF75A3CDE15C473E959DC62E995FB96F" public-private="public" resolution-type="house-resolution" star-print="no-star-print" key="H"><metadata xmlns:dc="http://purl.org/dc/elements/1.1/">
<dublinCore>
<dc:title>117 HRES 20 IH: Expressing support for the goals and ideals of “National Hydrocephalus Awareness Month”.</dc:title>
<dc:publisher>U.S. House of Representatives</dc:publisher>
<dc:date>2021-01-06</dc:date>
<dc:format>text/xml</dc:format>
<dc:language>EN</dc:language>
<dc:rights>Pursuant to Title 17 Section 105 of the United States Code, this file is not subject to copyright protection and is in the public domain.</dc:rights>
</dublinCore>
</metadata>
<form>
<distribution-code display="yes">IV</distribution-code><congress display="yes">117th CONGRESS</congress><session display="yes">1st Session</session><legis-num display="yes">H. RES. 20</legis-num><current-chamber>IN THE HOUSE OF REPRESENTATIVES</current-chamber><action display="yes"><action-date date="20210106">January 6, 2021</action-date><action-desc><sponsor name-id="D000399">Mr. Doggett</sponsor> (for himself and <cosponsor name-id="S000522">Mr. Smith of New Jersey</cosponsor>) submitted the following resolution; which was referred to the <committee-name committee-id="HIF00">Committee on Energy and Commerce</committee-name></action-desc></action><legis-type>RESOLUTION</legis-type><official-title display="yes">Expressing support for the goals and ideals of <quote>National Hydrocephalus Awareness Month</quote>.</official-title></form><preamble><whereas><text>Whereas hydrocephalus, an abnormal accumulation of cerebrospinal fluid in the brain, is a life-threatening condition that affects approximately 1,000,000 Americans of all ages;</text></whereas><whereas><text>Whereas, each year, one in 770 babies develops hydrocephalus;</text></whereas><whereas><text>Whereas hospitalization charges for pediatric hydrocephalus cases alone cost the United States health care system $2,000,000,000 per year;</text></whereas><whereas><text>Whereas adults living with hydrocephalus add exponentially to health care system costs, as well as costs related to reduced productivity in the workplace;</text></whereas><whereas><text>Whereas the incidence of undiagnosed and untreated hydrocephalus in older Americans can result in unnecessary confinement to assisted living facilities and nursing homes;</text></whereas><whereas><text>Whereas up to two-thirds (24,000 potential cases) of our current and former military servicemembers suffering from moderate to severe traumatic brain injuries are at risk of developing hydrocephalus;</text></whereas><whereas><text>Whereas many individuals with hydrocephalus live with other serious medical comorbidities, particularly seniors who have Normal Pressure Hydrocephalus, putting them at a higher risk for severe illness from COVID–19;</text></whereas><whereas><text>Whereas there is no cure for this condition, and the only treatment is costly brain surgery which frequently must be repeated to replace the shunt, a medical device that is the most common treatment for the condition and has one of the highest failure rates of all medical devices;</text></whereas><whereas><text>Whereas various research studies are currently being conducted in the United States in order to better understand, prevent, and treat hydrocephalus;</text></whereas><whereas><text>Whereas organizations, such as the Pediatric Hydrocephalus Foundation and the Hydrocephalus Association, serve as global leaders for hydrocephalus awareness, education, support, advocacy, and research funding;</text></whereas><whereas><text>Whereas the Pediatric Hydrocephalus Foundation established <quote>National Hydrocephalus Awareness Month</quote> in 2009; and</text></whereas><whereas><text>Whereas the Pediatric Hydrocephalus Foundation and the Hydrocephalus Association recognize September as <quote>National Hydrocephalus Awareness Month</quote>: Now, therefore, be it</text></whereas></preamble><resolution-body style="OLC" id="H9F71FE933F52494C9A488D2E94F6E66D"><section id="H9DDDE961AD9244A0B2C28B1F20E52E20" display-inline="yes-display-inline" section-type="undesignated-section"><text>That the House of Representatives—</text><paragraph id="H7BA9D55CB3AB487AAFB05DBB51C872B4"><enum>(1)</enum><text>supports the goals and ideals of <quote>National Hydrocephalus Awareness Month</quote>; and</text></paragraph><paragraph id="HD0A53C17BE0A4E019FAFB9E4423EE30A"><enum>(2)</enum><text>continues to support research to prevent, detect, and treat hydrocephalus.</text></paragraph></section></resolution-body></resolution> 

