<?xml version="1.0"?>
<?xml-stylesheet type="text/xsl" href="billres.xsl"?>
<!DOCTYPE bill PUBLIC "-//US Congress//DTDs/bill.dtd//EN" "bill.dtd">
<bill bill-stage="Introduced-in-House" dms-id="HADA7987354314549901724F86C3C52E1" public-private="public" key="H" bill-type="olc"><metadata xmlns:dc="http://purl.org/dc/elements/1.1/">
<dublinCore>
<dc:title>117 HR 61 IH: Midnight Rules Relief Act of 2021</dc:title>
<dc:publisher>U.S. House of Representatives</dc:publisher>
<dc:date>2021-01-04</dc:date>
<dc:format>text/xml</dc:format>
<dc:language>EN</dc:language>
<dc:rights>Pursuant to Title 17 Section 105 of the United States Code, this file is not subject to copyright protection and is in the public domain.</dc:rights>
</dublinCore>
</metadata>
<form>
<distribution-code display="yes">I</distribution-code><congress display="yes">117th CONGRESS</congress><session display="yes">1st Session</session><legis-num display="yes">H. R. 61</legis-num><current-chamber>IN THE HOUSE OF REPRESENTATIVES</current-chamber><action display="yes"><action-date date="20210104">January 4, 2021</action-date><action-desc><sponsor name-id="B001302">Mr. Biggs</sponsor> introduced the following bill; which was referred to the <committee-name committee-id="HJU00">Committee on the Judiciary</committee-name>, and in addition to the Committee on <committee-name committee-id="HRU00">Rules</committee-name>, for a period to be subsequently determined by the Speaker, in each case for consideration of such provisions as fall within the jurisdiction of the committee concerned</action-desc></action><legis-type>A BILL</legis-type><official-title display="yes">To amend <external-xref legal-doc="usc-chapter" parsable-cite="usc-chapter/5/8">chapter 8</external-xref> of title 5, United States Code, to provide for en bloc consideration in resolutions of disapproval for <quote>midnight rules</quote>, and for other purposes.</official-title></form><legis-body id="HAE0EE45C43C04FD684B88754E91B471A" style="OLC"><section id="HC9FA13B95EDD439098FCE17524319BB1" section-type="section-one"><enum>1.</enum><header>Short title</header><text display-inline="no-display-inline">This Act may be cited as the <quote><short-title>Midnight Rules Relief Act of 2021</short-title></quote>.</text></section><section id="H3524DC3C72064C0EAF86153630400684"><enum>2.</enum><header>En bloc consideration of resolutions of disapproval pertaining to <quote>midnight rules</quote></header><subsection id="HA25BA6772CC8417DB8A298804D27600F"><enum>(a)</enum><header>In general</header><text display-inline="yes-display-inline">Section 801(d) of title 5, United States Code, is amended by adding at the end the following:</text><quoted-block display-inline="no-display-inline" id="H4CC9EBF8076E42E0A81FF0EFEE1465C4" style="USC"><paragraph id="H4C4B1C403C58480587CF3284C4AB6536" indent="up1"><enum>(4)</enum><text display-inline="yes-display-inline">In applying section 802 to rules described under paragraph (1), a joint resolution of disapproval may contain one or more such rules if the report under subsection (a)(1)(A) for each such rule was submitted during the final year of a President’s term.</text></paragraph><after-quoted-block>.</after-quoted-block></quoted-block></subsection><subsection id="H3D95BDCD3C914F1B905C0E00B9617440"><enum>(b)</enum><header>Text of resolving clause</header><text display-inline="yes-display-inline">Section 802(a) of title 5, United States Code, is amended—</text><paragraph id="H8823BF55ACE34AF29876ABB4836B38CE"><enum>(1)</enum><text>by inserting after <quote>resolving clause of which is</quote> the following: <quote>(except as otherwise provided in this subsection)</quote>; and</text></paragraph><paragraph id="H9D693BCFCB284BBB992D6BAAB81318CC"><enum>(2)</enum><text>by adding at the end the following: <quote>In the case of a joint resolution under section 801(d)(4), the matter after the resolving clause of such resolution shall be as follows: <quote>That Congress disapproves the following rules: the rule submitted by the __ relating to __; and the rule submitted by the __ relating to __. Such rules shall have no force or effect.</quote> (The blank spaces being appropriately filled in and additional clauses describing additional rules to be included as necessary)</quote>.</text></paragraph></subsection></section></legis-body></bill> 

