<?xml version="1.0"?>
<?xml-stylesheet type="text/xsl" href="billres.xsl"?>
<!DOCTYPE bill PUBLIC "-//US Congress//DTDs/bill.dtd//EN" "bill.dtd">
<bill bill-stage="Introduced-in-House" dms-id="HB0AF89BEE35E481FA4DB3F447D403C6F" public-private="public" key="H" bill-type="olc"><metadata xmlns:dc="http://purl.org/dc/elements/1.1/">
<dublinCore>
<dc:title>115 HR 66 IH: Comprehensive Access to Robust Insurance Now Guaranteed for Kids Act</dc:title>
<dc:publisher>U.S. House of Representatives</dc:publisher>
<dc:date>2021-01-04</dc:date>
<dc:format>text/xml</dc:format>
<dc:language>EN</dc:language>
<dc:rights>Pursuant to Title 17 Section 105 of the United States Code, this file is not subject to copyright protection and is in the public domain.</dc:rights>
</dublinCore>
</metadata>
<form>
<distribution-code display="yes">I</distribution-code><congress display="yes">117th CONGRESS</congress><session display="yes">1st Session</session><legis-num display="yes">H. R. 66</legis-num><current-chamber>IN THE HOUSE OF REPRESENTATIVES</current-chamber><action display="yes"><action-date date="20210104">January 4, 2021</action-date><action-desc><sponsor name-id="B001260">Mr. Buchanan</sponsor> (for himself and <cosponsor name-id="M001208">Mrs. McBath</cosponsor>) introduced the following bill; which was referred to the <committee-name committee-id="HIF00">Committee on Energy and Commerce</committee-name></action-desc></action><legis-type>A BILL</legis-type><official-title display="yes">To amend title XXI of the Social Security Act to permanently extend the Children’s Health Insurance Program, and for other purposes.</official-title></form><legis-body id="H9BAD08D35B3F4DE5A533FA95FB93B500" style="OLC"><section id="H55D6D284B53145F6B19B1C18D7B81816" section-type="section-one"><enum>1.</enum><header>Short title</header><text display-inline="no-display-inline">This Act may be cited as the <quote><short-title>Comprehensive Access to Robust Insurance Now Guaranteed for Kids Act</short-title></quote> or <quote><short-title>CARING for Kids Act</short-title></quote>.</text></section><section id="HE8E99003E37A4445BEE3C2A93C655C52"><enum>2.</enum><header>Permanent extension of Children’s Health Insurance Program</header><subsection id="HF2CE5C080FFF491195C3D43105933D03"><enum>(a)</enum><header>In general</header><text display-inline="yes-display-inline">Section 2104(a)(28) of the Social Security Act (<external-xref legal-doc="usc" parsable-cite="usc/42/1397dd">42 U.S.C. 1397dd(a)(28)</external-xref>) is amended to read as follows:</text><quoted-block style="OLC" id="HDB6B4275A11847579AF8DDDB35455F96" display-inline="no-display-inline"><paragraph id="H128FF24B341D4272A42993C2CB9B0B74"><enum>(28)</enum><text display-inline="yes-display-inline">for fiscal year 2027 and each subsequent year, such sums as are necessary to fund allotments to States under subsections (c) and (m).</text></paragraph><after-quoted-block>.</after-quoted-block></quoted-block></subsection><subsection id="H5215AF5A0EB2459DA9AA03DBE85CF004"><enum>(b)</enum><header>Allotments</header><paragraph id="H87AB1FE72D6348AD97E940C890DD952E"><enum>(1)</enum><header>In general</header><text>Section 2104(m) of the Social Security Act (<external-xref legal-doc="usc" parsable-cite="usc/42/1397dd">42 U.S.C. 1397dd(m)</external-xref>) is amended—</text><subparagraph id="HB9365FC940ED4EC59FC0C8E4411D1ADB"><enum>(A)</enum><text>in paragraph (2)(B)(i), by striking <quote>,, 2023, and 2027</quote> and inserting <quote>and 2023</quote>;</text></subparagraph><subparagraph id="HFAAC5B972D984B26AE08C7442159AEBE"><enum>(B)</enum><text>in paragraph (7)—</text><clause id="H7ED8ECD12A3942CB9FA72EBA4A71AEE2"><enum>(i)</enum><text>in subparagraph (A), by striking <quote>and ending with fiscal year 2027,</quote>; and</text></clause><clause id="H3B22687BFBB445419598667D1D8EC27A" commented="no"><enum>(ii)</enum><text>in the flush left matter at the end, by striking <quote>or fiscal year 2026</quote> and inserting <quote>fiscal year 2026, or a subsequent even-numbered fiscal year</quote>;</text></clause></subparagraph><subparagraph id="HE9F493325A1841D0B4ED178EEEC85153"><enum>(C)</enum><text>in paragraph (9)—</text><clause id="H029C4752626B45A281EC0F3AF0A44063"><enum>(i)</enum><text>by striking <quote>(10), or (11)</quote> and inserting <quote>or (10)</quote>; and</text></clause><clause id="HFD4903C62C204280A300F325A4016754"><enum>(ii)</enum><text>by striking <quote>2023, or 2027,</quote> and inserting <quote>or 2023</quote>; and</text></clause></subparagraph><subparagraph id="H8D85CC976B954560A17BA9D8FABC49B0"><enum>(D)</enum><text>by striking paragraph (11).</text></subparagraph></paragraph><paragraph id="H394C1965875A4F04B399858672EC9EBE"><enum>(2)</enum><header>Conforming amendment</header><text>Section 50101(b)(2) of the Bipartisan Budget Act of 2018 (<external-xref legal-doc="public-law" parsable-cite="pl/115/123">Public Law 115–123</external-xref>) is repealed.</text></paragraph></subsection></section><section id="HA635BD94E1E04454AE14D324169A5518" commented="no"><enum>3.</enum><header>Permanent extensions of other programs and demonstration projects</header><subsection id="H57FF09D52ABF422C91EB53AA3330DFB5" commented="no" display-inline="no-display-inline"><enum>(a)</enum><header display-inline="yes-display-inline">Pediatric quality measures program</header><text display-inline="yes-display-inline">Section 1139A(i)(1) of the Social Security Act (42 U.S.C. 1320b–9a(i)(1)) is amended—</text><paragraph id="H51FB61557A2047A0B1BA880003EC0EFB"><enum>(1)</enum><text>in subparagraph (C), by striking at the end <quote>and</quote>;</text></paragraph><paragraph id="H986B0CB234EC4463825AA494A469A72A"><enum>(2)</enum><text>in subparagraph (D), by striking the period at the end and insert a semicolon; and </text></paragraph><paragraph id="H7ACA38E5251A4BCDB77263E4937CCA92"><enum>(3)</enum><text>by adding at the end the following new subparagraphs:</text><quoted-block style="OLC" id="H1114B236EFD942B9B81F00B249946DA4" display-inline="no-display-inline"><subparagraph id="HE3ADF2F3C2104BE7A952A4A17AE34BAA"><enum>(E)</enum><text display-inline="yes-display-inline">for fiscal year 2028, $15,000,000 for the purpose of carrying out this section (other than subsections (e), (f), and (g)); and</text></subparagraph><subparagraph id="H0CB9332A51DF458A9EFA310FEDA13CA3"><enum>(F)</enum><text display-inline="yes-display-inline">for a subsequent fiscal year, the amount appropriated under this paragraph for the previous fiscal year, increased by the percentage increase in the consumer price index for all urban consumers (all items; United States city average) over such previous fiscal year, for the purpose of carrying out this section (other than subsections (e), (f), and (g)).</text></subparagraph><after-quoted-block>.</after-quoted-block></quoted-block></paragraph></subsection><subsection id="HE8A7201F9AD249848AF82BF743EAE1DC" commented="no"><enum>(b)</enum><header>Express lane eligibility option</header><text>Section 1902(e)(13) of the Social Security Act (<external-xref legal-doc="usc" parsable-cite="usc/42/1396a">42 U.S.C. 1396a(e)(13)</external-xref>) is amended by striking subparagraph (I).</text></subsection><subsection id="H305DCE68D5A6492CB224A13B02E08B26" commented="no" display-inline="no-display-inline"><enum>(c)</enum><header>Assurance of affordability standard for children and families</header><paragraph id="H51CEF70556AD4753B294D85209B648A6" commented="no"><enum>(1)</enum><header>In general</header><text>Section 2105(d)(3) of the Social Security Act (<external-xref legal-doc="usc" parsable-cite="usc/42/1397ee">42 U.S.C. 1397ee(d)(3)</external-xref>) is amended—</text><subparagraph id="HBF9899E23FEE4062A1B7D9C96148E38A" commented="no"><enum>(A)</enum><text>in the paragraph heading, by striking <quote><header-in-text level="paragraph" style="OLC">through September <enum-in-header>30</enum-in-header>, <enum-in-header>2027</enum-in-header></header-in-text></quote>; and</text></subparagraph><subparagraph id="H78F5F98E6B994176804496FCE4E57FFD" commented="no"><enum>(B)</enum><text>in subparagraph (A), in the matter preceding clause (i)—</text><clause id="H7FB807411E4245D79AB087D2E84FB54B" commented="no"><enum>(i)</enum><text>by striking <quote>During the period that begins on the date of enactment of the Patient Protection and Affordable Care Act and ends on September 30, 2027</quote> and inserting <quote>Beginning on the date of the enactment of the Patient Protection and Affordable Care Act</quote>;</text></clause><clause id="H1355D1BF92B24B7C9B0081A2FD80E5F0" commented="no"><enum>(ii)</enum><text>by striking <quote>During the period that begins on October 1, 2019, and ends on September 30, 2027</quote> and inserting <quote>Beginning on October 1, 2019</quote>; and</text></clause><clause id="H93E3BFB1189C4EC3B840EA614CA232D6" commented="no"><enum>(iii)</enum><text>by striking <quote>The preceding sentences shall not be construed as preventing a State during any such periods from</quote> and inserting <quote>The preceding sentences shall not be construed as preventing a State from</quote>.</text></clause></subparagraph></paragraph><paragraph id="H021FD430232145DC855DF7A6D04FB169" commented="no"><enum>(2)</enum><header>Conforming amendments</header><text>Section 1902(gg)(2) of the Social Security Act (<external-xref legal-doc="usc" parsable-cite="usc/42/1396a">42 U.S.C. 1396a(gg)(2)</external-xref>) is amended—</text><subparagraph id="HC882A885CECF46AC945213300C5A91CA" commented="no" display-inline="no-display-inline"><enum>(A)</enum><text>in the paragraph heading, by striking <quote><header-in-text level="paragraph" style="OLC">through September <enum-in-header>30</enum-in-header>, <enum-in-header>2027</enum-in-header></header-in-text></quote>; and</text></subparagraph><subparagraph id="H596BE28F7A6643C389973EFFAE747C89" commented="no" display-inline="no-display-inline"><enum>(B)</enum><text>by striking <quote>through September 30</quote> and all that follows through <quote>ends on September 30, 2027</quote> and inserting <quote>(but beginning on October 1, 2019,</quote>.</text></subparagraph></paragraph></subsection><subsection id="HAA55F398996341F69E68D8454D11D728" commented="no"><enum>(d)</enum><header>Qualifying states option</header><text display-inline="yes-display-inline">Section 2105(g)(4) of the Social Security Act (<external-xref legal-doc="usc" parsable-cite="usc/42/1397ee">42 U.S.C. 1397ee(g)(4)</external-xref>) is amended—</text><paragraph id="H7969E96AC2644DFFBC0D2ED66C69E612" commented="no"><enum>(1)</enum><text>in the paragraph heading, by striking <quote><header-in-text level="paragraph" style="OLC">for fiscal years <enum-in-header>2009</enum-in-header> through <enum-in-header>2027</enum-in-header></header-in-text></quote> and inserting <quote><header-in-text level="paragraph" style="OLC">after fiscal year <enum-in-header>2008</enum-in-header></header-in-text></quote>; and</text></paragraph><paragraph id="H232972E7EF4E44018442D887F07510A7" commented="no"><enum>(2)</enum><text>in subparagraph (A), by striking <quote>for any of fiscal years 2009 through 2027</quote> and inserting <quote>for any fiscal year after fiscal year 2008</quote>.</text></paragraph></subsection><subsection id="HB8326021527A4A918ACF9B782E2DDFD4" commented="no"><enum>(e)</enum><header>Outreach and enrollment program</header><text display-inline="yes-display-inline">Section 2113 of the Social Security Act (<external-xref legal-doc="usc" parsable-cite="usc/42/1397mm">42 U.S.C. 1397mm</external-xref>) is amended—</text><paragraph id="H469FFA9554714468B7AE92FAA5067754" commented="no"><enum>(1)</enum><text>in subsection (a)—</text><subparagraph id="HBF59EF59882747C3B5EFC6BFCE2DB34D"><enum>(A)</enum><text>in paragraph (1), by striking <quote>during the period of fiscal years 2009 through 2027</quote> and inserting <quote>, beginning with fiscal year 2009,</quote>;</text></subparagraph><subparagraph id="H935139D3F22C4CFBAA4C0A221A7DDBC7" commented="no"><enum>(B)</enum><text display-inline="yes-display-inline">in paragraph (2)—</text><clause id="H22316D084EA54D2282815E565B664F8D"><enum>(i)</enum><text>by striking <quote>10 percent of such amounts</quote> and inserting <quote>10 percent of such amounts for the period or the fiscal year for which such amounts are appropriated</quote>; and</text></clause><clause id="H4BB0B73CD34749A19F3987D780A30C8F"><enum>(ii)</enum><text>by striking <quote>during such period</quote> and inserting <quote>, during such period or such fiscal year,</quote>; and</text></clause></subparagraph><subparagraph id="H185D6856BBC94FE69A280A3B060D097B" commented="no"><enum>(C)</enum><text display-inline="yes-display-inline">in paragraph (3), by striking <quote>For the period of fiscal years 2024 through 2027, an amount equal to 10 percent of such amounts</quote> and inserting <quote>Beginning with fiscal year 2024, an amount equal to 10 percent of such amounts for the period or the fiscal year for which such amounts are appropriated</quote>; and</text></subparagraph></paragraph><paragraph id="HFE3E8A4D03654A7FA1EACFF12ECAC5C8" commented="no"><enum>(2)</enum><text>in subsection (g)—</text><subparagraph id="HD7177EBB34C049F3BC88D575656A1B9A" commented="no"><enum>(A)</enum><text>by striking <quote>2017,,</quote> and inserting <quote>2017,</quote>;</text></subparagraph><subparagraph id="HE96CF3703F7C4D1EA8528EBAF81A4D1F" commented="no"><enum>(B)</enum><text display-inline="yes-display-inline">by striking <quote>and $48,000,000</quote> and inserting <quote>$48,000,000</quote>; and</text></subparagraph><subparagraph id="H95432DCB7AEF404F89D98914CC86A5F9"><enum>(C)</enum><text>by inserting after <quote>through 2027</quote> the following: <quote>, $12,000,000 for fiscal year 2028, and, for each fiscal year after fiscal year 2028, the amount appropriated under this subsection for the previous fiscal year, increased by the percentage increase in the consumer price index for all urban consumers (all items; United States city average) over such previous fiscal year</quote>.</text></subparagraph></paragraph></subsection><subsection id="H5E9750E073F24E83875F672320094CAA"><enum>(f)</enum><header>Child enrollment contingency fund</header><text display-inline="yes-display-inline">Section 2104(n) of the Social Security Act (<external-xref legal-doc="usc" parsable-cite="usc/42/1397dd">42 U.S.C. 1397dd(n)</external-xref>) is amended—</text><paragraph id="H6E8BCD812DA34EF1A376086A1123508F"><enum>(1)</enum><text>in paragraph (2)—</text><subparagraph id="H80BB9992D3A64E6A97647FB863EE096C"><enum>(A)</enum><text>in subparagraph (A)(ii)—</text><clause id="H6265EB931B46436D88BA914EED6D50A6"><enum>(i)</enum><text>by striking <quote>and 2024 through 2026</quote> and inserting <quote>beginning with fiscal year 2024</quote>; and</text></clause><clause id="HA4FAAAE5AF694115BEB011CADCDEBFCB"><enum>(ii)</enum><text>by striking <quote>2023, and 2027</quote> and inserting <quote>, and 2023</quote>; and</text></clause></subparagraph><subparagraph id="HBCFA3A8DA2FB4DF4AE0DB02B6D388F01"><enum>(B)</enum><text>in subparagraph (B)—</text><clause id="HD44AFF713655494ABE587C0E97BDE7C0"><enum>(i)</enum><text display-inline="yes-display-inline"> by striking <quote>2024 through 2026</quote> and inserting <quote>beginning with fiscal year 2024</quote>; and</text></clause><clause id="HEAA7B97C28EC42C392BE99B28CBC5C71"><enum>(ii)</enum><text display-inline="yes-display-inline">by striking <quote>2023, and 2027</quote> and inserting <quote>, and 2023</quote>; and</text></clause></subparagraph></paragraph><paragraph id="HB003FF2B8E6C4858A5DF21175DABF3AF"><enum>(2)</enum><text>in paragraph (3)(A)—</text><subparagraph id="H191CA72AEBD24FE6822AAFAA6F0A493F"><enum>(A)</enum><text>by striking <quote>fiscal years 2024 through 2026</quote> and inserting <quote>beginning with fiscal year 2024</quote>; and</text></subparagraph><subparagraph id="H7F346EE26D88480CBDE8EFB4FAC8EDD1"><enum>(B)</enum><text>by striking <quote>2023, or 2027</quote> and inserting <quote>, or 2023</quote>.</text></subparagraph></paragraph></subsection></section></legis-body></bill> 

