<mods xmlns:xlink="http://www.w3.org/1999/xlink" xmlns:xsi="http://www.w3.org/2001/XMLSchema-instance" xmlns="http://www.loc.gov/mods/v3" version="3.3" xsi:schemaLocation="http://www.loc.gov/mods/v3 http://www.loc.gov/standards/mods/v3/mods-3-3.xsd" ID="P0b002ee1aac9d2ae">
<name type="corporate">
 <namePart>United States Government Publishing Office</namePart>
 <role>
  <roleTerm authority="marcrelator" type="text">publisher</roleTerm>
  <roleTerm authority="marcrelator" type="code">pbl</roleTerm>
</role>
 <role>
  <roleTerm authority="marcrelator" type="text">distributor</roleTerm>
  <roleTerm authority="marcrelator" type="code">dst</roleTerm>
</role>
</name>
<name type="corporate">
 <namePart>United States</namePart>
 <namePart>Congress</namePart>
 <namePart>House of Representatives</namePart>
 <role>
  <roleTerm authority="marcrelator" type="text">author</roleTerm>
  <roleTerm authority="marcrelator" type="code">aut</roleTerm>
</role>
 <description>Government Organization</description>
</name>
<typeOfResource>text</typeOfResource>
<genre authority="marcgt">government publication</genre>
<language>
 <languageTerm type="code" authority="iso639-2b">eng</languageTerm>
</language>
<extension>
 <collectionCode>BILLS</collectionCode>
 <searchTitle>Impeaching Donald John Trump, President of the United States, for high crimes and misdemeanors.;H. Res. 26 (IH)
    </searchTitle>
 <category>Bills and Statutes</category>
 <waisDatabaseName>117_cong_bills</waisDatabaseName>
 <branch>legislative</branch>
 <dateIngested>2021-01-12</dateIngested>
</extension>
<titleInfo>
 <title>Impeaching Donald John Trump, President of the United States, for high crimes and misdemeanors.</title>
</titleInfo>
<titleInfo type="alternative">
 <title>H. Res. 26 (IH)
    </title>
</titleInfo>
<originInfo>
 <publisher>U.S. Government Publishing Office</publisher>
 <dateIssued encoding="w3cdtf">2021-01-11</dateIssued>
 <issuance>monographic</issuance>
</originInfo>
<physicalDescription>
 <note type="source content type">deposited</note>
 <digitalOrigin>born digital</digitalOrigin>
 <extent>7 p.</extent>
</physicalDescription>
<classification authority="sudocs">Y 1.6:</classification>
<classification authority="sudocs">Y 1.4/7:</classification>
<identifier type="local">P0b002ee1aac9d2ae</identifier>
<identifier type="uri">https://www.govinfo.gov/app/details/BILLS-117hres26ih</identifier>
<identifier type="preferred citation">H. Res. 26</identifier>
<identifier type="stock number">021-610-00252-9</identifier>
<identifier type="Parent ILS system id">000501532</identifier>
<identifier type="Child ILS system id">000325574</identifier>
<identifier type="Parent ILS title">Congressional bills</identifier>
<identifier type="Child ILS title">House resolutions</identifier>
<identifier type="former package identifier">f:hr26_ih.txt</identifier>
<location>
 <url displayLabel="Content Detail" access="object in context">https://www.govinfo.gov/app/details/BILLS-117hres26ih</url>
 <url displayLabel="HTML rendition" access="raw object">https://www.govinfo.gov/content/pkg/BILLS-117hres26ih/html/BILLS-117hres26ih.htm</url>
 <url displayLabel="PDF rendition" access="raw object">https://www.govinfo.gov/content/pkg/BILLS-117hres26ih/pdf/BILLS-117hres26ih.pdf</url>
 <url displayLabel="XML rendition" access="raw object">https://www.govinfo.gov/content/pkg/BILLS-117hres26ih/xml/BILLS-117hres26ih.xml</url>
</location>
<accessCondition type="GPO scope determination">fdlp</accessCondition>
<recordInfo>
 <recordContentSource authority="marcorg">DGPO</recordContentSource>
 <recordCreationDate encoding="w3cdtf">2021-01-12</recordCreationDate>
 <recordChangeDate encoding="w3cdtf">2021-01-12</recordChangeDate>
 <recordIdentifier source="DGPO">BILLS-117hres26ih</recordIdentifier>
 <recordOrigin>machine generated</recordOrigin>
 <languageOfCataloging>
  <languageTerm type="code" authority="iso639-2b">eng</languageTerm>
</languageOfCataloging>
</recordInfo>
<name type="personal">
 <namePart>Sheila Jackson Lee</namePart>
 <affiliation>United States House of Representatives</affiliation>
 <role>
  <roleTerm authority="marcrelator" type="text">sponsor</roleTerm>
  <roleTerm authority="marcrelator" type="code">spn</roleTerm>
</role>
 <description>United States Congress Member</description>
</name>
<name type="personal">
 <namePart>Joyce Beatty</namePart>
 <affiliation>United States House of Representatives</affiliation>
 <role>
  <roleTerm type="text">cosponsor</roleTerm>
</role>
 <description>United States Congress Member</description>
</name>
<name type="personal">
 <namePart>Yvette D. Clarke</namePart>
 <affiliation>United States House of Representatives</affiliation>
 <role>
  <roleTerm type="text">cosponsor</roleTerm>
</role>
 <description>United States Congress Member</description>
</name>
<name type="personal">
 <namePart>Bennie G. Thompson</namePart>
 <affiliation>United States House of Representatives</affiliation>
 <role>
  <roleTerm type="text">cosponsor</roleTerm>
</role>
 <description>United States Congress Member</description>
</name>
<name type="personal">
 <namePart>Barbara Lee</namePart>
 <affiliation>United States House of Representatives</affiliation>
 <role>
  <roleTerm type="text">cosponsor</roleTerm>
</role>
 <description>United States Congress Member</description>
</name>
<name type="personal">
 <namePart>Maxine Waters</namePart>
 <affiliation>United States House of Representatives</affiliation>
 <role>
  <roleTerm type="text">cosponsor</roleTerm>
</role>
 <description>United States Congress Member</description>
</name>
<name type="personal">
 <namePart>Henry C. &quot;Hank&quot; Johnson, Jr.</namePart>
 <affiliation>United States House of Representatives</affiliation>
 <role>
  <roleTerm type="text">cosponsor</roleTerm>
</role>
 <description>United States Congress Member</description>
</name>
<name type="personal">
 <namePart>Jahana Hayes</namePart>
 <affiliation>United States House of Representatives</affiliation>
 <role>
  <roleTerm type="text">cosponsor</roleTerm>
</role>
 <description>United States Congress Member</description>
</name>
<name type="personal">
 <namePart>Steven Horsford</namePart>
 <affiliation>United States House of Representatives</affiliation>
 <role>
  <roleTerm type="text">cosponsor</roleTerm>
</role>
 <description>United States Congress Member</description>
</name>
<name type="personal">
 <namePart>Al Green</namePart>
 <affiliation>United States House of Representatives</affiliation>
 <role>
  <roleTerm type="text">cosponsor</roleTerm>
</role>
 <description>United States Congress Member</description>
</name>
<name type="personal">
 <namePart>Bonnie Watson Coleman</namePart>
 <affiliation>United States House of Representatives</affiliation>
 <role>
  <roleTerm type="text">cosponsor</roleTerm>
</role>
 <description>United States Congress Member</description>
</name>
<name type="personal">
 <namePart>Eleanor Holmes Norton</namePart>
 <affiliation>United States House of Representatives</affiliation>
 <role>
  <roleTerm type="text">cosponsor</roleTerm>
</role>
 <description>United States Congress Member</description>
</name>
<name type="personal">
 <namePart>Ilhan Omar</namePart>
 <affiliation>United States House of Representatives</affiliation>
 <role>
  <roleTerm type="text">cosponsor</roleTerm>
</role>
 <description>United States Congress Member</description>
</name>
<name type="personal">
 <namePart>Andre Carson</namePart>
 <affiliation>United States House of Representatives</affiliation>
 <role>
  <roleTerm type="text">cosponsor</roleTerm>
</role>
 <description>United States Congress Member</description>
</name>
<name type="personal">
 <namePart>Bobby L. Rush</namePart>
 <affiliation>United States House of Representatives</affiliation>
 <role>
  <roleTerm type="text">cosponsor</roleTerm>
</role>
 <description>United States Congress Member</description>
</name>
<name type="personal">
 <namePart>Al Lawson, Jr.</namePart>
 <affiliation>United States House of Representatives</affiliation>
 <role>
  <roleTerm type="text">cosponsor</roleTerm>
</role>
 <description>United States Congress Member</description>
</name>
<name type="personal">
 <namePart>Brenda L. Lawrence</namePart>
 <affiliation>United States House of Representatives</affiliation>
 <role>
  <roleTerm type="text">cosponsor</roleTerm>
</role>
 <description>United States Congress Member</description>
</name>
<name type="personal">
 <namePart>Frederica S. Wilson</namePart>
 <affiliation>United States House of Representatives</affiliation>
 <role>
  <roleTerm type="text">cosponsor</roleTerm>
</role>
 <description>United States Congress Member</description>
</name>
<name type="personal">
 <namePart>Marc A. Veasey</namePart>
 <affiliation>United States House of Representatives</affiliation>
 <role>
  <roleTerm type="text">cosponsor</roleTerm>
</role>
 <description>United States Congress Member</description>
</name>
<name type="personal">
 <namePart>Donald M. Payne, Jr.</namePart>
 <affiliation>United States House of Representatives</affiliation>
 <role>
  <roleTerm type="text">cosponsor</roleTerm>
</role>
 <description>United States Congress Member</description>
</name>
<name type="personal">
 <namePart>Danny K. Davis</namePart>
 <affiliation>United States House of Representatives</affiliation>
 <role>
  <roleTerm type="text">cosponsor</roleTerm>
</role>
 <description>United States Congress Member</description>
</name>
<name type="personal">
 <namePart>Cori Bush</namePart>
 <affiliation>United States House of Representatives</affiliation>
 <role>
  <roleTerm type="text">cosponsor</roleTerm>
</role>
 <description>United States Congress Member</description>
</name>
<name type="personal">
 <namePart>Steve Cohen</namePart>
 <affiliation>United States House of Representatives</affiliation>
 <role>
  <roleTerm type="text">cosponsor</roleTerm>
</role>
 <description>United States Congress Member</description>
</name>
<name type="personal">
 <namePart>Tony Cardenas</namePart>
 <affiliation>United States House of Representatives</affiliation>
 <role>
  <roleTerm type="text">cosponsor</roleTerm>
</role>
 <description>United States Congress Member</description>
</name>
<name type="personal">
 <namePart>Mark Pocan</namePart>
 <affiliation>United States House of Representatives</affiliation>
 <role>
  <roleTerm type="text">cosponsor</roleTerm>
</role>
 <description>United States Congress Member</description>
</name>
<name type="personal">
 <namePart>Rashida Tlaib</namePart>
 <affiliation>United States House of Representatives</affiliation>
 <role>
  <roleTerm type="text">cosponsor</roleTerm>
</role>
 <description>United States Congress Member</description>
</name>
<name type="personal">
 <namePart>Nydia M. Velazquez</namePart>
 <affiliation>United States House of Representatives</affiliation>
 <role>
  <roleTerm type="text">cosponsor</roleTerm>
</role>
 <description>United States Congress Member</description>
</name>
<name type="personal">
 <namePart>A. Donald McEachin</namePart>
 <affiliation>United States House of Representatives</affiliation>
 <role>
  <roleTerm type="text">cosponsor</roleTerm>
</role>
 <description>United States Congress Member</description>
</name>
<name type="personal">
 <namePart>Nikema Williams</namePart>
 <affiliation>United States House of Representatives</affiliation>
 <role>
  <roleTerm type="text">cosponsor</roleTerm>
</role>
 <description>United States Congress Member</description>
</name>
<name type="personal">
 <namePart>Ritchie Torres</namePart>
 <affiliation>United States House of Representatives</affiliation>
 <role>
  <roleTerm type="text">cosponsor</roleTerm>
</role>
 <description>United States Congress Member</description>
</name>
<name type="personal">
 <namePart>Mark DeSaulnier</namePart>
 <affiliation>United States House of Representatives</affiliation>
 <role>
  <roleTerm type="text">cosponsor</roleTerm>
</role>
 <description>United States Congress Member</description>
</name>
<name type="personal">
 <namePart>Earl Blumenauer</namePart>
 <affiliation>United States House of Representatives</affiliation>
 <role>
  <roleTerm type="text">cosponsor</roleTerm>
</role>
 <description>United States Congress Member</description>
</name>
<name type="personal">
 <namePart>Jamaal Bowman</namePart>
 <affiliation>United States House of Representatives</affiliation>
 <role>
  <roleTerm type="text">cosponsor</roleTerm>
</role>
 <description>United States Congress Member</description>
</name>
<name type="personal">
 <namePart>Adriano Espaillat</namePart>
 <affiliation>United States House of Representatives</affiliation>
 <role>
  <roleTerm type="text">cosponsor</roleTerm>
</role>
 <description>United States Congress Member</description>
</name>
<name type="corporate">
 <namePart>United States</namePart>
 <namePart>Congress</namePart>
 <namePart>House of Representatives</namePart>
 <namePart>Committee on the Judiciary</namePart>
 <role>
  <roleTerm authority="marcrelator" type="text">associated name</roleTerm>
  <roleTerm authority="marcrelator" type="code">asn</roleTerm>
</role>
</name>
<extension>
 <docClass>hres</docClass>
 <accessId>BILLS-117hres26ih</accessId>
 <congress>117</congress>
 <session>1</session>
 <originChamber>HOUSE</originChamber>
 <currentChamber>HOUSE</currentChamber>
 <billNumber>26</billNumber>
 <billVersion reprint="false">ih</billVersion>
 <fileSuffix>ih</fileSuffix>
 <officialTitle>Impeaching Donald John Trump, President of the United States, for high crimes and misdemeanors.</officialTitle>
 <action date="2021-01-11">Ms. Jackson Lee (for herself, Mrs. Beatty, Ms. Clarke of New York, Mr. Thompson of Mississippi, Ms. Lee of California, Ms. Waters, Mr. Johnson of Georgia, Mrs. Hayes, Mr. Horsford, Mr. Green of Texas, Mrs. Watson Coleman, Ms. Norton, Ms. Omar, Mr. Carson, Mr. Rush, Mr. Lawson of Florida, Mrs. Lawrence, Ms. Wilson of Florida, Mr. Veasey, Mr. Payne, Mr. Danny K. Davis of Illinois, Ms. Bush, Mr. Cohen, Mr. Cárdenas, Mr. Pocan, Ms. Tlaib, Ms. Velázquez, Mr. McEachin, Ms. Williams of Georgia, Mr. Torres of New York, Mr. DeSaulnier, Mr. Blumenauer, Mr. Bowman, and Mr. Espaillat) submitted the following resolution; which was referred to the Committee on the Judiciary</action>
 <congCommittee authorityId="hsju00" chamber="H" congress="117" type="S">
                      <name type="authority-standard">Committee on the Judiciary</name>
                      <name type="authority-short">Judiciary</name>
                </congCommittee>
 <congMember authorityId="588" bioGuideId="J000032" chamber="H" congress="117" gpoId="8174" party="D" role="SPONSOR" state="TX">
                      <name type="parsed">Ms. Jackson Lee</name>
                      <name type="authority-fnf">Sheila Jackson Lee</name>
                      <name type="authority-lnf">Jackson Lee, Sheila</name>
                </congMember>
 <congMember authorityId="2153" bioGuideId="B001281" chamber="H" congress="117" party="D" role="COSPONSOR" state="OH">
                      <name type="parsed">Mrs. Beatty</name>
                      <name type="authority-fnf">Joyce Beatty</name>
                      <name type="authority-lnf">Beatty, Joyce</name>
                </congMember>
 <congMember authorityId="1864" bioGuideId="C001067" chamber="H" congress="117" gpoId="8072" party="D" role="COSPONSOR" state="NY">
                      <name type="parsed">Ms. Clarke of New York</name>
                      <name type="authority-fnf">Yvette D. Clarke</name>
                      <name type="authority-lnf">Clarke, Yvette D.</name>
                      <name type="authority-other">Ms. Yvette Clarke</name>
                </congMember>
 <congMember authorityId="1151" bioGuideId="T000193" chamber="H" congress="117" gpoId="8020" party="D" role="COSPONSOR" state="MS">
                      <name type="parsed">Mr. Thompson of Mississippi</name>
                      <name type="authority-fnf">Bennie G. Thompson</name>
                      <name type="authority-lnf">Thompson, Bennie G.</name>
                      <name type="authority-other">Bennie Thompson</name>
                </congMember>
 <congMember authorityId="1501" bioGuideId="L000551" chamber="H" congress="117" gpoId="7814" party="D" role="COSPONSOR" state="CA">
                      <name type="parsed">Ms. Lee of California</name>
                      <name type="authority-fnf">Barbara Lee</name>
                      <name type="authority-lnf">Lee, Barbara</name>
                </congMember>
 <congMember authorityId="1205" bioGuideId="W000187" chamber="H" congress="117" gpoId="7840" party="D" role="COSPONSOR" state="CA">
                      <name type="parsed">Ms. Waters</name>
                      <name type="authority-fnf">Maxine Waters</name>
                      <name type="authority-lnf">Waters, Maxine</name>
                </congMember>
 <congMember authorityId="1843" bioGuideId="J000288" chamber="H" congress="117" gpoId="7901" party="D" role="COSPONSOR" state="GA">
                      <name type="parsed">Mr. Johnson of Georgia</name>
                      <name type="authority-fnf">Henry C. &quot;Hank&quot; Johnson, Jr.</name>
                      <name type="authority-lnf">Johnson, Henry C. &quot;Hank,&quot; Jr.</name>
                      <name type="authority-other">Mr. Henry Johnson Jr.</name>
                </congMember>
 <congMember authorityId="2386" bioGuideId="H001081" chamber="H" congress="117" party="D" role="COSPONSOR" state="CT">
                      <name type="parsed">Mrs. Hayes</name>
                      <name type="authority-fnf">Jahana Hayes</name>
                      <name type="authority-lnf">Hayes, Jahana</name>
                </congMember>
 <congMember authorityId="2147" bioGuideId="H001066" chamber="H" congress="117" party="D" role="COSPONSOR" state="NV">
                      <name type="parsed">Mr. Horsford</name>
                      <name type="authority-fnf">Steven Horsford</name>
                      <name type="authority-lnf">Horsford, Steven</name>
                </congMember>
 <congMember authorityId="1803" bioGuideId="G000553" chamber="H" congress="117" gpoId="8165" party="D" role="COSPONSOR" state="TX">
                      <name type="parsed">Mr. Green of Texas</name>
                      <name type="authority-fnf">Al Green</name>
                      <name type="authority-lnf">Green, Al</name>
                </congMember>
 <congMember authorityId="2259" bioGuideId="W000822" chamber="H" congress="117" party="D" role="COSPONSOR" state="NJ">
                      <name type="parsed">Mrs. Watson Coleman</name>
                      <name type="authority-fnf">Bonnie Watson Coleman</name>
                      <name type="authority-lnf">Watson Coleman, Bonnie</name>
                </congMember>
 <congMember authorityId="868" bioGuideId="N000147" chamber="H" congress="117" gpoId="7871" party="D" role="COSPONSOR" state="DC">
                      <name type="parsed">Ms. Norton</name>
                      <name type="authority-fnf">Eleanor Holmes Norton</name>
                      <name type="authority-lnf">Norton, Eleanor Holmes</name>
                      <name type="authority-other">Eleanor Norton</name>
                </congMember>
 <congMember authorityId="2414" bioGuideId="O000173" chamber="H" congress="117" party="D" role="COSPONSOR" state="MN">
                      <name type="parsed">Ms. Omar</name>
                      <name type="authority-fnf">Ilhan Omar</name>
                      <name type="authority-lnf">Omar, Ilhan</name>
                </congMember>
 <congMember authorityId="1889" bioGuideId="C001072" chamber="H" congress="117" gpoId="7946" party="D" role="COSPONSOR" state="IN">
                      <name type="parsed">Mr. Carson</name>
                      <name type="authority-fnf">Andre Carson</name>
                      <name type="authority-lnf">Carson, Andre</name>
                </congMember>
 <congMember authorityId="1003" bioGuideId="R000515" chamber="H" congress="117" gpoId="7921" party="D" role="COSPONSOR" state="IL">
                      <name type="parsed">Mr. Rush</name>
                      <name type="authority-fnf">Bobby L. Rush</name>
                      <name type="authority-lnf">Rush, Bobby L.</name>
                      <name type="authority-other">Bobby Rush</name>
                </congMember>
 <congMember authorityId="2317" bioGuideId="L000586" chamber="H" congress="117" party="D" role="COSPONSOR" state="FL">
                      <name type="parsed">Mr. Lawson of Florida</name>
                      <name type="authority-fnf">Al Lawson, Jr.</name>
                      <name type="authority-lnf">Lawson, Al, Jr.</name>
                      <name type="authority-other">Mr. Al Lawson Jr.</name>
                </congMember>
 <congMember authorityId="2252" bioGuideId="L000581" chamber="H" congress="117" party="D" role="COSPONSOR" state="MI">
                      <name type="parsed">Mrs. Lawrence</name>
                      <name type="authority-fnf">Brenda L. Lawrence</name>
                      <name type="authority-lnf">Lawrence, Brenda L.</name>
                      <name type="authority-other">Mrs. Brenda Lawrence</name>
                </congMember>
 <congMember authorityId="2004" bioGuideId="W000808" chamber="H" congress="117" gpoId="7889" party="D" role="COSPONSOR" state="FL">
                      <name type="parsed">Ms. Wilson of Florida</name>
                      <name type="authority-fnf">Frederica S. Wilson</name>
                      <name type="authority-lnf">Wilson, Frederica S.</name>
                      <name type="authority-other">Frederica Wilson</name>
                </congMember>
 <congMember authorityId="2166" bioGuideId="V000131" chamber="H" congress="117" party="D" role="COSPONSOR" state="TX">
                      <name type="parsed">Mr. Veasey</name>
                      <name type="authority-fnf">Marc A. Veasey</name>
                      <name type="authority-lnf">Veasey, Marc A.</name>
                      <name type="authority-other">Mr. Marc Veasey</name>
                </congMember>
 <congMember authorityId="2097" bioGuideId="P000604" chamber="H" congress="117" gpoId="8373" party="D" role="COSPONSOR" state="NJ">
                      <name type="parsed">Mr. Payne</name>
                      <name type="authority-fnf">Donald M. Payne, Jr.</name>
                      <name type="authority-lnf">Payne, Donald M., Jr.</name>
                      <name type="authority-other">Mr. Donald Payne Jr.</name>
                </congMember>
 <congMember authorityId="1477" bioGuideId="D000096" chamber="H" congress="117" gpoId="7927" party="D" role="COSPONSOR" state="IL">
                      <name type="parsed">Mr. Danny K. Davis of Illinois</name>
                      <name type="authority-fnf">Danny K. Davis</name>
                      <name type="authority-lnf">Davis, Danny K.</name>
                      <name type="authority-other">Danny Davis</name>
                </congMember>
 <congMember authorityId="2514" bioGuideId="B001224" chamber="H" congress="117" party="D" role="COSPONSOR" state="MO">
                      <name type="parsed">Ms. Bush</name>
                      <name type="authority-fnf">Cori Bush</name>
                      <name type="authority-lnf">Bush, Cori</name>
                </congMember>
 <congMember authorityId="1878" bioGuideId="C001068" chamber="H" congress="117" gpoId="8156" party="D" role="COSPONSOR" state="TN">
                      <name type="parsed">Mr. Cohen</name>
                      <name type="authority-fnf">Steve Cohen</name>
                      <name type="authority-lnf">Cohen, Steve</name>
                </congMember>
 <congMember authorityId="2107" bioGuideId="C001097" chamber="H" congress="117" party="D" role="COSPONSOR" state="CA">
                      <name type="parsed">Mr. Cárdenas</name>
                      <name type="authority-fnf">Tony Cardenas</name>
                      <name type="authority-lnf">Cardenas, Tony</name>
                </congMember>
 <congMember authorityId="2171" bioGuideId="P000607" chamber="H" congress="117" party="D" role="COSPONSOR" state="WI">
                      <name type="parsed">Mr. Pocan</name>
                      <name type="authority-fnf">Mark Pocan</name>
                      <name type="authority-lnf">Pocan, Mark</name>
                </congMember>
 <congMember authorityId="2410" bioGuideId="T000481" chamber="H" congress="117" party="D" role="COSPONSOR" state="MI">
                      <name type="parsed">Ms. Tlaib</name>
                      <name type="authority-fnf">Rashida Tlaib</name>
                      <name type="authority-lnf">Tlaib, Rashida</name>
                </congMember>
 <congMember authorityId="1184" bioGuideId="V000081" chamber="H" congress="117" gpoId="8073" party="D" role="COSPONSOR" state="NY">
                      <name type="parsed">Ms. Velázquez</name>
                      <name type="authority-fnf">Nydia M. Velazquez</name>
                      <name type="authority-lnf">Velazquez, Nydia M.</name>
                      <name type="authority-other">Nydia Velazquez</name>
                </congMember>
 <congMember authorityId="2352" bioGuideId="M001200" chamber="H" congress="117" party="D" role="COSPONSOR" state="VA">
                      <name type="parsed">Mr. McEachin</name>
                      <name type="authority-fnf">A. Donald McEachin</name>
                      <name type="authority-lnf">McEachin, A. Donald</name>
                </congMember>
 <congMember authorityId="2496" bioGuideId="W000788" chamber="H" congress="117" party="D" role="COSPONSOR" state="GA">
                      <name type="parsed">Ms. Williams of Georgia</name>
                      <name type="authority-fnf">Nikema Williams</name>
                      <name type="authority-lnf">Williams, Nikema</name>
                </congMember>
 <congMember authorityId="2523" bioGuideId="T000486" chamber="H" congress="117" party="D" role="COSPONSOR" state="NY">
                      <name type="parsed">Mr. Torres of New York</name>
                      <name type="authority-fnf">Ritchie Torres</name>
                      <name type="authority-lnf">Torres, Ritchie</name>
                </congMember>
 <congMember authorityId="2227" bioGuideId="D000623" chamber="H" congress="117" party="D" role="COSPONSOR" state="CA">
                      <name type="parsed">Mr. DeSaulnier</name>
                      <name type="authority-fnf">Mark DeSaulnier</name>
                      <name type="authority-lnf">DeSaulnier, Mark</name>
                </congMember>
 <congMember authorityId="99" bioGuideId="B000574" chamber="H" congress="117" gpoId="8116" party="D" role="COSPONSOR" state="OR">
                      <name type="parsed">Mr. Blumenauer</name>
                      <name type="authority-fnf">Earl Blumenauer</name>
                      <name type="authority-lnf">Blumenauer, Earl</name>
                </congMember>
 <congMember authorityId="2524" bioGuideId="B001223" chamber="H" congress="117" party="D" role="COSPONSOR" state="NY">
                      <name type="parsed">Mr. Bowman</name>
                      <name type="authority-fnf">Jamaal Bowman</name>
                      <name type="authority-lnf">Bowman, Jamaal</name>
                </congMember>
 <congMember authorityId="2342" bioGuideId="E000297" chamber="H" congress="117" party="D" role="COSPONSOR" state="NY">
                      <name type="parsed">Mr. Espaillat</name>
                      <name type="authority-fnf">Adriano Espaillat</name>
                      <name type="authority-lnf">Espaillat, Adriano</name>
                </congMember>
 <isPrivate>false</isPrivate>
 <isAppropriation>false</isAppropriation>
</extension>
</mods>