<?xml version="1.0" encoding="utf-8" standalone="no"?>
<billStatus>
  <bill>
    <billNumber>70</billNumber>
    <createDate>2021-02-24T05:57:12Z</createDate>
    <updateDate>2022-03-04T01:26:41Z</updateDate>
    <originChamber>Senate</originChamber>
    <billType>SRES</billType>
    <introducedDate>2021-02-23</introducedDate>
    <congress>117</congress>
    <recordedVotes/>
    <committees>
      <billCommittees>
        <item>
          <systemCode>ssra00</systemCode>
          <name>Rules and Administration Committee</name>
          <chamber>Senate</chamber>
          <type>Standing</type>
          <subcommittees/>
          <activities>
            <item>
              <name>Reported original measure</name>
              <date>2021-02-23T16:21:12Z</date>
            </item>
          </activities>
        </item>
      </billCommittees>
    </committees>
    <committeeReports/>
    <relatedBills>
      <item>
        <latestTitle>An original resolution authorizing expenditures by the Committee on Homeland Security and Governmental Affairs.</latestTitle>
        <congress>117</congress>
        <number>48</number>
        <type>SRES</type>
        <latestAction>
          <actionDate>2021-02-12</actionDate>
          <text>Referred to the Committee on Rules and Administration. (text: CR S710-711)</text>
        </latestAction>
        <relationshipDetails>
          <item>
            <type>Related bill</type>
            <identifiedBy>CRS</identifiedBy>
          </item>
        </relationshipDetails>
      </item>
      <item>
        <latestTitle>An original resolution authorizing expenditures by the Committee on Environment and Public Works.</latestTitle>
        <congress>117</congress>
        <number>49</number>
        <type>SRES</type>
        <latestAction>
          <actionDate>2021-02-12</actionDate>
          <text>Referred to the Committee on Rules and Administration. (text: CR S711-712)</text>
        </latestAction>
        <relationshipDetails>
          <item>
            <type>Related bill</type>
            <identifiedBy>CRS</identifiedBy>
          </item>
        </relationshipDetails>
      </item>
      <item>
        <latestTitle>An original resolution authorizing expenditures by the Committee on Armed Services.</latestTitle>
        <congress>117</congress>
        <number>50</number>
        <type>SRES</type>
        <latestAction>
          <actionDate>2021-02-12</actionDate>
          <text>Referred to the Committee on Rules and Administration. (text: CR S712)</text>
        </latestAction>
        <relationshipDetails>
          <item>
            <type>Related bill</type>
            <identifiedBy>CRS</identifiedBy>
          </item>
        </relationshipDetails>
      </item>
      <item>
        <latestTitle>An original resolution authorizing expenditures by the Committee on Banking, Housing, and Urban Affairs.</latestTitle>
        <congress>117</congress>
        <number>51</number>
        <type>SRES</type>
        <latestAction>
          <actionDate>2021-02-12</actionDate>
          <text>Referred to the Committee on Rules and Administration. (text: CR S712-713)</text>
        </latestAction>
        <relationshipDetails>
          <item>
            <type>Related bill</type>
            <identifiedBy>CRS</identifiedBy>
          </item>
        </relationshipDetails>
      </item>
      <item>
        <latestTitle>An original resolution authorizing expenditures by the Committee on Agriculture, Nutrition, and Forestry.</latestTitle>
        <congress>117</congress>
        <number>52</number>
        <type>SRES</type>
        <latestAction>
          <actionDate>2021-02-12</actionDate>
          <text>Referred to the Committee on Rules and Administration. (text: CR S713)</text>
        </latestAction>
        <relationshipDetails>
          <item>
            <type>Related bill</type>
            <identifiedBy>CRS</identifiedBy>
          </item>
        </relationshipDetails>
      </item>
      <item>
        <latestTitle>An original resolution authorizing expenditures by the Committee on Indian Affairs.</latestTitle>
        <congress>117</congress>
        <number>54</number>
        <type>SRES</type>
        <latestAction>
          <actionDate>2021-02-12</actionDate>
          <text>Referred to the Committee on Rules and Administration. (text: CR S714)</text>
        </latestAction>
        <relationshipDetails>
          <item>
            <type>Related bill</type>
            <identifiedBy>CRS</identifiedBy>
          </item>
        </relationshipDetails>
      </item>
      <item>
        <latestTitle>An original resolution authorizing expenditures by the Committee on Health, Education, Labor, and Pensions.</latestTitle>
        <congress>117</congress>
        <number>55</number>
        <type>SRES</type>
        <latestAction>
          <actionDate>2021-02-12</actionDate>
          <text>Referred to the Committee on Rules and Administration. (text: CR S714)</text>
        </latestAction>
        <relationshipDetails>
          <item>
            <type>Related bill</type>
            <identifiedBy>CRS</identifiedBy>
          </item>
        </relationshipDetails>
      </item>
      <item>
        <latestTitle>An original resolution authorizing expenditures by the Committee on Commerce, Science, and Transportation.</latestTitle>
        <congress>117</congress>
        <number>56</number>
        <type>SRES</type>
        <latestAction>
          <actionDate>2021-02-12</actionDate>
          <text>Referred to the Committee on Rules and Administration. (text: CR S715)</text>
        </latestAction>
        <relationshipDetails>
          <item>
            <type>Related bill</type>
            <identifiedBy>CRS</identifiedBy>
          </item>
        </relationshipDetails>
      </item>
      <item>
        <latestTitle>An original resolution authorizing expenditures by the Committee on Small Business and Entrepreneurship.</latestTitle>
        <congress>117</congress>
        <number>58</number>
        <type>SRES</type>
        <latestAction>
          <actionDate>2021-02-13</actionDate>
          <text>Referred to the Committee on Rules and Administration. (text: CR S743-744)</text>
        </latestAction>
        <relationshipDetails>
          <item>
            <type>Related bill</type>
            <identifiedBy>CRS</identifiedBy>
          </item>
        </relationshipDetails>
      </item>
      <item>
        <latestTitle>An original resolution authorizing expenditures by the Committee on Veterans' Affairs.</latestTitle>
        <congress>117</congress>
        <number>59</number>
        <type>SRES</type>
        <latestAction>
          <actionDate>2021-02-13</actionDate>
          <text>Referred to the Committee on Rules and Administration. (text: CR S744)</text>
        </latestAction>
        <relationshipDetails>
          <item>
            <type>Related bill</type>
            <identifiedBy>CRS</identifiedBy>
          </item>
        </relationshipDetails>
      </item>
      <item>
        <latestTitle>An original resolution authorizing expenditures by the Committee on Energy and Natural Resources.</latestTitle>
        <congress>117</congress>
        <number>60</number>
        <type>SRES</type>
        <latestAction>
          <actionDate>2021-02-13</actionDate>
          <text>Referred to the Committee on Rules and Administration. (text: CR S744-745)</text>
        </latestAction>
        <relationshipDetails>
          <item>
            <type>Related bill</type>
            <identifiedBy>CRS</identifiedBy>
          </item>
        </relationshipDetails>
      </item>
      <item>
        <latestTitle>An original resolution authorizing expenditures by the Committee on Foreign Relations.</latestTitle>
        <congress>117</congress>
        <number>64</number>
        <type>SRES</type>
        <latestAction>
          <actionDate>2021-02-22</actionDate>
          <text>Referred to the Committee on Rules and Administration. (text: CR S772)</text>
        </latestAction>
        <relationshipDetails>
          <item>
            <type>Related bill</type>
            <identifiedBy>CRS</identifiedBy>
          </item>
        </relationshipDetails>
      </item>
      <item>
        <latestTitle>An original resolution authorizing expenditures by the Special Committee on Aging.</latestTitle>
        <congress>117</congress>
        <number>65</number>
        <type>SRES</type>
        <latestAction>
          <actionDate>2021-02-22</actionDate>
          <text>Referred to the Committee on Rules and Administration. (text: CR S772-773)</text>
        </latestAction>
        <relationshipDetails>
          <item>
            <type>Related bill</type>
            <identifiedBy>CRS</identifiedBy>
          </item>
        </relationshipDetails>
      </item>
      <item>
        <latestTitle>An original resolution authorizing expenditures by the Committee on the Budget.</latestTitle>
        <congress>117</congress>
        <number>66</number>
        <type>SRES</type>
        <latestAction>
          <actionDate>2021-02-22</actionDate>
          <text>Referred to the Committee on Rules and Administration. (text: CR S773)</text>
        </latestAction>
        <relationshipDetails>
          <item>
            <type>Related bill</type>
            <identifiedBy>CRS</identifiedBy>
          </item>
        </relationshipDetails>
      </item>
      <item>
        <latestTitle>An original resolution authorizing expenditures by the Committee on the Judiciary.</latestTitle>
        <congress>117</congress>
        <number>69</number>
        <type>SRES</type>
        <latestAction>
          <actionDate>2021-02-22</actionDate>
          <text>Referred to the Committee on Rules and Administration. (text: CR S774-775)</text>
        </latestAction>
        <relationshipDetails>
          <item>
            <type>Related bill</type>
            <identifiedBy>CRS</identifiedBy>
          </item>
        </relationshipDetails>
      </item>
    </relatedBills>
    <actions>
      <item>
        <actionDate>2021-02-24</actionDate>
        <committees/>
        <links/>
        <sourceSystem>
          <code>0</code>
          <name>Senate</name>
        </sourceSystem>
        <text>Resolution agreed to in Senate without amendment by Unanimous Consent. (consideration: CR S868; text: 2/23/2021 CR S825-830)</text>
        <type>Floor</type>
      </item>
      <item>
        <actionDate>2021-02-24</actionDate>
        <links/>
        <text>Passed/agreed to in Senate: Resolution agreed to in Senate without amendment by Unanimous Consent.(consideration: CR S868; text: CR 2/23/2021 S825-830)</text>
        <type>Floor</type>
        <actionCode>17000</actionCode>
        <sourceSystem>
          <code>9</code>
          <name>Library of Congress</name>
        </sourceSystem>
        <committees/>
      </item>
      <item>
        <actionDate>2021-02-23</actionDate>
        <committees/>
        <links/>
        <sourceSystem>
          <code>0</code>
          <name>Senate</name>
        </sourceSystem>
        <text>Placed on Senate Legislative Calendar under General Orders. Calendar No. 6.</text>
        <type>Calendars</type>
      </item>
      <item>
        <actionDate>2021-02-23</actionDate>
        <committees>
          <item>
            <systemCode>ssra00</systemCode>
            <name>Rules and Administration Committee</name>
          </item>
        </committees>
        <links/>
        <sourceSystem>
          <code>0</code>
          <name>Senate</name>
        </sourceSystem>
        <text>Committee on Rules and Administration. Original measure reported to Senate by Senator Klobuchar. Without written report.</text>
        <type>Committee</type>
      </item>
      <item>
        <actionDate>2021-02-23</actionDate>
        <links/>
        <text>Committee on Rules and Administration. Original measure reported to Senate by Senator Klobuchar. Without written report.</text>
        <type>Committee</type>
        <actionCode>14000</actionCode>
        <sourceSystem>
          <code>9</code>
          <name>Library of Congress</name>
        </sourceSystem>
        <committees>
          <item>
            <systemCode>ssra00</systemCode>
            <name>Rules and Administration Committee</name>
          </item>
        </committees>
      </item>
      <item>
        <actionDate>2021-02-23</actionDate>
        <links/>
        <text>Introduced in Senate</text>
        <type>IntroReferral</type>
        <actionCode>10000</actionCode>
        <sourceSystem>
          <code>9</code>
          <name>Library of Congress</name>
        </sourceSystem>
        <committees/>
      </item>
      <actionTypeCounts>
        <agreedToInSenate>1</agreedToInSenate>
        <passedAgreedToInSenate>1</passedAgreedToInSenate>
        <placedOnCalendarGeneralOrders>1</placedOnCalendarGeneralOrders>
        <originalBillReported>1</originalBillReported>
        <reportedToSenate>1</reportedToSenate>
        <introducedInSenate>1</introducedInSenate>
      </actionTypeCounts>
      <actionByCounts>
        <senate>6</senate>
      </actionByCounts>
    </actions>
    <sponsors>
      <item>
        <bioguideId>K000367</bioguideId>
        <fullName>Sen. Klobuchar, Amy [D-MN]</fullName>
        <firstName>Amy</firstName>
        <middleName/>
        <lastName>Klobuchar</lastName>
        <party>D</party>
        <state>MN</state>
        <identifiers>
          <lisID>1826</lisID>
          <bioguideId>K000367</bioguideId>
          <gpoId>8249</gpoId>
        </identifiers>
        <byRequestType/>
      </item>
    </sponsors>
    <cosponsors/>
    <cboCostEstimates/>
    <laws/>
    <notes/>
    <policyArea>
      <name>Congress</name>
    </policyArea>
    <subjects>
      <billSubjects>
        <legislativeSubjects>
          <item>
            <name>Congressional committees</name>
          </item>
          <item>
            <name>Senate Committee on Agriculture, Nutrition, and Forestry</name>
          </item>
          <item>
            <name>Senate Committee on Armed Services</name>
          </item>
          <item>
            <name>Senate Committee on Banking, Housing, and Urban Affairs</name>
          </item>
          <item>
            <name>Senate Committee on Commerce, Science, and Transportation</name>
          </item>
          <item>
            <name>Senate Committee on Energy and Natural Resources</name>
          </item>
          <item>
            <name>Senate Committee on Environment and Public Works</name>
          </item>
          <item>
            <name>Senate Committee on Finance</name>
          </item>
          <item>
            <name>Senate Committee on Foreign Relations</name>
          </item>
          <item>
            <name>Senate Committee on Health, Education, Labor, and Pensions</name>
          </item>
          <item>
            <name>Senate Committee on Homeland Security and Governmental Affairs</name>
          </item>
          <item>
            <name>Senate Committee on Indian Affairs</name>
          </item>
          <item>
            <name>Senate Committee on Rules and Administration</name>
          </item>
          <item>
            <name>Senate Committee on Small Business and Entrepreneurship</name>
          </item>
          <item>
            <name>Senate Committee on Veterans' Affairs</name>
          </item>
          <item>
            <name>Senate Committee on the Budget</name>
          </item>
          <item>
            <name>Senate Committee on the Judiciary</name>
          </item>
          <item>
            <name>Senate Select Committee on Intelligence</name>
          </item>
          <item>
            <name>Senate Special Committee on Aging</name>
          </item>
        </legislativeSubjects>
        <policyArea>
          <name>Congress</name>
        </policyArea>
      </billSubjects>
    </subjects>
    <summaries>
      <billSummaries>
        <item>
          <versionCode>00</versionCode>
          <actionDate>2021-02-23</actionDate>
          <actionDesc>Introduced in Senate</actionDesc>
          <lastSummaryUpdateDate>2021-03-11T17:22:29Z</lastSummaryUpdateDate>
          <text>
            <![CDATA[ <p>This resolution authorizes certain Senate committees to make specified expenditures and employ personnel for the 117th Congress, and it establishes a special reserve to be available to the committees on an as-needed basis to meet unpaid obligations.</p>]]>
          </text>
          <updateDate>2021-02-23T05:00:00Z</updateDate>
          <name>Introduced in Senate</name>
        </item>
        <item>
          <versionCode>25</versionCode>
          <actionDate>2021-02-23</actionDate>
          <actionDesc>Reported to Senate</actionDesc>
          <lastSummaryUpdateDate>2021-03-16T13:27:07Z</lastSummaryUpdateDate>
          <text>
            <![CDATA[ <p>This resolution authorizes certain Senate committees to make specified expenditures and employ personnel for the 117th Congress, and it establishes a special reserve to be available to the committees on an as-needed basis to meet unpaid obligations.</p>]]>
          </text>
          <updateDate>2021-02-23T13:44:50Z</updateDate>
          <name>Reported to Senate</name>
        </item>
        <item>
          <versionCode>55</versionCode>
          <actionDate>2021-02-24</actionDate>
          <actionDesc>Passed Senate</actionDesc>
          <lastSummaryUpdateDate>2021-03-16T13:34:42Z</lastSummaryUpdateDate>
          <text>
            <![CDATA[ <p>This resolution authorizes certain Senate committees to make specified expenditures and employ personnel for the 117th Congress, and it establishes a special reserve to be available to the committees on an as-needed basis to meet unpaid obligations.</p>]]>
          </text>
          <updateDate>2021-02-24T14:47:38Z</updateDate>
          <name>Passed Senate</name>
        </item>
      </billSummaries>
    </summaries>
    <title>An original resolution authorizing expenditures by committees of the Senate for the periods March 1, 2021 through September 30, 2021, October 1, 2021 through September 30, 2022, and October 1, 2022 through February 28, 2023.</title>
    <titles>
      <item>
        <titleType>Official Title as Introduced</titleType>
        <parentTitleType/>
        <title>An original resolution authorizing expenditures by committees of the Senate for the periods March 1, 2021 through September 30, 2021, October 1, 2021 through September 30, 2022, and October 1, 2022 through February 28, 2023.</title>
        <chamberCode/>
        <chamberName/>
      </item>
      <item>
        <titleType>Display Title</titleType>
        <parentTitleType/>
        <title>An original resolution authorizing expenditures by committees of the Senate for the periods March 1, 2021 through September 30, 2021, October 1, 2021 through September 30, 2022, and October 1, 2022 through February 28, 2023.</title>
        <chamberCode/>
        <chamberName/>
      </item>
    </titles>
    <amendments/>
    <textVersions>
      <item>
        <type>Agreed to Senate</type>
        <date>2021-02-24T05:00:00Z</date>
        <formats>
          <item>
            <url>https://www.govinfo.gov/content/pkg/BILLS-117sres70ats/xml/BILLS-117sres70ats.xml</url>
          </item>
        </formats>
      </item>
      <item>
        <type>Placed on Calendar Senate</type>
        <date>2021-02-23T05:00:00Z</date>
        <formats>
          <item>
            <url>https://www.govinfo.gov/content/pkg/BILLS-117sres70pcs/xml/BILLS-117sres70pcs.xml</url>
          </item>
        </formats>
      </item>
    </textVersions>
    <latestAction>
      <actionDate>2021-02-24</actionDate>
      <text>Resolution agreed to in Senate without amendment by Unanimous Consent. (consideration: CR S868; text: 2/23/2021 CR S825-830)</text>
      <links/>
    </latestAction>
    <calendarNumbers>
      <item>
        <calendar>Senate Calendar of Business</calendar>
        <number>0006</number>
      </item>
    </calendarNumbers>
    <version>1.0.0</version>
  </bill>
  <dublinCore xmlns:dc="http://purl.org/dc/elements/1.1/">
    <dc:format>text/xml</dc:format>
    <dc:language>EN</dc:language>
    <dc:rights>Pursuant to Title 17 Section 105 of the United States Code, this file is not subject to copyright protection and is in the public domain.</dc:rights>
    <dc:contributor>Congressional Research Service, Library of Congress</dc:contributor>
    <dc:description>This file contains bill summaries and statuses for federal legislation. A bill summary describes the most significant provisions of a piece of legislation and details the effects the legislative text may have on current law and federal programs. Bill summaries are authored by the Congressional Research Service (CRS) of the Library of Congress. As stated in Public Law 91-510 (2 USC 166 (d)(6)), one of the duties of CRS is "to prepare summaries and digests of bills and resolutions of a public general nature introduced in the Senate or House of Representatives". For more information, refer to the User Guide that accompanies this file.</dc:description>
  </dublinCore>
</billStatus>
