<?xml version="1.0"?>
<?xml-stylesheet type="text/xsl" href="billres.xsl"?>
<!DOCTYPE resolution PUBLIC "-//US Congress//DTDs/res.dtd//EN" "res.dtd">
<resolution resolution-stage="Introduced-in-House" dms-id="H62E1A57C7D4E4FB984A04F5CEB639431" public-private="public" resolution-type="house-resolution" star-print="no-star-print" key="H"><metadata xmlns:dc="http://purl.org/dc/elements/1.1/">
<dublinCore>
<dc:title>117 HRES 29 IH: Supporting the teaching of climate change in schools.</dc:title>
<dc:publisher>U.S. House of Representatives</dc:publisher>
<dc:date>2021-01-11</dc:date>
<dc:format>text/xml</dc:format>
<dc:language>EN</dc:language>
<dc:rights>Pursuant to Title 17 Section 105 of the United States Code, this file is not subject to copyright protection and is in the public domain.</dc:rights>
</dublinCore>
</metadata>
<form>
<distribution-code display="yes">IV</distribution-code><congress display="yes">117th CONGRESS</congress><session display="yes">1st Session</session><legis-num display="yes">H. RES. 29</legis-num><current-chamber>IN THE HOUSE OF REPRESENTATIVES</current-chamber><action display="yes"><action-date date="20210111">January 11, 2021</action-date><action-desc><sponsor name-id="L000551">Ms. Lee of California</sponsor> (for herself, <cosponsor name-id="M001160">Ms. Moore of Wisconsin</cosponsor>, <cosponsor name-id="C001078">Mr. Connolly</cosponsor>, <cosponsor name-id="L000592">Mr. Levin of Michigan</cosponsor>, <cosponsor name-id="S001145">Ms. Schakowsky</cosponsor>, <cosponsor name-id="K000389">Mr. Khanna</cosponsor>, <cosponsor name-id="P000613">Mr. Panetta</cosponsor>, <cosponsor name-id="T000193">Mr. Thompson of Mississippi</cosponsor>, <cosponsor name-id="J000298">Ms. Jayapal</cosponsor>, <cosponsor name-id="E000297">Mr. Espaillat</cosponsor>, <cosponsor name-id="N000147">Ms. Norton</cosponsor>, <cosponsor name-id="T000469">Mr. Tonko</cosponsor>, <cosponsor name-id="C001066">Ms. Castor of Florida</cosponsor>, <cosponsor name-id="H001081">Mrs. Hayes</cosponsor>, <cosponsor name-id="D000624">Mrs. Dingell</cosponsor>, <cosponsor name-id="L000579">Mr. Lowenthal</cosponsor>, <cosponsor name-id="R000486">Ms. Roybal-Allard</cosponsor>, <cosponsor name-id="M001188">Ms. Meng</cosponsor>, <cosponsor name-id="M001206">Mr. Morelle</cosponsor>, <cosponsor name-id="V000081">Ms. Velázquez</cosponsor>, <cosponsor name-id="C001061">Mr. Cleaver</cosponsor>, <cosponsor name-id="B000574">Mr. Blumenauer</cosponsor>, <cosponsor name-id="W000822">Mrs. Watson Coleman</cosponsor>, <cosponsor name-id="C001067">Ms. Clarke of New York</cosponsor>, <cosponsor name-id="H000324">Mr. Hastings</cosponsor>, <cosponsor name-id="S001165">Mr. Sires</cosponsor>, and <cosponsor name-id="H001038">Mr. Higgins of New York</cosponsor>) submitted the following resolution; which was referred to the <committee-name committee-id="HED00">Committee on Education and Labor</committee-name></action-desc></action><legis-type>RESOLUTION</legis-type><official-title display="yes">Supporting the teaching of climate change in schools.</official-title></form><preamble><whereas><text>Whereas more than 80 percent of parents in the United States support the teaching of climate change;</text></whereas><whereas><text>Whereas 86 percent of teachers in the United States feel that climate change should be taught in schools;</text></whereas><whereas><text>Whereas 17 percent of teachers say they either do not have materials to teach climate change or they do not know enough about the subject to teach it;</text></whereas><whereas><text>Whereas climate change is not a partisan or political issue;</text></whereas><whereas><text>Whereas there is a broad consensus among climate scientists that the human activities contributing to increases in greenhouse gas emissions are the dominant cause of climate change;</text></whereas><whereas><text>Whereas, to meaningfully act upon our changing climate and changed world, young people need education about its causes, consequences, anticipated future impacts, and possible solutions;</text></whereas><whereas><text>Whereas climate change is a social justice, racial justice, and human rights issue;</text></whereas><whereas><text>Whereas, according to the National Center for Science Education, 37 States and the District of Columbia recognize human-caused climate change in their science education standards;</text></whereas><whereas><text>Whereas the National Science Teaching Association, the National Association of Geoscience Teachers, the National Association of Biology Teachers, and other professional organizations have called for greater support for science educators in teaching climate science and climate change;</text></whereas><whereas><text>Whereas, in 2015, the California State PTA declared climate change a children’s issue;</text></whereas><whereas><text>Whereas, in 2019, the California Association of School Psychologists declared climate change a potential threat to the psychological and social development of children;</text></whereas><whereas><text>Whereas climate change is threatening students’ communities with intensifying natural disasters, increasing temperatures, rising sea levels, and other extreme weather threats;</text></whereas><whereas><text>Whereas climate change disproportionately affects students of color and students in poverty, thereby exacerbating existing inequalities and limiting equality of opportunity;</text></whereas><whereas><text>Whereas children represent a particularly vulnerable group because greenhouse gases emitted into the atmosphere will continue to accumulate over the coming decades and cause negative health outcomes;</text></whereas><whereas><text>Whereas children are more vulnerable to the effects of criteria air pollutants emitted during the burning of fossil fuels;</text></whereas><whereas><text>Whereas Americans must unify behind addressing climate change for the good of this generation and all subsequent generations;</text></whereas><whereas><text>Whereas school districts should explore district-wide sustainability initiatives to educate students and reduce their carbon footprint;</text></whereas><whereas><text>Whereas teaching climate change in schools will help students understand the human impact of climate change;</text></whereas><whereas><text>Whereas teaching climate change in schools will help students understand that life on Earth depends on, is shaped by, and affects our climate;</text></whereas><whereas><text>Whereas teaching climate change will help students develop energy literacy and may stimulate interest in STEM careers;</text></whereas><whereas><text>Whereas teaching climate change will have consequences for Earth, human lives, and ecosystems around the world;</text></whereas><whereas><text>Whereas when students engage in a climate change curriculum, they can develop a greater sense of efficacy with respect to their capacity to address critical social and environmental issues; and</text></whereas><whereas><text>Whereas the global impact of climate change and the urgency and magnitude of the challenge of addressing climate change will eventually fall on current students: Now, therefore, be it</text></whereas></preamble><resolution-body style="traditional" id="H0FB12EE060F84D81B429AD2B809BC73A"><section display-inline="yes-display-inline" section-type="undesignated-section" id="H417324F4503540E5A8C49BF63CF10B84"><enum/><text display-inline="yes-display-inline">That the House of Representatives— </text><paragraph id="H6E10D5B6915B4A3A899A649E0679D3B3"><enum>(1)</enum><text>supports teaching climate change in public and private schools at all grade levels; </text></paragraph><paragraph id="HFCEDBA22F36E46448D4374D8918BF5FC"><enum>(2)</enum><text>encourages the Federal Government, States, localities, nonprofit organizations, schools, and community organizations to teach climate change in appropriate programs and activities, with the goal of increasing public knowledge on the impacts that humans have on the climate; and</text></paragraph><paragraph id="HE3F4E11A6A7F46E4AAF3699B968302C4"><enum>(3)</enum><text>encourages school districts to provide robust resources to teachers and students so they can learn about climate change in a safe and open learning environment.</text></paragraph></section></resolution-body></resolution> 

