<mods xmlns:xlink="http://www.w3.org/1999/xlink" xmlns:xsi="http://www.w3.org/2001/XMLSchema-instance" xmlns="http://www.loc.gov/mods/v3" version="3.3" xsi:schemaLocation="http://www.loc.gov/mods/v3 http://www.loc.gov/standards/mods/v3/mods-3-3.xsd" ID="P0b002ee1aab3d3c0">
<name type="corporate">
 <namePart>United States Government Publishing Office</namePart>
 <role>
  <roleTerm authority="marcrelator" type="text">publisher</roleTerm>
  <roleTerm authority="marcrelator" type="code">pbl</roleTerm>
</role>
 <role>
  <roleTerm authority="marcrelator" type="text">distributor</roleTerm>
  <roleTerm authority="marcrelator" type="code">dst</roleTerm>
</role>
</name>
<name type="corporate">
 <namePart>United States</namePart>
 <namePart>Congress</namePart>
 <namePart>House of Representatives</namePart>
 <role>
  <roleTerm authority="marcrelator" type="text">author</roleTerm>
  <roleTerm authority="marcrelator" type="code">aut</roleTerm>
</role>
 <description>Government Organization</description>
</name>
<typeOfResource>text</typeOfResource>
<genre authority="marcgt">government publication</genre>
<language>
 <languageTerm type="code" authority="iso639-2b">eng</languageTerm>
</language>
<extension>
 <collectionCode>BILLS</collectionCode>
 <searchTitle>Proposing an amendment to the Constitution of the United States to limit the number of terms that a Member of Congress may serve.;H.J. Res. 12 (IH)
    </searchTitle>
 <category>Bills and Statutes</category>
 <waisDatabaseName>117_cong_bills</waisDatabaseName>
 <branch>legislative</branch>
 <dateIngested>2021-01-05</dateIngested>
</extension>
<titleInfo>
 <title>Proposing an amendment to the Constitution of the United States to limit the number of terms that a Member of Congress may serve.</title>
</titleInfo>
<titleInfo type="alternative">
 <title>H.J. Res. 12 (IH)
    </title>
</titleInfo>
<originInfo>
 <publisher>U.S. Government Publishing Office</publisher>
 <dateIssued encoding="w3cdtf">2021-01-04</dateIssued>
 <issuance>monographic</issuance>
</originInfo>
<physicalDescription>
 <note type="source content type">deposited</note>
 <digitalOrigin>born digital</digitalOrigin>
 <extent>2 p.</extent>
</physicalDescription>
<classification authority="sudocs">Y 1.6:</classification>
<classification authority="sudocs">Y 1.4/8:</classification>
<identifier type="local">P0b002ee1aab3d3c0</identifier>
<identifier type="uri">https://www.govinfo.gov/app/details/BILLS-117hjres12ih</identifier>
<identifier type="preferred citation">H.J. Res. 12</identifier>
<identifier type="stock number">021-610-00252-9</identifier>
<identifier type="Parent ILS system id">000501532</identifier>
<identifier type="Child ILS system id">000325570</identifier>
<identifier type="Parent ILS title">Congressional bills</identifier>
<identifier type="Child ILS title">House joint resolutions</identifier>
<identifier type="former package identifier">f:hj12_ih.txt</identifier>
<location>
 <url displayLabel="Content Detail" access="object in context">https://www.govinfo.gov/app/details/BILLS-117hjres12ih</url>
 <url displayLabel="HTML rendition" access="raw object">https://www.govinfo.gov/content/pkg/BILLS-117hjres12ih/html/BILLS-117hjres12ih.htm</url>
 <url displayLabel="PDF rendition" access="raw object">https://www.govinfo.gov/content/pkg/BILLS-117hjres12ih/pdf/BILLS-117hjres12ih.pdf</url>
 <url displayLabel="XML rendition" access="raw object">https://www.govinfo.gov/content/pkg/BILLS-117hjres12ih/xml/BILLS-117hjres12ih.xml</url>
</location>
<accessCondition type="GPO scope determination">fdlp</accessCondition>
<recordInfo>
 <recordContentSource authority="marcorg">DGPO</recordContentSource>
 <recordCreationDate encoding="w3cdtf">2021-01-05</recordCreationDate>
 <recordChangeDate encoding="w3cdtf">2021-01-05</recordChangeDate>
 <recordIdentifier source="DGPO">BILLS-117hjres12ih</recordIdentifier>
 <recordOrigin>machine generated</recordOrigin>
 <languageOfCataloging>
  <languageTerm type="code" authority="iso639-2b">eng</languageTerm>
</languageOfCataloging>
</recordInfo>
<name type="personal">
 <namePart>Ralph Norman</namePart>
 <affiliation>United States House of Representatives</affiliation>
 <role>
  <roleTerm authority="marcrelator" type="text">sponsor</roleTerm>
  <roleTerm authority="marcrelator" type="code">spn</roleTerm>
</role>
 <description>United States Congress Member</description>
</name>
<name type="personal">
 <namePart>Matt Gaetz</namePart>
 <affiliation>United States House of Representatives</affiliation>
 <role>
  <roleTerm type="text">cosponsor</roleTerm>
</role>
 <description>United States Congress Member</description>
</name>
<name type="personal">
 <namePart>Mo Brooks</namePart>
 <affiliation>United States House of Representatives</affiliation>
 <role>
  <roleTerm type="text">cosponsor</roleTerm>
</role>
 <description>United States Congress Member</description>
</name>
<name type="personal">
 <namePart>Thomas Massie</namePart>
 <affiliation>United States House of Representatives</affiliation>
 <role>
  <roleTerm type="text">cosponsor</roleTerm>
</role>
 <description>United States Congress Member</description>
</name>
<name type="personal">
 <namePart>John Joyce</namePart>
 <affiliation>United States House of Representatives</affiliation>
 <role>
  <roleTerm type="text">cosponsor</roleTerm>
</role>
 <description>United States Congress Member</description>
</name>
<name type="personal">
 <namePart>Scott Perry</namePart>
 <affiliation>United States House of Representatives</affiliation>
 <role>
  <roleTerm type="text">cosponsor</roleTerm>
</role>
 <description>United States Congress Member</description>
</name>
<name type="personal">
 <namePart>Don Bacon</namePart>
 <affiliation>United States House of Representatives</affiliation>
 <role>
  <roleTerm type="text">cosponsor</roleTerm>
</role>
 <description>United States Congress Member</description>
</name>
<name type="personal">
 <namePart>Jeff Duncan</namePart>
 <affiliation>United States House of Representatives</affiliation>
 <role>
  <roleTerm type="text">cosponsor</roleTerm>
</role>
 <description>United States Congress Member</description>
</name>
<name type="personal">
 <namePart>Guy Reschenthaler</namePart>
 <affiliation>United States House of Representatives</affiliation>
 <role>
  <roleTerm type="text">cosponsor</roleTerm>
</role>
 <description>United States Congress Member</description>
</name>
<name type="personal">
 <namePart>Ted Budd</namePart>
 <affiliation>United States House of Representatives</affiliation>
 <role>
  <roleTerm type="text">cosponsor</roleTerm>
</role>
 <description>United States Congress Member</description>
</name>
<name type="personal">
 <namePart>Andy Biggs</namePart>
 <affiliation>United States House of Representatives</affiliation>
 <role>
  <roleTerm type="text">cosponsor</roleTerm>
</role>
 <description>United States Congress Member</description>
</name>
<name type="personal">
 <namePart>Lee M. Zeldin</namePart>
 <affiliation>United States House of Representatives</affiliation>
 <role>
  <roleTerm type="text">cosponsor</roleTerm>
</role>
 <description>United States Congress Member</description>
</name>
<name type="personal">
 <namePart>Lance Gooden</namePart>
 <affiliation>United States House of Representatives</affiliation>
 <role>
  <roleTerm type="text">cosponsor</roleTerm>
</role>
 <description>United States Congress Member</description>
</name>
<name type="personal">
 <namePart>W. Gregory Steube</namePart>
 <affiliation>United States House of Representatives</affiliation>
 <role>
  <roleTerm type="text">cosponsor</roleTerm>
</role>
 <description>United States Congress Member</description>
</name>
<name type="personal">
 <namePart>Debbie Lesko</namePart>
 <affiliation>United States House of Representatives</affiliation>
 <role>
  <roleTerm type="text">cosponsor</roleTerm>
</role>
 <description>United States Congress Member</description>
</name>
<name type="personal">
 <namePart>David Schweikert</namePart>
 <affiliation>United States House of Representatives</affiliation>
 <role>
  <roleTerm type="text">cosponsor</roleTerm>
</role>
 <description>United States Congress Member</description>
</name>
<name type="personal">
 <namePart>Warren Davidson</namePart>
 <affiliation>United States House of Representatives</affiliation>
 <role>
  <roleTerm type="text">cosponsor</roleTerm>
</role>
 <description>United States Congress Member</description>
</name>
<name type="personal">
 <namePart>Dan Bishop</namePart>
 <affiliation>United States House of Representatives</affiliation>
 <role>
  <roleTerm type="text">cosponsor</roleTerm>
</role>
 <description>United States Congress Member</description>
</name>
<name type="personal">
 <namePart>Gregory Murphy</namePart>
 <affiliation>United States House of Representatives</affiliation>
 <role>
  <roleTerm type="text">cosponsor</roleTerm>
</role>
 <description>United States Congress Member</description>
</name>
<name type="personal">
 <namePart>Ronny Jackson</namePart>
 <affiliation>United States House of Representatives</affiliation>
 <role>
  <roleTerm type="text">cosponsor</roleTerm>
</role>
 <description>United States Congress Member</description>
</name>
<name type="corporate">
 <namePart>United States</namePart>
 <namePart>Congress</namePart>
 <namePart>House of Representatives</namePart>
 <namePart>Committee on the Judiciary</namePart>
 <role>
  <roleTerm authority="marcrelator" type="text">associated name</roleTerm>
  <roleTerm authority="marcrelator" type="code">asn</roleTerm>
</role>
</name>
<extension>
 <docClass>hjres</docClass>
 <accessId>BILLS-117hjres12ih</accessId>
 <congress>117</congress>
 <session>1</session>
 <originChamber>HOUSE</originChamber>
 <currentChamber>HOUSE</currentChamber>
 <billNumber>12</billNumber>
 <billVersion reprint="false">ih</billVersion>
 <fileSuffix>ih</fileSuffix>
 <officialTitle>Proposing an amendment to the Constitution of the United States to limit the number of terms that a Member of Congress may serve.</officialTitle>
 <action date="2021-01-04">Mr. Norman (for himself, Mr. Gaetz, Mr. Brooks, Mr. Massie, Mr. Joyce of Pennsylvania, Mr. Perry, Mr. Bacon, Mr. Duncan, Mr. Reschenthaler, Mr. Budd, Mr. Biggs, Mr. Zeldin, Mr. Gooden of Texas, Mr. Steube, Mrs. Lesko, Mr. Schweikert, Mr. Davidson, Mr. Bishop of North Carolina, Mr. Murphy of North Carolina, and Mr. Jackson) submitted the following joint resolution; which was referred to the Committee on the Judiciary</action>
 <congCommittee authorityId="hsju00" chamber="H" congress="117" type="S">
                      <name type="authority-standard">Committee on the Judiciary</name>
                      <name type="authority-short">Judiciary</name>
                </congCommittee>
 <congMember authorityId="2361" bioGuideId="N000190" chamber="H" congress="117" party="R" role="SPONSOR" state="SC">
                      <name type="parsed">Mr. Norman</name>
                      <name type="authority-fnf">Ralph Norman</name>
                      <name type="authority-lnf">Norman, Ralph</name>
                </congMember>
 <congMember authorityId="2314" bioGuideId="G000578" chamber="H" congress="117" party="R" role="COSPONSOR" state="FL">
                      <name type="parsed">Mr. Gaetz</name>
                      <name type="authority-fnf">Matt Gaetz</name>
                      <name type="authority-lnf">Gaetz, Matt</name>
                </congMember>
 <congMember authorityId="1987" bioGuideId="B001274" chamber="H" congress="117" gpoId="7790" party="R" role="COSPONSOR" state="AL">
                      <name type="parsed">Mr. Brooks</name>
                      <name type="authority-fnf">Mo Brooks</name>
                      <name type="authority-lnf">Brooks, Mo</name>
                </congMember>
 <congMember authorityId="2094" bioGuideId="M001184" chamber="H" congress="117" gpoId="8371" party="R" role="COSPONSOR" state="KY">
                      <name type="parsed">Mr. Massie</name>
                      <name type="authority-fnf">Thomas Massie</name>
                      <name type="authority-lnf">Massie, Thomas</name>
                </congMember>
 <congMember authorityId="2435" bioGuideId="J000302" chamber="H" congress="117" party="R" role="COSPONSOR" state="PA">
                      <name type="parsed">Mr. Joyce of Pennsylvania</name>
                      <name type="authority-fnf">John Joyce</name>
                      <name type="authority-lnf">Joyce, John</name>
                </congMember>
 <congMember authorityId="2157" bioGuideId="P000605" chamber="H" congress="117" party="R" role="COSPONSOR" state="PA">
                      <name type="parsed">Mr. Perry</name>
                      <name type="authority-fnf">Scott Perry</name>
                      <name type="authority-lnf">Perry, Scott</name>
                </congMember>
 <congMember authorityId="2337" bioGuideId="B001298" chamber="H" congress="117" party="R" role="COSPONSOR" state="NE">
                      <name type="parsed">Mr. Bacon</name>
                      <name type="authority-fnf">Don Bacon</name>
                      <name type="authority-lnf">Bacon, Don</name>
                </congMember>
 <congMember authorityId="2057" bioGuideId="D000615" chamber="H" congress="117" gpoId="8143" party="R" role="COSPONSOR" state="SC">
                      <name type="parsed">Mr. Duncan</name>
                      <name type="authority-fnf">Jeff Duncan</name>
                      <name type="authority-lnf">Duncan, Jeff</name>
                </congMember>
 <congMember authorityId="2436" bioGuideId="R000610" chamber="H" congress="117" party="R" role="COSPONSOR" state="PA">
                      <name type="parsed">Mr. Reschenthaler</name>
                      <name type="authority-fnf">Guy Reschenthaler</name>
                      <name type="authority-lnf">Reschenthaler, Guy</name>
                </congMember>
 <congMember authorityId="2336" bioGuideId="B001305" chamber="H" congress="117" party="R" role="COSPONSOR" state="NC">
                      <name type="parsed">Mr. Budd</name>
                      <name type="authority-fnf">Ted Budd</name>
                      <name type="authority-lnf">Budd, Ted</name>
                </congMember>
 <congMember authorityId="2307" bioGuideId="B001302" chamber="H" congress="117" party="R" role="COSPONSOR" state="AZ">
                      <name type="parsed">Mr. Biggs</name>
                      <name type="authority-fnf">Andy Biggs</name>
                      <name type="authority-lnf">Biggs, Andy</name>
                </congMember>
 <congMember authorityId="2261" bioGuideId="Z000017" chamber="H" congress="117" party="R" role="COSPONSOR" state="NY">
                      <name type="parsed">Mr. Zeldin</name>
                      <name type="authority-fnf">Lee M. Zeldin</name>
                      <name type="authority-lnf">Zeldin, Lee M.</name>
                      <name type="authority-other">Mr. Lee Zeldin</name>
                </congMember>
 <congMember authorityId="2445" bioGuideId="G000589" chamber="H" congress="117" party="R" role="COSPONSOR" state="TX">
                      <name type="parsed">Mr. Gooden of Texas</name>
                      <name type="authority-fnf">Lance Gooden</name>
                      <name type="authority-lnf">Gooden, Lance</name>
                </congMember>
 <congMember authorityId="2389" bioGuideId="S001214" chamber="H" congress="117" party="R" role="COSPONSOR" state="FL">
                      <name type="parsed">Mr. Steube</name>
                      <name type="authority-fnf">W. Gregory Steube</name>
                      <name type="authority-lnf">Steube, W. Gregory</name>
                </congMember>
 <congMember authorityId="2368" bioGuideId="L000589" chamber="H" congress="117" party="R" role="COSPONSOR" state="AZ">
                      <name type="parsed">Mrs. Lesko</name>
                      <name type="authority-fnf">Debbie Lesko</name>
                      <name type="authority-lnf">Lesko, Debbie</name>
                </congMember>
 <congMember authorityId="1994" bioGuideId="S001183" chamber="H" congress="117" gpoId="7802" party="R" role="COSPONSOR" state="AZ">
                      <name type="parsed">Mr. Schweikert</name>
                      <name type="authority-fnf">David Schweikert</name>
                      <name type="authority-lnf">Schweikert, David</name>
                </congMember>
 <congMember authorityId="2296" bioGuideId="D000626" chamber="H" congress="117" party="R" role="COSPONSOR" state="OH">
                      <name type="parsed">Mr. Davidson</name>
                      <name type="authority-fnf">Warren Davidson</name>
                      <name type="authority-lnf">Davidson, Warren</name>
                </congMember>
 <congMember authorityId="2473" bioGuideId="B001311" chamber="H" congress="117" party="R" role="COSPONSOR" state="NC">
                      <name type="parsed">Mr. Bishop of North Carolina</name>
                      <name type="authority-fnf">Dan Bishop</name>
                      <name type="authority-lnf">Bishop, Dan</name>
                </congMember>
 <congMember authorityId="2472" bioGuideId="M001210" chamber="H" congress="117" party="R" role="COSPONSOR" state="NC">
                      <name type="parsed">Mr. Murphy of North Carolina</name>
                      <name type="authority-fnf">Gregory Murphy</name>
                      <name type="authority-lnf">Murphy, Gregory</name>
                </congMember>
 <congMember authorityId="2532" bioGuideId="J000304" chamber="H" congress="117" party="R" role="COSPONSOR" state="TX">
                      <name type="parsed">Mr. Jackson</name>
                      <name type="authority-fnf">Ronny Jackson</name>
                      <name type="authority-lnf">Jackson, Ronny</name>
                </congMember>
 <isPrivate>false</isPrivate>
 <isAppropriation>false</isAppropriation>
</extension>
</mods>