<?xml version="1.0"?>
<?xml-stylesheet type="text/xsl" href="billres.xsl"?>
<!DOCTYPE bill PUBLIC "-//US Congress//DTDs/bill.dtd//EN" "bill.dtd">
<bill bill-stage="Introduced-in-House" dms-id="HCC336CD9798342FF9C8088FB67320954" public-private="public" key="H" bill-type="olc"><metadata xmlns:dc="http://purl.org/dc/elements/1.1/">
<dublinCore>
<dc:title>78 HR 39 IH: Honoring Our WWII Merchant Mariners Act of 2021</dc:title>
<dc:publisher>U.S. House of Representatives</dc:publisher>
<dc:date>2021-01-04</dc:date>
<dc:format>text/xml</dc:format>
<dc:language>EN</dc:language>
<dc:rights>Pursuant to Title 17 Section 105 of the United States Code, this file is not subject to copyright protection and is in the public domain.</dc:rights>
</dublinCore>
</metadata>
<form>
<distribution-code display="yes">I</distribution-code><congress display="yes">117th CONGRESS</congress><session display="yes">1st Session</session><legis-num display="yes">H. R. 39</legis-num><current-chamber>IN THE HOUSE OF REPRESENTATIVES</current-chamber><action display="yes"><action-date date="20210104">January 4, 2021</action-date><action-desc><sponsor name-id="G000553">Mr. Green of Texas</sponsor> introduced the following bill; which was referred to the <committee-name committee-id="HVR00">Committee on Veterans' Affairs</committee-name></action-desc></action><legis-type>A BILL</legis-type><official-title display="yes">To amend title 38, United States Code, to direct the Secretary of Veterans Affairs to establish the Merchant Mariner Equity Compensation Fund to provide benefits to certain individuals who served in the United States merchant marine (including the Army Transport Service and the Naval Transport Service) during World War II.</official-title></form><legis-body id="H02397182389A4750B36A2F5B9DB85B0B" style="OLC"><section id="H67E409BCA4054C5D91F780E10EC367A8" section-type="section-one"><enum>1.</enum><header>Short Title</header><text display-inline="no-display-inline">This Act may be cited as the <quote><short-title>Honoring Our WWII Merchant Mariners Act of 2021</short-title></quote>.</text></section><section id="H031034A364FF45CBB46207708034CDFC"><enum>2.</enum><header>Payments to individuals who served during World War II in the United States Merchant Marine</header><subsection id="H3DA8202E110649188C262D5CF01A03A4"><enum>(a)</enum><header>Establishment of Compensation Fund</header><text display-inline="yes-display-inline">Subchapter II of <external-xref legal-doc="usc-chapter" parsable-cite="usc-chapter/38/5">chapter 5</external-xref> of title 38, United States Code, is amended by adding at the end the following new section:</text><quoted-block display-inline="no-display-inline" id="H217417A175804C14B8C952F98AAEEE45" style="USC"><section id="H1593D4198C15489EA61F85B1BC5776E9"><enum>533.</enum><header>Merchant Mariner Equity Compensation Fund</header><subsection id="HAAE235459DD34948A06F80F17C63BF07"><enum>(a)</enum><header>Compensation Fund</header><paragraph commented="no" display-inline="yes-display-inline" id="HC59D5EDB1ED54FC1BC81E571F60C9056"><enum>(1)</enum><text display-inline="yes-display-inline">There is in the general fund of the Treasury a fund to be known as the <term>Merchant Mariner Equity Compensation Fund</term> (in this section referred to as the <term>compensation fund</term>).</text></paragraph><paragraph id="HB41A354BF72E4EBEA7CA5781C716A05D" indent="up1"><enum>(2)</enum><text>Subject to the availability of appropriations for such purpose, amounts in the compensation fund shall be available to the Secretary without fiscal year limitation to make payments to eligible individuals in accordance with this section.</text></paragraph></subsection><subsection id="H1B0793B48CBF45F8B3C8D26365391224"><enum>(b)</enum><header>Eligible Individuals</header><paragraph commented="no" display-inline="yes-display-inline" id="HD37D76D9CEED45129E05CADE5665344F"><enum>(1)</enum><text>An eligible individual is an individual who—</text><subparagraph id="H510B1ACF4E014E8DA4DF166E1F0C350E" indent="up1"><enum>(A)</enum><text>during the one-year period beginning on the date of the enactment of this section, submits to the Secretary an application containing such information and assurances as the Secretary may require;</text></subparagraph><subparagraph id="H3DDEB9C2D0E3448E9BE477745D34756A" indent="up1"><enum>(B)</enum><text>has not received benefits under the Servicemen's Readjustment Act of 1944 (<external-xref legal-doc="public-law" parsable-cite="pl/78/346">Public Law 78–346</external-xref>); and</text></subparagraph><subparagraph id="HC725CFB0C392495599D5BDC2189C246E" indent="up1"><enum>(C)</enum><text>has engaged in qualified service.</text></subparagraph></paragraph><paragraph id="HE902DF58925D472BB8C512BC010E3753" indent="up1"><enum>(2)</enum><text display-inline="yes-display-inline">For purposes of paragraph (1), a person has engaged in qualified service if, between December 7, 1941, and December 31, 1946, the person—</text><subparagraph id="H78CC04771B82408987374E869E4A054E"><enum>(A)</enum><text>was a member of the United States merchant marine (including the Army Transport Service and the Naval Transport Service) serving as a crewmember of a vessel that was—</text><clause id="H9877DB137D794A998D2F019621BF5F03"><enum>(i)</enum><text>operated by the War Shipping Administration or the Office of Defense Transportation (or an agent of the Administration or Office);</text></clause><clause id="H2854B112A0EC4A8889CBB47F99580F89"><enum>(ii)</enum><text>operated in waters other than inland waters, the Great Lakes, and other lakes, bays, and harbors of the United States;</text></clause><clause id="H9B770EC54C4A4DD2BE69F4F848E33086"><enum>(iii)</enum><text>under contract or charter to, or property of, the Government of the United States; and</text></clause><clause id="H2415F43A2EA94D42BE3AADC8FEC741B6"><enum>(iv)</enum><text>serving the Armed Forces; and</text></clause></subparagraph><subparagraph id="HFC168C53770C405E88E040D9F795C028"><enum>(B)</enum><text>while so serving, was licensed or otherwise documented for service as a crewmember of such a vessel by an officer or employee of the United States authorized to license or document the person for such service.</text></subparagraph></paragraph><paragraph id="H4CF8216703C045D7802706759963A4A8" indent="up1"><enum>(3)</enum><text>In determining the information and assurances required in the application pursuant to paragraph (1)(A), the Secretary shall accept a DD–214 form as proof of qualified service.</text></paragraph></subsection><subsection id="H486B4D90682B4EEEA76FD85B36433300"><enum>(c)</enum><header>Amount of Payment</header><text>The Secretary shall make one payment out of the compensation fund in the amount of $25,000 to an eligible individual. The Secretary shall make such a payment to eligible individuals in the order in which the Secretary receives the applications of the eligible individuals.</text></subsection><subsection id="H9D28B8D95ACA443FA1CE6B17F63F0F42"><enum>(d)</enum><header>Authorization of Appropriations</header><text display-inline="yes-display-inline">There is authorized to be appropriated for fiscal year 2022 $125,000,000 for the compensation fund. Such amount shall remain available until expended.</text></subsection><subsection id="HB06BF7239AD04916ACC82E31D3A64643"><enum>(e)</enum><header>Reports</header><text>The Secretary shall include, in documents submitted to Congress by the Secretary in support of the President's budget for each fiscal year, detailed information on the operation of the compensation fund, including the number of applicants, the number of eligible individuals receiving benefits, the amounts paid out of the compensation fund, the administration of the compensation fund, and an estimate of the amounts necessary to fully fund the compensation fund for that fiscal year and each of the three subsequent fiscal years.</text></subsection><subsection id="H72C556D6C0A64092BB9FEC92A4F5783A"><enum>(f)</enum><header>Regulations</header><text>The Secretary shall prescribe regulations to carry out this section.</text></subsection></section><after-quoted-block>.</after-quoted-block></quoted-block></subsection><subsection id="H57F64B2D11634C8888B52845D7B7425E"><enum>(b)</enum><header>Regulations</header><text>Not later than 180 days after the date of the enactment of this Act, the Secretary shall prescribe the regulations required under section 532(f) of title 38, United States Code, as added by subsection (a).</text></subsection><subsection id="H385522A4986D4A77949E3C2D91F48464"><enum>(c)</enum><header>Clerical Amendment</header><text>The table of sections at the beginning of such chapter is amended by inserting after the item related to section 532 the following new item:</text><quoted-block style="OLC" id="H85663A15E25041BD93AC643264E4E651" display-inline="no-display-inline"><toc regeneration="no-regeneration"><toc-entry level="section">533. Merchant Mariner Equity Compensation Fund.</toc-entry></toc><after-quoted-block>.</after-quoted-block></quoted-block></subsection></section></legis-body></bill> 

