<?xml version="1.0"?>
<?xml-stylesheet type="text/xsl" href="billres.xsl"?>
<!DOCTYPE resolution PUBLIC "-//US Congress//DTDs/res.dtd//EN" "res.dtd">
<resolution resolution-stage="Introduced-in-House" dms-id="HEF1202CD3F794232A73DB6826BEF3457" public-private="public" resolution-type="house-concurrent" star-print="no-star-print" key="H"><metadata xmlns:dc="http://purl.org/dc/elements/1.1/">
<dublinCore>
<dc:title>117 HCON 6 IH: Directing the Sergeant at Arms of the House of Representatives, the Sergeant at Arms and Doorkeeper of the Senate, and the United States Capitol Police to prohibit President Donald John Trump from entering the United States Capitol at any time after the expiration of his term as President.</dc:title>
<dc:publisher>U.S. House of Representatives</dc:publisher>
<dc:date>2021-01-13</dc:date>
<dc:format>text/xml</dc:format>
<dc:language>EN</dc:language>
<dc:rights>Pursuant to Title 17 Section 105 of the United States Code, this file is not subject to copyright protection and is in the public domain.</dc:rights>
</dublinCore>
</metadata>
<form>
<distribution-code display="yes">IV</distribution-code><congress display="yes">117th CONGRESS</congress><session display="yes">1st Session</session><legis-num display="yes">H. CON. RES. 6</legis-num><current-chamber>IN THE HOUSE OF REPRESENTATIVES</current-chamber><action display="yes"><action-date date="20210113">January 13, 2021</action-date><action-desc><sponsor name-id="W000788">Ms. Williams of Georgia</sponsor> submitted the following concurrent resolution; which was referred to the <committee-name committee-id="HHA00">Committee on House Administration</committee-name></action-desc></action><legis-type>CONCURRENT RESOLUTION</legis-type><official-title display="yes">Directing the Sergeant at Arms of the House of Representatives, the Sergeant at Arms and Doorkeeper of the Senate, and the United States Capitol Police to prohibit President Donald John Trump from entering the United States Capitol at any time after the expiration of his term as President.</official-title></form><resolution-body style="OLC" id="H0E8B8B9996B14DA8AB277AB7E9DB79F7"><section display-inline="no-display-inline" section-type="section-one" id="HC9E8E31DC67446F19063ACA1AE97C47D"><enum>1.</enum><header>Prohibiting President Trump from entering United States Capitol</header><text display-inline="no-display-inline">The Sergeant at Arms of the House of Representatives, the Sergeant at Arms and Doorkeeper of the Senate, and the United States Capitol Police shall take such actions as may be necessary to prohibit President Donald John Trump from entering the United States Capitol at any time after the expiration of his term as President.</text></section></resolution-body></resolution> 

