<?xml version="1.0" encoding="utf-8" standalone="no"?>
<billStatus>
  <bill>
    <billNumber>122</billNumber>
    <createDate>2021-03-19T04:42:12Z</createDate>
    <updateDate>2022-03-10T15:34:13Z</updateDate>
    <originChamber>Senate</originChamber>
    <billType>SRES</billType>
    <introducedDate>2021-03-18</introducedDate>
    <congress>117</congress>
    <recordedVotes/>
    <committees>
      <billCommittees>
        <item>
          <systemCode>ssfr00</systemCode>
          <name>Foreign Relations Committee</name>
          <chamber>Senate</chamber>
          <type>Standing</type>
          <subcommittees/>
          <activities>
            <item>
              <name>Reported by</name>
              <date>2021-03-25T00:24:12Z</date>
            </item>
            <item>
              <name>Markup by</name>
              <date>2021-03-24T13:30:00Z</date>
            </item>
            <item>
              <name>Referred to</name>
              <date>2021-03-18T15:36:54Z</date>
            </item>
          </activities>
        </item>
      </billCommittees>
    </committees>
    <committeeReports/>
    <relatedBills/>
    <actions>
      <item>
        <actionDate>2021-03-24</actionDate>
        <committees/>
        <links/>
        <sourceSystem>
          <code>0</code>
          <name>Senate</name>
        </sourceSystem>
        <text>Placed on Senate Legislative Calendar under General Orders. Calendar No. 29.</text>
        <type>Calendars</type>
      </item>
      <item>
        <actionDate>2021-03-24</actionDate>
        <committees>
          <item>
            <systemCode>ssfr00</systemCode>
            <name>Foreign Relations Committee</name>
          </item>
        </committees>
        <links/>
        <sourceSystem>
          <code>0</code>
          <name>Senate</name>
        </sourceSystem>
        <text>Committee on Foreign Relations. Reported by Senator Menendez with an amendment in the nature of a substitute and with an amended preamble. Without written report.</text>
        <type>Committee</type>
      </item>
      <item>
        <actionDate>2021-03-24</actionDate>
        <links/>
        <text>Committee on Foreign Relations. Reported by Senator Menendez with an amendment in the nature of a substitute and with an amended preamble. Without written report.</text>
        <type>Committee</type>
        <actionCode>14000</actionCode>
        <sourceSystem>
          <code>9</code>
          <name>Library of Congress</name>
        </sourceSystem>
        <committees>
          <item>
            <systemCode>ssfr00</systemCode>
            <name>Foreign Relations Committee</name>
          </item>
        </committees>
      </item>
      <item>
        <actionDate>2021-03-24</actionDate>
        <committees>
          <item>
            <systemCode>ssfr00</systemCode>
            <name>Foreign Relations Committee</name>
          </item>
        </committees>
        <links/>
        <sourceSystem>
          <code>0</code>
          <name>Senate</name>
        </sourceSystem>
        <text>Committee on Foreign Relations. Ordered to be reported with an amendment in the nature of a substitute favorably.</text>
        <type>Committee</type>
      </item>
      <item>
        <actionDate>2021-03-18</actionDate>
        <committees>
          <item>
            <systemCode>ssfr00</systemCode>
            <name>Foreign Relations Committee</name>
          </item>
        </committees>
        <links/>
        <sourceSystem>
          <code>0</code>
          <name>Senate</name>
        </sourceSystem>
        <text>Referred to the Committee on Foreign Relations. (text: CR S1651-1653)</text>
        <type>IntroReferral</type>
      </item>
      <item>
        <actionDate>2021-03-18</actionDate>
        <links/>
        <text>Introduced in Senate</text>
        <type>IntroReferral</type>
        <actionCode>10000</actionCode>
        <sourceSystem>
          <code>9</code>
          <name>Library of Congress</name>
        </sourceSystem>
        <committees/>
      </item>
      <actionTypeCounts>
        <placedOnCalendarGeneralOrders>1</placedOnCalendarGeneralOrders>
        <reportedToSenate>2</reportedToSenate>
        <orderedReported>1</orderedReported>
        <referredToCommittee>1</referredToCommittee>
        <introducedInSenate>1</introducedInSenate>
      </actionTypeCounts>
      <actionByCounts>
        <senate>6</senate>
      </actionByCounts>
    </actions>
    <sponsors>
      <item>
        <bioguideId>R000584</bioguideId>
        <fullName>Sen. Risch, James E. [R-ID]</fullName>
        <firstName>James</firstName>
        <middleName>E.</middleName>
        <lastName>Risch</lastName>
        <party>R</party>
        <state>ID</state>
        <identifiers>
          <lisID>1896</lisID>
          <bioguideId>R000584</bioguideId>
          <gpoId>8274</gpoId>
        </identifiers>
        <byRequestType/>
      </item>
    </sponsors>
    <cosponsors>
      <item>
        <bioguideId>M000639</bioguideId>
        <fullName>Sen. Menendez, Robert [D-NJ]</fullName>
        <firstName>Robert</firstName>
        <middleName/>
        <lastName>Menendez</lastName>
        <party>D</party>
        <state>NJ</state>
        <identifiers>
          <lisID>791</lisID>
          <bioguideId>M000639</bioguideId>
          <gpoId>8239</gpoId>
        </identifiers>
        <sponsorshipDate>2021-03-18</sponsorshipDate>
        <isOriginalCosponsor>True</isOriginalCosponsor>
        <sponsorshipWithdrawnDate/>
      </item>
    </cosponsors>
    <cboCostEstimates/>
    <laws/>
    <notes/>
    <policyArea>
      <name>International Affairs</name>
    </policyArea>
    <subjects>
      <billSubjects>
        <legislativeSubjects>
          <item>
            <name>Alliances</name>
          </item>
          <item>
            <name>Arms control and nonproliferation</name>
          </item>
          <item>
            <name>Asia</name>
          </item>
          <item>
            <name>Australia</name>
          </item>
          <item>
            <name>China</name>
          </item>
          <item>
            <name>Collective security</name>
          </item>
          <item>
            <name>Defense spending</name>
          </item>
          <item>
            <name>Diplomacy, foreign officials, Americans abroad</name>
          </item>
          <item>
            <name>Europe</name>
          </item>
          <item>
            <name>Human rights</name>
          </item>
          <item>
            <name>International organizations and cooperation</name>
          </item>
          <item>
            <name>Japan</name>
          </item>
          <item>
            <name>Military assistance, sales, and agreements</name>
          </item>
          <item>
            <name>Military operations and strategy</name>
          </item>
          <item>
            <name>Oceania</name>
          </item>
          <item>
            <name>Rule of law and government transparency</name>
          </item>
          <item>
            <name>Russia</name>
          </item>
          <item>
            <name>South Korea</name>
          </item>
          <item>
            <name>Sovereignty, recognition, national governance and status</name>
          </item>
          <item>
            <name>Trade restrictions</name>
          </item>
        </legislativeSubjects>
        <policyArea>
          <name>International Affairs</name>
        </policyArea>
      </billSubjects>
    </subjects>
    <summaries>
      <billSummaries>
        <item>
          <versionCode>00</versionCode>
          <actionDate>2021-03-18</actionDate>
          <actionDesc>Introduced in Senate</actionDesc>
          <lastSummaryUpdateDate>2021-11-02T18:19:32Z</lastSummaryUpdateDate>
          <text>
            <![CDATA[ <p>This resolution expresses commitment to U.S. treaty allies in the Indo-Pacific region, NATO member countries, and other partners.</p>]]>
          </text>
          <updateDate>2021-03-18T04:00:00Z</updateDate>
          <name>Introduced in Senate</name>
        </item>
        <item>
          <versionCode>25</versionCode>
          <actionDate>2021-03-24</actionDate>
          <actionDesc>Reported to Senate</actionDesc>
          <lastSummaryUpdateDate>2021-11-03T11:50:32Z</lastSummaryUpdateDate>
          <text>
            <![CDATA[ <p>This resolution expresses commitment to U.S. treaty allies in the Indo-Pacific region, NATO member countries, and other partners.</p>]]>
          </text>
          <updateDate>2021-03-24T13:33:52Z</updateDate>
          <name>Reported to Senate</name>
        </item>
      </billSummaries>
    </summaries>
    <title>A resolution reaffirming the importance of United States alliances and partnerships.</title>
    <titles>
      <item>
        <titleType>Display Title</titleType>
        <parentTitleType/>
        <title>A resolution reaffirming the importance of United States alliances and partnerships.</title>
        <chamberCode/>
        <chamberName/>
      </item>
      <item>
        <titleType>Official Title as Introduced</titleType>
        <parentTitleType/>
        <title>A resolution reaffirming the importance of United States alliances and partnerships.</title>
        <chamberCode/>
        <chamberName/>
      </item>
    </titles>
    <amendments/>
    <textVersions>
      <item>
        <type>Reported to Senate</type>
        <date>2021-03-24T04:00:00Z</date>
        <formats>
          <item>
            <url>https://www.govinfo.gov/content/pkg/BILLS-117sres122rs/xml/BILLS-117sres122rs.xml</url>
          </item>
        </formats>
      </item>
      <item>
        <type>Introduced in Senate</type>
        <date>2021-03-18T04:00:00Z</date>
        <formats>
          <item>
            <url>https://www.govinfo.gov/content/pkg/BILLS-117sres122is/xml/BILLS-117sres122is.xml</url>
          </item>
        </formats>
      </item>
    </textVersions>
    <latestAction>
      <actionDate>2021-03-24</actionDate>
      <text>Placed on Senate Legislative Calendar under General Orders. Calendar No. 29.</text>
      <links/>
    </latestAction>
    <calendarNumbers>
      <item>
        <calendar>Senate Calendar of Business</calendar>
        <number>0029</number>
      </item>
    </calendarNumbers>
    <version>1.0.0</version>
  </bill>
  <dublinCore xmlns:dc="http://purl.org/dc/elements/1.1/">
    <dc:format>text/xml</dc:format>
    <dc:language>EN</dc:language>
    <dc:rights>Pursuant to Title 17 Section 105 of the United States Code, this file is not subject to copyright protection and is in the public domain.</dc:rights>
    <dc:contributor>Congressional Research Service, Library of Congress</dc:contributor>
    <dc:description>This file contains bill summaries and statuses for federal legislation. A bill summary describes the most significant provisions of a piece of legislation and details the effects the legislative text may have on current law and federal programs. Bill summaries are authored by the Congressional Research Service (CRS) of the Library of Congress. As stated in Public Law 91-510 (2 USC 166 (d)(6)), one of the duties of CRS is "to prepare summaries and digests of bills and resolutions of a public general nature introduced in the Senate or House of Representatives". For more information, refer to the User Guide that accompanies this file.</dc:description>
  </dublinCore>
</billStatus>
