<?xml version="1.0"?>
<?xml-stylesheet type="text/xsl" href="billres.xsl"?>
<!DOCTYPE resolution PUBLIC "-//US Congress//DTDs/res.dtd//EN" "res.dtd">
<resolution resolution-stage="Introduced-in-House" dms-id="H1F861F1F53C44794B3DADD9A304B9E89" public-private="public" resolution-type="house-resolution" star-print="no-star-print" key="H"><metadata xmlns:dc="http://purl.org/dc/elements/1.1/">
<dublinCore>
<dc:title>117 HRES 18 IH: Honoring the life of Dr. Frank Erdman Boston as a World War I veteran, military surgeon, community doctor, and founder of the Elm Terrace/Abington Lansdale Hospital and the Volunteer Medical Service Corps (VMSC) ambulance corps.</dc:title>
<dc:publisher>U.S. House of Representatives</dc:publisher>
<dc:date>2021-01-05</dc:date>
<dc:format>text/xml</dc:format>
<dc:language>EN</dc:language>
<dc:rights>Pursuant to Title 17 Section 105 of the United States Code, this file is not subject to copyright protection and is in the public domain.</dc:rights>
</dublinCore>
</metadata>
<form>
<distribution-code display="yes">IV</distribution-code><congress display="yes">117th CONGRESS</congress><session display="yes">1st Session</session><legis-num display="yes">H. RES. 18</legis-num><current-chamber>IN THE HOUSE OF REPRESENTATIVES</current-chamber><action display="yes"><action-date date="20210105">January 5, 2021</action-date><action-desc><sponsor name-id="F000466">Mr. Fitzpatrick</sponsor> (for himself, <cosponsor name-id="E000296">Mr. Evans</cosponsor>, <cosponsor name-id="W000826">Ms. Wild</cosponsor>, <cosponsor name-id="H001085">Ms. Houlahan</cosponsor>, and <cosponsor name-id="D000631">Ms. Dean</cosponsor>) submitted the following resolution; which was referred to the <committee-name committee-id="HGO00">Committee on Oversight and Reform</committee-name></action-desc></action><legis-type>RESOLUTION</legis-type><official-title display="yes">Honoring the life of Dr. Frank Erdman Boston as a World War I veteran, military surgeon, community doctor, and founder of the Elm Terrace/Abington Lansdale Hospital and the Volunteer Medical Service Corps (VMSC) ambulance corps.</official-title></form><preamble><whereas><text>Whereas Mr. Boston attended Lincoln University, originally established as The Ashmun Institute, the Nation’s first degree-granting historically Black college and university;</text></whereas><whereas><text>Whereas subsequently, Dr. Boston attended the Medico-Chirurgical College, an outgrowth of the Medico-Chirurgical Society of Philadelphia which merged with the University of Pennsylvania Medical College and Jefferson Medical College;</text></whereas><whereas><text>Whereas when World War I began, Dr. Boston enlisted and was immediately given the rank of first lieutenant in the Army Medical Reserve Corps;</text></whereas><whereas><text>Whereas African-American recruits, including Dr. Boston, were sent for medical training at the Medical Officers Training Camp, Fort Des Moines, Iowa;</text></whereas><whereas><text>Whereas after completing his training, Dr. Boston was assigned as a medical officer with the 317th Engineers Regiment of the 92d Division of the American Expeditionary Forces;</text></whereas><whereas><text>Whereas Dr. Boston’s division fought bravely across France and in the bloody Meuse-Argonne Offensive, the largest operation of the American Expeditionary Forces in World War I;</text></whereas><whereas><text>Whereas the Meuse-Argonne Offensive was the deadliest campaign in American history, resulting in more than 26,000 soldiers killed in action and more than 120,000 total casualties;</text></whereas><whereas><text>Whereas during his tour of duty, Dr. Boston treated soldiers while under aerial and gas attack;</text></whereas><whereas><text>Whereas Dr. Boston served in France with the rank of captain and ended his military service as a major;</text></whereas><whereas><text>Whereas after the war, Dr. Boston returned to work in Philadelphia and later settled in Lansdale where he opened the Elm Terrace Hospital, which was later renamed North Penn Hospital and subsequently became part of the Abington Jefferson Health Systems;</text></whereas><whereas><text>Whereas Dr. Boston also formed a First Aid Emergency Squad in Lansdale, eventually known as the Volunteer Medical Service Corps of Lansdale;</text></whereas><whereas><text>Whereas, as a Boy Scout official, Dr. Boston served as chairman of Health and Safety for the General Nash District, Valley Forge Scout Council;</text></whereas><whereas><text>Whereas Dr. Boston was a member of the Reserve Officers Association of Military Surgeons, the Montgomery County Medical Society, and the American Medical Association;</text></whereas><whereas><text>Whereas Dr. Boston died February 8, 1960, at 69 years of age, and was buried in Lansdale; and</text></whereas><whereas><text>Whereas Jefferson Health and Abington Lansdale Hospital, along with the Borough of Lansdale, are honoring Dr. Boston, and a mural is being planned for the Lansdale Borough Hall: Now, therefore, be it</text></whereas></preamble><resolution-body style="OLC" id="HEF68FAD9C0BF43BBB56EC16508DA8CC8"><section display-inline="yes-display-inline" section-type="undesignated-section" id="HF261D47FD3D6420ABEFB3CDD70BCC642"><text display-inline="yes-display-inline">That the House of Representative honors the life of Dr. Frank Erdman Boston as a World War I veteran, military surgeon, community doctor, and founder of the Elm Terrace/Abington Lansdale Hospital and the Volunteer Medical Service Corps (VMSC) ambulance corps.</text></section></resolution-body></resolution> 

