<mods xmlns:xlink="http://www.w3.org/1999/xlink" xmlns:xsi="http://www.w3.org/2001/XMLSchema-instance" xmlns="http://www.loc.gov/mods/v3" version="3.3" xsi:schemaLocation="http://www.loc.gov/mods/v3 http://www.loc.gov/standards/mods/v3/mods-3-3.xsd" ID="P0b002ee1aac9d2f1">
<name type="corporate">
 <namePart>United States Government Publishing Office</namePart>
 <role>
  <roleTerm authority="marcrelator" type="text">publisher</roleTerm>
  <roleTerm authority="marcrelator" type="code">pbl</roleTerm>
</role>
 <role>
  <roleTerm authority="marcrelator" type="text">distributor</roleTerm>
  <roleTerm authority="marcrelator" type="code">dst</roleTerm>
</role>
</name>
<name type="corporate">
 <namePart>United States</namePart>
 <namePart>Congress</namePart>
 <namePart>House of Representatives</namePart>
 <role>
  <roleTerm authority="marcrelator" type="text">author</roleTerm>
  <roleTerm authority="marcrelator" type="code">aut</roleTerm>
</role>
 <description>Government Organization</description>
</name>
<typeOfResource>text</typeOfResource>
<genre authority="marcgt">government publication</genre>
<language>
 <languageTerm type="code" authority="iso639-2b">eng</languageTerm>
</language>
<extension>
 <collectionCode>BILLS</collectionCode>
 <searchTitle>Condemning and censuring Representative Mo Brooks of Alabama.;H. Res. 31 (IH)
    </searchTitle>
 <category>Bills and Statutes</category>
 <waisDatabaseName>117_cong_bills</waisDatabaseName>
 <branch>legislative</branch>
 <dateIngested>2021-01-12</dateIngested>
</extension>
<titleInfo>
 <title>Condemning and censuring Representative Mo Brooks of Alabama.</title>
</titleInfo>
<titleInfo type="alternative">
 <title>H. Res. 31 (IH)
    </title>
</titleInfo>
<originInfo>
 <publisher>U.S. Government Publishing Office</publisher>
 <dateIssued encoding="w3cdtf">2021-01-11</dateIssued>
 <issuance>monographic</issuance>
</originInfo>
<physicalDescription>
 <note type="source content type">deposited</note>
 <digitalOrigin>born digital</digitalOrigin>
 <extent>3 p.</extent>
</physicalDescription>
<classification authority="sudocs">Y 1.6:</classification>
<classification authority="sudocs">Y 1.4/7:</classification>
<identifier type="local">P0b002ee1aac9d2f1</identifier>
<identifier type="uri">https://www.govinfo.gov/app/details/BILLS-117hres31ih</identifier>
<identifier type="preferred citation">H. Res. 31</identifier>
<identifier type="stock number">021-610-00252-9</identifier>
<identifier type="Parent ILS system id">000501532</identifier>
<identifier type="Child ILS system id">000325574</identifier>
<identifier type="Parent ILS title">Congressional bills</identifier>
<identifier type="Child ILS title">House resolutions</identifier>
<identifier type="former package identifier">f:hr31_ih.txt</identifier>
<location>
 <url displayLabel="Content Detail" access="object in context">https://www.govinfo.gov/app/details/BILLS-117hres31ih</url>
 <url displayLabel="HTML rendition" access="raw object">https://www.govinfo.gov/content/pkg/BILLS-117hres31ih/html/BILLS-117hres31ih.htm</url>
 <url displayLabel="PDF rendition" access="raw object">https://www.govinfo.gov/content/pkg/BILLS-117hres31ih/pdf/BILLS-117hres31ih.pdf</url>
 <url displayLabel="XML rendition" access="raw object">https://www.govinfo.gov/content/pkg/BILLS-117hres31ih/xml/BILLS-117hres31ih.xml</url>
</location>
<accessCondition type="GPO scope determination">fdlp</accessCondition>
<recordInfo>
 <recordContentSource authority="marcorg">DGPO</recordContentSource>
 <recordCreationDate encoding="w3cdtf">2021-01-12</recordCreationDate>
 <recordChangeDate encoding="w3cdtf">2021-01-12</recordChangeDate>
 <recordIdentifier source="DGPO">BILLS-117hres31ih</recordIdentifier>
 <recordOrigin>machine generated</recordOrigin>
 <languageOfCataloging>
  <languageTerm type="code" authority="iso639-2b">eng</languageTerm>
</languageOfCataloging>
</recordInfo>
<name type="personal">
 <namePart>Tom Malinowski</namePart>
 <affiliation>United States House of Representatives</affiliation>
 <role>
  <roleTerm authority="marcrelator" type="text">sponsor</roleTerm>
  <roleTerm authority="marcrelator" type="code">spn</roleTerm>
</role>
 <description>United States Congress Member</description>
</name>
<name type="personal">
 <namePart>Debbie Wasserman Schultz</namePart>
 <affiliation>United States House of Representatives</affiliation>
 <role>
  <roleTerm type="text">cosponsor</roleTerm>
</role>
 <description>United States Congress Member</description>
</name>
<name type="personal">
 <namePart>Ann M. Kuster</namePart>
 <affiliation>United States House of Representatives</affiliation>
 <role>
  <roleTerm type="text">cosponsor</roleTerm>
</role>
 <description>United States Congress Member</description>
</name>
<name type="corporate">
 <namePart>United States</namePart>
 <namePart>Congress</namePart>
 <namePart>House of Representatives</namePart>
 <namePart>Committee on Ethics</namePart>
 <role>
  <roleTerm authority="marcrelator" type="text">associated name</roleTerm>
  <roleTerm authority="marcrelator" type="code">asn</roleTerm>
</role>
</name>
<extension>
 <docClass>hres</docClass>
 <accessId>BILLS-117hres31ih</accessId>
 <congress>117</congress>
 <session>1</session>
 <originChamber>HOUSE</originChamber>
 <currentChamber>HOUSE</currentChamber>
 <billNumber>31</billNumber>
 <billVersion reprint="false">ih</billVersion>
 <fileSuffix>ih</fileSuffix>
 <officialTitle>Condemning and censuring Representative Mo Brooks of Alabama.</officialTitle>
 <action date="2021-01-11">Mr. Malinowski (for himself, Ms. Wasserman Schultz, and Ms. Kuster) submitted the following resolution; which was referred to the Committee on Ethics</action>
 <congCommittee authorityId="hsso00" chamber="H" congress="117" type="S">
                      <name type="authority-standard">Committee on Ethics</name>
                      <name type="authority-short">Ethics</name>
                </congCommittee>
 <congMember authorityId="2421" bioGuideId="M001203" chamber="H" congress="117" party="D" role="SPONSOR" state="NJ">
                      <name type="parsed">Mr. Malinowski</name>
                      <name type="authority-fnf">Tom Malinowski</name>
                      <name type="authority-lnf">Malinowski, Tom</name>
                </congMember>
 <congMember authorityId="1777" bioGuideId="W000797" chamber="H" congress="117" gpoId="7892" party="D" role="COSPONSOR" state="FL">
                      <name type="parsed">Ms. Wasserman Schultz</name>
                      <name type="authority-fnf">Debbie Wasserman Schultz</name>
                      <name type="authority-lnf">Wasserman Schultz, Debbie</name>
                </congMember>
 <congMember authorityId="2145" bioGuideId="K000382" chamber="H" congress="117" party="D" role="COSPONSOR" state="NH">
                      <name type="parsed">Ms. Kuster</name>
                      <name type="authority-fnf">Ann M. Kuster</name>
                      <name type="authority-lnf">Kuster, Ann M.</name>
                      <name type="authority-other">Ms. Ann Kuster</name>
                </congMember>
 <isPrivate>false</isPrivate>
 <isAppropriation>false</isAppropriation>
</extension>
</mods>