<?xml version="1.0" encoding="utf-8" standalone="no"?>
<billStatus>
  <bill>
    <billNumber>117</billNumber>
    <createDate>2021-03-17T04:42:16Z</createDate>
    <updateDate>2022-03-10T15:36:59Z</updateDate>
    <originChamber>Senate</originChamber>
    <billType>SRES</billType>
    <introducedDate>2021-03-16</introducedDate>
    <congress>117</congress>
    <recordedVotes/>
    <committees>
      <billCommittees>
        <item>
          <systemCode>ssfr00</systemCode>
          <name>Foreign Relations Committee</name>
          <chamber>Senate</chamber>
          <type>Standing</type>
          <subcommittees/>
          <activities>
            <item>
              <name>Reported by</name>
              <date>2021-03-24T22:06:59Z</date>
            </item>
            <item>
              <name>Markup by</name>
              <date>2021-03-24T13:30:02Z</date>
            </item>
            <item>
              <name>Referred to</name>
              <date>2021-03-16T18:36:54Z</date>
            </item>
          </activities>
        </item>
      </billCommittees>
    </committees>
    <committeeReports/>
    <relatedBills/>
    <actions>
      <item>
        <actionDate>2021-05-17</actionDate>
        <committees/>
        <links/>
        <sourceSystem>
          <code>0</code>
          <name>Senate</name>
        </sourceSystem>
        <text>Resolution agreed to in Senate with an amendment and an amended preamble by Unanimous Consent. (text: CR S2551)</text>
        <type>Floor</type>
      </item>
      <item>
        <actionDate>2021-05-17</actionDate>
        <links/>
        <text>Passed/agreed to in Senate: Resolution agreed to in Senate with an amendment and an amended preamble by Unanimous Consent.(text: CR S2551)</text>
        <type>Floor</type>
        <actionCode>17000</actionCode>
        <sourceSystem>
          <code>9</code>
          <name>Library of Congress</name>
        </sourceSystem>
        <committees/>
      </item>
      <item>
        <actionDate>2021-05-17</actionDate>
        <committees/>
        <links/>
        <sourceSystem>
          <code>0</code>
          <name>Senate</name>
        </sourceSystem>
        <text>The committee substitute as amended agreed to by Unanimous Consent. (text: CR S2550-2551)</text>
        <type>Floor</type>
      </item>
      <item>
        <actionDate>2021-05-17</actionDate>
        <committees/>
        <links/>
        <sourceSystem>
          <code>0</code>
          <name>Senate</name>
        </sourceSystem>
        <text>Measure laid before Senate by unanimous consent. (consideration: CR S2550-2551)</text>
        <type>Floor</type>
      </item>
      <item>
        <actionDate>2021-03-24</actionDate>
        <committees/>
        <links/>
        <sourceSystem>
          <code>0</code>
          <name>Senate</name>
        </sourceSystem>
        <text>Placed on Senate Legislative Calendar under General Orders. Calendar No. 20.</text>
        <type>Calendars</type>
      </item>
      <item>
        <actionDate>2021-03-24</actionDate>
        <committees>
          <item>
            <systemCode>ssfr00</systemCode>
            <name>Foreign Relations Committee</name>
          </item>
        </committees>
        <links/>
        <sourceSystem>
          <code>0</code>
          <name>Senate</name>
        </sourceSystem>
        <text>Committee on Foreign Relations. Reported by Senator Menendez with an amendment in the nature of a substitute and with an amended preamble. Without written report.</text>
        <type>Committee</type>
      </item>
      <item>
        <actionDate>2021-03-24</actionDate>
        <links/>
        <text>Committee on Foreign Relations. Reported by Senator Menendez with an amendment in the nature of a substitute and with an amended preamble. Without written report.</text>
        <type>Committee</type>
        <actionCode>14000</actionCode>
        <sourceSystem>
          <code>9</code>
          <name>Library of Congress</name>
        </sourceSystem>
        <committees>
          <item>
            <systemCode>ssfr00</systemCode>
            <name>Foreign Relations Committee</name>
          </item>
        </committees>
      </item>
      <item>
        <actionDate>2021-03-24</actionDate>
        <committees>
          <item>
            <systemCode>ssfr00</systemCode>
            <name>Foreign Relations Committee</name>
          </item>
        </committees>
        <links/>
        <sourceSystem>
          <code>0</code>
          <name>Senate</name>
        </sourceSystem>
        <text>Committee on Foreign Relations. Ordered to be reported with an amendment in the nature of a substitute favorably.</text>
        <type>Committee</type>
      </item>
      <item>
        <actionDate>2021-03-16</actionDate>
        <committees>
          <item>
            <systemCode>ssfr00</systemCode>
            <name>Foreign Relations Committee</name>
          </item>
        </committees>
        <links/>
        <sourceSystem>
          <code>0</code>
          <name>Senate</name>
        </sourceSystem>
        <text>Referred to the Committee on Foreign Relations. (text: CR S1573-1574)</text>
        <type>IntroReferral</type>
      </item>
      <item>
        <actionDate>2021-03-16</actionDate>
        <links/>
        <text>Introduced in Senate</text>
        <type>IntroReferral</type>
        <actionCode>10000</actionCode>
        <sourceSystem>
          <code>9</code>
          <name>Library of Congress</name>
        </sourceSystem>
        <committees/>
      </item>
      <actionTypeCounts>
        <agreedToInSenate>1</agreedToInSenate>
        <passedAgreedToInSenate>1</passedAgreedToInSenate>
        <amendmentAgreedTo>1</amendmentAgreedTo>
        <measureLaidBeforeSenate>1</measureLaidBeforeSenate>
        <placedOnCalendarGeneralOrders>1</placedOnCalendarGeneralOrders>
        <reportedToSenate>2</reportedToSenate>
        <orderedReported>1</orderedReported>
        <referredToCommittee>1</referredToCommittee>
        <introducedInSenate>1</introducedInSenate>
      </actionTypeCounts>
      <actionByCounts>
        <senate>10</senate>
      </actionByCounts>
    </actions>
    <sponsors>
      <item>
        <bioguideId>M000639</bioguideId>
        <fullName>Sen. Menendez, Robert [D-NJ]</fullName>
        <firstName>Robert</firstName>
        <middleName/>
        <lastName>Menendez</lastName>
        <party>D</party>
        <state>NJ</state>
        <identifiers>
          <lisID>791</lisID>
          <bioguideId>M000639</bioguideId>
          <gpoId>8239</gpoId>
        </identifiers>
        <byRequestType/>
      </item>
    </sponsors>
    <cosponsors>
      <item>
        <bioguideId>C001035</bioguideId>
        <fullName>Sen. Collins, Susan M. [R-ME]</fullName>
        <firstName>Susan</firstName>
        <middleName>M.</middleName>
        <lastName>Collins</lastName>
        <party>R</party>
        <state>ME</state>
        <identifiers>
          <lisID>1541</lisID>
          <bioguideId>C001035</bioguideId>
          <gpoId>8291</gpoId>
        </identifiers>
        <sponsorshipDate>2021-03-16</sponsorshipDate>
        <isOriginalCosponsor>True</isOriginalCosponsor>
        <sponsorshipWithdrawnDate/>
      </item>
      <item>
        <bioguideId>M001169</bioguideId>
        <fullName>Sen. Murphy, Christopher [D-CT]</fullName>
        <firstName>Christopher</firstName>
        <middleName>S.</middleName>
        <lastName>Murphy</lastName>
        <party>D</party>
        <state>CT</state>
        <identifiers>
          <lisID>1837</lisID>
          <bioguideId>M001169</bioguideId>
          <gpoId>7870</gpoId>
        </identifiers>
        <sponsorshipDate>2021-03-16</sponsorshipDate>
        <isOriginalCosponsor>True</isOriginalCosponsor>
        <sponsorshipWithdrawnDate/>
      </item>
      <item>
        <bioguideId>L000174</bioguideId>
        <fullName>Sen. Leahy, Patrick J. [D-VT]</fullName>
        <firstName>Patrick</firstName>
        <middleName/>
        <lastName>Leahy</lastName>
        <party>D</party>
        <state>VT</state>
        <identifiers>
          <lisID>1383</lisID>
          <bioguideId>L000174</bioguideId>
          <gpoId>8244</gpoId>
        </identifiers>
        <sponsorshipDate>2021-03-16</sponsorshipDate>
        <isOriginalCosponsor>True</isOriginalCosponsor>
        <sponsorshipWithdrawnDate/>
      </item>
      <item>
        <bioguideId>M000133</bioguideId>
        <fullName>Sen. Markey, Edward J. [D-MA]</fullName>
        <firstName>Edward</firstName>
        <middleName>J.</middleName>
        <lastName>Markey</lastName>
        <party>D</party>
        <state>MA</state>
        <identifiers>
          <lisID>735</lisID>
          <bioguideId>M000133</bioguideId>
          <gpoId>7972</gpoId>
        </identifiers>
        <sponsorshipDate>2021-03-16</sponsorshipDate>
        <isOriginalCosponsor>True</isOriginalCosponsor>
        <sponsorshipWithdrawnDate/>
      </item>
      <item>
        <bioguideId>C001088</bioguideId>
        <fullName>Sen. Coons, Christopher A. [D-DE]</fullName>
        <firstName>Christopher</firstName>
        <middleName>A.</middleName>
        <lastName>Coons</lastName>
        <party>D</party>
        <state>DE</state>
        <identifiers>
          <lisID>1984</lisID>
          <bioguideId>C001088</bioguideId>
          <gpoId>8297</gpoId>
        </identifiers>
        <sponsorshipDate>2021-03-16</sponsorshipDate>
        <isOriginalCosponsor>True</isOriginalCosponsor>
        <sponsorshipWithdrawnDate/>
      </item>
      <item>
        <bioguideId>D000563</bioguideId>
        <fullName>Sen. Durbin, Richard J. [D-IL]</fullName>
        <firstName>Richard</firstName>
        <middleName>J.</middleName>
        <lastName>Durbin</lastName>
        <party>D</party>
        <state>IL</state>
        <identifiers>
          <lisID>326</lisID>
          <bioguideId>D000563</bioguideId>
          <gpoId>8326</gpoId>
        </identifiers>
        <sponsorshipDate>2021-03-16</sponsorshipDate>
        <isOriginalCosponsor>True</isOriginalCosponsor>
        <sponsorshipWithdrawnDate/>
      </item>
      <item>
        <bioguideId>S000148</bioguideId>
        <fullName>Sen. Schumer, Charles E. [D-NY]</fullName>
        <firstName>Charles</firstName>
        <middleName>E.</middleName>
        <lastName>Schumer</lastName>
        <party>D</party>
        <state>NY</state>
        <identifiers>
          <lisID>1036</lisID>
          <bioguideId>S000148</bioguideId>
          <gpoId>8279</gpoId>
        </identifiers>
        <sponsorshipDate>2021-03-16</sponsorshipDate>
        <isOriginalCosponsor>True</isOriginalCosponsor>
        <sponsorshipWithdrawnDate/>
      </item>
      <item>
        <bioguideId>C000127</bioguideId>
        <fullName>Sen. Cantwell, Maria [D-WA]</fullName>
        <firstName>Maria</firstName>
        <middleName/>
        <lastName>Cantwell</lastName>
        <party>D</party>
        <state>WA</state>
        <identifiers>
          <lisID>172</lisID>
          <bioguideId>C000127</bioguideId>
          <gpoId>8288</gpoId>
        </identifiers>
        <sponsorshipDate>2021-03-16</sponsorshipDate>
        <isOriginalCosponsor>True</isOriginalCosponsor>
        <sponsorshipWithdrawnDate/>
      </item>
      <item>
        <bioguideId>C001070</bioguideId>
        <fullName>Sen. Casey, Robert P., Jr. [D-PA]</fullName>
        <firstName>Bob</firstName>
        <middleName/>
        <lastName>Casey</lastName>
        <party>D</party>
        <state>PA</state>
        <identifiers>
          <lisID>1828</lisID>
          <bioguideId>C001070</bioguideId>
          <gpoId>8282</gpoId>
        </identifiers>
        <sponsorshipDate>2021-03-16</sponsorshipDate>
        <isOriginalCosponsor>True</isOriginalCosponsor>
        <sponsorshipWithdrawnDate/>
      </item>
      <item>
        <bioguideId>B001288</bioguideId>
        <fullName>Sen. Booker, Cory A. [D-NJ]</fullName>
        <firstName>Cory</firstName>
        <middleName/>
        <lastName>Booker</lastName>
        <party>D</party>
        <state>NJ</state>
        <identifiers>
          <lisID>2194</lisID>
          <bioguideId>B001288</bioguideId>
          <gpoId/>
        </identifiers>
        <sponsorshipDate>2021-03-16</sponsorshipDate>
        <isOriginalCosponsor>True</isOriginalCosponsor>
        <sponsorshipWithdrawnDate/>
      </item>
      <item>
        <bioguideId>K000384</bioguideId>
        <fullName>Sen. Kaine, Tim [D-VA]</fullName>
        <firstName>Timothy</firstName>
        <middleName>M.</middleName>
        <lastName>Kaine</lastName>
        <party>D</party>
        <state>VA</state>
        <identifiers>
          <lisID>2176</lisID>
          <bioguideId>K000384</bioguideId>
          <gpoId/>
        </identifiers>
        <sponsorshipDate>2021-03-16</sponsorshipDate>
        <isOriginalCosponsor>True</isOriginalCosponsor>
        <sponsorshipWithdrawnDate/>
      </item>
      <item>
        <bioguideId>S001181</bioguideId>
        <fullName>Sen. Shaheen, Jeanne [D-NH]</fullName>
        <firstName>Jeanne</firstName>
        <middleName/>
        <lastName>Shaheen</lastName>
        <party>D</party>
        <state>NH</state>
        <identifiers>
          <lisID>1901</lisID>
          <bioguideId>S001181</bioguideId>
          <gpoId>8276</gpoId>
        </identifiers>
        <sponsorshipDate>2021-03-16</sponsorshipDate>
        <isOriginalCosponsor>True</isOriginalCosponsor>
        <sponsorshipWithdrawnDate/>
      </item>
      <item>
        <bioguideId>C000141</bioguideId>
        <fullName>Sen. Cardin, Benjamin L. [D-MD]</fullName>
        <firstName>Ben</firstName>
        <middleName/>
        <lastName>Cardin</lastName>
        <party>D</party>
        <state>MD</state>
        <identifiers>
          <lisID>174</lisID>
          <bioguideId>C000141</bioguideId>
          <gpoId>8287</gpoId>
        </identifiers>
        <sponsorshipDate>2021-03-16</sponsorshipDate>
        <isOriginalCosponsor>True</isOriginalCosponsor>
        <sponsorshipWithdrawnDate/>
      </item>
      <item>
        <bioguideId>R000122</bioguideId>
        <fullName>Sen. Reed, Jack [D-RI]</fullName>
        <firstName>John</firstName>
        <middleName>F.</middleName>
        <lastName>Reed</lastName>
        <party>D</party>
        <state>RI</state>
        <identifiers>
          <lisID>949</lisID>
          <bioguideId>R000122</bioguideId>
          <gpoId>8272</gpoId>
        </identifiers>
        <sponsorshipDate>2021-03-16</sponsorshipDate>
        <isOriginalCosponsor>True</isOriginalCosponsor>
        <sponsorshipWithdrawnDate/>
      </item>
      <item>
        <bioguideId>B000944</bioguideId>
        <fullName>Sen. Brown, Sherrod [D-OH]</fullName>
        <firstName>Sherrod</firstName>
        <middleName/>
        <lastName>Brown</lastName>
        <party>D</party>
        <state>OH</state>
        <identifiers>
          <lisID>136</lisID>
          <bioguideId>B000944</bioguideId>
          <gpoId>8309</gpoId>
        </identifiers>
        <sponsorshipDate>2021-03-17</sponsorshipDate>
        <isOriginalCosponsor>False</isOriginalCosponsor>
        <sponsorshipWithdrawnDate/>
      </item>
      <item>
        <bioguideId>G000555</bioguideId>
        <fullName>Sen. Gillibrand, Kirsten E. [D-NY]</fullName>
        <firstName>Kirsten</firstName>
        <middleName>E.</middleName>
        <lastName>Gillibrand</lastName>
        <party>D</party>
        <state>NY</state>
        <identifiers>
          <lisID>1866</lisID>
          <bioguideId>G000555</bioguideId>
          <gpoId>8336</gpoId>
        </identifiers>
        <sponsorshipDate>2021-04-12</sponsorshipDate>
        <isOriginalCosponsor>False</isOriginalCosponsor>
        <sponsorshipWithdrawnDate/>
      </item>
    </cosponsors>
    <cboCostEstimates/>
    <laws/>
    <notes/>
    <policyArea>
      <name>International Affairs</name>
    </policyArea>
    <subjects>
      <billSubjects>
        <legislativeSubjects>
          <item>
            <name>Conflicts and wars</name>
          </item>
          <item>
            <name>Congressional tributes</name>
          </item>
          <item>
            <name>Cultural exchanges and relations</name>
          </item>
          <item>
            <name>Diplomacy, foreign officials, Americans abroad</name>
          </item>
          <item>
            <name>Europe</name>
          </item>
          <item>
            <name>European Union</name>
          </item>
          <item>
            <name>International law and treaties</name>
          </item>
          <item>
            <name>Ireland</name>
          </item>
          <item>
            <name>Northern Ireland</name>
          </item>
          <item>
            <name>Sovereignty, recognition, national governance and status</name>
          </item>
          <item>
            <name>Trade agreements and negotiations</name>
          </item>
          <item>
            <name>United Kingdom</name>
          </item>
        </legislativeSubjects>
        <policyArea>
          <name>International Affairs</name>
        </policyArea>
      </billSubjects>
    </subjects>
    <summaries>
      <billSummaries>
        <item>
          <versionCode>00</versionCode>
          <actionDate>2021-03-16</actionDate>
          <actionDesc>Introduced in Senate</actionDesc>
          <lastSummaryUpdateDate>2021-06-14T20:20:37Z</lastSummaryUpdateDate>
          <text>
            <![CDATA[ <p>This resolution urges the United Kingdom (UK) and the European Union (EU) to support peace on the island of Ireland and the principles, objectives, and commitments of the Good Friday Agreement. The resolution also expresses support for subsequent agreements relating to the relationship between Northern Ireland and the Republic of Ireland, including the agreement concerning the UK's withdrawal from the EU. (The island of Ireland is divided between Northern Ireland, which is part of the UK, and the Republic of Ireland, an EU member state.)</p>]]>
          </text>
          <updateDate>2021-03-16T04:00:00Z</updateDate>
          <name>Introduced in Senate</name>
        </item>
        <item>
          <versionCode>25</versionCode>
          <actionDate>2021-03-24</actionDate>
          <actionDesc>Reported to Senate</actionDesc>
          <lastSummaryUpdateDate>2021-06-15T17:20:11Z</lastSummaryUpdateDate>
          <text>
            <![CDATA[ <p>This resolution urges the United Kingdom (UK) and the European Union (EU) to support peace on the island of Ireland and the principles, objectives, and commitments of the Good Friday Agreement. The resolution also expresses support for subsequent agreements relating to the relationship between Northern Ireland and the Republic of Ireland, including the agreement concerning the UK's withdrawal from the EU. (The island of Ireland is divided between Northern Ireland, which is part of the UK, and the Republic of Ireland, an EU member state.)</p>]]>
          </text>
          <updateDate>2021-03-24T13:29:36Z</updateDate>
          <name>Reported to Senate</name>
        </item>
        <item>
          <versionCode>55</versionCode>
          <actionDate>2021-05-17</actionDate>
          <actionDesc>Passed Senate</actionDesc>
          <lastSummaryUpdateDate>2021-06-15T17:20:46Z</lastSummaryUpdateDate>
          <text>
            <![CDATA[ <p>This resolution urges the United Kingdom (UK) and the European Union (EU) to support peace on the island of Ireland and the principles, objectives, and commitments of the Good Friday Agreement. The resolution also expresses support for subsequent agreements relating to the relationship between Northern Ireland and the Republic of Ireland, including the agreement concerning the UK's withdrawal from the EU. (The island of Ireland is divided between Northern Ireland, which is part of the UK, and the Republic of Ireland, an EU member state.)</p>]]>
          </text>
          <updateDate>2021-05-17T13:44:06Z</updateDate>
          <name>Passed Senate</name>
        </item>
      </billSummaries>
    </summaries>
    <title>A resolution expressing support for the full implementation of the Good Friday Agreement, or the Belfast Agreement, and subsequent agreements and arrangements for implementation to support peace on the island of Ireland.</title>
    <titles>
      <item>
        <titleType>Display Title</titleType>
        <parentTitleType/>
        <title>A resolution expressing support for the full implementation of the Good Friday Agreement, or the Belfast Agreement, and subsequent agreements and arrangements for implementation to support peace on the island of Ireland.</title>
        <chamberCode/>
        <chamberName/>
      </item>
      <item>
        <titleType>Official Title as Introduced</titleType>
        <parentTitleType/>
        <title>A resolution expressing support for the full implementation of the Good Friday Agreement, or the Belfast Agreement, and subsequent agreements and arrangements for implementation to support peace on the island of Ireland.</title>
        <chamberCode/>
        <chamberName/>
      </item>
    </titles>
    <amendments>
      <amendment>
        <number>1497</number>
        <description/>
        <purpose>To amend the preamble.</purpose>
        <congress>117</congress>
        <type>SAMDT</type>
        <number>1497</number>
        <description/>
        <purpose>To amend the preamble.</purpose>
        <congress>117</congress>
        <type>SAMDT</type>
        <createDate>2021-05-18T04:31:13Z</createDate>
        <updateDate>2021-05-18T12:58:45Z</updateDate>
        <latestAction>
          <actionDate>2021-05-17</actionDate>
          <text>Amendment SA 1497 agreed to in Senate by Unanimous Consent.</text>
          <links>
            <link>
              <name>SA 1497</name>
              <url>https://www.congress.gov/amendment/117th-congress/senate-amendment/1497</url>
            </link>
          </links>
        </latestAction>
        <sponsors>
          <item>
            <bioguideId>L000577</bioguideId>
            <fullName>Sen. Lee, Mike [R-UT]</fullName>
            <firstName>Mike</firstName>
            <middleName/>
            <lastName>Lee</lastName>
            <party>R</party>
            <state>UT</state>
            <identifiers>
              <lisID>2080</lisID>
              <bioguideId>L000577</bioguideId>
              <gpoId>8303</gpoId>
            </identifiers>
          </item>
        </sponsors>
        <cosponsors>
          <countIncludingWithdrawnCosponsors>0</countIncludingWithdrawnCosponsors>
          <count>0</count>
          <totalCount>0</totalCount>
          <currentCount>0</currentCount>
        </cosponsors>
        <titles/>
        <proposedDate>2021-05-17T04:00:00Z</proposedDate>
        <submittedDate>2021-05-17T04:00:00Z</submittedDate>
        <chamber>Senate</chamber>
        <amendedBill>
          <congress>117</congress>
          <type>SRES</type>
          <originChamber>Senate</originChamber>
          <originChamberCode>S</originChamberCode>
          <number>117</number>
          <title>A resolution expressing support for the full implementation of the Good Friday Agreement, or the Belfast Agreement, and subsequent agreements and arrangements for implementation to support peace on the island of Ireland.</title>
        </amendedBill>
        <amendedAmendment/>
        <amendments>
          <count>0</count>
        </amendments>
        <links/>
        <notes/>
        <actions>
          <count>6</count>
          <actions>
            <item>
              <actionDate>2021-05-17</actionDate>
              <links/>
              <sourceSystem>
                <code>0</code>
                <name>Senate</name>
              </sourceSystem>
              <text>Amendment SA 1497 agreed to in Senate by Unanimous Consent.</text>
              <type>Floor</type>
            </item>
            <item>
              <actionDate>2021-05-17</actionDate>
              <links/>
              <sourceSystem>
                <code>0</code>
                <name>Senate</name>
              </sourceSystem>
              <text>Amendment SA 1497 proposed by Senator Whitehouse for Senator Lee. (consideration: CR S2551; text: CR S2547) To amend the preamble.</text>
              <type>Floor</type>
            </item>
            <item>
              <actionDate>2021-05-17</actionDate>
              <links/>
              <text/>
            </item>
            <item>
              <actionDate>2021-05-17</actionDate>
              <links/>
              <text>Senate amendment submitted</text>
              <type>Floor</type>
              <actionCode>91000</actionCode>
              <sourceSystem>
                <code>9</code>
                <name>Library of Congress</name>
              </sourceSystem>
              <committee/>
            </item>
            <item>
              <actionDate>2021-05-17</actionDate>
              <links/>
              <text>Senate amendment proposed (on the floor): Amendment SA 1497 proposed by Senator Whitehouse for Senator Lee.</text>
              <type>Floor</type>
              <actionCode>93000</actionCode>
              <sourceSystem>
                <code>9</code>
                <name>Library of Congress</name>
              </sourceSystem>
              <committee/>
            </item>
            <item>
              <actionDate>2021-05-17</actionDate>
              <links/>
              <text>Senate amendment agreed to: Amendment SA 1497 agreed to in Senate by Unanimous Consent.</text>
              <type>Floor</type>
              <actionCode>94000</actionCode>
              <sourceSystem>
                <code>9</code>
                <name>Library of Congress</name>
              </sourceSystem>
              <committee/>
            </item>
          </actions>
          <actionTypeCounts>
            <amendmentAgreedTo>1</amendmentAgreedTo>
            <amendmentProposed>1</amendmentProposed>
            <senateAmendmentSubmitted>1</senateAmendmentSubmitted>
            <senateAmendmentProposedOnTheFloor>1</senateAmendmentProposedOnTheFloor>
            <senateAmendmentAgreedTo>1</senateAmendmentAgreedTo>
          </actionTypeCounts>
          <actionByCounts>
            <senate>5</senate>
          </actionByCounts>
        </actions>
        <version>1.0.0</version>
      </amendment>
      <amendment>
        <number>1496</number>
        <description/>
        <purpose>To improve the resolution.</purpose>
        <congress>117</congress>
        <type>SAMDT</type>
        <number>1496</number>
        <description/>
        <purpose>To improve the resolution.</purpose>
        <congress>117</congress>
        <type>SAMDT</type>
        <createDate>2021-05-18T04:31:13Z</createDate>
        <updateDate>2021-05-18T12:58:45Z</updateDate>
        <latestAction>
          <actionDate>2021-05-17</actionDate>
          <text>Amendment SA 1496 agreed to in Senate by Unanimous Consent.</text>
          <links>
            <link>
              <name>SA 1496</name>
              <url>https://www.congress.gov/amendment/117th-congress/senate-amendment/1496</url>
            </link>
          </links>
        </latestAction>
        <sponsors>
          <item>
            <bioguideId>L000577</bioguideId>
            <fullName>Sen. Lee, Mike [R-UT]</fullName>
            <firstName>Mike</firstName>
            <middleName/>
            <lastName>Lee</lastName>
            <party>R</party>
            <state>UT</state>
            <identifiers>
              <lisID>2080</lisID>
              <bioguideId>L000577</bioguideId>
              <gpoId>8303</gpoId>
            </identifiers>
          </item>
        </sponsors>
        <cosponsors>
          <countIncludingWithdrawnCosponsors>0</countIncludingWithdrawnCosponsors>
          <count>0</count>
          <totalCount>0</totalCount>
          <currentCount>0</currentCount>
        </cosponsors>
        <titles/>
        <proposedDate>2021-05-17T04:00:00Z</proposedDate>
        <submittedDate>2021-05-17T04:00:00Z</submittedDate>
        <chamber>Senate</chamber>
        <amendedBill>
          <congress>117</congress>
          <type>SRES</type>
          <originChamber>Senate</originChamber>
          <originChamberCode>S</originChamberCode>
          <number>117</number>
          <title>A resolution expressing support for the full implementation of the Good Friday Agreement, or the Belfast Agreement, and subsequent agreements and arrangements for implementation to support peace on the island of Ireland.</title>
        </amendedBill>
        <amendedAmendment/>
        <amendments>
          <count>0</count>
        </amendments>
        <links/>
        <notes/>
        <actions>
          <count>6</count>
          <actions>
            <item>
              <actionDate>2021-05-17</actionDate>
              <links/>
              <sourceSystem>
                <code>0</code>
                <name>Senate</name>
              </sourceSystem>
              <text>Amendment SA 1496 agreed to in Senate by Unanimous Consent.</text>
              <type>Floor</type>
            </item>
            <item>
              <actionDate>2021-05-17</actionDate>
              <links/>
              <sourceSystem>
                <code>0</code>
                <name>Senate</name>
              </sourceSystem>
              <text>Amendment SA 1496 proposed by Senator Whitehouse for Senator Lee. (consideration: CR S2551; text: CR S2550) To improve the resolution.</text>
              <type>Floor</type>
            </item>
            <item>
              <actionDate>2021-05-17</actionDate>
              <links/>
              <text/>
            </item>
            <item>
              <actionDate>2021-05-17</actionDate>
              <links/>
              <text>Senate amendment submitted</text>
              <type>Floor</type>
              <actionCode>91000</actionCode>
              <sourceSystem>
                <code>9</code>
                <name>Library of Congress</name>
              </sourceSystem>
              <committee/>
            </item>
            <item>
              <actionDate>2021-05-17</actionDate>
              <links/>
              <text>Senate amendment proposed (on the floor): Amendment SA 1496 proposed by Senator Whitehouse for Senator Lee.</text>
              <type>Floor</type>
              <actionCode>93000</actionCode>
              <sourceSystem>
                <code>9</code>
                <name>Library of Congress</name>
              </sourceSystem>
              <committee/>
            </item>
            <item>
              <actionDate>2021-05-17</actionDate>
              <links/>
              <text>Senate amendment agreed to: Amendment SA 1496 agreed to in Senate by Unanimous Consent.</text>
              <type>Floor</type>
              <actionCode>94000</actionCode>
              <sourceSystem>
                <code>9</code>
                <name>Library of Congress</name>
              </sourceSystem>
              <committee/>
            </item>
          </actions>
          <actionTypeCounts>
            <amendmentAgreedTo>1</amendmentAgreedTo>
            <amendmentProposed>1</amendmentProposed>
            <senateAmendmentSubmitted>1</senateAmendmentSubmitted>
            <senateAmendmentProposedOnTheFloor>1</senateAmendmentProposedOnTheFloor>
            <senateAmendmentAgreedTo>1</senateAmendmentAgreedTo>
          </actionTypeCounts>
          <actionByCounts>
            <senate>5</senate>
          </actionByCounts>
        </actions>
        <version>1.0.0</version>
      </amendment>
    </amendments>
    <textVersions>
      <item>
        <type>Agreed to Senate</type>
        <date>2021-05-17T04:00:00Z</date>
        <formats>
          <item>
            <url>https://www.govinfo.gov/content/pkg/BILLS-117sres117ats/xml/BILLS-117sres117ats.xml</url>
          </item>
        </formats>
      </item>
      <item>
        <type>Reported to Senate</type>
        <date>2021-03-24T04:00:00Z</date>
        <formats>
          <item>
            <url>https://www.govinfo.gov/content/pkg/BILLS-117sres117rs/xml/BILLS-117sres117rs.xml</url>
          </item>
        </formats>
      </item>
      <item>
        <type>Introduced in Senate</type>
        <date>2021-03-16T04:00:00Z</date>
        <formats>
          <item>
            <url>https://www.govinfo.gov/content/pkg/BILLS-117sres117is/xml/BILLS-117sres117is.xml</url>
          </item>
        </formats>
      </item>
    </textVersions>
    <latestAction>
      <actionDate>2021-05-17</actionDate>
      <text>Resolution agreed to in Senate with an amendment and an amended preamble by Unanimous Consent. (text: CR S2551)</text>
      <links/>
    </latestAction>
    <calendarNumbers>
      <item>
        <calendar>Senate Calendar of Business</calendar>
        <number>0020</number>
      </item>
    </calendarNumbers>
    <version>1.0.0</version>
  </bill>
  <dublinCore xmlns:dc="http://purl.org/dc/elements/1.1/">
    <dc:format>text/xml</dc:format>
    <dc:language>EN</dc:language>
    <dc:rights>Pursuant to Title 17 Section 105 of the United States Code, this file is not subject to copyright protection and is in the public domain.</dc:rights>
    <dc:contributor>Congressional Research Service, Library of Congress</dc:contributor>
    <dc:description>This file contains bill summaries and statuses for federal legislation. A bill summary describes the most significant provisions of a piece of legislation and details the effects the legislative text may have on current law and federal programs. Bill summaries are authored by the Congressional Research Service (CRS) of the Library of Congress. As stated in Public Law 91-510 (2 USC 166 (d)(6)), one of the duties of CRS is "to prepare summaries and digests of bills and resolutions of a public general nature introduced in the Senate or House of Representatives". For more information, refer to the User Guide that accompanies this file.</dc:description>
  </dublinCore>
</billStatus>
