<?xml version="1.0"?>
<?xml-stylesheet type="text/xsl" href="billres.xsl"?>
<!DOCTYPE resolution PUBLIC "-//US Congress//DTDs/res.dtd//EN" "res.dtd">
<resolution resolution-stage="Introduced-in-House" dms-id="H2693032549734AD8853ED1CF7A95FB3B" public-private="public" resolution-type="constitutional-amendment" star-print="no-star-print" key="H"><metadata xmlns:dc="http://purl.org/dc/elements/1.1/">
<dublinCore>
<dc:title>117 HJ 3 IH: Proposing a balanced budget amendment to the Constitution of the United States.</dc:title>
<dc:publisher>U.S. House of Representatives</dc:publisher>
<dc:date>2021-01-04</dc:date>
<dc:format>text/xml</dc:format>
<dc:language>EN</dc:language>
<dc:rights>Pursuant to Title 17 Section 105 of the United States Code, this file is not subject to copyright protection and is in the public domain.</dc:rights>
</dublinCore>
</metadata>
<form>
<distribution-code display="yes">IA</distribution-code><congress display="yes">117th CONGRESS</congress><session display="yes">1st Session</session><legis-num display="yes">H. J. RES. 3</legis-num><current-chamber>IN THE HOUSE OF REPRESENTATIVES</current-chamber><action display="yes"><action-date date="20210104">January 4, 2021</action-date><action-desc><sponsor name-id="C000266">Mr. Chabot</sponsor> (for himself, <cosponsor name-id="A000369">Mr. Amodei</cosponsor>, <cosponsor name-id="H001077">Mr. Higgins of Louisiana</cosponsor>, <cosponsor name-id="C000059">Mr. Calvert</cosponsor>, <cosponsor name-id="T000480">Mr. Timmons</cosponsor>, <cosponsor name-id="S001214">Mr. Steube</cosponsor>, <cosponsor name-id="J000302">Mr. Joyce of Pennsylvania</cosponsor>, <cosponsor name-id="R000597">Mr. Rice of South Carolina</cosponsor>, <cosponsor name-id="D000615">Mr. Duncan</cosponsor>, <cosponsor name-id="H001072">Mr. Hill</cosponsor>, <cosponsor name-id="W000814">Mr. Weber of Texas</cosponsor>, <cosponsor name-id="D000628">Mr. Dunn</cosponsor>, <cosponsor name-id="G000061">Mr. Garcia of California</cosponsor>, <cosponsor name-id="T000479">Mr. Taylor</cosponsor>, <cosponsor name-id="E000294">Mr. Emmer</cosponsor>, <cosponsor name-id="A000372">Mr. Allen</cosponsor>, <cosponsor name-id="J000292">Mr. Johnson of Ohio</cosponsor>, <cosponsor name-id="L000589">Mrs. Lesko</cosponsor>, <cosponsor name-id="S001172">Mr. Smith of Nebraska</cosponsor>, and <cosponsor name-id="B001307">Mr. Baird</cosponsor>) submitted the following joint resolution; which was referred to the <committee-name committee-id="HJU00">Committee on the Judiciary</committee-name></action-desc></action><legis-type>JOINT RESOLUTION</legis-type><official-title display="yes">Proposing a balanced budget amendment to the Constitution of the United States.</official-title></form><resolution-body style="traditional" id="H202555FEE0E84AD89128EBD889716AFD"><section display-inline="yes-display-inline" section-type="undesignated-section" id="HC0AA6AF2F6B24095B4DD6D50D456E88F"><enum/><text>That the following article is proposed as an amendment to the Constitution of the United States, which shall be valid to all intents and purposes as part of the Constitution when ratified by the legislatures of three-fourths of the several States within seven years after the date of its submission for ratification:</text><quoted-block display-inline="no-display-inline" id="HA81B5D5E44FD4321AB894EEAEA3A8B00" style="traditional"><constitution-article id="HD9962F43B9DD4695BA85DFB6B0F3A1A8"><enum> —</enum><section id="H680AA8D4C8B748169E4E95C35DF56269" section-type="section-one"><enum>1.</enum><text display-inline="yes-display-inline">Total outlays for any fiscal year shall not exceed total receipts for that fiscal year, unless three-fifths of the whole number of each House of Congress shall provide by law for a specific excess of outlays over receipts by a rollcall vote.</text></section><section id="H2E51BFC5EC24431586FB4DFB8946CB9F" section-type="section-one"><enum>2.</enum><text display-inline="yes-display-inline">The limit on the debt of the United States held by the public shall not be increased, unless three-fifths of the whole number of each House shall provide by law for such an increase by a rollcall vote.</text></section><section id="HF1066BD4D0B44262A5E11BF0962498C6" section-type="section-one"><enum>3.</enum><text display-inline="yes-display-inline">Prior to each fiscal year, the President shall transmit to the Congress a proposed budget for the United States Government for that fiscal year in which total outlays do not exceed total receipts.</text></section><section id="H76B7A09858684AAF8F7E1664FE76B20E" section-type="section-one"><enum>4.</enum><text display-inline="yes-display-inline">No bill to increase revenue shall become law unless approved by a majority of the whole number of each House by a rollcall vote.</text></section><section id="HBD5F66B955BB4D01BB98E6D30DDE49F3" section-type="section-one"><enum>5.</enum><text display-inline="yes-display-inline">The Congress may waive the provisions of this article for any fiscal year in which a declaration of war is in effect. The provisions of this article may be waived for any fiscal year in which the United States is engaged in military conflict which causes an imminent and serious military threat to national security and is so declared by a joint resolution, adopted by a majority of the whole number of each House, which becomes law. Any such waiver must identify and be limited to the specific excess or increase for that fiscal year made necessary by the identified military conflict.</text></section><section id="HAFA3D099CE6240C6ACC1E367CC622C3D" section-type="section-one"><enum>6.</enum><text display-inline="yes-display-inline">The Congress shall enforce and implement this article by appropriate legislation, which may rely on estimates of outlays and receipts.</text></section><section id="H2A86B7E128BE482A9639ECAEB93A3979" section-type="section-one"><enum>7.</enum><text display-inline="yes-display-inline">Total receipts shall include all receipts of the United States Government except those derived from borrowing. Total outlays shall include all outlays of the United States Government except for those for repayment of debt principal.</text></section><section id="H1CDCB2BF1DE8452482421CECC43DF56B" section-type="section-one"><enum>8.</enum><text display-inline="yes-display-inline">This article shall take effect beginning with the fifth fiscal year beginning after its ratification.</text></section></constitution-article><after-quoted-block>.</after-quoted-block></quoted-block></section></resolution-body></resolution> 

