<mods xmlns:xlink="http://www.w3.org/1999/xlink" xmlns:xsi="http://www.w3.org/2001/XMLSchema-instance" xmlns="http://www.loc.gov/mods/v3" version="3.3" xsi:schemaLocation="http://www.loc.gov/mods/v3 http://www.loc.gov/standards/mods/v3/mods-3-3.xsd" ID="P0b002ee1aacf8d35">
<name type="corporate">
 <namePart>United States Government Publishing Office</namePart>
 <role>
  <roleTerm authority="marcrelator" type="text">publisher</roleTerm>
  <roleTerm authority="marcrelator" type="code">pbl</roleTerm>
</role>
 <role>
  <roleTerm authority="marcrelator" type="text">distributor</roleTerm>
  <roleTerm authority="marcrelator" type="code">dst</roleTerm>
</role>
</name>
<name type="corporate">
 <namePart>United States</namePart>
 <namePart>Congress</namePart>
 <namePart>House of Representatives</namePart>
 <role>
  <roleTerm authority="marcrelator" type="text">author</roleTerm>
  <roleTerm authority="marcrelator" type="code">aut</roleTerm>
</role>
 <description>Government Organization</description>
</name>
<typeOfResource>text</typeOfResource>
<genre authority="marcgt">government publication</genre>
<language>
 <languageTerm type="code" authority="iso639-2b">eng</languageTerm>
</language>
<extension>
 <collectionCode>BILLS</collectionCode>
 <searchTitle>To repeal the Department of Agriculture bioenergy subsidy programs and other related subsidy programs.;Farewell to Unnecessary Energy Lifelines Reform Act of 2021;FUEL Reform Act;H.R. 54 (IH)
    </searchTitle>
 <category>Bills and Statutes</category>
 <waisDatabaseName>117_cong_bills</waisDatabaseName>
 <branch>legislative</branch>
 <dateIngested>2021-01-13</dateIngested>
</extension>
<titleInfo>
 <title>To repeal the Department of Agriculture bioenergy subsidy programs and other related subsidy programs.</title>
</titleInfo>
<titleInfo type="alternative">
 <title>Farewell to Unnecessary Energy Lifelines Reform Act of 2021</title>
</titleInfo>
<titleInfo type="alternative">
 <title>FUEL Reform Act</title>
</titleInfo>
<titleInfo type="alternative">
 <title>H.R. 54 (IH)
    </title>
</titleInfo>
<originInfo>
 <publisher>U.S. Government Publishing Office</publisher>
 <dateIssued encoding="w3cdtf">2021-01-04</dateIssued>
 <issuance>monographic</issuance>
</originInfo>
<physicalDescription>
 <note type="source content type">deposited</note>
 <digitalOrigin>born digital</digitalOrigin>
 <extent>2 p.</extent>
</physicalDescription>
<classification authority="sudocs">Y 1.6:</classification>
<classification authority="sudocs">Y 1.4/6:</classification>
<identifier type="local">P0b002ee1aacf8d35</identifier>
<identifier type="uri">https://www.govinfo.gov/app/details/BILLS-117hr54ih</identifier>
<identifier type="preferred citation">H.R. 54</identifier>
<identifier type="stock number">021-610-00252-9</identifier>
<identifier type="Parent ILS system id">000501532</identifier>
<identifier type="Child ILS system id">000325573</identifier>
<identifier type="Parent ILS title">Congressional bills</identifier>
<identifier type="Child ILS title">House bills</identifier>
<identifier type="former package identifier">f:h54_ih.txt</identifier>
<location>
 <url displayLabel="Content Detail" access="object in context">https://www.govinfo.gov/app/details/BILLS-117hr54ih</url>
 <url displayLabel="HTML rendition" access="raw object">https://www.govinfo.gov/content/pkg/BILLS-117hr54ih/html/BILLS-117hr54ih.htm</url>
 <url displayLabel="PDF rendition" access="raw object">https://www.govinfo.gov/content/pkg/BILLS-117hr54ih/pdf/BILLS-117hr54ih.pdf</url>
 <url displayLabel="XML rendition" access="raw object">https://www.govinfo.gov/content/pkg/BILLS-117hr54ih/xml/BILLS-117hr54ih.xml</url>
</location>
<accessCondition type="GPO scope determination">fdlp</accessCondition>
<recordInfo>
 <recordContentSource authority="marcorg">DGPO</recordContentSource>
 <recordCreationDate encoding="w3cdtf">2021-01-13</recordCreationDate>
 <recordChangeDate encoding="w3cdtf">2021-01-14</recordChangeDate>
 <recordIdentifier source="DGPO">BILLS-117hr54ih</recordIdentifier>
 <recordOrigin>machine generated</recordOrigin>
 <languageOfCataloging>
  <languageTerm type="code" authority="iso639-2b">eng</languageTerm>
</languageOfCataloging>
</recordInfo>
<name type="personal">
 <namePart>Andy Biggs</namePart>
 <affiliation>United States House of Representatives</affiliation>
 <role>
  <roleTerm authority="marcrelator" type="text">sponsor</roleTerm>
  <roleTerm authority="marcrelator" type="code">spn</roleTerm>
</role>
 <description>United States Congress Member</description>
</name>
<name type="corporate">
 <namePart>United States</namePart>
 <namePart>Congress</namePart>
 <namePart>House of Representatives</namePart>
 <namePart>Committee on Agriculture</namePart>
 <role>
  <roleTerm authority="marcrelator" type="text">associated name</roleTerm>
  <roleTerm authority="marcrelator" type="code">asn</roleTerm>
</role>
</name>
<name type="corporate">
 <namePart>United States</namePart>
 <namePart>Congress</namePart>
 <namePart>House of Representatives</namePart>
 <namePart>Committee on Oversight and Reform</namePart>
 <role>
  <roleTerm authority="marcrelator" type="text">associated name</roleTerm>
  <roleTerm authority="marcrelator" type="code">asn</roleTerm>
</role>
</name>
<name type="corporate">
 <namePart>United States</namePart>
 <namePart>Congress</namePart>
 <namePart>House of Representatives</namePart>
 <namePart>Committee on Science, Space, and Technology</namePart>
 <role>
  <roleTerm authority="marcrelator" type="text">associated name</roleTerm>
  <roleTerm authority="marcrelator" type="code">asn</roleTerm>
</role>
</name>
<relatedItem type="isReferencedBy">
 <titleInfo>
  <title>United States Code</title>
  <partNumber>Title 7 Section 8101et seq.</partNumber>
</titleInfo>
 <identifier type="USC citation">7 U.S.C. 8101et seq.</identifier>
</relatedItem>
<extension>
 <docClass>hr</docClass>
 <accessId>BILLS-117hr54ih</accessId>
 <congress>117</congress>
 <session>1</session>
 <originChamber>HOUSE</originChamber>
 <currentChamber>HOUSE</currentChamber>
 <billNumber>54</billNumber>
 <billVersion reprint="false">ih</billVersion>
 <fileSuffix>ih</fileSuffix>
 <shortTitle type="measure">Farewell to Unnecessary Energy Lifelines Reform Act of 2021</shortTitle>
 <shortTitle type="measure">FUEL Reform Act</shortTitle>
 <officialTitle>To repeal the Department of Agriculture bioenergy subsidy programs and other related subsidy programs.</officialTitle>
 <action date="2021-01-04">Mr. Biggs introduced the following bill; which was referred to the Committee on Agriculture, and in addition to the Committees on Oversight and Reform, and Science, Space, and Technology, for a period to be subsequently determined by the Speaker, in each case for consideration of such provisions as fall within the jurisdiction of the committee concerned</action>
 <congCommittee authorityId="hsag00" chamber="H" congress="117" type="S">
                      <name type="authority-standard">Committee on Agriculture</name>
                      <name type="authority-short">Agriculture</name>
                </congCommittee>
 <congCommittee authorityId="hsgo00" chamber="H" congress="117" type="S">
                      <name type="authority-standard">Committee on Oversight and Reform</name>
                      <name type="authority-short">Oversight and Reform</name>
                </congCommittee>
 <congCommittee authorityId="hssy00" chamber="H" congress="117" type="S">
                      <name type="authority-standard">Committee on Science, Space, and Technology</name>
                      <name type="authority-short">Science, Space, and Technology</name>
                </congCommittee>
 <congMember authorityId="2307" bioGuideId="B001302" chamber="H" congress="117" party="R" role="SPONSOR" state="AZ">
                      <name type="parsed">Mr. Biggs</name>
                      <name type="authority-fnf">Andy Biggs</name>
                      <name type="authority-lnf">Biggs, Andy</name>
                </congMember>
 <isPrivate>false</isPrivate>
 <isAppropriation>false</isAppropriation>
 <USCode title="7">
                      <section detail="et seq." number="8101"></section>
                </USCode>
</extension>
</mods>